[2025-03-12T02:44:17.400Z] FRONTEND:ORDERS - INFO: Orders page initialized
  Details: {
  "is_connected": true,
  "is_ready": false,
  "has_address": true,
  "has_effective_address": true,
  "using_auth_wallet": false,
  "status_filter": "all",
  "log_destination": "orders",
  "timestamp": "2025-03-12T02:44:17.400Z"
}
[2025-03-12T02:44:17.400Z] FRONTEND:ORDERS - INFO: Fetching orders
  Details: {
  "wallet_address": "0x0300...",
  "page": 1,
  "limit": 10,
  "has_search": false,
  "log_destination": "orders",
  "timestamp": "2025-03-12T02:44:17.400Z"
}
[2025-03-12T02:44:17.401Z] FRONTEND:ORDERS - DEBUG: Fetching user orders
  Details: {
  "wallet_address": "0x0300B70e40F138927e3a988ce4A9a069Ff875336",
  "page": 1,
  "limit": 10,
  "url": "/orders/user/0x0300B70e40F138927e3a988ce4A9a069Ff875336",
  "log_destination": "orders",
  "timestamp": "2025-03-12T02:44:17.401Z"
}
[2025-03-12T02:44:17.412Z] FRONTEND:ORDERS - INFO: Orders page initialized
  Details: {
  "is_connected": true,
  "is_ready": false,
  "has_address": true,
  "has_effective_address": true,
  "using_auth_wallet": false,
  "status_filter": "all",
  "log_destination": "orders",
  "timestamp": "2025-03-12T02:44:17.411Z"
}
[2025-03-12T02:44:17.418Z] FRONTEND:ORDERS - INFO: Wallet state changed in orders page
  Details: {
  "is_connected": true,
  "is_ready": true,
  "has_address": true,
  "has_effective_address": true,
  "using_auth_wallet": false,
  "log_destination": "orders",
  "timestamp": "2025-03-12T02:44:17.417Z"
}
[2025-03-12T02:44:18.074Z] FRONTEND:ORDERS - DEBUG: Successfully fetched user orders
  Details: {
  "orderCount": 2,
  "total": 2,
  "page": 1,
  "limit": 10,
  "firstOrderId": "ORD-001-TEST",
  "log_destination": "orders",
  "timestamp": "2025-03-12T02:44:18.074Z"
}
[2025-03-12T02:44:18.074Z] FRONTEND:ORDERS - INFO: Orders fetched successfully
  Details: {
  "wallet_address": "0x0300...",
  "order_count": 2,
  "total_orders": 2,
  "page": 1,
  "limit": 10,
  "log_destination": "orders",
  "timestamp": "2025-03-12T02:44:18.074Z"
}
[2025-03-12T02:44:18.086Z] FRONTEND:ORDERS - INFO: Orders loaded
  Details: {
  "total_orders": 2,
  "status_filter": "all",
  "log_destination": "orders",
  "timestamp": "2025-03-12T02:44:18.086Z"
}
[2025-03-12T02:44:18.189Z] FRONTEND:ORDERS - INFO: OrderList component initialized
  Details: {
  "has_orders": true,
  "order_count": 2,
  "is_array": true,
  "is_null": false,
  "is_undefined": false,
  "current_page": 1,
  "total_pages": 1,
  "total_orders": 0,
  "log_destination": "orders",
  "timestamp": "2025-03-12T02:44:18.189Z"
}
[2025-03-12T02:44:18.190Z] FRONTEND:ORDERS - INFO: OrderList orders updated
  Details: {
  "has_orders": true,
  "order_count": 2,
  "is_array": true,
  "is_null": false,
  "is_undefined": false,
  "current_page": 1,
  "total_pages": 1,
  "total_orders": 0,
  "log_destination": "orders",
  "timestamp": "2025-03-12T02:44:18.190Z"
}
[2025-03-12T02:44:18.191Z] FRONTEND:ORDERS - INFO: OrderList component initialized
  Details: {
  "has_orders": true,
  "order_count": 2,
  "is_array": true,
  "is_null": false,
  "is_undefined": false,
  "current_page": 1,
  "total_pages": 1,
  "total_orders": 0,
  "log_destination": "orders",
  "timestamp": "2025-03-12T02:44:18.191Z"
}
[2025-03-12T02:44:18.192Z] FRONTEND:ORDERS - INFO: OrderList orders updated
  Details: {
  "has_orders": true,
  "order_count": 2,
  "is_array": true,
  "is_null": false,
  "is_undefined": false,
  "current_page": 1,
  "total_pages": 1,
  "total_orders": 0,
  "log_destination": "orders",
  "timestamp": "2025-03-12T02:44:18.192Z"
}
[2025-03-12T02:45:14.605Z] FRONTEND:ORDERS - INFO: Orders page initialized
  Details: {
  "is_connected": false,
  "is_ready": false,
  "has_address": true,
  "has_effective_address": true,
  "using_auth_wallet": false,
  "status_filter": "all",
  "log_destination": "orders",
  "timestamp": "2025-03-12T02:45:14.605Z"
}
[2025-03-12T02:45:14.605Z] FRONTEND:ORDERS - INFO: Fetching orders
  Details: {
  "wallet_address": "0x0300...",
  "page": 1,
  "limit": 10,
  "has_search": false,
  "log_destination": "orders",
  "timestamp": "2025-03-12T02:45:14.605Z"
}
[2025-03-12T02:45:14.606Z] FRONTEND:ORDERS - DEBUG: Fetching user orders
  Details: {
  "wallet_address": "0x0300B70e40F138927e3a988ce4A9a069Ff875336",
  "page": 1,
  "limit": 10,
  "url": "/orders/user/0x0300B70e40F138927e3a988ce4A9a069Ff875336",
  "log_destination": "orders",
  "timestamp": "2025-03-12T02:45:14.606Z"
}
[2025-03-12T02:45:14.615Z] FRONTEND:ORDERS - INFO: Wallet state changed in orders page
  Details: {
  "is_connected": false,
  "is_ready": false,
  "has_address": true,
  "has_effective_address": true,
  "using_auth_wallet": false,
  "log_destination": "orders",
  "timestamp": "2025-03-12T02:45:14.615Z"
}
[2025-03-12T02:45:15.013Z] FRONTEND:ORDERS - INFO: Wallet state changed in orders page
  Details: {
  "is_connected": true,
  "is_ready": false,
  "has_address": true,
  "has_effective_address": true,
  "using_auth_wallet": false,
  "log_destination": "orders",
  "timestamp": "2025-03-12T02:45:15.013Z"
}
[2025-03-12T02:45:15.019Z] FRONTEND:ORDERS - INFO: Wallet state changed in orders page
  Details: {
  "is_connected": true,
  "is_ready": true,
  "has_address": true,
  "has_effective_address": true,
  "using_auth_wallet": false,
  "log_destination": "orders",
  "timestamp": "2025-03-12T02:45:15.019Z"
}
[2025-03-12T02:45:15.102Z] FRONTEND:ORDERS - DEBUG: Successfully fetched user orders
  Details: {
  "orderCount": 2,
  "total": 2,
  "page": 1,
  "limit": 10,
  "firstOrderId": "ORD-001-TEST",
  "log_destination": "orders",
  "timestamp": "2025-03-12T02:45:15.102Z"
}
[2025-03-12T02:45:15.103Z] FRONTEND:ORDERS - INFO: Orders fetched successfully
  Details: {
  "wallet_address": "0x0300...",
  "order_count": 2,
  "total_orders": 2,
  "page": 1,
  "limit": 10,
  "log_destination": "orders",
  "timestamp": "2025-03-12T02:45:15.103Z"
}
[2025-03-12T02:45:15.112Z] FRONTEND:ORDERS - INFO: Orders loaded
  Details: {
  "total_orders": 2,
  "status_filter": "all",
  "log_destination": "orders",
  "timestamp": "2025-03-12T02:45:15.112Z"
}
[2025-03-12T02:45:19.904Z] FRONTEND:ORDERS - INFO: Orders page initialized
  Details: {
  "is_connected": true,
  "is_ready": false,
  "has_address": true,
  "has_effective_address": true,
  "using_auth_wallet": false,
  "status_filter": "all",
  "log_destination": "orders",
  "timestamp": "2025-03-12T02:45:19.904Z"
}
[2025-03-12T02:45:19.904Z] FRONTEND:ORDERS - INFO: Fetching orders
  Details: {
  "wallet_address": "0x0300...",
  "page": 1,
  "limit": 10,
  "has_search": false,
  "log_destination": "orders",
  "timestamp": "2025-03-12T02:45:19.904Z"
}
[2025-03-12T02:45:19.905Z] FRONTEND:ORDERS - DEBUG: Fetching user orders
  Details: {
  "wallet_address": "0x0300B70e40F138927e3a988ce4A9a069Ff875336",
  "page": 1,
  "limit": 10,
  "url": "/orders/user/0x0300B70e40F138927e3a988ce4A9a069Ff875336",
  "log_destination": "orders",
  "timestamp": "2025-03-12T02:45:19.905Z"
}
[2025-03-12T02:45:19.906Z] FRONTEND:ORDERS - INFO: Orders loaded
  Details: {
  "total_orders": 2,
  "status_filter": "all",
  "log_destination": "orders",
  "timestamp": "2025-03-12T02:45:19.906Z"
}
[2025-03-12T02:45:19.912Z] FRONTEND:ORDERS - INFO: Orders page initialized
  Details: {
  "is_connected": true,
  "is_ready": false,
  "has_address": true,
  "has_effective_address": true,
  "using_auth_wallet": false,
  "status_filter": "all",
  "log_destination": "orders",
  "timestamp": "2025-03-12T02:45:19.912Z"
}
[2025-03-12T02:45:19.912Z] FRONTEND:ORDERS - INFO: Orders loaded
  Details: {
  "total_orders": 2,
  "status_filter": "all",
  "log_destination": "orders",
  "timestamp": "2025-03-12T02:45:19.912Z"
}
[2025-03-12T02:45:19.918Z] FRONTEND:ORDERS - INFO: Wallet state changed in orders page
  Details: {
  "is_connected": true,
  "is_ready": true,
  "has_address": true,
  "has_effective_address": true,
  "using_auth_wallet": false,
  "log_destination": "orders",
  "timestamp": "2025-03-12T02:45:19.918Z"
}
[2025-03-12T02:45:19.960Z] FRONTEND:ORDERS - INFO: OrderList component initialized
  Details: {
  "has_orders": true,
  "order_count": 2,
  "is_array": true,
  "is_null": false,
  "is_undefined": false,
  "current_page": 1,
  "total_pages": 1,
  "total_orders": 0,
  "log_destination": "orders",
  "timestamp": "2025-03-12T02:45:19.960Z"
}
[2025-03-12T02:45:19.960Z] FRONTEND:ORDERS - INFO: OrderList orders updated
  Details: {
  "has_orders": true,
  "order_count": 2,
  "is_array": true,
  "is_null": false,
  "is_undefined": false,
  "current_page": 1,
  "total_pages": 1,
  "total_orders": 0,
  "log_destination": "orders",
  "timestamp": "2025-03-12T02:45:19.960Z"
}
[2025-03-12T02:45:19.961Z] FRONTEND:ORDERS - INFO: OrderList component initialized
  Details: {
  "has_orders": true,
  "order_count": 2,
  "is_array": true,
  "is_null": false,
  "is_undefined": false,
  "current_page": 1,
  "total_pages": 1,
  "total_orders": 0,
  "log_destination": "orders",
  "timestamp": "2025-03-12T02:45:19.961Z"
}
[2025-03-12T02:45:19.961Z] FRONTEND:ORDERS - INFO: OrderList orders updated
  Details: {
  "has_orders": true,
  "order_count": 2,
  "is_array": true,
  "is_null": false,
  "is_undefined": false,
  "current_page": 1,
  "total_pages": 1,
  "total_orders": 0,
  "log_destination": "orders",
  "timestamp": "2025-03-12T02:45:19.961Z"
}
[2025-03-12T02:45:20.348Z] FRONTEND:ORDERS - DEBUG: Successfully fetched user orders
  Details: {
  "orderCount": 2,
  "total": 2,
  "page": 1,
  "limit": 10,
  "firstOrderId": "ORD-001-TEST",
  "log_destination": "orders",
  "timestamp": "2025-03-12T02:45:20.348Z"
}
[2025-03-12T02:45:20.349Z] FRONTEND:ORDERS - INFO: Orders fetched successfully
  Details: {
  "wallet_address": "0x0300...",
  "order_count": 2,
  "total_orders": 2,
  "page": 1,
  "limit": 10,
  "log_destination": "orders",
  "timestamp": "2025-03-12T02:45:20.349Z"
}
[2025-03-12T02:45:22.542Z] FRONTEND:ORDERS - INFO: Orders page initialized
  Details: {
  "is_connected": false,
  "is_ready": false,
  "has_address": true,
  "has_effective_address": true,
  "using_auth_wallet": false,
  "status_filter": "all",
  "log_destination": "orders",
  "timestamp": "2025-03-12T02:45:22.542Z"
}
[2025-03-12T02:45:22.542Z] FRONTEND:ORDERS - INFO: Fetching orders
  Details: {
  "wallet_address": "0x0300...",
  "page": 1,
  "limit": 10,
  "has_search": false,
  "log_destination": "orders",
  "timestamp": "2025-03-12T02:45:22.542Z"
}
[2025-03-12T02:45:22.542Z] FRONTEND:ORDERS - DEBUG: Fetching user orders
  Details: {
  "wallet_address": "0x0300B70e40F138927e3a988ce4A9a069Ff875336",
  "page": 1,
  "limit": 10,
  "url": "/orders/user/0x0300B70e40F138927e3a988ce4A9a069Ff875336",
  "log_destination": "orders",
  "timestamp": "2025-03-12T02:45:22.542Z"
}
[2025-03-12T02:45:22.552Z] FRONTEND:ORDERS - INFO: Wallet state changed in orders page
  Details: {
  "is_connected": false,
  "is_ready": false,
  "has_address": true,
  "has_effective_address": true,
  "using_auth_wallet": false,
  "log_destination": "orders",
  "timestamp": "2025-03-12T02:45:22.552Z"
}
[2025-03-12T02:45:22.887Z] FRONTEND:ORDERS - INFO: Wallet state changed in orders page
  Details: {
  "is_connected": true,
  "is_ready": false,
  "has_address": true,
  "has_effective_address": true,
  "using_auth_wallet": false,
  "log_destination": "orders",
  "timestamp": "2025-03-12T02:45:22.887Z"
}
[2025-03-12T02:45:22.895Z] FRONTEND:ORDERS - INFO: Wallet state changed in orders page
  Details: {
  "is_connected": true,
  "is_ready": true,
  "has_address": true,
  "has_effective_address": true,
  "using_auth_wallet": false,
  "log_destination": "orders",
  "timestamp": "2025-03-12T02:45:22.895Z"
}
[2025-03-12T02:45:22.997Z] FRONTEND:ORDERS - DEBUG: Successfully fetched user orders
  Details: {
  "orderCount": 2,
  "total": 2,
  "page": 1,
  "limit": 10,
  "firstOrderId": "ORD-001-TEST",
  "log_destination": "orders",
  "timestamp": "2025-03-12T02:45:22.996Z"
}
[2025-03-12T02:45:22.997Z] FRONTEND:ORDERS - INFO: Orders fetched successfully
  Details: {
  "wallet_address": "0x0300...",
  "order_count": 2,
  "total_orders": 2,
  "page": 1,
  "limit": 10,
  "log_destination": "orders",
  "timestamp": "2025-03-12T02:45:22.997Z"
}
[2025-03-12T02:45:23.008Z] FRONTEND:ORDERS - INFO: Orders loaded
  Details: {
  "total_orders": 2,
  "status_filter": "all",
  "log_destination": "orders",
  "timestamp": "2025-03-12T02:45:23.008Z"
}
[2025-03-12T02:45:27.282Z] FRONTEND:ORDERS - INFO: Orders page initialized
  Details: {
  "is_connected": true,
  "is_ready": false,
  "has_address": true,
  "has_effective_address": true,
  "using_auth_wallet": false,
  "status_filter": "all",
  "log_destination": "orders",
  "timestamp": "2025-03-12T02:45:27.282Z"
}
[2025-03-12T02:45:27.282Z] FRONTEND:ORDERS - INFO: Fetching orders
  Details: {
  "wallet_address": "0x0300...",
  "page": 1,
  "limit": 10,
  "has_search": false,
  "log_destination": "orders",
  "timestamp": "2025-03-12T02:45:27.282Z"
}
[2025-03-12T02:45:27.282Z] FRONTEND:ORDERS - DEBUG: Fetching user orders
  Details: {
  "wallet_address": "0x0300B70e40F138927e3a988ce4A9a069Ff875336",
  "page": 1,
  "limit": 10,
  "url": "/orders/user/0x0300B70e40F138927e3a988ce4A9a069Ff875336",
  "log_destination": "orders",
  "timestamp": "2025-03-12T02:45:27.282Z"
}
[2025-03-12T02:45:27.283Z] FRONTEND:ORDERS - INFO: Orders loaded
  Details: {
  "total_orders": 2,
  "status_filter": "all",
  "log_destination": "orders",
  "timestamp": "2025-03-12T02:45:27.283Z"
}
[2025-03-12T02:45:27.291Z] FRONTEND:ORDERS - INFO: Orders page initialized
  Details: {
  "is_connected": true,
  "is_ready": false,
  "has_address": true,
  "has_effective_address": true,
  "using_auth_wallet": false,
  "status_filter": "all",
  "log_destination": "orders",
  "timestamp": "2025-03-12T02:45:27.291Z"
}
[2025-03-12T02:45:27.291Z] FRONTEND:ORDERS - INFO: Orders loaded
  Details: {
  "total_orders": 2,
  "status_filter": "all",
  "log_destination": "orders",
  "timestamp": "2025-03-12T02:45:27.291Z"
}
[2025-03-12T02:45:27.296Z] FRONTEND:ORDERS - INFO: Wallet state changed in orders page
  Details: {
  "is_connected": true,
  "is_ready": true,
  "has_address": true,
  "has_effective_address": true,
  "using_auth_wallet": false,
  "log_destination": "orders",
  "timestamp": "2025-03-12T02:45:27.296Z"
}
[2025-03-12T02:45:27.333Z] FRONTEND:ORDERS - INFO: OrderList component initialized
  Details: {
  "has_orders": true,
  "order_count": 2,
  "is_array": true,
  "is_null": false,
  "is_undefined": false,
  "current_page": 1,
  "total_pages": 1,
  "total_orders": 0,
  "log_destination": "orders",
  "timestamp": "2025-03-12T02:45:27.333Z"
}
[2025-03-12T02:45:27.333Z] FRONTEND:ORDERS - INFO: OrderList orders updated
  Details: {
  "has_orders": true,
  "order_count": 2,
  "is_array": true,
  "is_null": false,
  "is_undefined": false,
  "current_page": 1,
  "total_pages": 1,
  "total_orders": 0,
  "log_destination": "orders",
  "timestamp": "2025-03-12T02:45:27.333Z"
}
[2025-03-12T02:45:27.334Z] FRONTEND:ORDERS - INFO: OrderList component initialized
  Details: {
  "has_orders": true,
  "order_count": 2,
  "is_array": true,
  "is_null": false,
  "is_undefined": false,
  "current_page": 1,
  "total_pages": 1,
  "total_orders": 0,
  "log_destination": "orders",
  "timestamp": "2025-03-12T02:45:27.334Z"
}
[2025-03-12T02:45:27.334Z] FRONTEND:ORDERS - INFO: OrderList orders updated
  Details: {
  "has_orders": true,
  "order_count": 2,
  "is_array": true,
  "is_null": false,
  "is_undefined": false,
  "current_page": 1,
  "total_pages": 1,
  "total_orders": 0,
  "log_destination": "orders",
  "timestamp": "2025-03-12T02:45:27.334Z"
}
[2025-03-12T02:45:27.742Z] FRONTEND:ORDERS - DEBUG: Successfully fetched user orders
  Details: {
  "orderCount": 2,
  "total": 2,
  "page": 1,
  "limit": 10,
  "firstOrderId": "ORD-001-TEST",
  "log_destination": "orders",
  "timestamp": "2025-03-12T02:45:27.741Z"
}
[2025-03-12T02:45:27.742Z] FRONTEND:ORDERS - INFO: Orders fetched successfully
  Details: {
  "wallet_address": "0x0300...",
  "order_count": 2,
  "total_orders": 2,
  "page": 1,
  "limit": 10,
  "log_destination": "orders",
  "timestamp": "2025-03-12T02:45:27.742Z"
}
[2025-03-12T02:45:29.659Z] FRONTEND:ORDERS - INFO: Orders page initialized
  Details: {
  "is_connected": false,
  "is_ready": false,
  "has_address": true,
  "has_effective_address": true,
  "using_auth_wallet": false,
  "status_filter": "all",
  "log_destination": "orders",
  "timestamp": "2025-03-12T02:45:29.659Z"
}
[2025-03-12T02:45:29.659Z] FRONTEND:ORDERS - INFO: Fetching orders
  Details: {
  "wallet_address": "0x0300...",
  "page": 1,
  "limit": 10,
  "has_search": false,
  "log_destination": "orders",
  "timestamp": "2025-03-12T02:45:29.659Z"
}
[2025-03-12T02:45:29.659Z] FRONTEND:ORDERS - DEBUG: Fetching user orders
  Details: {
  "wallet_address": "0x0300B70e40F138927e3a988ce4A9a069Ff875336",
  "page": 1,
  "limit": 10,
  "url": "/orders/user/0x0300B70e40F138927e3a988ce4A9a069Ff875336",
  "log_destination": "orders",
  "timestamp": "2025-03-12T02:45:29.659Z"
}
[2025-03-12T02:45:29.668Z] FRONTEND:ORDERS - INFO: Wallet state changed in orders page
  Details: {
  "is_connected": false,
  "is_ready": false,
  "has_address": true,
  "has_effective_address": true,
  "using_auth_wallet": false,
  "log_destination": "orders",
  "timestamp": "2025-03-12T02:45:29.668Z"
}
[2025-03-12T02:45:29.691Z] FRONTEND:ORDERS - INFO: Wallet state changed in orders page
  Details: {
  "is_connected": true,
  "is_ready": false,
  "has_address": true,
  "has_effective_address": true,
  "using_auth_wallet": false,
  "log_destination": "orders",
  "timestamp": "2025-03-12T02:45:29.691Z"
}
[2025-03-12T02:45:29.710Z] FRONTEND:ORDERS - INFO: Wallet state changed in orders page
  Details: {
  "is_connected": true,
  "is_ready": true,
  "has_address": true,
  "has_effective_address": true,
  "using_auth_wallet": false,
  "log_destination": "orders",
  "timestamp": "2025-03-12T02:45:29.710Z"
}
[2025-03-12T02:45:30.114Z] FRONTEND:ORDERS - DEBUG: Successfully fetched user orders
  Details: {
  "orderCount": 2,
  "total": 2,
  "page": 1,
  "limit": 10,
  "firstOrderId": "ORD-001-TEST",
  "log_destination": "orders",
  "timestamp": "2025-03-12T02:45:30.114Z"
}
[2025-03-12T02:45:30.115Z] FRONTEND:ORDERS - INFO: Orders fetched successfully
  Details: {
  "wallet_address": "0x0300...",
  "order_count": 2,
  "total_orders": 2,
  "page": 1,
  "limit": 10,
  "log_destination": "orders",
  "timestamp": "2025-03-12T02:45:30.115Z"
}
[2025-03-12T02:45:30.128Z] FRONTEND:ORDERS - INFO: Orders loaded
  Details: {
  "total_orders": 2,
  "status_filter": "all",
  "log_destination": "orders",
  "timestamp": "2025-03-12T02:45:30.128Z"
}
[2025-03-12T02:45:34.464Z] FRONTEND:ORDERS - INFO: Orders page initialized
  Details: {
  "is_connected": true,
  "is_ready": false,
  "has_address": true,
  "has_effective_address": true,
  "using_auth_wallet": false,
  "status_filter": "all",
  "log_destination": "orders",
  "timestamp": "2025-03-12T02:45:34.464Z"
}
[2025-03-12T02:45:34.465Z] FRONTEND:ORDERS - INFO: Fetching orders
  Details: {
  "wallet_address": "0x0300...",
  "page": 1,
  "limit": 10,
  "has_search": false,
  "log_destination": "orders",
  "timestamp": "2025-03-12T02:45:34.465Z"
}
[2025-03-12T02:45:34.466Z] FRONTEND:ORDERS - DEBUG: Fetching user orders
  Details: {
  "wallet_address": "0x0300B70e40F138927e3a988ce4A9a069Ff875336",
  "page": 1,
  "limit": 10,
  "url": "/orders/user/0x0300B70e40F138927e3a988ce4A9a069Ff875336",
  "log_destination": "orders",
  "timestamp": "2025-03-12T02:45:34.466Z"
}
[2025-03-12T02:45:34.467Z] FRONTEND:ORDERS - INFO: Orders loaded
  Details: {
  "total_orders": 2,
  "status_filter": "all",
  "log_destination": "orders",
  "timestamp": "2025-03-12T02:45:34.467Z"
}
[2025-03-12T02:45:34.474Z] FRONTEND:ORDERS - INFO: Orders page initialized
  Details: {
  "is_connected": true,
  "is_ready": false,
  "has_address": true,
  "has_effective_address": true,
  "using_auth_wallet": false,
  "status_filter": "all",
  "log_destination": "orders",
  "timestamp": "2025-03-12T02:45:34.474Z"
}
[2025-03-12T02:45:34.474Z] FRONTEND:ORDERS - INFO: Orders loaded
  Details: {
  "total_orders": 2,
  "status_filter": "all",
  "log_destination": "orders",
  "timestamp": "2025-03-12T02:45:34.474Z"
}
[2025-03-12T02:45:34.478Z] FRONTEND:ORDERS - INFO: Wallet state changed in orders page
  Details: {
  "is_connected": true,
  "is_ready": true,
  "has_address": true,
  "has_effective_address": true,
  "using_auth_wallet": false,
  "log_destination": "orders",
  "timestamp": "2025-03-12T02:45:34.478Z"
}
[2025-03-12T02:45:34.509Z] FRONTEND:ORDERS - INFO: OrderList component initialized
  Details: {
  "has_orders": true,
  "order_count": 2,
  "is_array": true,
  "is_null": false,
  "is_undefined": false,
  "current_page": 1,
  "total_pages": 1,
  "total_orders": 0,
  "log_destination": "orders",
  "timestamp": "2025-03-12T02:45:34.509Z"
}
[2025-03-12T02:45:34.510Z] FRONTEND:ORDERS - INFO: OrderList orders updated
  Details: {
  "has_orders": true,
  "order_count": 2,
  "is_array": true,
  "is_null": false,
  "is_undefined": false,
  "current_page": 1,
  "total_pages": 1,
  "total_orders": 0,
  "log_destination": "orders",
  "timestamp": "2025-03-12T02:45:34.510Z"
}
[2025-03-12T02:45:34.510Z] FRONTEND:ORDERS - INFO: OrderList component initialized
  Details: {
  "has_orders": true,
  "order_count": 2,
  "is_array": true,
  "is_null": false,
  "is_undefined": false,
  "current_page": 1,
  "total_pages": 1,
  "total_orders": 0,
  "log_destination": "orders",
  "timestamp": "2025-03-12T02:45:34.510Z"
}
[2025-03-12T02:45:34.511Z] FRONTEND:ORDERS - INFO: OrderList orders updated
  Details: {
  "has_orders": true,
  "order_count": 2,
  "is_array": true,
  "is_null": false,
  "is_undefined": false,
  "current_page": 1,
  "total_pages": 1,
  "total_orders": 0,
  "log_destination": "orders",
  "timestamp": "2025-03-12T02:45:34.511Z"
}
[2025-03-12T02:45:34.953Z] FRONTEND:ORDERS - DEBUG: Successfully fetched user orders
  Details: {
  "orderCount": 2,
  "total": 2,
  "page": 1,
  "limit": 10,
  "firstOrderId": "ORD-001-TEST",
  "log_destination": "orders",
  "timestamp": "2025-03-12T02:45:34.953Z"
}
[2025-03-12T02:45:34.953Z] FRONTEND:ORDERS - INFO: Orders fetched successfully
  Details: {
  "wallet_address": "0x0300...",
  "order_count": 2,
  "total_orders": 2,
  "page": 1,
  "limit": 10,
  "log_destination": "orders",
  "timestamp": "2025-03-12T02:45:34.953Z"
}
[2025-03-12T02:47:40.958Z] FRONTEND:ORDERS - INFO: Fetching orders
  Details: {
  "wallet_address": "0x0300...",
  "page": 1,
  "limit": 10,
  "has_search": false,
  "log_destination": "orders",
  "timestamp": "2025-03-12T02:47:40.958Z"
}
[2025-03-12T02:47:40.958Z] FRONTEND:ORDERS - DEBUG: Fetching user orders
  Details: {
  "wallet_address": "0x0300B70e40F138927e3a988ce4A9a069Ff875336",
  "page": 1,
  "limit": 10,
  "url": "/orders/user/0x0300B70e40F138927e3a988ce4A9a069Ff875336",
  "log_destination": "orders",
  "timestamp": "2025-03-12T02:47:40.958Z"
}
[2025-03-12T02:47:41.468Z] FRONTEND:ORDERS - DEBUG: Successfully fetched user orders
  Details: {
  "orderCount": 2,
  "total": 2,
  "page": 1,
  "limit": 10,
  "firstOrderId": "ORD-001-TEST",
  "log_destination": "orders",
  "timestamp": "2025-03-12T02:47:41.468Z"
}
[2025-03-12T02:47:41.470Z] FRONTEND:ORDERS - INFO: Orders fetched successfully
  Details: {
  "wallet_address": "0x0300...",
  "order_count": 2,
  "total_orders": 2,
  "page": 1,
  "limit": 10,
  "log_destination": "orders",
  "timestamp": "2025-03-12T02:47:41.470Z"
}
[2025-03-12T02:49:04.111Z] FRONTEND:ORDERS - ERROR: Order Error: _utils_consolidated_logger__WEBPACK_IMPORTED_MODULE_3__.ConsolidatedLogger.getLogger is not a function
  Details: {
  "stack": "TypeError: _utils_consolidated_logger__WEBPACK_IMPORTED_MODULE_3__.ConsolidatedLogger.getLogger is not a function\n    at OrderList (webpack-internal:///(app-pages-browser)/./src/components/orders/OrderList.tsx:28:141)\n    at react-stack-bottom-frame (webpack-internal:///(app-pages-browser)/./node_modules/next/dist/compiled/react-dom/cjs/react-dom-client.development.js:23610:20)\n    at renderWithHooks (webpack-internal:///(app-pages-browser)/./node_modules/next/dist/compiled/react-dom/cjs/react-dom-client.development.js:4646:22)\n    at updateFunctionComponent (webpack-internal:///(app-pages-browser)/./node_modules/next/dist/compiled/react-dom/cjs/react-dom-client.development.js:8032:19)\n    at beginWork (webpack-internal:///(app-pages-browser)/./node_modules/next/dist/compiled/react-dom/cjs/react-dom-client.development.js:9689:18)\n    at runWithFiberInDEV (webpack-internal:///(app-pages-browser)/./node_modules/next/dist/compiled/react-dom/cjs/react-dom-client.development.js:544:16)\n    at performUnitOfWork (webpack-internal:///(app-pages-browser)/./node_modules/next/dist/compiled/react-dom/cjs/react-dom-client.development.js:15064:22)\n    at workLoopSync (webpack-internal:///(app-pages-browser)/./node_modules/next/dist/compiled/react-dom/cjs/react-dom-client.development.js:14888:41)\n    at renderRootSync (webpack-internal:///(app-pages-browser)/./node_modules/next/dist/compiled/react-dom/cjs/react-dom-client.development.js:14868:11)\n    at performWorkOnRoot (webpack-internal:///(app-pages-browser)/./node_modules/next/dist/compiled/react-dom/cjs/react-dom-client.development.js:14394:44)\n    at performSyncWorkOnRoot (webpack-internal:///(app-pages-browser)/./node_modules/next/dist/compiled/react-dom/cjs/react-dom-client.development.js:15970:7)\n    at flushSyncWorkAcrossRoots_impl (webpack-internal:///(app-pages-browser)/./node_modules/next/dist/compiled/react-dom/cjs/react-dom-client.development.js:15830:21)\n    at flushSyncWork$1 (webpack-internal:///(app-pages-browser)/./node_modules/next/dist/compiled/react-dom/cjs/react-dom-client.development.js:14655:12)\n    at Object.scheduleRefresh (webpack-internal:///(app-pages-browser)/./node_modules/next/dist/compiled/react-dom/cjs/react-dom-client.development.js:113:9)\n    at eval (webpack-internal:///(app-pages-browser)/./node_modules/next/dist/compiled/react-refresh/cjs/react-refresh-runtime.development.js:265:17)\n    at Set.forEach (<anonymous>)\n    at Object.performReactRefresh (webpack-internal:///(app-pages-browser)/./node_modules/next/dist/compiled/react-refresh/cjs/react-refresh-runtime.development.js:254:26)\n    at applyUpdate (webpack-internal:///(app-pages-browser)/./node_modules/next/dist/compiled/@next/react-refresh-utils/dist/internal/helpers.js:139:31)\n    at statusHandler (webpack-internal:///(app-pages-browser)/./node_modules/next/dist/compiled/@next/react-refresh-utils/dist/internal/helpers.js:156:13)\n    at setStatus (http://localhost:3000/_next/static/chunks/webpack.js?v=1741747528460:511:55)\n    at http://localhost:3000/_next/static/chunks/webpack.js?v=1741747528460:680:21",
  "componentStack": "\n    at OrderList (webpack-internal:///(app-pages-browser)/./src/components/orders/OrderList.tsx:24:11)\n    at div (<anonymous>)\n    at Styled(div) (webpack-internal:///(app-pages-browser)/./node_modules/@emotion/react/dist/emotion-element-489459f2.browser.development.esm.js:55:66)\n    at Box (webpack-internal:///(app-pages-browser)/./node_modules/@mui/system/esm/createBox/createBox.js:28:85)\n    at OrdersErrorBoundary (webpack-internal:///(app-pages-browser)/./src/components/orders/OrdersErrorBoundary.tsx:80:9)\n    at ProtectedRoute (webpack-internal:///(app-pages-browser)/./src/components/protected-route.tsx:29:11)\n    at OrdersPage (webpack-internal:///(app-pages-browser)/./src/app/(customer-dashboard)/orders/page.tsx:33:11)\n    at ClientPageRoot (webpack-internal:///(app-pages-browser)/./node_modules/next/dist/client/components/client-page.js:14:11)\n    at InnerLayoutRouter (webpack-internal:///(app-pages-browser)/./node_modules/next/dist/client/components/layout-router.js:231:11)\n    at RedirectErrorBoundary (webpack-internal:///(app-pages-browser)/./node_modules/next/dist/client/components/redirect-boundary.js:75:9)\n    at RedirectBoundary (webpack-internal:///(app-pages-browser)/./node_modules/next/dist/client/components/redirect-boundary.js:83:11)\n    at HTTPAccessFallbackBoundary (webpack-internal:///(app-pages-browser)/./node_modules/next/dist/client/components/http-access-fallback/error-boundary.js:98:11)\n    at LoadingBoundary (webpack-internal:///(app-pages-browser)/./node_modules/next/dist/client/components/layout-router.js:328:11)\n    at ErrorBoundary (webpack-internal:///(app-pages-browser)/./node_modules/next/dist/client/components/error-boundary.js:166:11)\n    at InnerScrollAndFocusHandler (webpack-internal:///(app-pages-browser)/./node_modules/next/dist/client/components/layout-router.js:139:9)\n    at ScrollAndFocusHandler (webpack-internal:///(app-pages-browser)/./node_modules/next/dist/client/components/layout-router.js:216:11)\n    at RenderFromTemplateContext (webpack-internal:///(app-pages-browser)/./node_modules/next/dist/client/components/render-from-template-context.js:16:44)\n    at OuterLayoutRouter (webpack-internal:///(app-pages-browser)/./node_modules/next/dist/client/components/layout-router.js:365:11)\n    at div (<anonymous>)\n    at MuiGrid2-root (webpack-internal:///(app-pages-browser)/./node_modules/@emotion/react/dist/emotion-element-489459f2.browser.development.esm.js:55:66)\n    at Grid (webpack-internal:///(app-pages-browser)/./node_modules/@mui/system/esm/Grid/createGrid.js:94:19)\n    at div (<anonymous>)\n    at MuiGrid2-root (webpack-internal:///(app-pages-browser)/./node_modules/@emotion/react/dist/emotion-element-489459f2.browser.development.esm.js:55:66)\n    at Grid (webpack-internal:///(app-pages-browser)/./node_modules/@mui/system/esm/Grid/createGrid.js:94:19)\n    at div (<anonymous>)\n    at MuiContainer-root (webpack-internal:///(app-pages-browser)/./node_modules/@emotion/react/dist/emotion-element-489459f2.browser.development.esm.js:55:66)\n    at Container (webpack-internal:///(app-pages-browser)/./node_modules/@mui/system/esm/Container/createContainer.js:118:19)\n    at CustomerDashboardLayout [Server] (<anonymous>)\n    at Layout [Server] (<anonymous>)\n    at InnerLayoutRouter (webpack-internal:///(app-pages-browser)/./node_modules/next/dist/client/components/layout-router.js:231:11)\n    at RedirectErrorBoundary (webpack-internal:///(app-pages-browser)/./node_modules/next/dist/client/components/redirect-boundary.js:75:9)\n    at RedirectBoundary (webpack-internal:///(app-pages-browser)/./node_modules/next/dist/client/components/redirect-boundary.js:83:11)\n    at HTTPAccessFallbackBoundary (webpack-internal:///(app-pages-browser)/./node_modules/next/dist/client/components/http-access-fallback/error-boundary.js:98:11)\n    at LoadingBoundary (webpack-internal:///(app-pages-browser)/./node_modules/next/dist/client/components/layout-router.js:328:11)\n    at ErrorBoundary (webpack-internal:///(app-pages-browser)/./node_modules/next/dist/client/components/error-boundary.js:166:11)\n    at InnerScrollAndFocusHandler (webpack-internal:///(app-pages-browser)/./node_modules/next/dist/client/components/layout-router.js:139:9)\n    at ScrollAndFocusHandler (webpack-internal:///(app-pages-browser)/./node_modules/next/dist/client/components/layout-router.js:216:11)\n    at RenderFromTemplateContext (webpack-internal:///(app-pages-browser)/./node_modules/next/dist/client/components/render-from-template-context.js:16:44)\n    at OuterLayoutRouter (webpack-internal:///(app-pages-browser)/./node_modules/next/dist/client/components/layout-router.js:365:11)\n    at ShopLayout1 (webpack-internal:///(app-pages-browser)/./src/components/layouts/shop-layout-1/shop-layout-1.tsx:38:11)\n    at Layout1 [Server] (<anonymous>)\n    at InnerLayoutRouter (webpack-internal:///(app-pages-browser)/./node_modules/next/dist/client/components/layout-router.js:231:11)\n    at RedirectErrorBoundary (webpack-internal:///(app-pages-browser)/./node_modules/next/dist/client/components/redirect-boundary.js:75:9)\n    at RedirectBoundary (webpack-internal:///(app-pages-browser)/./node_modules/next/dist/client/components/redirect-boundary.js:83:11)\n    at HTTPAccessFallbackErrorBoundary (webpack-internal:///(app-pages-browser)/./node_modules/next/dist/client/components/http-access-fallback/error-boundary.js:90:9)\n    at HTTPAccessFallbackBoundary (webpack-internal:///(app-pages-browser)/./node_modules/next/dist/client/components/http-access-fallback/error-boundary.js:98:11)\n    at Suspense (<anonymous>)\n    at LoadingBoundary (webpack-internal:///(app-pages-browser)/./node_modules/next/dist/client/components/layout-router.js:328:11)\n    at ErrorBoundaryHandler (webpack-internal:///(app-pages-browser)/./node_modules/next/dist/client/components/error-boundary.js:120:9)\n    at ErrorBoundary (webpack-internal:///(app-pages-browser)/./node_modules/next/dist/client/components/error-boundary.js:166:11)\n    at InnerScrollAndFocusHandler (webpack-internal:///(app-pages-browser)/./node_modules/next/dist/client/components/layout-router.js:139:9)\n    at ScrollAndFocusHandler (webpack-internal:///(app-pages-browser)/./node_modules/next/dist/client/components/layout-router.js:216:11)\n    at RenderFromTemplateContext (webpack-internal:///(app-pages-browser)/./node_modules/next/dist/client/components/render-from-template-context.js:16:44)\n    at OuterLayoutRouter (webpack-internal:///(app-pages-browser)/./node_modules/next/dist/client/components/layout-router.js:365:11)\n    at RTL (webpack-internal:///(app-pages-browser)/./src/components/rtl/RTL.tsx:23:11)\n    at DefaultPropsProvider (webpack-internal:///(app-pages-browser)/./node_modules/@mui/system/esm/DefaultPropsProvider/DefaultPropsProvider.js:19:11)\n    at RtlProvider (webpack-internal:///(app-pages-browser)/./node_modules/@mui/system/esm/RtlProvider/index.js:16:3)\n    at ThemeProvider (webpack-internal:///(app-pages-browser)/./node_modules/@mui/private-theming/ThemeProvider/ThemeProvider.js:46:5)\n    at ThemeProvider (webpack-internal:///(app-pages-browser)/./node_modules/@mui/system/esm/ThemeProvider/ThemeProvider.js:73:13)\n    at ThemeProviderNoVars (webpack-internal:///(app-pages-browser)/./node_modules/@mui/material/styles/ThemeProviderNoVars.js:15:18)\n    at ThemeProvider (webpack-internal:///(app-pages-browser)/./node_modules/@mui/material/styles/ThemeProvider.js:17:11)\n    at AppRouterCacheProvider (webpack-internal:///(app-pages-browser)/./node_modules/@mui/material-nextjs/v13-appRouter/appRouterV13.js:23:13)\n    at LocalizationProvider (webpack-internal:///(app-pages-browser)/./node_modules/@mui/x-date-pickers/LocalizationProvider/LocalizationProvider.js:41:25)\n    at ThemeProvider (webpack-internal:///(app-pages-browser)/./src/theme/theme-provider.tsx:30:11)\n    at SettingsProvider (webpack-internal:///(app-pages-browser)/./src/contexts/SettingContext.tsx:25:11)\n    at CartProvider (webpack-internal:///(app-pages-browser)/./src/contexts/CartContext.tsx:83:11)\n    at AuthProvider (webpack-internal:///(app-pages-browser)/./src/contexts/auth-context.tsx:64:11)\n    at div (<anonymous>)\n    at ModalProvider (webpack-internal:///(app-pages-browser)/./node_modules/@rainbow-me/rainbowkit/dist/index.js:8901:11)\n    at ShowBalanceProvider (webpack-internal:///(app-pages-browser)/./node_modules/@rainbow-me/rainbowkit/dist/index.js:3578:11)\n    at TransactionStoreProvider (webpack-internal:///(app-pages-browser)/./node_modules/@rainbow-me/rainbowkit/dist/index.js:4128:11)\n    at ModalSizeProvider (webpack-internal:///(app-pages-browser)/./node_modules/@rainbow-me/rainbowkit/dist/index.js:4378:11)\n    at I18nProvider (webpack-internal:///(app-pages-browser)/./node_modules/@rainbow-me/rainbowkit/dist/index.js:3097:11)\n    at WalletButtonProvider (webpack-internal:///(app-pages-browser)/./node_modules/@rainbow-me/rainbowkit/dist/index.js:4350:11)\n    at RainbowKitChainProvider (webpack-internal:///(app-pages-browser)/./node_modules/@rainbow-me/rainbowkit/dist/index.js:3510:11)\n    at RainbowKitProvider (webpack-internal:///(app-pages-browser)/./node_modules/@rainbow-me/rainbowkit/dist/index.js:5179:11)\n    at QueryClientProvider (webpack-internal:///(app-pages-browser)/./node_modules/@tanstack/react-query/build/modern/QueryClientProvider.js:27:11)\n    at Hydrate (webpack-internal:///(app-pages-browser)/./node_modules/wagmi/dist/esm/hydrate.js:12:13)\n    at WagmiProvider (webpack-internal:///(app-pages-browser)/./node_modules/wagmi/dist/esm/context.js:12:13)\n    at Web3Provider (webpack-internal:///(app-pages-browser)/./src/contexts/Web3Provider.tsx:38:11)\n    at body (<anonymous>)\n    at html (<anonymous>)\n    at RootLayout (webpack-internal:///(app-pages-browser)/./src/app/layout.tsx:45:11)\n    at ClientSegmentRoot (webpack-internal:///(app-pages-browser)/./node_modules/next/dist/client/components/client-segment.js:14:11)\n    at HTTPAccessFallbackErrorBoundary (webpack-internal:///(app-pages-browser)/./node_modules/next/dist/client/components/http-access-fallback/error-boundary.js:90:9)\n    at HTTPAccessFallbackBoundary (webpack-internal:///(app-pages-browser)/./node_modules/next/dist/client/components/http-access-fallback/error-boundary.js:98:11)\n    at RedirectErrorBoundary (webpack-internal:///(app-pages-browser)/./node_modules/next/dist/client/components/redirect-boundary.js:75:9)\n    at RedirectBoundary (webpack-internal:///(app-pages-browser)/./node_modules/next/dist/client/components/redirect-boundary.js:83:11)\n    at HTTPAccessFallbackErrorBoundary (webpack-internal:///(app-pages-browser)/./node_modules/next/dist/client/components/http-access-fallback/error-boundary.js:90:9)\n    at HTTPAccessFallbackBoundary (webpack-internal:///(app-pages-browser)/./node_modules/next/dist/client/components/http-access-fallback/error-boundary.js:98:11)\n    at DevRootHTTPAccessFallbackBoundary (webpack-internal:///(app-pages-browser)/./node_modules/next/dist/client/components/dev-root-http-access-fallback-boundary.js:33:11)\n    at ReactDevOverlay (webpack-internal:///(app-pages-browser)/./node_modules/next/dist/client/components/react-dev-overlay/app/ReactDevOverlay.js:80:9)\n    at HotReload (webpack-internal:///(app-pages-browser)/./node_modules/next/dist/client/components/react-dev-overlay/app/hot-reloader-client.js:379:11)\n    at Router (webpack-internal:///(app-pages-browser)/./node_modules/next/dist/client/components/app-router.js:183:11)\n    at ErrorBoundaryHandler (webpack-internal:///(app-pages-browser)/./node_modules/next/dist/client/components/error-boundary.js:120:9)\n    at ErrorBoundary (webpack-internal:///(app-pages-browser)/./node_modules/next/dist/client/components/error-boundary.js:166:11)\n    at AppRouter (webpack-internal:///(app-pages-browser)/./node_modules/next/dist/client/components/app-router.js:563:11)\n    at ServerRoot (webpack-internal:///(app-pages-browser)/./node_modules/next/dist/client/app-index.js:145:46)\n    at Root (webpack-internal:///(app-pages-browser)/./node_modules/next/dist/client/app-index.js:165:11)",
  "log_destination": "orders",
  "timestamp": "2025-03-12T02:49:04.111Z"
}
[2025-03-12T02:53:07.677Z] FRONTEND:ORDERS - INFO: Fetching orders
  Details: {
  "wallet_address": "0x0300...",
  "page": 1,
  "limit": 10,
  "has_search": false,
  "log_destination": "orders",
  "timestamp": "2025-03-12T02:53:07.677Z"
}
[2025-03-12T02:53:07.677Z] FRONTEND:ORDERS - DEBUG: Fetching user orders
  Details: {
  "wallet_address": "0x0300B70e40F138927e3a988ce4A9a069Ff875336",
  "page": 1,
  "limit": 10,
  "url": "/orders/user/0x0300B70e40F138927e3a988ce4A9a069Ff875336",
  "log_destination": "orders",
  "timestamp": "2025-03-12T02:53:07.677Z"
}
[2025-03-12T02:53:07.700Z] FRONTEND:ORDERS - WARN: Retrying fetch orders after 500 error
  Details: {
  "retries_left": 2,
  "retry_delay": 1000,
  "log_destination": "orders",
  "timestamp": "2025-03-12T02:53:07.700Z"
}
[2025-03-12T02:53:10.042Z] FRONTEND:ORDERS - INFO: Orders fetched successfully
  Details: {
  "wallet_address": "0x0300...",
  "order_count": 2,
  "total_orders": 2,
  "page": 1,
  "limit": 10,
  "log_destination": "orders",
  "timestamp": "2025-03-12T02:53:10.042Z"
}
[2025-03-12T02:53:10.041Z] FRONTEND:ORDERS - DEBUG: Successfully fetched user orders
  Details: {
  "orderCount": 2,
  "total": 2,
  "page": 1,
  "limit": 10,
  "firstOrderId": "ORD-001-TEST",
  "log_destination": "orders",
  "timestamp": "2025-03-12T02:53:10.041Z"
}
[2025-03-12T02:53:17.001Z] FRONTEND:ORDERS - INFO: Fetching orders
  Details: {
  "wallet_address": "0x0300...",
  "page": 1,
  "limit": 10,
  "has_search": false,
  "log_destination": "orders",
  "timestamp": "2025-03-12T02:53:17.001Z"
}
[2025-03-12T02:53:17.002Z] FRONTEND:ORDERS - DEBUG: Fetching user orders
  Details: {
  "wallet_address": "0x0300B70e40F138927e3a988ce4A9a069Ff875336",
  "page": 1,
  "limit": 10,
  "url": "/orders/user/0x0300B70e40F138927e3a988ce4A9a069Ff875336",
  "log_destination": "orders",
  "timestamp": "2025-03-12T02:53:17.002Z"
}
[2025-03-12T02:53:17.464Z] FRONTEND:ORDERS - DEBUG: Successfully fetched user orders
  Details: {
  "orderCount": 2,
  "total": 2,
  "page": 1,
  "limit": 10,
  "firstOrderId": "ORD-001-TEST",
  "log_destination": "orders",
  "timestamp": "2025-03-12T02:53:17.464Z"
}
[2025-03-12T02:53:17.465Z] FRONTEND:ORDERS - INFO: Orders fetched successfully
  Details: {
  "wallet_address": "0x0300...",
  "order_count": 2,
  "total_orders": 2,
  "page": 1,
  "limit": 10,
  "log_destination": "orders",
  "timestamp": "2025-03-12T02:53:17.465Z"
}
[2025-03-12T02:54:13.527Z] FRONTEND:ORDERS - INFO: Orders page initialized
  Details: {
  "is_connected": true,
  "is_ready": false,
  "has_address": true,
  "has_effective_address": true,
  "using_auth_wallet": false,
  "status_filter": "all",
  "log_destination": "orders",
  "timestamp": "2025-03-12T02:54:13.527Z"
}
[2025-03-12T02:54:13.527Z] FRONTEND:ORDERS - INFO: Fetching orders
  Details: {
  "wallet_address": "0x0300...",
  "page": 1,
  "limit": 10,
  "has_search": false,
  "log_destination": "orders",
  "timestamp": "2025-03-12T02:54:13.527Z"
}
[2025-03-12T02:54:13.527Z] FRONTEND:ORDERS - DEBUG: Fetching user orders
  Details: {
  "wallet_address": "0x0300B70e40F138927e3a988ce4A9a069Ff875336",
  "page": 1,
  "limit": 10,
  "url": "/orders/user/0x0300B70e40F138927e3a988ce4A9a069Ff875336",
  "log_destination": "orders",
  "timestamp": "2025-03-12T02:54:13.527Z"
}
[2025-03-12T02:54:13.535Z] FRONTEND:ORDERS - INFO: Orders page initialized
  Details: {
  "is_connected": true,
  "is_ready": false,
  "has_address": true,
  "has_effective_address": true,
  "using_auth_wallet": false,
  "status_filter": "all",
  "log_destination": "orders",
  "timestamp": "2025-03-12T02:54:13.535Z"
}
[2025-03-12T02:54:13.538Z] FRONTEND:ORDERS - INFO: Wallet state changed in orders page
  Details: {
  "is_connected": true,
  "is_ready": true,
  "has_address": true,
  "has_effective_address": true,
  "using_auth_wallet": false,
  "log_destination": "orders",
  "timestamp": "2025-03-12T02:54:13.538Z"
}
[2025-03-12T02:54:13.940Z] FRONTEND:ORDERS - DEBUG: Successfully fetched user orders
  Details: {
  "orderCount": 2,
  "total": 2,
  "page": 1,
  "limit": 10,
  "firstOrderId": "ORD-001-TEST",
  "log_destination": "orders",
  "timestamp": "2025-03-12T02:54:13.940Z"
}
[2025-03-12T02:54:13.941Z] FRONTEND:ORDERS - INFO: Orders fetched successfully
  Details: {
  "wallet_address": "0x0300...",
  "order_count": 2,
  "total_orders": 2,
  "page": 1,
  "limit": 10,
  "log_destination": "orders",
  "timestamp": "2025-03-12T02:54:13.941Z"
}
[2025-03-12T02:54:13.944Z] FRONTEND:ORDERS - INFO: Orders loaded
  Details: {
  "total_orders": 2,
  "status_filter": "all",
  "log_destination": "orders",
  "timestamp": "2025-03-12T02:54:13.944Z"
}
[2025-03-12T02:54:13.974Z] FRONTEND:ORDERS - INFO: OrderList component initialized
  Details: {
  "has_orders": true,
  "order_count": 2,
  "is_array": true,
  "is_null": false,
  "is_undefined": false,
  "current_page": 1,
  "total_pages": 1,
  "total_orders": 0,
  "log_destination": "orders",
  "timestamp": "2025-03-12T02:54:13.974Z"
}
[2025-03-12T02:54:13.975Z] FRONTEND:ORDERS - INFO: OrderList orders updated
  Details: {
  "has_orders": true,
  "order_count": 2,
  "is_array": true,
  "is_null": false,
  "is_undefined": false,
  "current_page": 1,
  "total_pages": 1,
  "total_orders": 0,
  "log_destination": "orders",
  "timestamp": "2025-03-12T02:54:13.975Z"
}
[2025-03-12T02:54:13.976Z] FRONTEND:ORDERS - INFO: OrderList component initialized
  Details: {
  "has_orders": true,
  "order_count": 2,
  "is_array": true,
  "is_null": false,
  "is_undefined": false,
  "current_page": 1,
  "total_pages": 1,
  "total_orders": 0,
  "log_destination": "orders",
  "timestamp": "2025-03-12T02:54:13.976Z"
}
[2025-03-12T02:54:13.978Z] FRONTEND:ORDERS - INFO: OrderList orders updated
  Details: {
  "has_orders": true,
  "order_count": 2,
  "is_array": true,
  "is_null": false,
  "is_undefined": false,
  "current_page": 1,
  "total_pages": 1,
  "total_orders": 0,
  "log_destination": "orders",
  "timestamp": "2025-03-12T02:54:13.978Z"
}
[2025-03-12T02:54:22.004Z] FRONTEND:ORDERS - INFO: Orders page initialized
  Details: {
  "is_connected": false,
  "is_ready": false,
  "has_address": true,
  "has_effective_address": true,
  "using_auth_wallet": false,
  "status_filter": "all",
  "log_destination": "orders",
  "timestamp": "2025-03-12T02:54:22.004Z"
}
[2025-03-12T02:54:22.004Z] FRONTEND:ORDERS - INFO: Fetching orders
  Details: {
  "wallet_address": "0x0300...",
  "page": 1,
  "limit": 10,
  "has_search": false,
  "log_destination": "orders",
  "timestamp": "2025-03-12T02:54:22.004Z"
}
[2025-03-12T02:54:22.005Z] FRONTEND:ORDERS - DEBUG: Fetching user orders
  Details: {
  "wallet_address": "0x0300B70e40F138927e3a988ce4A9a069Ff875336",
  "page": 1,
  "limit": 10,
  "url": "/orders/user/0x0300B70e40F138927e3a988ce4A9a069Ff875336",
  "log_destination": "orders",
  "timestamp": "2025-03-12T02:54:22.005Z"
}
[2025-03-12T02:54:22.017Z] FRONTEND:ORDERS - INFO: Wallet state changed in orders page
  Details: {
  "is_connected": false,
  "is_ready": false,
  "has_address": true,
  "has_effective_address": true,
  "using_auth_wallet": false,
  "log_destination": "orders",
  "timestamp": "2025-03-12T02:54:22.017Z"
}
[2025-03-12T02:54:22.417Z] FRONTEND:ORDERS - INFO: Wallet state changed in orders page
  Details: {
  "is_connected": true,
  "is_ready": false,
  "has_address": true,
  "has_effective_address": true,
  "using_auth_wallet": false,
  "log_destination": "orders",
  "timestamp": "2025-03-12T02:54:22.417Z"
}
[2025-03-12T02:54:22.424Z] FRONTEND:ORDERS - INFO: Wallet state changed in orders page
  Details: {
  "is_connected": true,
  "is_ready": true,
  "has_address": true,
  "has_effective_address": true,
  "using_auth_wallet": false,
  "log_destination": "orders",
  "timestamp": "2025-03-12T02:54:22.424Z"
}
[2025-03-12T02:54:22.438Z] FRONTEND:ORDERS - DEBUG: Successfully fetched user orders
  Details: {
  "orderCount": 2,
  "total": 2,
  "page": 1,
  "limit": 10,
  "firstOrderId": "ORD-001-TEST",
  "log_destination": "orders",
  "timestamp": "2025-03-12T02:54:22.437Z"
}
[2025-03-12T02:54:22.438Z] FRONTEND:ORDERS - INFO: Orders fetched successfully
  Details: {
  "wallet_address": "0x0300...",
  "order_count": 2,
  "total_orders": 2,
  "page": 1,
  "limit": 10,
  "log_destination": "orders",
  "timestamp": "2025-03-12T02:54:22.438Z"
}
[2025-03-12T02:54:22.444Z] FRONTEND:ORDERS - INFO: Orders loaded
  Details: {
  "total_orders": 2,
  "status_filter": "all",
  "log_destination": "orders",
  "timestamp": "2025-03-12T02:54:22.444Z"
}
[2025-03-12T03:04:19.435Z] FRONTEND:ORDERS - INFO: Orders page initialized
  Details: {
  "is_connected": true,
  "is_ready": false,
  "has_address": true,
  "has_effective_address": true,
  "using_auth_wallet": false,
  "status_filter": "all",
  "log_destination": "orders",
  "timestamp": "2025-03-12T03:04:19.435Z"
}
[2025-03-12T03:04:19.436Z] FRONTEND:ORDERS - INFO: Fetching orders
  Details: {
  "wallet_address": "0x0300...",
  "page": 1,
  "limit": 10,
  "has_search": false,
  "log_destination": "orders",
  "timestamp": "2025-03-12T03:04:19.436Z"
}
[2025-03-12T03:04:19.436Z] FRONTEND:ORDERS - DEBUG: Fetching user orders
  Details: {
  "wallet_address": "0x0300B70e40F138927e3a988ce4A9a069Ff875336",
  "page": 1,
  "limit": 10,
  "url": "/orders/user/0x0300B70e40F138927e3a988ce4A9a069Ff875336",
  "log_destination": "orders",
  "timestamp": "2025-03-12T03:04:19.436Z"
}
[2025-03-12T03:04:19.442Z] FRONTEND:ORDERS - INFO: Orders page initialized
  Details: {
  "is_connected": true,
  "is_ready": false,
  "has_address": true,
  "has_effective_address": true,
  "using_auth_wallet": false,
  "status_filter": "all",
  "log_destination": "orders",
  "timestamp": "2025-03-12T03:04:19.442Z"
}
[2025-03-12T03:04:19.445Z] FRONTEND:ORDERS - INFO: Wallet state changed in orders page
  Details: {
  "is_connected": true,
  "is_ready": true,
  "has_address": true,
  "has_effective_address": true,
  "using_auth_wallet": false,
  "log_destination": "orders",
  "timestamp": "2025-03-12T03:04:19.445Z"
}
[2025-03-12T03:04:19.529Z] FRONTEND:ORDERS - WARN: Retrying fetch orders after 500 error
  Details: {
  "retries_left": 2,
  "retry_delay": 1000,
  "log_destination": "orders",
  "timestamp": "2025-03-12T03:04:19.529Z"
}
[2025-03-12T03:04:21.705Z] FRONTEND:ORDERS - DEBUG: Successfully fetched user orders
  Details: {
  "orderCount": 2,
  "total": 2,
  "page": 1,
  "limit": 10,
  "firstOrderId": "ORD-001-TEST",
  "log_destination": "orders",
  "timestamp": "2025-03-12T03:04:21.705Z"
}
[2025-03-12T03:04:21.705Z] FRONTEND:ORDERS - INFO: Orders fetched successfully
  Details: {
  "wallet_address": "0x0300...",
  "order_count": 2,
  "total_orders": 2,
  "page": 1,
  "limit": 10,
  "log_destination": "orders",
  "timestamp": "2025-03-12T03:04:21.705Z"
}
[2025-03-12T03:04:21.709Z] FRONTEND:ORDERS - INFO: Orders loaded
  Details: {
  "total_orders": 2,
  "status_filter": "all",
  "log_destination": "orders",
  "timestamp": "2025-03-12T03:04:21.709Z"
}
[2025-03-12T03:04:21.740Z] FRONTEND:ORDERS - INFO: OrderList component initialized
  Details: {
  "has_orders": true,
  "order_count": 2,
  "is_array": true,
  "is_null": false,
  "is_undefined": false,
  "current_page": 1,
  "total_pages": 1,
  "total_orders": 0,
  "log_destination": "orders",
  "timestamp": "2025-03-12T03:04:21.740Z"
}
[2025-03-12T03:04:21.741Z] FRONTEND:ORDERS - INFO: OrderList orders updated
  Details: {
  "has_orders": true,
  "order_count": 2,
  "is_array": true,
  "is_null": false,
  "is_undefined": false,
  "current_page": 1,
  "total_pages": 1,
  "total_orders": 0,
  "log_destination": "orders",
  "timestamp": "2025-03-12T03:04:21.741Z"
}
[2025-03-12T03:04:21.741Z] FRONTEND:ORDERS - INFO: OrderList component initialized
  Details: {
  "has_orders": true,
  "order_count": 2,
  "is_array": true,
  "is_null": false,
  "is_undefined": false,
  "current_page": 1,
  "total_pages": 1,
  "total_orders": 0,
  "log_destination": "orders",
  "timestamp": "2025-03-12T03:04:21.741Z"
}
[2025-03-12T03:04:21.742Z] FRONTEND:ORDERS - INFO: OrderList orders updated
  Details: {
  "has_orders": true,
  "order_count": 2,
  "is_array": true,
  "is_null": false,
  "is_undefined": false,
  "current_page": 1,
  "total_pages": 1,
  "total_orders": 0,
  "log_destination": "orders",
  "timestamp": "2025-03-12T03:04:21.742Z"
}
[2025-03-12T03:04:31.393Z] FRONTEND:ORDERS - INFO: Order status filter changed
  Details: {
  "status": "pending",
  "is_connected": true,
  "has_effective_address": true,
  "log_destination": "orders",
  "timestamp": "2025-03-12T03:04:31.393Z"
}
[2025-03-12T03:04:31.393Z] FRONTEND:ORDERS - INFO: Order status filter changed in component
  Details: {
  "previous_status": "all",
  "new_status": "pending",
  "log_destination": "orders",
  "timestamp": "2025-03-12T03:04:31.393Z"
}
[2025-03-12T03:04:31.397Z] FRONTEND:ORDERS - DEBUG: Fetching user orders
  Details: {
  "wallet_address": "0x0300B70e40F138927e3a988ce4A9a069Ff875336",
  "page": 1,
  "limit": 10,
  "status": "pending",
  "url": "/orders/user/0x0300B70e40F138927e3a988ce4A9a069Ff875336",
  "log_destination": "orders",
  "timestamp": "2025-03-12T03:04:31.397Z"
}
[2025-03-12T03:04:31.397Z] FRONTEND:ORDERS - INFO: Fetching orders
  Details: {
  "wallet_address": "0x0300...",
  "page": 1,
  "limit": 10,
  "status": "pending",
  "has_search": false,
  "log_destination": "orders",
  "timestamp": "2025-03-12T03:04:31.397Z"
}
[2025-03-12T03:04:31.849Z] FRONTEND:ORDERS - DEBUG: Successfully fetched user orders
  Details: {
  "orderCount": 2,
  "total": 2,
  "page": 1,
  "limit": 10,
  "firstOrderId": "ORD-001-TEST",
  "log_destination": "orders",
  "timestamp": "2025-03-12T03:04:31.849Z"
}
[2025-03-12T03:04:31.850Z] FRONTEND:ORDERS - INFO: Orders fetched successfully
  Details: {
  "wallet_address": "0x0300...",
  "order_count": 2,
  "total_orders": 2,
  "page": 1,
  "limit": 10,
  "log_destination": "orders",
  "timestamp": "2025-03-12T03:04:31.850Z"
}
[2025-03-12T03:04:31.853Z] FRONTEND:ORDERS - INFO: Orders loaded
  Details: {
  "total_orders": 2,
  "status_filter": "pending",
  "log_destination": "orders",
  "timestamp": "2025-03-12T03:04:31.853Z"
}
[2025-03-12T03:04:31.867Z] FRONTEND:ORDERS - INFO: OrderList component initialized
  Details: {
  "has_orders": true,
  "order_count": 2,
  "is_array": true,
  "is_null": false,
  "is_undefined": false,
  "current_page": 1,
  "total_pages": 1,
  "total_orders": 0,
  "log_destination": "orders",
  "timestamp": "2025-03-12T03:04:31.867Z"
}
[2025-03-12T03:04:31.867Z] FRONTEND:ORDERS - INFO: OrderList orders updated
  Details: {
  "has_orders": true,
  "order_count": 2,
  "is_array": true,
  "is_null": false,
  "is_undefined": false,
  "current_page": 1,
  "total_pages": 1,
  "total_orders": 0,
  "log_destination": "orders",
  "timestamp": "2025-03-12T03:04:31.867Z"
}
[2025-03-12T03:04:31.870Z] FRONTEND:ORDERS - INFO: OrderList component initialized
  Details: {
  "has_orders": true,
  "order_count": 2,
  "is_array": true,
  "is_null": false,
  "is_undefined": false,
  "current_page": 1,
  "total_pages": 1,
  "total_orders": 0,
  "log_destination": "orders",
  "timestamp": "2025-03-12T03:04:31.870Z"
}
[2025-03-12T03:04:31.871Z] FRONTEND:ORDERS - INFO: OrderList orders updated
  Details: {
  "has_orders": true,
  "order_count": 2,
  "is_array": true,
  "is_null": false,
  "is_undefined": false,
  "current_page": 1,
  "total_pages": 1,
  "total_orders": 0,
  "log_destination": "orders",
  "timestamp": "2025-03-12T03:04:31.871Z"
}
[2025-03-12T03:04:35.750Z] FRONTEND:ORDERS - INFO: Orders page initialized
  Details: {
  "is_connected": false,
  "is_ready": false,
  "has_address": true,
  "has_effective_address": true,
  "using_auth_wallet": false,
  "status_filter": "all",
  "log_destination": "orders",
  "timestamp": "2025-03-12T03:04:35.750Z"
}
[2025-03-12T03:04:35.750Z] FRONTEND:ORDERS - INFO: Fetching orders
  Details: {
  "wallet_address": "0x0300...",
  "page": 1,
  "limit": 10,
  "has_search": false,
  "log_destination": "orders",
  "timestamp": "2025-03-12T03:04:35.750Z"
}
[2025-03-12T03:04:35.750Z] FRONTEND:ORDERS - DEBUG: Fetching user orders
  Details: {
  "wallet_address": "0x0300B70e40F138927e3a988ce4A9a069Ff875336",
  "page": 1,
  "limit": 10,
  "url": "/orders/user/0x0300B70e40F138927e3a988ce4A9a069Ff875336",
  "log_destination": "orders",
  "timestamp": "2025-03-12T03:04:35.750Z"
}
[2025-03-12T03:04:35.762Z] FRONTEND:ORDERS - INFO: Wallet state changed in orders page
  Details: {
  "is_connected": false,
  "is_ready": false,
  "has_address": true,
  "has_effective_address": true,
  "using_auth_wallet": false,
  "log_destination": "orders",
  "timestamp": "2025-03-12T03:04:35.762Z"
}
[2025-03-12T03:04:36.106Z] FRONTEND:ORDERS - INFO: Wallet state changed in orders page
  Details: {
  "is_connected": true,
  "is_ready": false,
  "has_address": true,
  "has_effective_address": true,
  "using_auth_wallet": false,
  "log_destination": "orders",
  "timestamp": "2025-03-12T03:04:36.106Z"
}
[2025-03-12T03:04:36.113Z] FRONTEND:ORDERS - INFO: Wallet state changed in orders page
  Details: {
  "is_connected": true,
  "is_ready": true,
  "has_address": true,
  "has_effective_address": true,
  "using_auth_wallet": false,
  "log_destination": "orders",
  "timestamp": "2025-03-12T03:04:36.113Z"
}
[2025-03-12T03:04:36.192Z] FRONTEND:ORDERS - DEBUG: Successfully fetched user orders
  Details: {
  "orderCount": 2,
  "total": 2,
  "page": 1,
  "limit": 10,
  "firstOrderId": "ORD-001-TEST",
  "log_destination": "orders",
  "timestamp": "2025-03-12T03:04:36.192Z"
}
[2025-03-12T03:04:36.192Z] FRONTEND:ORDERS - INFO: Orders fetched successfully
  Details: {
  "wallet_address": "0x0300...",
  "order_count": 2,
  "total_orders": 2,
  "page": 1,
  "limit": 10,
  "log_destination": "orders",
  "timestamp": "2025-03-12T03:04:36.192Z"
}
[2025-03-12T03:04:36.197Z] FRONTEND:ORDERS - INFO: Orders loaded
  Details: {
  "total_orders": 2,
  "status_filter": "all",
  "log_destination": "orders",
  "timestamp": "2025-03-12T03:04:36.196Z"
}
[2025-03-12T03:41:01.619Z] FRONTEND:ORDERS - INFO: Orders page initialized
  Details: {
  "is_connected": true,
  "is_ready": false,
  "has_address": true,
  "has_effective_address": true,
  "using_auth_wallet": false,
  "status_filter": "all",
  "log_destination": "orders",
  "timestamp": "2025-03-12T03:41:01.619Z"
}
[2025-03-12T03:41:01.619Z] FRONTEND:ORDERS - INFO: Fetching orders
  Details: {
  "wallet_address": "0x0300...",
  "page": 1,
  "limit": 10,
  "has_search": false,
  "log_destination": "orders",
  "timestamp": "2025-03-12T03:41:01.619Z"
}
[2025-03-12T03:41:01.620Z] FRONTEND:ORDERS - DEBUG: Fetching user orders
  Details: {
  "wallet_address": "0x0300B70e40F138927e3a988ce4A9a069Ff875336",
  "page": 1,
  "limit": 10,
  "url": "/orders/user/0x0300B70e40F138927e3a988ce4A9a069Ff875336",
  "log_destination": "orders",
  "timestamp": "2025-03-12T03:41:01.620Z"
}
[2025-03-12T03:41:01.628Z] FRONTEND:ORDERS - INFO: Orders page initialized
  Details: {
  "is_connected": true,
  "is_ready": false,
  "has_address": true,
  "has_effective_address": true,
  "using_auth_wallet": false,
  "status_filter": "all",
  "log_destination": "orders",
  "timestamp": "2025-03-12T03:41:01.628Z"
}
[2025-03-12T03:41:01.632Z] FRONTEND:ORDERS - WARN: Retrying fetch orders after 500 error
  Details: {
  "retries_left": 2,
  "retry_delay": 1000,
  "log_destination": "orders",
  "timestamp": "2025-03-12T03:41:01.632Z"
}
[2025-03-12T03:41:01.637Z] FRONTEND:ORDERS - INFO: Wallet state changed in orders page
  Details: {
  "is_connected": true,
  "is_ready": true,
  "has_address": true,
  "has_effective_address": true,
  "using_auth_wallet": false,
  "log_destination": "orders",
  "timestamp": "2025-03-12T03:41:01.637Z"
}
[2025-03-12T03:41:03.946Z] FRONTEND:ORDERS - DEBUG: Successfully fetched user orders
  Details: {
  "orderCount": 2,
  "total": 2,
  "page": 1,
  "limit": 10,
  "firstOrderId": "ORD-001-TEST",
  "log_destination": "orders",
  "timestamp": "2025-03-12T03:41:03.946Z"
}
[2025-03-12T03:41:03.947Z] FRONTEND:ORDERS - INFO: Orders fetched successfully
  Details: {
  "wallet_address": "0x0300...",
  "order_count": 2,
  "total_orders": 2,
  "page": 1,
  "limit": 10,
  "log_destination": "orders",
  "timestamp": "2025-03-12T03:41:03.947Z"
}
[2025-03-12T03:41:03.970Z] FRONTEND:ORDERS - INFO: Orders loaded
  Details: {
  "total_orders": 2,
  "status_filter": "all",
  "log_destination": "orders",
  "timestamp": "2025-03-12T03:41:03.970Z"
}
[2025-03-12T03:41:04.040Z] FRONTEND:ORDERS - INFO: OrderList component initialized
  Details: {
  "has_orders": true,
  "order_count": 2,
  "is_array": true,
  "is_null": false,
  "is_undefined": false,
  "current_page": 1,
  "total_pages": 1,
  "total_orders": 0,
  "log_destination": "orders",
  "timestamp": "2025-03-12T03:41:04.040Z"
}
[2025-03-12T03:41:04.040Z] FRONTEND:ORDERS - INFO: OrderList orders updated
  Details: {
  "has_orders": true,
  "order_count": 2,
  "is_array": true,
  "is_null": false,
  "is_undefined": false,
  "current_page": 1,
  "total_pages": 1,
  "total_orders": 0,
  "log_destination": "orders",
  "timestamp": "2025-03-12T03:41:04.040Z"
}
[2025-03-12T03:41:04.041Z] FRONTEND:ORDERS - INFO: OrderList component initialized
  Details: {
  "has_orders": true,
  "order_count": 2,
  "is_array": true,
  "is_null": false,
  "is_undefined": false,
  "current_page": 1,
  "total_pages": 1,
  "total_orders": 0,
  "log_destination": "orders",
  "timestamp": "2025-03-12T03:41:04.041Z"
}
[2025-03-12T03:41:04.042Z] FRONTEND:ORDERS - INFO: OrderList orders updated
  Details: {
  "has_orders": true,
  "order_count": 2,
  "is_array": true,
  "is_null": false,
  "is_undefined": false,
  "current_page": 1,
  "total_pages": 1,
  "total_orders": 0,
  "log_destination": "orders",
  "timestamp": "2025-03-12T03:41:04.042Z"
}
[2025-03-12T03:41:36.474Z] FRONTEND:ORDERS - INFO: Orders page initialized
  Details: {
  "is_connected": false,
  "is_ready": false,
  "has_address": true,
  "has_effective_address": true,
  "using_auth_wallet": false,
  "status_filter": "all",
  "log_destination": "orders",
  "timestamp": "2025-03-12T03:41:36.474Z"
}
[2025-03-12T03:41:36.474Z] FRONTEND:ORDERS - INFO: Fetching orders
  Details: {
  "wallet_address": "0x0300...",
  "page": 1,
  "limit": 10,
  "has_search": false,
  "log_destination": "orders",
  "timestamp": "2025-03-12T03:41:36.474Z"
}
[2025-03-12T03:41:36.474Z] FRONTEND:ORDERS - DEBUG: Fetching user orders
  Details: {
  "wallet_address": "0x0300B70e40F138927e3a988ce4A9a069Ff875336",
  "page": 1,
  "limit": 10,
  "url": "/orders/user/0x0300B70e40F138927e3a988ce4A9a069Ff875336",
  "log_destination": "orders",
  "timestamp": "2025-03-12T03:41:36.474Z"
}
[2025-03-12T03:41:36.488Z] FRONTEND:ORDERS - INFO: Wallet state changed in orders page
  Details: {
  "is_connected": false,
  "is_ready": false,
  "has_address": true,
  "has_effective_address": true,
  "using_auth_wallet": false,
  "log_destination": "orders",
  "timestamp": "2025-03-12T03:41:36.488Z"
}
[2025-03-12T03:41:36.598Z] FRONTEND:ORDERS - WARN: Retrying fetch orders after 500 error
  Details: {
  "retries_left": 2,
  "retry_delay": 1000,
  "log_destination": "orders",
  "timestamp": "2025-03-12T03:41:36.598Z"
}
[2025-03-12T03:41:36.816Z] FRONTEND:ORDERS - INFO: Wallet state changed in orders page
  Details: {
  "is_connected": true,
  "is_ready": false,
  "has_address": true,
  "has_effective_address": true,
  "using_auth_wallet": false,
  "log_destination": "orders",
  "timestamp": "2025-03-12T03:41:36.816Z"
}
[2025-03-12T03:41:36.822Z] FRONTEND:ORDERS - INFO: Wallet state changed in orders page
  Details: {
  "is_connected": true,
  "is_ready": true,
  "has_address": true,
  "has_effective_address": true,
  "using_auth_wallet": false,
  "log_destination": "orders",
  "timestamp": "2025-03-12T03:41:36.822Z"
}
[2025-03-12T03:41:37.618Z] FRONTEND:ORDERS - WARN: Retrying fetch orders after 500 error
  Details: {
  "retries_left": 1,
  "retry_delay": 1000,
  "log_destination": "orders",
  "timestamp": "2025-03-12T03:41:37.618Z"
}
[2025-03-12T03:41:38.627Z] FRONTEND:ORDERS - WARN: Retrying fetch orders after 500 error
  Details: {
  "retries_left": 0,
  "retry_delay": 1000,
  "log_destination": "orders",
  "timestamp": "2025-03-12T03:41:38.627Z"
}
[2025-03-12T03:41:39.754Z] FRONTEND:ORDERS - ERROR: Order Error: Request failed with status code 500
  Details: {
  "stack": "AxiosError: Request failed with status code 500\n    at settle (webpack-internal:///(app-pages-browser)/./node_modules/axios/lib/core/settle.js:24:12)\n    at XMLHttpRequest.onloadend (webpack-internal:///(app-pages-browser)/./node_modules/axios/lib/adapters/xhr.js:73:66)\n    at Axios.request (webpack-internal:///(app-pages-browser)/./node_modules/axios/lib/core/Axios.js:57:41)\n    at async eval (webpack-internal:///(app-pages-browser)/./src/api/orders.ts:89:32)\n    at async makeRequest (webpack-internal:///(app-pages-browser)/./src/api/orders.ts:40:16)\n    at async Object.getUserOrders (webpack-internal:///(app-pages-browser)/./src/api/orders.ts:88:30)\n    at async useOrders.useQuery (webpack-internal:///(app-pages-browser)/./src/hooks/useOrders.ts:48:38)",
  "status": 500,
  "url": "http://127.0.0.1:8000/orders/user/0x0300B70e40F138927e3a988ce4A9a069Ff875336",
  "method": "get",
  "response_data": {
    "detail": "Failed to fetch orders"
  },
  "log_destination": "orders",
  "timestamp": "2025-03-12T03:41:39.754Z"
}
[2025-03-12T03:41:39.756Z] FRONTEND:ORDERS - ERROR: Order Error: Failed to fetch orders: Request failed with status code 500
  Details: {
  "stack": "Error: Failed to fetch orders: Request failed with status code 500\n    at handleApiError (webpack-internal:///(app-pages-browser)/./src/api/orders.ts:30:15)\n    at Object.getUserOrders (webpack-internal:///(app-pages-browser)/./src/api/orders.ts:121:13)\n    at async useOrders.useQuery (webpack-internal:///(app-pages-browser)/./src/hooks/useOrders.ts:48:38)",
  "wallet_address": "0x0300...",
  "page": 1,
  "limit": 10,
  "log_destination": "orders",
  "timestamp": "2025-03-12T03:41:39.756Z"
}
[2025-03-12T03:41:40.761Z] FRONTEND:ORDERS - INFO: Fetching orders
  Details: {
  "wallet_address": "0x0300...",
  "page": 1,
  "limit": 10,
  "has_search": false,
  "log_destination": "orders",
  "timestamp": "2025-03-12T03:41:40.761Z"
}
[2025-03-12T03:41:40.763Z] FRONTEND:ORDERS - DEBUG: Fetching user orders
  Details: {
  "wallet_address": "0x0300B70e40F138927e3a988ce4A9a069Ff875336",
  "page": 1,
  "limit": 10,
  "url": "/orders/user/0x0300B70e40F138927e3a988ce4A9a069Ff875336",
  "log_destination": "orders",
  "timestamp": "2025-03-12T03:41:40.763Z"
}
[2025-03-12T03:41:40.788Z] FRONTEND:ORDERS - WARN: Retrying fetch orders after 500 error
  Details: {
  "retries_left": 2,
  "retry_delay": 1000,
  "log_destination": "orders",
  "timestamp": "2025-03-12T03:41:40.788Z"
}
[2025-03-12T03:41:41.799Z] FRONTEND:ORDERS - WARN: Retrying fetch orders after 500 error
  Details: {
  "retries_left": 1,
  "retry_delay": 1000,
  "log_destination": "orders",
  "timestamp": "2025-03-12T03:41:41.799Z"
}
[2025-03-12T03:41:42.827Z] FRONTEND:ORDERS - WARN: Retrying fetch orders after 500 error
  Details: {
  "retries_left": 0,
  "retry_delay": 1000,
  "log_destination": "orders",
  "timestamp": "2025-03-12T03:41:42.827Z"
}
[2025-03-12T03:41:43.863Z] FRONTEND:ORDERS - ERROR: Order Error: Request failed with status code 500
  Details: {
  "stack": "AxiosError: Request failed with status code 500\n    at settle (webpack-internal:///(app-pages-browser)/./node_modules/axios/lib/core/settle.js:24:12)\n    at XMLHttpRequest.onloadend (webpack-internal:///(app-pages-browser)/./node_modules/axios/lib/adapters/xhr.js:73:66)\n    at Axios.request (webpack-internal:///(app-pages-browser)/./node_modules/axios/lib/core/Axios.js:57:41)\n    at async eval (webpack-internal:///(app-pages-browser)/./src/api/orders.ts:89:32)\n    at async makeRequest (webpack-internal:///(app-pages-browser)/./src/api/orders.ts:40:16)\n    at async Object.getUserOrders (webpack-internal:///(app-pages-browser)/./src/api/orders.ts:88:30)\n    at async useOrders.useQuery (webpack-internal:///(app-pages-browser)/./src/hooks/useOrders.ts:48:38)",
  "status": 500,
  "url": "http://127.0.0.1:8000/orders/user/0x0300B70e40F138927e3a988ce4A9a069Ff875336",
  "method": "get",
  "response_data": {
    "detail": "Failed to fetch orders"
  },
  "log_destination": "orders",
  "timestamp": "2025-03-12T03:41:43.863Z"
}
[2025-03-12T03:41:43.864Z] FRONTEND:ORDERS - ERROR: Order Error: Failed to fetch orders: Request failed with status code 500
  Details: {
  "stack": "Error: Failed to fetch orders: Request failed with status code 500\n    at handleApiError (webpack-internal:///(app-pages-browser)/./src/api/orders.ts:30:15)\n    at Object.getUserOrders (webpack-internal:///(app-pages-browser)/./src/api/orders.ts:121:13)\n    at async useOrders.useQuery (webpack-internal:///(app-pages-browser)/./src/hooks/useOrders.ts:48:38)",
  "wallet_address": "0x0300...",
  "page": 1,
  "limit": 10,
  "log_destination": "orders",
  "timestamp": "2025-03-12T03:41:43.864Z"
}
[2025-03-12T03:41:45.877Z] FRONTEND:ORDERS - INFO: Fetching orders
  Details: {
  "wallet_address": "0x0300...",
  "page": 1,
  "limit": 10,
  "has_search": false,
  "log_destination": "orders",
  "timestamp": "2025-03-12T03:41:45.877Z"
}
[2025-03-12T03:41:45.878Z] FRONTEND:ORDERS - DEBUG: Fetching user orders
  Details: {
  "wallet_address": "0x0300B70e40F138927e3a988ce4A9a069Ff875336",
  "page": 1,
  "limit": 10,
  "url": "/orders/user/0x0300B70e40F138927e3a988ce4A9a069Ff875336",
  "log_destination": "orders",
  "timestamp": "2025-03-12T03:41:45.878Z"
}
[2025-03-12T03:41:45.901Z] FRONTEND:ORDERS - WARN: Retrying fetch orders after 500 error
  Details: {
  "retries_left": 2,
  "retry_delay": 1000,
  "log_destination": "orders",
  "timestamp": "2025-03-12T03:41:45.901Z"
}
[2025-03-12T03:41:46.929Z] FRONTEND:ORDERS - WARN: Retrying fetch orders after 500 error
  Details: {
  "retries_left": 1,
  "retry_delay": 1000,
  "log_destination": "orders",
  "timestamp": "2025-03-12T03:41:46.929Z"
}
[2025-03-12T03:41:47.960Z] FRONTEND:ORDERS - WARN: Retrying fetch orders after 500 error
  Details: {
  "retries_left": 0,
  "retry_delay": 1000,
  "log_destination": "orders",
  "timestamp": "2025-03-12T03:41:47.960Z"
}
[2025-03-12T03:41:48.995Z] FRONTEND:ORDERS - ERROR: Order Error: Request failed with status code 500
  Details: {
  "stack": "AxiosError: Request failed with status code 500\n    at settle (webpack-internal:///(app-pages-browser)/./node_modules/axios/lib/core/settle.js:24:12)\n    at XMLHttpRequest.onloadend (webpack-internal:///(app-pages-browser)/./node_modules/axios/lib/adapters/xhr.js:73:66)\n    at Axios.request (webpack-internal:///(app-pages-browser)/./node_modules/axios/lib/core/Axios.js:57:41)\n    at async eval (webpack-internal:///(app-pages-browser)/./src/api/orders.ts:89:32)\n    at async makeRequest (webpack-internal:///(app-pages-browser)/./src/api/orders.ts:40:16)\n    at async Object.getUserOrders (webpack-internal:///(app-pages-browser)/./src/api/orders.ts:88:30)\n    at async useOrders.useQuery (webpack-internal:///(app-pages-browser)/./src/hooks/useOrders.ts:48:38)",
  "status": 500,
  "url": "http://127.0.0.1:8000/orders/user/0x0300B70e40F138927e3a988ce4A9a069Ff875336",
  "method": "get",
  "response_data": {
    "detail": "Failed to fetch orders"
  },
  "log_destination": "orders",
  "timestamp": "2025-03-12T03:41:48.995Z"
}
[2025-03-12T03:41:48.997Z] FRONTEND:ORDERS - ERROR: Order Error: Failed to fetch orders: Request failed with status code 500
  Details: {
  "stack": "Error: Failed to fetch orders: Request failed with status code 500\n    at handleApiError (webpack-internal:///(app-pages-browser)/./src/api/orders.ts:30:15)\n    at Object.getUserOrders (webpack-internal:///(app-pages-browser)/./src/api/orders.ts:121:13)\n    at async useOrders.useQuery (webpack-internal:///(app-pages-browser)/./src/hooks/useOrders.ts:48:38)",
  "wallet_address": "0x0300...",
  "page": 1,
  "limit": 10,
  "log_destination": "orders",
  "timestamp": "2025-03-12T03:41:48.997Z"
}
[2025-03-12T03:41:53.002Z] FRONTEND:ORDERS - INFO: Fetching orders
  Details: {
  "wallet_address": "0x0300...",
  "page": 1,
  "limit": 10,
  "has_search": false,
  "log_destination": "orders",
  "timestamp": "2025-03-12T03:41:53.002Z"
}
[2025-03-12T03:41:53.004Z] FRONTEND:ORDERS - DEBUG: Fetching user orders
  Details: {
  "wallet_address": "0x0300B70e40F138927e3a988ce4A9a069Ff875336",
  "page": 1,
  "limit": 10,
  "url": "/orders/user/0x0300B70e40F138927e3a988ce4A9a069Ff875336",
  "log_destination": "orders",
  "timestamp": "2025-03-12T03:41:53.004Z"
}
[2025-03-12T03:41:53.022Z] FRONTEND:ORDERS - WARN: Retrying fetch orders after 500 error
  Details: {
  "retries_left": 2,
  "retry_delay": 1000,
  "log_destination": "orders",
  "timestamp": "2025-03-12T03:41:53.022Z"
}
[2025-03-12T03:41:54.043Z] FRONTEND:ORDERS - WARN: Retrying fetch orders after 500 error
  Details: {
  "retries_left": 1,
  "retry_delay": 1000,
  "log_destination": "orders",
  "timestamp": "2025-03-12T03:41:54.043Z"
}
[2025-03-12T03:41:55.060Z] FRONTEND:ORDERS - WARN: Retrying fetch orders after 500 error
  Details: {
  "retries_left": 0,
  "retry_delay": 1000,
  "log_destination": "orders",
  "timestamp": "2025-03-12T03:41:55.060Z"
}
[2025-03-12T03:41:56.081Z] FRONTEND:ORDERS - ERROR: Order Error: Request failed with status code 500
  Details: {
  "stack": "AxiosError: Request failed with status code 500\n    at settle (webpack-internal:///(app-pages-browser)/./node_modules/axios/lib/core/settle.js:24:12)\n    at XMLHttpRequest.onloadend (webpack-internal:///(app-pages-browser)/./node_modules/axios/lib/adapters/xhr.js:73:66)\n    at Axios.request (webpack-internal:///(app-pages-browser)/./node_modules/axios/lib/core/Axios.js:57:41)\n    at async eval (webpack-internal:///(app-pages-browser)/./src/api/orders.ts:89:32)\n    at async makeRequest (webpack-internal:///(app-pages-browser)/./src/api/orders.ts:40:16)\n    at async Object.getUserOrders (webpack-internal:///(app-pages-browser)/./src/api/orders.ts:88:30)\n    at async useOrders.useQuery (webpack-internal:///(app-pages-browser)/./src/hooks/useOrders.ts:48:38)",
  "status": 500,
  "url": "http://127.0.0.1:8000/orders/user/0x0300B70e40F138927e3a988ce4A9a069Ff875336",
  "method": "get",
  "response_data": {
    "detail": "Failed to fetch orders"
  },
  "log_destination": "orders",
  "timestamp": "2025-03-12T03:41:56.081Z"
}
[2025-03-12T03:41:56.082Z] FRONTEND:ORDERS - ERROR: Order Error: Failed to fetch orders: Request failed with status code 500
  Details: {
  "stack": "Error: Failed to fetch orders: Request failed with status code 500\n    at handleApiError (webpack-internal:///(app-pages-browser)/./src/api/orders.ts:30:15)\n    at Object.getUserOrders (webpack-internal:///(app-pages-browser)/./src/api/orders.ts:121:13)\n    at async useOrders.useQuery (webpack-internal:///(app-pages-browser)/./src/hooks/useOrders.ts:48:38)",
  "wallet_address": "0x0300...",
  "page": 1,
  "limit": 10,
  "log_destination": "orders",
  "timestamp": "2025-03-12T03:41:56.082Z"
}
[2025-03-12T03:42:30.316Z] FRONTEND:ORDERS - INFO: Wallet state changed in orders page
  Details: {
  "is_connected": false,
  "is_ready": true,
  "has_address": false,
  "has_effective_address": true,
  "using_auth_wallet": true,
  "log_destination": "orders",
  "timestamp": "2025-03-12T03:42:30.316Z"
}
[2025-03-12T03:42:30.335Z] FRONTEND:ORDERS - INFO: Wallet state changed in orders page
  Details: {
  "is_connected": false,
  "is_ready": true,
  "has_address": false,
  "has_effective_address": false,
  "using_auth_wallet": false,
  "log_destination": "orders",
  "timestamp": "2025-03-12T03:42:30.335Z"
}
[2025-03-12T03:43:26.436Z] FRONTEND:ORDERS - INFO: Wallet state changed in orders page
  Details: {
  "is_connected": true,
  "is_ready": true,
  "has_address": true,
  "has_effective_address": true,
  "using_auth_wallet": false,
  "log_destination": "orders",
  "timestamp": "2025-03-12T03:43:26.436Z"
}
[2025-03-12T03:43:26.437Z] FRONTEND:ORDERS - INFO: Fetching orders
  Details: {
  "wallet_address": "0x0300...",
  "page": 1,
  "limit": 10,
  "has_search": false,
  "log_destination": "orders",
  "timestamp": "2025-03-12T03:43:26.437Z"
}
[2025-03-12T03:43:26.438Z] FRONTEND:ORDERS - DEBUG: Fetching user orders
  Details: {
  "wallet_address": "0x0300B70e40F138927e3a988ce4A9a069Ff875336",
  "page": 1,
  "limit": 10,
  "url": "/orders/user/0x0300B70e40F138927e3a988ce4A9a069Ff875336",
  "log_destination": "orders",
  "timestamp": "2025-03-12T03:43:26.438Z"
}
[2025-03-12T03:43:26.477Z] FRONTEND:ORDERS - WARN: Retrying fetch orders after 500 error
  Details: {
  "retries_left": 2,
  "retry_delay": 1000,
  "log_destination": "orders",
  "timestamp": "2025-03-12T03:43:26.477Z"
}
[2025-03-12T03:43:27.520Z] FRONTEND:ORDERS - WARN: Retrying fetch orders after 500 error
  Details: {
  "retries_left": 1,
  "retry_delay": 1000,
  "log_destination": "orders",
  "timestamp": "2025-03-12T03:43:27.520Z"
}
[2025-03-12T03:43:28.535Z] FRONTEND:ORDERS - WARN: Retrying fetch orders after 500 error
  Details: {
  "retries_left": 0,
  "retry_delay": 1000,
  "log_destination": "orders",
  "timestamp": "2025-03-12T03:43:28.535Z"
}
[2025-03-12T03:43:29.551Z] FRONTEND:ORDERS - ERROR: Order Error: Request failed with status code 500
  Details: {
  "stack": "AxiosError: Request failed with status code 500\n    at settle (webpack-internal:///(app-pages-browser)/./node_modules/axios/lib/core/settle.js:24:12)\n    at XMLHttpRequest.onloadend (webpack-internal:///(app-pages-browser)/./node_modules/axios/lib/adapters/xhr.js:73:66)\n    at Axios.request (webpack-internal:///(app-pages-browser)/./node_modules/axios/lib/core/Axios.js:57:41)\n    at async eval (webpack-internal:///(app-pages-browser)/./src/api/orders.ts:89:32)\n    at async makeRequest (webpack-internal:///(app-pages-browser)/./src/api/orders.ts:40:16)\n    at async Object.getUserOrders (webpack-internal:///(app-pages-browser)/./src/api/orders.ts:88:30)\n    at async useOrders.useQuery (webpack-internal:///(app-pages-browser)/./src/hooks/useOrders.ts:48:38)",
  "status": 500,
  "url": "http://127.0.0.1:8000/orders/user/0x0300B70e40F138927e3a988ce4A9a069Ff875336",
  "method": "get",
  "response_data": {
    "detail": "Failed to fetch orders"
  },
  "log_destination": "orders",
  "timestamp": "2025-03-12T03:43:29.551Z"
}
[2025-03-12T03:43:29.552Z] FRONTEND:ORDERS - ERROR: Order Error: Failed to fetch orders: Request failed with status code 500
  Details: {
  "stack": "Error: Failed to fetch orders: Request failed with status code 500\n    at handleApiError (webpack-internal:///(app-pages-browser)/./src/api/orders.ts:30:15)\n    at Object.getUserOrders (webpack-internal:///(app-pages-browser)/./src/api/orders.ts:121:13)\n    at async useOrders.useQuery (webpack-internal:///(app-pages-browser)/./src/hooks/useOrders.ts:48:38)",
  "wallet_address": "0x0300...",
  "page": 1,
  "limit": 10,
  "log_destination": "orders",
  "timestamp": "2025-03-12T03:43:29.552Z"
}
[2025-03-12T03:43:30.555Z] FRONTEND:ORDERS - INFO: Fetching orders
  Details: {
  "wallet_address": "0x0300...",
  "page": 1,
  "limit": 10,
  "has_search": false,
  "log_destination": "orders",
  "timestamp": "2025-03-12T03:43:30.555Z"
}
[2025-03-12T03:43:30.555Z] FRONTEND:ORDERS - DEBUG: Fetching user orders
  Details: {
  "wallet_address": "0x0300B70e40F138927e3a988ce4A9a069Ff875336",
  "page": 1,
  "limit": 10,
  "url": "/orders/user/0x0300B70e40F138927e3a988ce4A9a069Ff875336",
  "log_destination": "orders",
  "timestamp": "2025-03-12T03:43:30.555Z"
}
[2025-03-12T03:43:30.563Z] FRONTEND:ORDERS - WARN: Retrying fetch orders after 500 error
  Details: {
  "retries_left": 2,
  "retry_delay": 1000,
  "log_destination": "orders",
  "timestamp": "2025-03-12T03:43:30.563Z"
}
[2025-03-12T03:43:31.578Z] FRONTEND:ORDERS - WARN: Retrying fetch orders after 500 error
  Details: {
  "retries_left": 1,
  "retry_delay": 1000,
  "log_destination": "orders",
  "timestamp": "2025-03-12T03:43:31.578Z"
}
[2025-03-12T03:43:32.605Z] FRONTEND:ORDERS - WARN: Retrying fetch orders after 500 error
  Details: {
  "retries_left": 0,
  "retry_delay": 1000,
  "log_destination": "orders",
  "timestamp": "2025-03-12T03:43:32.605Z"
}
[2025-03-12T03:43:33.627Z] FRONTEND:ORDERS - ERROR: Order Error: Request failed with status code 500
  Details: {
  "stack": "AxiosError: Request failed with status code 500\n    at settle (webpack-internal:///(app-pages-browser)/./node_modules/axios/lib/core/settle.js:24:12)\n    at XMLHttpRequest.onloadend (webpack-internal:///(app-pages-browser)/./node_modules/axios/lib/adapters/xhr.js:73:66)\n    at Axios.request (webpack-internal:///(app-pages-browser)/./node_modules/axios/lib/core/Axios.js:57:41)\n    at async eval (webpack-internal:///(app-pages-browser)/./src/api/orders.ts:89:32)\n    at async makeRequest (webpack-internal:///(app-pages-browser)/./src/api/orders.ts:40:16)\n    at async Object.getUserOrders (webpack-internal:///(app-pages-browser)/./src/api/orders.ts:88:30)\n    at async useOrders.useQuery (webpack-internal:///(app-pages-browser)/./src/hooks/useOrders.ts:48:38)",
  "status": 500,
  "url": "http://127.0.0.1:8000/orders/user/0x0300B70e40F138927e3a988ce4A9a069Ff875336",
  "method": "get",
  "response_data": {
    "detail": "Failed to fetch orders"
  },
  "log_destination": "orders",
  "timestamp": "2025-03-12T03:43:33.627Z"
}
[2025-03-12T03:43:33.627Z] FRONTEND:ORDERS - ERROR: Order Error: Failed to fetch orders: Request failed with status code 500
  Details: {
  "stack": "Error: Failed to fetch orders: Request failed with status code 500\n    at handleApiError (webpack-internal:///(app-pages-browser)/./src/api/orders.ts:30:15)\n    at Object.getUserOrders (webpack-internal:///(app-pages-browser)/./src/api/orders.ts:121:13)\n    at async useOrders.useQuery (webpack-internal:///(app-pages-browser)/./src/hooks/useOrders.ts:48:38)",
  "wallet_address": "0x0300...",
  "page": 1,
  "limit": 10,
  "log_destination": "orders",
  "timestamp": "2025-03-12T03:43:33.627Z"
}
[2025-03-12T03:43:35.638Z] FRONTEND:ORDERS - INFO: Fetching orders
  Details: {
  "wallet_address": "0x0300...",
  "page": 1,
  "limit": 10,
  "has_search": false,
  "log_destination": "orders",
  "timestamp": "2025-03-12T03:43:35.638Z"
}
[2025-03-12T03:43:35.639Z] FRONTEND:ORDERS - DEBUG: Fetching user orders
  Details: {
  "wallet_address": "0x0300B70e40F138927e3a988ce4A9a069Ff875336",
  "page": 1,
  "limit": 10,
  "url": "/orders/user/0x0300B70e40F138927e3a988ce4A9a069Ff875336",
  "log_destination": "orders",
  "timestamp": "2025-03-12T03:43:35.639Z"
}
[2025-03-12T03:43:35.652Z] FRONTEND:ORDERS - WARN: Retrying fetch orders after 500 error
  Details: {
  "retries_left": 2,
  "retry_delay": 1000,
  "log_destination": "orders",
  "timestamp": "2025-03-12T03:43:35.652Z"
}
[2025-03-12T03:43:36.668Z] FRONTEND:ORDERS - WARN: Retrying fetch orders after 500 error
  Details: {
  "retries_left": 1,
  "retry_delay": 1000,
  "log_destination": "orders",
  "timestamp": "2025-03-12T03:43:36.668Z"
}
[2025-03-12T03:43:37.683Z] FRONTEND:ORDERS - WARN: Retrying fetch orders after 500 error
  Details: {
  "retries_left": 0,
  "retry_delay": 1000,
  "log_destination": "orders",
  "timestamp": "2025-03-12T03:43:37.683Z"
}
[2025-03-12T03:43:38.696Z] FRONTEND:ORDERS - ERROR: Order Error: Request failed with status code 500
  Details: {
  "stack": "AxiosError: Request failed with status code 500\n    at settle (webpack-internal:///(app-pages-browser)/./node_modules/axios/lib/core/settle.js:24:12)\n    at XMLHttpRequest.onloadend (webpack-internal:///(app-pages-browser)/./node_modules/axios/lib/adapters/xhr.js:73:66)\n    at Axios.request (webpack-internal:///(app-pages-browser)/./node_modules/axios/lib/core/Axios.js:57:41)\n    at async eval (webpack-internal:///(app-pages-browser)/./src/api/orders.ts:89:32)\n    at async makeRequest (webpack-internal:///(app-pages-browser)/./src/api/orders.ts:40:16)\n    at async Object.getUserOrders (webpack-internal:///(app-pages-browser)/./src/api/orders.ts:88:30)\n    at async useOrders.useQuery (webpack-internal:///(app-pages-browser)/./src/hooks/useOrders.ts:48:38)",
  "status": 500,
  "url": "http://127.0.0.1:8000/orders/user/0x0300B70e40F138927e3a988ce4A9a069Ff875336",
  "method": "get",
  "response_data": {
    "detail": "Failed to fetch orders"
  },
  "log_destination": "orders",
  "timestamp": "2025-03-12T03:43:38.696Z"
}
[2025-03-12T03:43:38.696Z] FRONTEND:ORDERS - ERROR: Order Error: Failed to fetch orders: Request failed with status code 500
  Details: {
  "stack": "Error: Failed to fetch orders: Request failed with status code 500\n    at handleApiError (webpack-internal:///(app-pages-browser)/./src/api/orders.ts:30:15)\n    at Object.getUserOrders (webpack-internal:///(app-pages-browser)/./src/api/orders.ts:121:13)\n    at async useOrders.useQuery (webpack-internal:///(app-pages-browser)/./src/hooks/useOrders.ts:48:38)",
  "wallet_address": "0x0300...",
  "page": 1,
  "limit": 10,
  "log_destination": "orders",
  "timestamp": "2025-03-12T03:43:38.696Z"
}
[2025-03-12T03:56:17.858Z] FRONTEND:ORDERS - INFO: Orders page initialized
  Details: {
  "is_connected": true,
  "is_ready": false,
  "has_address": true,
  "has_effective_address": true,
  "using_auth_wallet": false,
  "status_filter": "all",
  "log_destination": "orders",
  "timestamp": "2025-03-12T03:56:17.858Z"
}
[2025-03-12T03:56:17.859Z] FRONTEND:ORDERS - INFO: Fetching orders
  Details: {
  "wallet_address": "0x0300...",
  "page": 1,
  "limit": 10,
  "has_search": false,
  "log_destination": "orders",
  "timestamp": "2025-03-12T03:56:17.859Z"
}
[2025-03-12T03:56:17.859Z] FRONTEND:ORDERS - DEBUG: Fetching user orders
  Details: {
  "wallet_address": "0x0300B70e40F138927e3a988ce4A9a069Ff875336",
  "page": 1,
  "limit": 10,
  "url": "/orders/user/0x0300B70e40F138927e3a988ce4A9a069Ff875336",
  "log_destination": "orders",
  "timestamp": "2025-03-12T03:56:17.859Z"
}
[2025-03-12T03:56:17.865Z] FRONTEND:ORDERS - INFO: Orders page initialized
  Details: {
  "is_connected": true,
  "is_ready": false,
  "has_address": true,
  "has_effective_address": true,
  "using_auth_wallet": false,
  "status_filter": "all",
  "log_destination": "orders",
  "timestamp": "2025-03-12T03:56:17.865Z"
}
[2025-03-12T03:56:17.877Z] FRONTEND:ORDERS - WARN: Retrying fetch orders after 500 error
  Details: {
  "retries_left": 2,
  "retry_delay": 1000,
  "log_destination": "orders",
  "timestamp": "2025-03-12T03:56:17.877Z"
}
[2025-03-12T03:56:17.879Z] FRONTEND:ORDERS - INFO: Wallet state changed in orders page
  Details: {
  "is_connected": true,
  "is_ready": true,
  "has_address": true,
  "has_effective_address": true,
  "using_auth_wallet": false,
  "log_destination": "orders",
  "timestamp": "2025-03-12T03:56:17.879Z"
}
[2025-03-12T03:56:18.923Z] FRONTEND:ORDERS - WARN: Retrying fetch orders after 500 error
  Details: {
  "retries_left": 1,
  "retry_delay": 1000,
  "log_destination": "orders",
  "timestamp": "2025-03-12T03:56:18.923Z"
}
[2025-03-12T03:56:19.935Z] FRONTEND:ORDERS - WARN: Retrying fetch orders after 500 error
  Details: {
  "retries_left": 0,
  "retry_delay": 1000,
  "log_destination": "orders",
  "timestamp": "2025-03-12T03:56:19.935Z"
}
[2025-03-12T03:56:20.950Z] FRONTEND:ORDERS - ERROR: Order Error: Request failed with status code 500
  Details: {
  "stack": "AxiosError: Request failed with status code 500\n    at settle (webpack-internal:///(app-pages-browser)/./node_modules/axios/lib/core/settle.js:24:12)\n    at XMLHttpRequest.onloadend (webpack-internal:///(app-pages-browser)/./node_modules/axios/lib/adapters/xhr.js:73:66)\n    at Axios.request (webpack-internal:///(app-pages-browser)/./node_modules/axios/lib/core/Axios.js:57:41)\n    at async eval (webpack-internal:///(app-pages-browser)/./src/api/orders.ts:89:32)\n    at async makeRequest (webpack-internal:///(app-pages-browser)/./src/api/orders.ts:40:16)\n    at async Object.getUserOrders (webpack-internal:///(app-pages-browser)/./src/api/orders.ts:88:30)\n    at async useOrders.useQuery (webpack-internal:///(app-pages-browser)/./src/hooks/useOrders.ts:48:38)",
  "status": 500,
  "url": "http://127.0.0.1:8000/orders/user/0x0300B70e40F138927e3a988ce4A9a069Ff875336",
  "method": "get",
  "response_data": {
    "detail": "Failed to fetch orders"
  },
  "log_destination": "orders",
  "timestamp": "2025-03-12T03:56:20.950Z"
}
[2025-03-12T03:56:20.953Z] FRONTEND:ORDERS - ERROR: Order Error: Failed to fetch orders: Request failed with status code 500
  Details: {
  "stack": "Error: Failed to fetch orders: Request failed with status code 500\n    at handleApiError (webpack-internal:///(app-pages-browser)/./src/api/orders.ts:30:15)\n    at Object.getUserOrders (webpack-internal:///(app-pages-browser)/./src/api/orders.ts:121:13)\n    at async useOrders.useQuery (webpack-internal:///(app-pages-browser)/./src/hooks/useOrders.ts:48:38)",
  "wallet_address": "0x0300...",
  "page": 1,
  "limit": 10,
  "log_destination": "orders",
  "timestamp": "2025-03-12T03:56:20.953Z"
}
[2025-03-12T03:56:21.965Z] FRONTEND:ORDERS - INFO: Fetching orders
  Details: {
  "wallet_address": "0x0300...",
  "page": 1,
  "limit": 10,
  "has_search": false,
  "log_destination": "orders",
  "timestamp": "2025-03-12T03:56:21.965Z"
}
[2025-03-12T03:56:21.966Z] FRONTEND:ORDERS - DEBUG: Fetching user orders
  Details: {
  "wallet_address": "0x0300B70e40F138927e3a988ce4A9a069Ff875336",
  "page": 1,
  "limit": 10,
  "url": "/orders/user/0x0300B70e40F138927e3a988ce4A9a069Ff875336",
  "log_destination": "orders",
  "timestamp": "2025-03-12T03:56:21.966Z"
}
[2025-03-12T03:56:21.981Z] FRONTEND:ORDERS - WARN: Retrying fetch orders after 500 error
  Details: {
  "retries_left": 2,
  "retry_delay": 1000,
  "log_destination": "orders",
  "timestamp": "2025-03-12T03:56:21.981Z"
}
[2025-03-12T03:56:22.996Z] FRONTEND:ORDERS - WARN: Retrying fetch orders after 500 error
  Details: {
  "retries_left": 1,
  "retry_delay": 1000,
  "log_destination": "orders",
  "timestamp": "2025-03-12T03:56:22.996Z"
}
[2025-03-12T03:56:24.013Z] FRONTEND:ORDERS - WARN: Retrying fetch orders after 500 error
  Details: {
  "retries_left": 0,
  "retry_delay": 1000,
  "log_destination": "orders",
  "timestamp": "2025-03-12T03:56:24.013Z"
}
[2025-03-12T03:56:25.027Z] FRONTEND:ORDERS - ERROR: Order Error: Request failed with status code 500
  Details: {
  "stack": "AxiosError: Request failed with status code 500\n    at settle (webpack-internal:///(app-pages-browser)/./node_modules/axios/lib/core/settle.js:24:12)\n    at XMLHttpRequest.onloadend (webpack-internal:///(app-pages-browser)/./node_modules/axios/lib/adapters/xhr.js:73:66)\n    at Axios.request (webpack-internal:///(app-pages-browser)/./node_modules/axios/lib/core/Axios.js:57:41)\n    at async eval (webpack-internal:///(app-pages-browser)/./src/api/orders.ts:89:32)\n    at async makeRequest (webpack-internal:///(app-pages-browser)/./src/api/orders.ts:40:16)\n    at async Object.getUserOrders (webpack-internal:///(app-pages-browser)/./src/api/orders.ts:88:30)\n    at async useOrders.useQuery (webpack-internal:///(app-pages-browser)/./src/hooks/useOrders.ts:48:38)",
  "status": 500,
  "url": "http://127.0.0.1:8000/orders/user/0x0300B70e40F138927e3a988ce4A9a069Ff875336",
  "method": "get",
  "response_data": {
    "detail": "Failed to fetch orders"
  },
  "log_destination": "orders",
  "timestamp": "2025-03-12T03:56:25.027Z"
}
[2025-03-12T03:56:25.027Z] FRONTEND:ORDERS - ERROR: Order Error: Failed to fetch orders: Request failed with status code 500
  Details: {
  "stack": "Error: Failed to fetch orders: Request failed with status code 500\n    at handleApiError (webpack-internal:///(app-pages-browser)/./src/api/orders.ts:30:15)\n    at Object.getUserOrders (webpack-internal:///(app-pages-browser)/./src/api/orders.ts:121:13)\n    at async useOrders.useQuery (webpack-internal:///(app-pages-browser)/./src/hooks/useOrders.ts:48:38)",
  "wallet_address": "0x0300...",
  "page": 1,
  "limit": 10,
  "log_destination": "orders",
  "timestamp": "2025-03-12T03:56:25.027Z"
}
[2025-03-12T03:56:27.035Z] FRONTEND:ORDERS - INFO: Fetching orders
  Details: {
  "wallet_address": "0x0300...",
  "page": 1,
  "limit": 10,
  "has_search": false,
  "log_destination": "orders",
  "timestamp": "2025-03-12T03:56:27.035Z"
}
[2025-03-12T03:56:27.036Z] FRONTEND:ORDERS - DEBUG: Fetching user orders
  Details: {
  "wallet_address": "0x0300B70e40F138927e3a988ce4A9a069Ff875336",
  "page": 1,
  "limit": 10,
  "url": "/orders/user/0x0300B70e40F138927e3a988ce4A9a069Ff875336",
  "log_destination": "orders",
  "timestamp": "2025-03-12T03:56:27.036Z"
}
[2025-03-12T03:56:29.066Z] FRONTEND:ORDERS - ERROR: Order Error: Network Error
  Details: {
  "stack": "AxiosError: Network Error\n    at XMLHttpRequest.handleError (webpack-internal:///(app-pages-browser)/./node_modules/axios/lib/adapters/xhr.js:124:14)\n    at Axios.request (webpack-internal:///(app-pages-browser)/./node_modules/axios/lib/core/Axios.js:57:41)\n    at async eval (webpack-internal:///(app-pages-browser)/./src/api/orders.ts:89:32)\n    at async makeRequest (webpack-internal:///(app-pages-browser)/./src/api/orders.ts:40:16)\n    at async Object.getUserOrders (webpack-internal:///(app-pages-browser)/./src/api/orders.ts:88:30)\n    at async useOrders.useQuery (webpack-internal:///(app-pages-browser)/./src/hooks/useOrders.ts:48:38)",
  "url": "http://127.0.0.1:8000/orders/user/0x0300B70e40F138927e3a988ce4A9a069Ff875336",
  "method": "get",
  "log_destination": "orders",
  "timestamp": "2025-03-12T03:56:29.066Z"
}
[2025-03-12T03:56:29.067Z] FRONTEND:ORDERS - ERROR: Order Error: Failed to fetch orders: Network Error
  Details: {
  "stack": "Error: Failed to fetch orders: Network Error\n    at handleApiError (webpack-internal:///(app-pages-browser)/./src/api/orders.ts:30:15)\n    at Object.getUserOrders (webpack-internal:///(app-pages-browser)/./src/api/orders.ts:121:13)\n    at async useOrders.useQuery (webpack-internal:///(app-pages-browser)/./src/hooks/useOrders.ts:48:38)",
  "wallet_address": "0x0300...",
  "page": 1,
  "limit": 10,
  "log_destination": "orders",
  "timestamp": "2025-03-12T03:56:29.067Z"
}
[2025-03-12T03:56:29.904Z] FRONTEND:ORDERS - INFO: Wallet state changed in orders page
  Details: {
  "is_connected": false,
  "is_ready": true,
  "has_address": false,
  "has_effective_address": true,
  "using_auth_wallet": true,
  "log_destination": "orders",
  "timestamp": "2025-03-12T03:56:29.904Z"
}
[2025-03-12T03:56:29.934Z] FRONTEND:ORDERS - INFO: Wallet state changed in orders page
  Details: {
  "is_connected": false,
  "is_ready": true,
  "has_address": false,
  "has_effective_address": false,
  "using_auth_wallet": false,
  "log_destination": "orders",
  "timestamp": "2025-03-12T03:56:29.934Z"
}
[2025-03-12T03:57:39.214Z] FRONTEND:ORDERS - INFO: Orders page initialized
  Details: {
  "is_connected": true,
  "is_ready": false,
  "has_address": true,
  "has_effective_address": true,
  "using_auth_wallet": false,
  "status_filter": "all",
  "log_destination": "orders",
  "timestamp": "2025-03-12T03:57:39.214Z"
}
[2025-03-12T03:57:39.214Z] FRONTEND:ORDERS - INFO: Fetching orders
  Details: {
  "wallet_address": "0xAbf4...",
  "page": 1,
  "limit": 10,
  "has_search": false,
  "log_destination": "orders",
  "timestamp": "2025-03-12T03:57:39.214Z"
}
[2025-03-12T03:57:39.215Z] FRONTEND:ORDERS - DEBUG: Fetching user orders
  Details: {
  "wallet_address": "0xAbf4fb1AC5E3c0Db693deC235F9D9BE1a29bcDc9",
  "page": 1,
  "limit": 10,
  "url": "/orders/user/0xAbf4fb1AC5E3c0Db693deC235F9D9BE1a29bcDc9",
  "log_destination": "orders",
  "timestamp": "2025-03-12T03:57:39.215Z"
}
[2025-03-12T03:57:39.224Z] FRONTEND:ORDERS - INFO: Orders page initialized
  Details: {
  "is_connected": true,
  "is_ready": false,
  "has_address": true,
  "has_effective_address": true,
  "using_auth_wallet": false,
  "status_filter": "all",
  "log_destination": "orders",
  "timestamp": "2025-03-12T03:57:39.224Z"
}
[2025-03-12T03:57:39.231Z] FRONTEND:ORDERS - INFO: Wallet state changed in orders page
  Details: {
  "is_connected": true,
  "is_ready": true,
  "has_address": true,
  "has_effective_address": true,
  "using_auth_wallet": false,
  "log_destination": "orders",
  "timestamp": "2025-03-12T03:57:39.231Z"
}
[2025-03-12T03:57:39.762Z] FRONTEND:ORDERS - DEBUG: Successfully fetched user orders
  Details: {
  "orderCount": 0,
  "total": 0,
  "page": 1,
  "limit": 10,
  "log_destination": "orders",
  "timestamp": "2025-03-12T03:57:39.762Z"
}
[2025-03-12T03:57:39.763Z] FRONTEND:ORDERS - INFO: Orders fetched successfully
  Details: {
  "wallet_address": "0xAbf4...",
  "order_count": 0,
  "total_orders": 0,
  "page": 1,
  "limit": 10,
  "log_destination": "orders",
  "timestamp": "2025-03-12T03:57:39.763Z"
}
[2025-03-12T03:57:39.767Z] FRONTEND:ORDERS - INFO: Orders loaded
  Details: {
  "total_orders": 0,
  "status_filter": "all",
  "log_destination": "orders",
  "timestamp": "2025-03-12T03:57:39.767Z"
}
[2025-03-12T03:57:39.782Z] FRONTEND:ORDERS - INFO: OrderList component initialized
  Details: {
  "has_orders": false,
  "order_count": 0,
  "is_array": true,
  "is_null": false,
  "is_undefined": false,
  "current_page": 1,
  "total_pages": 1,
  "total_orders": 0,
  "log_destination": "orders",
  "timestamp": "2025-03-12T03:57:39.782Z"
}
[2025-03-12T03:57:39.783Z] FRONTEND:ORDERS - INFO: OrderList orders updated
  Details: {
  "has_orders": false,
  "order_count": 0,
  "is_array": true,
  "is_null": false,
  "is_undefined": false,
  "current_page": 1,
  "total_pages": 1,
  "total_orders": 0,
  "log_destination": "orders",
  "timestamp": "2025-03-12T03:57:39.783Z"
}
[2025-03-12T03:57:39.784Z] FRONTEND:ORDERS - INFO: OrderList component initialized
  Details: {
  "has_orders": false,
  "order_count": 0,
  "is_array": true,
  "is_null": false,
  "is_undefined": false,
  "current_page": 1,
  "total_pages": 1,
  "total_orders": 0,
  "log_destination": "orders",
  "timestamp": "2025-03-12T03:57:39.784Z"
}
[2025-03-12T03:57:39.785Z] FRONTEND:ORDERS - INFO: OrderList orders updated
  Details: {
  "has_orders": false,
  "order_count": 0,
  "is_array": true,
  "is_null": false,
  "is_undefined": false,
  "current_page": 1,
  "total_pages": 1,
  "total_orders": 0,
  "log_destination": "orders",
  "timestamp": "2025-03-12T03:57:39.785Z"
}
[2025-03-12T03:57:48.389Z] FRONTEND:ORDERS - INFO: Orders page initialized
  Details: {
  "is_connected": false,
  "is_ready": false,
  "has_address": true,
  "has_effective_address": true,
  "using_auth_wallet": false,
  "status_filter": "all",
  "log_destination": "orders",
  "timestamp": "2025-03-12T03:57:48.389Z"
}
[2025-03-12T03:57:48.391Z] FRONTEND:ORDERS - INFO: Fetching orders
  Details: {
  "wallet_address": "0xAbf4...",
  "page": 1,
  "limit": 10,
  "has_search": false,
  "log_destination": "orders",
  "timestamp": "2025-03-12T03:57:48.391Z"
}
[2025-03-12T03:57:48.392Z] FRONTEND:ORDERS - DEBUG: Fetching user orders
  Details: {
  "wallet_address": "0xAbf4fb1AC5E3c0Db693deC235F9D9BE1a29bcDc9",
  "page": 1,
  "limit": 10,
  "url": "/orders/user/0xAbf4fb1AC5E3c0Db693deC235F9D9BE1a29bcDc9",
  "log_destination": "orders",
  "timestamp": "2025-03-12T03:57:48.392Z"
}
[2025-03-12T03:57:48.420Z] FRONTEND:ORDERS - INFO: Orders page initialized
  Details: {
  "is_connected": false,
  "is_ready": false,
  "has_address": true,
  "has_effective_address": true,
  "using_auth_wallet": false,
  "status_filter": "all",
  "log_destination": "orders",
  "timestamp": "2025-03-12T03:57:48.420Z"
}
[2025-03-12T03:57:48.469Z] FRONTEND:ORDERS - INFO: Wallet state changed in orders page
  Details: {
  "is_connected": false,
  "is_ready": false,
  "has_address": true,
  "has_effective_address": true,
  "using_auth_wallet": false,
  "log_destination": "orders",
  "timestamp": "2025-03-12T03:57:48.469Z"
}
[2025-03-12T03:57:48.781Z] FRONTEND:ORDERS - DEBUG: Successfully fetched user orders
  Details: {
  "orderCount": 0,
  "total": 0,
  "page": 1,
  "limit": 10,
  "log_destination": "orders",
  "timestamp": "2025-03-12T03:57:48.781Z"
}
[2025-03-12T03:57:48.782Z] FRONTEND:ORDERS - INFO: Orders fetched successfully
  Details: {
  "wallet_address": "0xAbf4...",
  "order_count": 0,
  "total_orders": 0,
  "page": 1,
  "limit": 10,
  "log_destination": "orders",
  "timestamp": "2025-03-12T03:57:48.782Z"
}
[2025-03-12T03:57:48.791Z] FRONTEND:ORDERS - INFO: Orders loaded
  Details: {
  "total_orders": 0,
  "status_filter": "all",
  "log_destination": "orders",
  "timestamp": "2025-03-12T03:57:48.790Z"
}
[2025-03-12T03:57:48.919Z] FRONTEND:ORDERS - INFO: Wallet state changed in orders page
  Details: {
  "is_connected": true,
  "is_ready": false,
  "has_address": true,
  "has_effective_address": true,
  "using_auth_wallet": false,
  "log_destination": "orders",
  "timestamp": "2025-03-12T03:57:48.919Z"
}
[2025-03-12T03:57:48.950Z] FRONTEND:ORDERS - INFO: Wallet state changed in orders page
  Details: {
  "is_connected": true,
  "is_ready": true,
  "has_address": true,
  "has_effective_address": true,
  "using_auth_wallet": false,
  "log_destination": "orders",
  "timestamp": "2025-03-12T03:57:48.950Z"
}
[2025-03-12T03:58:03.046Z] FRONTEND:ORDERS - INFO: Orders page initialized
  Details: {
  "is_connected": false,
  "is_ready": false,
  "has_address": true,
  "has_effective_address": true,
  "using_auth_wallet": false,
  "status_filter": "all",
  "log_destination": "orders",
  "timestamp": "2025-03-12T03:58:03.046Z"
}
[2025-03-12T03:58:03.047Z] FRONTEND:ORDERS - INFO: Fetching orders
  Details: {
  "wallet_address": "0xAbf4...",
  "page": 1,
  "limit": 10,
  "has_search": false,
  "log_destination": "orders",
  "timestamp": "2025-03-12T03:58:03.047Z"
}
[2025-03-12T03:58:03.048Z] FRONTEND:ORDERS - DEBUG: Fetching user orders
  Details: {
  "wallet_address": "0xAbf4fb1AC5E3c0Db693deC235F9D9BE1a29bcDc9",
  "page": 1,
  "limit": 10,
  "url": "/orders/user/0xAbf4fb1AC5E3c0Db693deC235F9D9BE1a29bcDc9",
  "log_destination": "orders",
  "timestamp": "2025-03-12T03:58:03.048Z"
}
[2025-03-12T03:58:03.061Z] FRONTEND:ORDERS - INFO: Wallet state changed in orders page
  Details: {
  "is_connected": false,
  "is_ready": false,
  "has_address": true,
  "has_effective_address": true,
  "using_auth_wallet": false,
  "log_destination": "orders",
  "timestamp": "2025-03-12T03:58:03.061Z"
}
[2025-03-12T03:58:03.432Z] FRONTEND:ORDERS - INFO: Wallet state changed in orders page
  Details: {
  "is_connected": true,
  "is_ready": false,
  "has_address": true,
  "has_effective_address": true,
  "using_auth_wallet": false,
  "log_destination": "orders",
  "timestamp": "2025-03-12T03:58:03.432Z"
}
[2025-03-12T03:58:03.439Z] FRONTEND:ORDERS - DEBUG: Successfully fetched user orders
  Details: {
  "orderCount": 0,
  "total": 0,
  "page": 1,
  "limit": 10,
  "log_destination": "orders",
  "timestamp": "2025-03-12T03:58:03.439Z"
}
[2025-03-12T03:58:03.439Z] FRONTEND:ORDERS - INFO: Orders fetched successfully
  Details: {
  "wallet_address": "0xAbf4...",
  "order_count": 0,
  "total_orders": 0,
  "page": 1,
  "limit": 10,
  "log_destination": "orders",
  "timestamp": "2025-03-12T03:58:03.439Z"
}
[2025-03-12T03:58:03.448Z] FRONTEND:ORDERS - INFO: Wallet state changed in orders page
  Details: {
  "is_connected": true,
  "is_ready": true,
  "has_address": true,
  "has_effective_address": true,
  "using_auth_wallet": false,
  "log_destination": "orders",
  "timestamp": "2025-03-12T03:58:03.448Z"
}
[2025-03-12T03:58:03.449Z] FRONTEND:ORDERS - INFO: Orders loaded
  Details: {
  "total_orders": 0,
  "status_filter": "all",
  "log_destination": "orders",
  "timestamp": "2025-03-12T03:58:03.449Z"
}
[2025-03-12T04:01:37.033Z] FRONTEND:ORDERS - INFO: Orders page initialized
  Details: {
  "is_connected": true,
  "is_ready": false,
  "has_address": true,
  "has_effective_address": true,
  "using_auth_wallet": false,
  "status_filter": "all",
  "log_destination": "orders",
  "timestamp": "2025-03-12T04:01:37.033Z"
}
[2025-03-12T04:01:37.033Z] FRONTEND:ORDERS - INFO: Fetching orders
  Details: {
  "wallet_address": "0xAbf4...",
  "page": 1,
  "limit": 10,
  "has_search": false,
  "log_destination": "orders",
  "timestamp": "2025-03-12T04:01:37.033Z"
}
[2025-03-12T04:01:37.033Z] FRONTEND:ORDERS - DEBUG: Fetching user orders
  Details: {
  "wallet_address": "0xAbf4fb1AC5E3c0Db693deC235F9D9BE1a29bcDc9",
  "page": 1,
  "limit": 10,
  "url": "/orders/user/0xAbf4fb1AC5E3c0Db693deC235F9D9BE1a29bcDc9",
  "log_destination": "orders",
  "timestamp": "2025-03-12T04:01:37.033Z"
}
[2025-03-12T04:01:37.034Z] FRONTEND:ORDERS - INFO: Orders loaded
  Details: {
  "total_orders": 0,
  "status_filter": "all",
  "log_destination": "orders",
  "timestamp": "2025-03-12T04:01:37.034Z"
}
[2025-03-12T04:01:37.041Z] FRONTEND:ORDERS - INFO: Orders page initialized
  Details: {
  "is_connected": true,
  "is_ready": false,
  "has_address": true,
  "has_effective_address": true,
  "using_auth_wallet": false,
  "status_filter": "all",
  "log_destination": "orders",
  "timestamp": "2025-03-12T04:01:37.041Z"
}
[2025-03-12T04:01:37.041Z] FRONTEND:ORDERS - INFO: Orders loaded
  Details: {
  "total_orders": 0,
  "status_filter": "all",
  "log_destination": "orders",
  "timestamp": "2025-03-12T04:01:37.041Z"
}
[2025-03-12T04:01:37.045Z] FRONTEND:ORDERS - INFO: Wallet state changed in orders page
  Details: {
  "is_connected": true,
  "is_ready": true,
  "has_address": true,
  "has_effective_address": true,
  "using_auth_wallet": false,
  "log_destination": "orders",
  "timestamp": "2025-03-12T04:01:37.045Z"
}
[2025-03-12T04:01:37.069Z] FRONTEND:ORDERS - INFO: OrderList component initialized
  Details: {
  "has_orders": false,
  "order_count": 0,
  "is_array": true,
  "is_null": false,
  "is_undefined": false,
  "current_page": 1,
  "total_pages": 1,
  "total_orders": 0,
  "log_destination": "orders",
  "timestamp": "2025-03-12T04:01:37.069Z"
}
[2025-03-12T04:01:37.070Z] FRONTEND:ORDERS - INFO: OrderList orders updated
  Details: {
  "has_orders": false,
  "order_count": 0,
  "is_array": true,
  "is_null": false,
  "is_undefined": false,
  "current_page": 1,
  "total_pages": 1,
  "total_orders": 0,
  "log_destination": "orders",
  "timestamp": "2025-03-12T04:01:37.070Z"
}
[2025-03-12T04:01:37.071Z] FRONTEND:ORDERS - INFO: OrderList component initialized
  Details: {
  "has_orders": false,
  "order_count": 0,
  "is_array": true,
  "is_null": false,
  "is_undefined": false,
  "current_page": 1,
  "total_pages": 1,
  "total_orders": 0,
  "log_destination": "orders",
  "timestamp": "2025-03-12T04:01:37.071Z"
}
[2025-03-12T04:01:37.071Z] FRONTEND:ORDERS - INFO: OrderList orders updated
  Details: {
  "has_orders": false,
  "order_count": 0,
  "is_array": true,
  "is_null": false,
  "is_undefined": false,
  "current_page": 1,
  "total_pages": 1,
  "total_orders": 0,
  "log_destination": "orders",
  "timestamp": "2025-03-12T04:01:37.071Z"
}
[2025-03-12T04:01:37.402Z] FRONTEND:ORDERS - DEBUG: Successfully fetched user orders
  Details: {
  "orderCount": 0,
  "total": 0,
  "page": 1,
  "limit": 10,
  "log_destination": "orders",
  "timestamp": "2025-03-12T04:01:37.402Z"
}
[2025-03-12T04:01:37.402Z] FRONTEND:ORDERS - INFO: Orders fetched successfully
  Details: {
  "wallet_address": "0xAbf4...",
  "order_count": 0,
  "total_orders": 0,
  "page": 1,
  "limit": 10,
  "log_destination": "orders",
  "timestamp": "2025-03-12T04:01:37.402Z"
}
[2025-03-12T04:01:42.357Z] FRONTEND:ORDERS - INFO: Orders page initialized
  Details: {
  "is_connected": false,
  "is_ready": false,
  "has_address": true,
  "has_effective_address": true,
  "using_auth_wallet": false,
  "status_filter": "all",
  "log_destination": "orders",
  "timestamp": "2025-03-12T04:01:42.357Z"
}
[2025-03-12T04:01:42.358Z] FRONTEND:ORDERS - INFO: Fetching orders
  Details: {
  "wallet_address": "0xAbf4...",
  "page": 1,
  "limit": 10,
  "has_search": false,
  "log_destination": "orders",
  "timestamp": "2025-03-12T04:01:42.358Z"
}
[2025-03-12T04:01:42.358Z] FRONTEND:ORDERS - DEBUG: Fetching user orders
  Details: {
  "wallet_address": "0xAbf4fb1AC5E3c0Db693deC235F9D9BE1a29bcDc9",
  "page": 1,
  "limit": 10,
  "url": "/orders/user/0xAbf4fb1AC5E3c0Db693deC235F9D9BE1a29bcDc9",
  "log_destination": "orders",
  "timestamp": "2025-03-12T04:01:42.358Z"
}
[2025-03-12T04:01:42.367Z] FRONTEND:ORDERS - INFO: Wallet state changed in orders page
  Details: {
  "is_connected": false,
  "is_ready": false,
  "has_address": true,
  "has_effective_address": true,
  "using_auth_wallet": false,
  "log_destination": "orders",
  "timestamp": "2025-03-12T04:01:42.367Z"
}
[2025-03-12T04:01:42.735Z] FRONTEND:ORDERS - INFO: Wallet state changed in orders page
  Details: {
  "is_connected": true,
  "is_ready": false,
  "has_address": true,
  "has_effective_address": true,
  "using_auth_wallet": false,
  "log_destination": "orders",
  "timestamp": "2025-03-12T04:01:42.735Z"
}
[2025-03-12T04:01:42.740Z] FRONTEND:ORDERS - DEBUG: Successfully fetched user orders
  Details: {
  "orderCount": 0,
  "total": 0,
  "page": 1,
  "limit": 10,
  "log_destination": "orders",
  "timestamp": "2025-03-12T04:01:42.740Z"
}
[2025-03-12T04:01:42.741Z] FRONTEND:ORDERS - INFO: Orders fetched successfully
  Details: {
  "wallet_address": "0xAbf4...",
  "order_count": 0,
  "total_orders": 0,
  "page": 1,
  "limit": 10,
  "log_destination": "orders",
  "timestamp": "2025-03-12T04:01:42.741Z"
}
[2025-03-12T04:01:42.750Z] FRONTEND:ORDERS - INFO: Wallet state changed in orders page
  Details: {
  "is_connected": true,
  "is_ready": true,
  "has_address": true,
  "has_effective_address": true,
  "using_auth_wallet": false,
  "log_destination": "orders",
  "timestamp": "2025-03-12T04:01:42.750Z"
}
[2025-03-12T04:01:42.751Z] FRONTEND:ORDERS - INFO: Orders loaded
  Details: {
  "total_orders": 0,
  "status_filter": "all",
  "log_destination": "orders",
  "timestamp": "2025-03-12T04:01:42.751Z"
}
[2025-03-12T04:11:28.535Z] FRONTEND:ORDERS - INFO: Orders page initialized
  Details: {
  "is_connected": true,
  "is_ready": false,
  "has_address": true,
  "has_effective_address": true,
  "using_auth_wallet": false,
  "status_filter": "all",
  "is_refreshing": true,
  "log_destination": "orders",
  "timestamp": "2025-03-12T04:11:28.535Z"
}
[2025-03-12T04:11:28.536Z] FRONTEND:ORDERS - INFO: Fetching orders
  Details: {
  "wallet_address": "0xAbf4...",
  "page": 1,
  "limit": 10,
  "has_search": false,
  "log_destination": "orders",
  "timestamp": "2025-03-12T04:11:28.536Z"
}
[2025-03-12T04:11:28.536Z] FRONTEND:ORDERS - DEBUG: Fetching user orders
  Details: {
  "wallet_address": "0xAbf4fb1AC5E3c0Db693deC235F9D9BE1a29bcDc9",
  "page": 1,
  "limit": 10,
  "url": "/orders/user/0xAbf4fb1AC5E3c0Db693deC235F9D9BE1a29bcDc9",
  "log_destination": "orders",
  "timestamp": "2025-03-12T04:11:28.536Z"
}
[2025-03-12T04:11:28.547Z] FRONTEND:ORDERS - INFO: Orders page initialized
  Details: {
  "is_connected": true,
  "is_ready": false,
  "has_address": true,
  "has_effective_address": true,
  "using_auth_wallet": false,
  "status_filter": "all",
  "is_refreshing": true,
  "log_destination": "orders",
  "timestamp": "2025-03-12T04:11:28.547Z"
}
[2025-03-12T04:11:28.551Z] FRONTEND:ORDERS - WARN: Retrying fetch orders after 500 error
  Details: {
  "retries_left": 2,
  "retry_delay": 1000,
  "log_destination": "orders",
  "timestamp": "2025-03-12T04:11:28.551Z"
}
[2025-03-12T04:11:28.558Z] FRONTEND:ORDERS - INFO: Wallet state changed in orders page
  Details: {
  "is_connected": true,
  "is_ready": true,
  "has_address": true,
  "has_effective_address": true,
  "using_auth_wallet": false,
  "is_refreshing": true,
  "log_destination": "orders",
  "timestamp": "2025-03-12T04:11:28.558Z"
}
[2025-03-12T04:11:32.173Z] FRONTEND:ORDERS - DEBUG: Successfully fetched user orders
  Details: {
  "orderCount": 0,
  "total": 0,
  "page": 1,
  "limit": 10,
  "log_destination": "orders",
  "timestamp": "2025-03-12T04:11:32.173Z"
}
[2025-03-12T04:11:32.174Z] FRONTEND:ORDERS - INFO: Orders fetched successfully
  Details: {
  "wallet_address": "0xAbf4...",
  "order_count": 0,
  "total_orders": 0,
  "page": 1,
  "limit": 10,
  "log_destination": "orders",
  "timestamp": "2025-03-12T04:11:32.174Z"
}
[2025-03-12T04:11:32.189Z] FRONTEND:ORDERS - INFO: Orders loaded
  Details: {
  "total_orders": 0,
  "status_filter": "all",
  "is_refreshing": false,
  "log_destination": "orders",
  "timestamp": "2025-03-12T04:11:32.189Z"
}
[2025-03-12T04:11:56.062Z] FRONTEND:ORDERS - INFO: Orders page initialized
  Details: {
  "is_connected": false,
  "is_ready": false,
  "has_address": true,
  "has_effective_address": true,
  "using_auth_wallet": false,
  "status_filter": "all",
  "is_refreshing": true,
  "log_destination": "orders",
  "timestamp": "2025-03-12T04:11:56.062Z"
}
[2025-03-12T04:11:56.064Z] FRONTEND:ORDERS - INFO: Fetching orders
  Details: {
  "wallet_address": "0xAbf4...",
  "page": 1,
  "limit": 10,
  "has_search": false,
  "log_destination": "orders",
  "timestamp": "2025-03-12T04:11:56.064Z"
}
[2025-03-12T04:11:56.064Z] FRONTEND:ORDERS - DEBUG: Fetching user orders
  Details: {
  "wallet_address": "0xAbf4fb1AC5E3c0Db693deC235F9D9BE1a29bcDc9",
  "page": 1,
  "limit": 10,
  "url": "/orders/user/0xAbf4fb1AC5E3c0Db693deC235F9D9BE1a29bcDc9",
  "log_destination": "orders",
  "timestamp": "2025-03-12T04:11:56.064Z"
}
[2025-03-12T04:11:56.077Z] FRONTEND:ORDERS - INFO: Wallet state changed in orders page
  Details: {
  "is_connected": false,
  "is_ready": false,
  "has_address": true,
  "has_effective_address": true,
  "using_auth_wallet": false,
  "is_refreshing": true,
  "log_destination": "orders",
  "timestamp": "2025-03-12T04:11:56.077Z"
}
[2025-03-12T04:11:56.364Z] FRONTEND:ORDERS - INFO: Wallet state changed in orders page
  Details: {
  "is_connected": true,
  "is_ready": false,
  "has_address": true,
  "has_effective_address": true,
  "using_auth_wallet": false,
  "is_refreshing": true,
  "log_destination": "orders",
  "timestamp": "2025-03-12T04:11:56.364Z"
}
[2025-03-12T04:11:56.371Z] FRONTEND:ORDERS - INFO: Wallet state changed in orders page
  Details: {
  "is_connected": true,
  "is_ready": true,
  "has_address": true,
  "has_effective_address": true,
  "using_auth_wallet": false,
  "is_refreshing": true,
  "log_destination": "orders",
  "timestamp": "2025-03-12T04:11:56.371Z"
}
[2025-03-12T04:11:56.382Z] FRONTEND:ORDERS - DEBUG: Successfully fetched user orders
  Details: {
  "orderCount": 0,
  "total": 0,
  "page": 1,
  "limit": 10,
  "log_destination": "orders",
  "timestamp": "2025-03-12T04:11:56.382Z"
}
[2025-03-12T04:11:56.383Z] FRONTEND:ORDERS - INFO: Orders fetched successfully
  Details: {
  "wallet_address": "0xAbf4...",
  "order_count": 0,
  "total_orders": 0,
  "page": 1,
  "limit": 10,
  "log_destination": "orders",
  "timestamp": "2025-03-12T04:11:56.383Z"
}
[2025-03-12T04:11:56.388Z] FRONTEND:ORDERS - INFO: Orders loaded
  Details: {
  "total_orders": 0,
  "status_filter": "all",
  "is_refreshing": true,
  "log_destination": "orders",
  "timestamp": "2025-03-12T04:11:56.388Z"
}
[2025-03-12T04:11:59.263Z] FRONTEND:ORDERS - INFO: OrderList component initialized
  Details: {
  "has_orders": false,
  "order_count": 0,
  "is_array": true,
  "is_null": false,
  "is_undefined": false,
  "current_page": 1,
  "total_pages": 1,
  "total_orders": 0,
  "log_destination": "orders",
  "timestamp": "2025-03-12T04:11:59.263Z"
}
[2025-03-12T04:11:59.263Z] FRONTEND:ORDERS - INFO: OrderList orders updated
  Details: {
  "has_orders": false,
  "order_count": 0,
  "is_array": true,
  "is_null": false,
  "is_undefined": false,
  "current_page": 1,
  "total_pages": 1,
  "total_orders": 0,
  "log_destination": "orders",
  "timestamp": "2025-03-12T04:11:59.263Z"
}
[2025-03-12T04:11:59.264Z] FRONTEND:ORDERS - INFO: OrderList component initialized
  Details: {
  "has_orders": false,
  "order_count": 0,
  "is_array": true,
  "is_null": false,
  "is_undefined": false,
  "current_page": 1,
  "total_pages": 1,
  "total_orders": 0,
  "log_destination": "orders",
  "timestamp": "2025-03-12T04:11:59.264Z"
}
[2025-03-12T04:11:59.264Z] FRONTEND:ORDERS - INFO: OrderList orders updated
  Details: {
  "has_orders": false,
  "order_count": 0,
  "is_array": true,
  "is_null": false,
  "is_undefined": false,
  "current_page": 1,
  "total_pages": 1,
  "total_orders": 0,
  "log_destination": "orders",
  "timestamp": "2025-03-12T04:11:59.264Z"
}
[2025-03-12T04:12:03.081Z] FRONTEND:ORDERS - INFO: Wallet state changed in orders page
  Details: {
  "is_connected": false,
  "is_ready": true,
  "has_address": false,
  "has_effective_address": true,
  "using_auth_wallet": true,
  "is_refreshing": false,
  "log_destination": "orders",
  "timestamp": "2025-03-12T04:12:03.081Z"
}
[2025-03-12T04:12:03.093Z] FRONTEND:ORDERS - INFO: Wallet state changed in orders page
  Details: {
  "is_connected": false,
  "is_ready": true,
  "has_address": false,
  "has_effective_address": false,
  "using_auth_wallet": false,
  "is_refreshing": false,
  "log_destination": "orders",
  "timestamp": "2025-03-12T04:12:03.093Z"
}
[2025-03-12T04:12:06.772Z] FRONTEND:ORDERS - INFO: Wallet state changed in orders page
  Details: {
  "is_connected": true,
  "is_ready": true,
  "has_address": true,
  "has_effective_address": true,
  "using_auth_wallet": false,
  "is_refreshing": false,
  "log_destination": "orders",
  "timestamp": "2025-03-12T04:12:06.772Z"
}
[2025-03-12T04:12:06.773Z] FRONTEND:ORDERS - INFO: Fetching orders
  Details: {
  "wallet_address": "0xAbf4...",
  "page": 1,
  "limit": 10,
  "has_search": false,
  "log_destination": "orders",
  "timestamp": "2025-03-12T04:12:06.773Z"
}
[2025-03-12T04:12:06.773Z] FRONTEND:ORDERS - DEBUG: Fetching user orders
  Details: {
  "wallet_address": "0xAbf4fb1AC5E3c0Db693deC235F9D9BE1a29bcDc9",
  "page": 1,
  "limit": 10,
  "url": "/orders/user/0xAbf4fb1AC5E3c0Db693deC235F9D9BE1a29bcDc9",
  "log_destination": "orders",
  "timestamp": "2025-03-12T04:12:06.773Z"
}
[2025-03-12T04:12:06.774Z] FRONTEND:ORDERS - INFO: Orders loaded
  Details: {
  "total_orders": 0,
  "status_filter": "all",
  "is_refreshing": false,
  "log_destination": "orders",
  "timestamp": "2025-03-12T04:12:06.774Z"
}
[2025-03-12T04:12:07.194Z] FRONTEND:ORDERS - DEBUG: Successfully fetched user orders
  Details: {
  "orderCount": 0,
  "total": 0,
  "page": 1,
  "limit": 10,
  "log_destination": "orders",
  "timestamp": "2025-03-12T04:12:07.194Z"
}
[2025-03-12T04:12:07.194Z] FRONTEND:ORDERS - INFO: Orders fetched successfully
  Details: {
  "wallet_address": "0xAbf4...",
  "order_count": 0,
  "total_orders": 0,
  "page": 1,
  "limit": 10,
  "log_destination": "orders",
  "timestamp": "2025-03-12T04:12:07.194Z"
}
[2025-03-12T04:12:12.353Z] FRONTEND:ORDERS - DEBUG: Fetching user orders
  Details: {
  "wallet_address": "0xAbf4fb1AC5E3c0Db693deC235F9D9BE1a29bcDc9",
  "page": 1,
  "limit": 10,
  "url": "/orders/user/0xAbf4fb1AC5E3c0Db693deC235F9D9BE1a29bcDc9",
  "log_destination": "orders",
  "timestamp": "2025-03-12T04:12:12.353Z"
}
[2025-03-12T04:12:12.679Z] FRONTEND:ORDERS - DEBUG: Successfully fetched user orders
  Details: {
  "orderCount": 0,
  "total": 0,
  "page": 1,
  "limit": 10,
  "log_destination": "orders",
  "timestamp": "2025-03-12T04:12:12.679Z"
}
[2025-03-12T04:12:12.679Z] FRONTEND:ORDERS - INFO: Orders fetched successfully
  Details: {
  "wallet_address": "0xAbf4...",
  "order_count": 0,
  "total_orders": 0,
  "page": 1,
  "limit": 10,
  "log_destination": "orders",
  "timestamp": "2025-03-12T04:12:12.679Z"
}
[2025-03-12T04:12:12.352Z] FRONTEND:ORDERS - INFO: Fetching orders
  Details: {
  "wallet_address": "0xAbf4...",
  "page": 1,
  "limit": 10,
  "has_search": false,
  "log_destination": "orders",
  "timestamp": "2025-03-12T04:12:12.352Z"
}
[2025-03-12T04:12:57.335Z] FRONTEND:ORDERS - DEBUG: Fetching user orders
  Details: {
  "wallet_address": "0xAbf4fb1AC5E3c0Db693deC235F9D9BE1a29bcDc9",
  "page": 1,
  "limit": 10,
  "url": "/orders/user/0xAbf4fb1AC5E3c0Db693deC235F9D9BE1a29bcDc9",
  "log_destination": "orders",
  "timestamp": "2025-03-12T04:12:57.335Z"
}
[2025-03-12T04:12:57.684Z] FRONTEND:ORDERS - DEBUG: Successfully fetched user orders
  Details: {
  "orderCount": 0,
  "total": 0,
  "page": 1,
  "limit": 10,
  "log_destination": "orders",
  "timestamp": "2025-03-12T04:12:57.684Z"
}
[2025-03-12T04:12:57.684Z] FRONTEND:ORDERS - INFO: Orders fetched successfully
  Details: {
  "wallet_address": "0xAbf4...",
  "order_count": 0,
  "total_orders": 0,
  "page": 1,
  "limit": 10,
  "log_destination": "orders",
  "timestamp": "2025-03-12T04:12:57.684Z"
}
[2025-03-12T04:12:57.686Z] FRONTEND:ORDERS - INFO: Orders loaded
  Details: {
  "total_orders": 0,
  "status_filter": "all",
  "is_refreshing": false,
  "log_destination": "orders",
  "timestamp": "2025-03-12T04:12:57.686Z"
}
[2025-03-12T04:12:57.334Z] FRONTEND:ORDERS - INFO: Fetching orders
  Details: {
  "wallet_address": "0xAbf4...",
  "page": 1,
  "limit": 10,
  "has_search": false,
  "log_destination": "orders",
  "timestamp": "2025-03-12T04:12:57.334Z"
}
[2025-03-12T04:13:01.415Z] FRONTEND:ORDERS - INFO: Wallet state changed in orders page
  Details: {
  "is_connected": false,
  "is_ready": true,
  "has_address": false,
  "has_effective_address": false,
  "using_auth_wallet": false,
  "is_refreshing": false,
  "log_destination": "orders",
  "timestamp": "2025-03-12T04:13:01.415Z"
}
[2025-03-12T04:17:55.555Z] FRONTEND:ORDERS - INFO: Orders page initialized
  Details: {
  "is_connected": true,
  "is_ready": false,
  "has_address": true,
  "has_effective_address": true,
  "using_auth_wallet": false,
  "status_filter": "all",
  "is_refreshing": true,
  "log_destination": "orders",
  "timestamp": "2025-03-12T04:17:55.555Z"
}
[2025-03-12T04:17:55.555Z] FRONTEND:ORDERS - INFO: Fetching orders
  Details: {
  "wallet_address": "0x0300...",
  "page": 1,
  "limit": 10,
  "has_search": false,
  "log_destination": "orders",
  "timestamp": "2025-03-12T04:17:55.555Z"
}
[2025-03-12T04:17:55.556Z] FRONTEND:ORDERS - DEBUG: Fetching user orders
  Details: {
  "wallet_address": "0x0300B70e40F138927e3a988ce4A9a069Ff875336",
  "page": 1,
  "limit": 10,
  "url": "/orders/user/0x0300B70e40F138927e3a988ce4A9a069Ff875336",
  "log_destination": "orders",
  "timestamp": "2025-03-12T04:17:55.556Z"
}
[2025-03-12T04:17:55.568Z] FRONTEND:ORDERS - INFO: Orders page initialized
  Details: {
  "is_connected": true,
  "is_ready": false,
  "has_address": true,
  "has_effective_address": true,
  "using_auth_wallet": false,
  "status_filter": "all",
  "is_refreshing": true,
  "log_destination": "orders",
  "timestamp": "2025-03-12T04:17:55.568Z"
}
[2025-03-12T04:17:55.576Z] FRONTEND:ORDERS - INFO: Wallet state changed in orders page
  Details: {
  "is_connected": true,
  "is_ready": true,
  "has_address": true,
  "has_effective_address": true,
  "using_auth_wallet": false,
  "is_refreshing": true,
  "log_destination": "orders",
  "timestamp": "2025-03-12T04:17:55.576Z"
}
[2025-03-12T04:17:56.068Z] FRONTEND:ORDERS - DEBUG: Successfully fetched user orders
  Details: {
  "orderCount": 2,
  "total": 2,
  "page": 1,
  "limit": 10,
  "firstOrderId": "ORD-001-TEST",
  "log_destination": "orders",
  "timestamp": "2025-03-12T04:17:56.068Z"
}
[2025-03-12T04:17:56.069Z] FRONTEND:ORDERS - INFO: Orders fetched successfully
  Details: {
  "wallet_address": "0x0300...",
  "order_count": 2,
  "total_orders": 2,
  "page": 1,
  "limit": 10,
  "log_destination": "orders",
  "timestamp": "2025-03-12T04:17:56.069Z"
}
[2025-03-12T04:17:56.093Z] FRONTEND:ORDERS - INFO: Orders loaded
  Details: {
  "total_orders": 2,
  "status_filter": "all",
  "is_refreshing": true,
  "log_destination": "orders",
  "timestamp": "2025-03-12T04:17:56.093Z"
}
[2025-03-12T04:18:02.193Z] FRONTEND:ORDERS - INFO: OrderList component initialized
  Details: {
  "has_orders": true,
  "order_count": 2,
  "is_array": true,
  "is_null": false,
  "is_undefined": false,
  "current_page": 1,
  "total_pages": 1,
  "total_orders": 2,
  "log_destination": "orders",
  "timestamp": "2025-03-12T04:18:02.193Z"
}
[2025-03-12T04:18:02.194Z] FRONTEND:ORDERS - INFO: OrderList orders updated
  Details: {
  "has_orders": true,
  "order_count": 2,
  "is_array": true,
  "is_null": false,
  "is_undefined": false,
  "current_page": 1,
  "total_pages": 1,
  "total_orders": 2,
  "log_destination": "orders",
  "timestamp": "2025-03-12T04:18:02.194Z"
}
[2025-03-12T04:18:02.195Z] FRONTEND:ORDERS - INFO: OrderList component initialized
  Details: {
  "has_orders": true,
  "order_count": 2,
  "is_array": true,
  "is_null": false,
  "is_undefined": false,
  "current_page": 1,
  "total_pages": 1,
  "total_orders": 2,
  "log_destination": "orders",
  "timestamp": "2025-03-12T04:18:02.195Z"
}
[2025-03-12T04:18:02.196Z] FRONTEND:ORDERS - INFO: OrderList orders updated
  Details: {
  "has_orders": true,
  "order_count": 2,
  "is_array": true,
  "is_null": false,
  "is_undefined": false,
  "current_page": 1,
  "total_pages": 1,
  "total_orders": 2,
  "log_destination": "orders",
  "timestamp": "2025-03-12T04:18:02.195Z"
}
[2025-03-12T04:18:06.474Z] FRONTEND:ORDERS - INFO: Orders page initialized
  Details: {
  "is_connected": false,
  "is_ready": false,
  "has_address": true,
  "has_effective_address": true,
  "using_auth_wallet": false,
  "status_filter": "all",
  "is_refreshing": true,
  "log_destination": "orders",
  "timestamp": "2025-03-12T04:18:06.474Z"
}
[2025-03-12T04:18:06.475Z] FRONTEND:ORDERS - INFO: Fetching orders
  Details: {
  "wallet_address": "0x0300...",
  "page": 1,
  "limit": 10,
  "has_search": false,
  "log_destination": "orders",
  "timestamp": "2025-03-12T04:18:06.475Z"
}
[2025-03-12T04:18:06.476Z] FRONTEND:ORDERS - DEBUG: Fetching user orders
  Details: {
  "wallet_address": "0x0300B70e40F138927e3a988ce4A9a069Ff875336",
  "page": 1,
  "limit": 10,
  "url": "/orders/user/0x0300B70e40F138927e3a988ce4A9a069Ff875336",
  "log_destination": "orders",
  "timestamp": "2025-03-12T04:18:06.476Z"
}
[2025-03-12T04:18:06.488Z] FRONTEND:ORDERS - INFO: Wallet state changed in orders page
  Details: {
  "is_connected": false,
  "is_ready": false,
  "has_address": true,
  "has_effective_address": true,
  "using_auth_wallet": false,
  "is_refreshing": true,
  "log_destination": "orders",
  "timestamp": "2025-03-12T04:18:06.488Z"
}
[2025-03-12T04:18:06.817Z] FRONTEND:ORDERS - INFO: Wallet state changed in orders page
  Details: {
  "is_connected": true,
  "is_ready": false,
  "has_address": true,
  "has_effective_address": true,
  "using_auth_wallet": false,
  "is_refreshing": true,
  "log_destination": "orders",
  "timestamp": "2025-03-12T04:18:06.817Z"
}
[2025-03-12T04:18:06.822Z] FRONTEND:ORDERS - INFO: Wallet state changed in orders page
  Details: {
  "is_connected": true,
  "is_ready": true,
  "has_address": true,
  "has_effective_address": true,
  "using_auth_wallet": false,
  "is_refreshing": true,
  "log_destination": "orders",
  "timestamp": "2025-03-12T04:18:06.822Z"
}
[2025-03-12T04:18:07.062Z] FRONTEND:ORDERS - DEBUG: Successfully fetched user orders
  Details: {
  "orderCount": 2,
  "total": 2,
  "page": 1,
  "limit": 10,
  "firstOrderId": "ORD-001-TEST",
  "log_destination": "orders",
  "timestamp": "2025-03-12T04:18:07.062Z"
}
[2025-03-12T04:18:07.063Z] FRONTEND:ORDERS - INFO: Orders fetched successfully
  Details: {
  "wallet_address": "0x0300...",
  "order_count": 2,
  "total_orders": 2,
  "page": 1,
  "limit": 10,
  "log_destination": "orders",
  "timestamp": "2025-03-12T04:18:07.063Z"
}
[2025-03-12T04:18:07.068Z] FRONTEND:ORDERS - INFO: Orders loaded
  Details: {
  "total_orders": 2,
  "status_filter": "all",
  "is_refreshing": true,
  "log_destination": "orders",
  "timestamp": "2025-03-12T04:18:07.068Z"
}
[2025-03-12T04:18:08.779Z] FRONTEND:ORDERS - INFO: OrderList component initialized
  Details: {
  "has_orders": true,
  "order_count": 2,
  "is_array": true,
  "is_null": false,
  "is_undefined": false,
  "current_page": 1,
  "total_pages": 1,
  "total_orders": 2,
  "log_destination": "orders",
  "timestamp": "2025-03-12T04:18:08.779Z"
}
[2025-03-12T04:18:08.779Z] FRONTEND:ORDERS - INFO: OrderList orders updated
  Details: {
  "has_orders": true,
  "order_count": 2,
  "is_array": true,
  "is_null": false,
  "is_undefined": false,
  "current_page": 1,
  "total_pages": 1,
  "total_orders": 2,
  "log_destination": "orders",
  "timestamp": "2025-03-12T04:18:08.779Z"
}
[2025-03-12T04:18:08.780Z] FRONTEND:ORDERS - INFO: OrderList component initialized
  Details: {
  "has_orders": true,
  "order_count": 2,
  "is_array": true,
  "is_null": false,
  "is_undefined": false,
  "current_page": 1,
  "total_pages": 1,
  "total_orders": 2,
  "log_destination": "orders",
  "timestamp": "2025-03-12T04:18:08.780Z"
}
[2025-03-12T04:18:08.781Z] FRONTEND:ORDERS - INFO: OrderList orders updated
  Details: {
  "has_orders": true,
  "order_count": 2,
  "is_array": true,
  "is_null": false,
  "is_undefined": false,
  "current_page": 1,
  "total_pages": 1,
  "total_orders": 2,
  "log_destination": "orders",
  "timestamp": "2025-03-12T04:18:08.781Z"
}
[2025-03-12T04:19:58.485Z] FRONTEND:ORDERS - INFO: Order status filter changed
  Details: {
  "status": "pending",
  "is_connected": true,
  "has_effective_address": true,
  "log_destination": "orders",
  "timestamp": "2025-03-12T04:19:58.485Z"
}
[2025-03-12T04:19:58.486Z] FRONTEND:ORDERS - INFO: Order status filter changed in component
  Details: {
  "previous_status": "all",
  "new_status": "pending",
  "log_destination": "orders",
  "timestamp": "2025-03-12T04:19:58.486Z"
}
[2025-03-12T04:19:58.497Z] FRONTEND:ORDERS - INFO: Fetching orders
  Details: {
  "wallet_address": "0x0300...",
  "page": 1,
  "limit": 10,
  "status": "pending",
  "has_search": false,
  "log_destination": "orders",
  "timestamp": "2025-03-12T04:19:58.497Z"
}
[2025-03-12T04:19:58.497Z] FRONTEND:ORDERS - DEBUG: Fetching user orders
  Details: {
  "wallet_address": "0x0300B70e40F138927e3a988ce4A9a069Ff875336",
  "page": 1,
  "limit": 10,
  "status": "pending",
  "url": "/orders/user/0x0300B70e40F138927e3a988ce4A9a069Ff875336",
  "log_destination": "orders",
  "timestamp": "2025-03-12T04:19:58.497Z"
}
[2025-03-12T04:19:58.968Z] FRONTEND:ORDERS - DEBUG: Successfully fetched user orders
  Details: {
  "orderCount": 2,
  "total": 2,
  "page": 1,
  "limit": 10,
  "firstOrderId": "ORD-001-TEST",
  "log_destination": "orders",
  "timestamp": "2025-03-12T04:19:58.968Z"
}
[2025-03-12T04:19:58.969Z] FRONTEND:ORDERS - INFO: Orders fetched successfully
  Details: {
  "wallet_address": "0x0300...",
  "order_count": 2,
  "total_orders": 2,
  "page": 1,
  "limit": 10,
  "log_destination": "orders",
  "timestamp": "2025-03-12T04:19:58.969Z"
}
[2025-03-12T04:19:58.984Z] FRONTEND:ORDERS - INFO: Orders loaded
  Details: {
  "total_orders": 2,
  "status_filter": "pending",
  "is_refreshing": false,
  "log_destination": "orders",
  "timestamp": "2025-03-12T04:19:58.984Z"
}
[2025-03-12T04:22:29.479Z] FRONTEND:ORDERS - INFO: Page refresh detected
  Details: {
  "is_connected": true,
  "is_ready": false,
  "has_address": true,
  "has_effective_address": true,
  "is_authenticated": false,
  "log_destination": "orders",
  "timestamp": "2025-03-12T04:22:29.479Z"
}
[2025-03-12T04:22:29.480Z] FRONTEND:ORDERS - INFO: Orders page initialized
  Details: {
  "is_connected": true,
  "is_ready": false,
  "has_address": true,
  "has_effective_address": true,
  "using_auth_wallet": false,
  "status_filter": "all",
  "is_refreshing": true,
  "log_destination": "orders",
  "timestamp": "2025-03-12T04:22:29.480Z"
}
[2025-03-12T04:22:29.480Z] FRONTEND:ORDERS - INFO: Fetching orders
  Details: {
  "wallet_address": "0x0300...",
  "page": 1,
  "limit": 10,
  "has_search": false,
  "log_destination": "orders",
  "timestamp": "2025-03-12T04:22:29.480Z"
}
[2025-03-12T04:22:29.482Z] FRONTEND:ORDERS - INFO: Fetching orders
  Details: {
  "wallet_address": "0x0300...",
  "page": 1,
  "limit": 10,
  "has_search": false,
  "log_destination": "orders",
  "timestamp": "2025-03-12T04:22:29.482Z"
}
[2025-03-12T04:22:29.482Z] FRONTEND:ORDERS - DEBUG: Fetching user orders
  Details: {
  "wallet_address": "0x0300B70e40F138927e3a988ce4A9a069Ff875336",
  "page": 1,
  "limit": 10,
  "url": "/orders/user/0x0300B70e40F138927e3a988ce4A9a069Ff875336",
  "log_destination": "orders",
  "timestamp": "2025-03-12T04:22:29.482Z"
}
[2025-03-12T04:22:29.492Z] FRONTEND:ORDERS - INFO: Page refresh detected
  Details: {
  "is_connected": true,
  "is_ready": false,
  "has_address": true,
  "has_effective_address": true,
  "is_authenticated": false,
  "log_destination": "orders",
  "timestamp": "2025-03-12T04:22:29.492Z"
}
[2025-03-12T04:22:29.493Z] FRONTEND:ORDERS - INFO: Orders page initialized
  Details: {
  "is_connected": true,
  "is_ready": false,
  "has_address": true,
  "has_effective_address": true,
  "using_auth_wallet": false,
  "status_filter": "all",
  "is_refreshing": true,
  "log_destination": "orders",
  "timestamp": "2025-03-12T04:22:29.493Z"
}
[2025-03-12T04:22:29.493Z] FRONTEND:ORDERS - INFO: Fetching orders
  Details: {
  "wallet_address": "0x0300...",
  "page": 1,
  "limit": 10,
  "has_search": false,
  "log_destination": "orders",
  "timestamp": "2025-03-12T04:22:29.493Z"
}
[2025-03-12T04:22:30.010Z] FRONTEND:ORDERS - DEBUG: Successfully fetched user orders
  Details: {
  "orderCount": 2,
  "total": 2,
  "page": 1,
  "limit": 10,
  "firstOrderId": "ORD-001-TEST",
  "log_destination": "orders",
  "timestamp": "2025-03-12T04:22:30.010Z"
}
[2025-03-12T04:22:30.011Z] FRONTEND:ORDERS - INFO: Orders fetched successfully
  Details: {
  "wallet_address": "0x0300...",
  "order_count": 2,
  "total_orders": 2,
  "page": 1,
  "limit": 10,
  "log_destination": "orders",
  "timestamp": "2025-03-12T04:22:30.011Z"
}
[2025-03-12T04:22:30.017Z] FRONTEND:ORDERS - INFO: Orders loaded
  Details: {
  "total_orders": 2,
  "status_filter": "all",
  "is_refreshing": true,
  "log_destination": "orders",
  "timestamp": "2025-03-12T04:22:30.017Z"
}
[2025-03-12T04:22:33.767Z] FRONTEND:ORDERS - INFO: OrderList component initialized
  Details: {
  "has_orders": true,
  "order_count": 2,
  "is_array": true,
  "is_null": false,
  "is_undefined": false,
  "current_page": 1,
  "total_pages": 1,
  "total_orders": 2,
  "log_destination": "orders",
  "timestamp": "2025-03-12T04:22:33.767Z"
}
[2025-03-12T04:22:33.768Z] FRONTEND:ORDERS - INFO: OrderList orders updated
  Details: {
  "has_orders": true,
  "order_count": 2,
  "is_array": true,
  "is_null": false,
  "is_undefined": false,
  "current_page": 1,
  "total_pages": 1,
  "total_orders": 2,
  "log_destination": "orders",
  "timestamp": "2025-03-12T04:22:33.768Z"
}
[2025-03-12T04:22:33.769Z] FRONTEND:ORDERS - INFO: OrderList component initialized
  Details: {
  "has_orders": true,
  "order_count": 2,
  "is_array": true,
  "is_null": false,
  "is_undefined": false,
  "current_page": 1,
  "total_pages": 1,
  "total_orders": 2,
  "log_destination": "orders",
  "timestamp": "2025-03-12T04:22:33.769Z"
}
[2025-03-12T04:22:33.770Z] FRONTEND:ORDERS - INFO: OrderList orders updated
  Details: {
  "has_orders": true,
  "order_count": 2,
  "is_array": true,
  "is_null": false,
  "is_undefined": false,
  "current_page": 1,
  "total_pages": 1,
  "total_orders": 2,
  "log_destination": "orders",
  "timestamp": "2025-03-12T04:22:33.770Z"
}
[2025-03-12T04:22:33.995Z] FRONTEND:ORDERS - INFO: Refresh stabilization period ended
  Details: {
  "is_connected": true,
  "is_ready": false,
  "has_address": true,
  "has_effective_address": true,
  "wallet_state_changes": 0,
  "log_destination": "orders",
  "timestamp": "2025-03-12T04:22:33.995Z"
}
[2025-03-12T04:22:39.176Z] FRONTEND:ORDERS - INFO: Page refresh detected
  Details: {
  "is_connected": false,
  "is_ready": false,
  "has_address": true,
  "has_effective_address": true,
  "is_authenticated": true,
  "auth_wallet_address": "0x0300B70e40F138927e3a988ce4A9a069Ff875336",
  "log_destination": "orders",
  "timestamp": "2025-03-12T04:22:39.176Z"
}
[2025-03-12T04:22:39.177Z] FRONTEND:ORDERS - INFO: Orders page initialized
  Details: {
  "is_connected": false,
  "is_ready": false,
  "has_address": true,
  "has_effective_address": true,
  "using_auth_wallet": false,
  "status_filter": "all",
  "is_refreshing": true,
  "log_destination": "orders",
  "timestamp": "2025-03-12T04:22:39.177Z"
}
[2025-03-12T04:22:39.177Z] FRONTEND:ORDERS - INFO: Fetching orders
  Details: {
  "wallet_address": "0x0300...",
  "page": 1,
  "limit": 10,
  "has_search": false,
  "log_destination": "orders",
  "timestamp": "2025-03-12T04:22:39.177Z"
}
[2025-03-12T04:22:39.177Z] FRONTEND:ORDERS - INFO: Fetching orders
  Details: {
  "wallet_address": "0x0300...",
  "page": 1,
  "limit": 10,
  "has_search": false,
  "log_destination": "orders",
  "timestamp": "2025-03-12T04:22:39.177Z"
}
[2025-03-12T04:22:39.177Z] FRONTEND:ORDERS - DEBUG: Fetching user orders
  Details: {
  "wallet_address": "0x0300B70e40F138927e3a988ce4A9a069Ff875336",
  "page": 1,
  "limit": 10,
  "url": "/orders/user/0x0300B70e40F138927e3a988ce4A9a069Ff875336",
  "log_destination": "orders",
  "timestamp": "2025-03-12T04:22:39.177Z"
}
[2025-03-12T04:22:39.638Z] FRONTEND:ORDERS - INFO: Wallet state changed in orders page
  Details: {
  "is_connected": true,
  "is_ready": false,
  "has_address": true,
  "has_effective_address": true,
  "using_auth_wallet": false,
  "is_refreshing": true,
  "wallet_state_change_count": 1,
  "log_destination": "orders",
  "timestamp": "2025-03-12T04:22:39.638Z"
}
[2025-03-12T04:22:39.655Z] FRONTEND:ORDERS - DEBUG: Successfully fetched user orders
  Details: {
  "orderCount": 2,
  "total": 2,
  "page": 1,
  "limit": 10,
  "firstOrderId": "ORD-001-TEST",
  "log_destination": "orders",
  "timestamp": "2025-03-12T04:22:39.655Z"
}
[2025-03-12T04:22:39.655Z] FRONTEND:ORDERS - INFO: Orders fetched successfully
  Details: {
  "wallet_address": "0x0300...",
  "order_count": 2,
  "total_orders": 2,
  "page": 1,
  "limit": 10,
  "log_destination": "orders",
  "timestamp": "2025-03-12T04:22:39.655Z"
}
[2025-03-12T04:22:39.669Z] FRONTEND:ORDERS - INFO: Orders loaded
  Details: {
  "total_orders": 2,
  "status_filter": "all",
  "is_refreshing": true,
  "log_destination": "orders",
  "timestamp": "2025-03-12T04:22:39.669Z"
}
[2025-03-12T04:22:43.681Z] FRONTEND:ORDERS - INFO: Refresh stabilization period ended
  Details: {
  "is_connected": false,
  "is_ready": false,
  "has_address": true,
  "has_effective_address": true,
  "wallet_state_changes": 1,
  "log_destination": "orders",
  "timestamp": "2025-03-12T04:22:43.681Z"
}
[2025-03-12T04:29:41.658Z] FRONTEND:ORDERS - INFO: Orders page initialized
  Details: {
  "is_connected": true,
  "is_ready": false,
  "has_address": true,
  "has_effective_address": true,
  "using_auth_wallet": false,
  "status_filter": "all",
  "log_destination": "orders",
  "timestamp": "2025-03-12T04:29:41.658Z"
}
[2025-03-12T04:29:41.659Z] FRONTEND:ORDERS - DEBUG: Fetching user orders
  Details: {
  "wallet_address": "0x0300B70e40F138927e3a988ce4A9a069Ff875336",
  "page": 1,
  "limit": 10,
  "url": "/orders/user/0x0300B70e40F138927e3a988ce4A9a069Ff875336",
  "log_destination": "orders",
  "timestamp": "2025-03-12T04:29:41.659Z"
}
[2025-03-12T04:29:41.659Z] FRONTEND:ORDERS - INFO: Fetching orders
  Details: {
  "wallet_address": "0x0300...",
  "page": 1,
  "limit": 10,
  "has_search": false,
  "log_destination": "orders",
  "timestamp": "2025-03-12T04:29:41.659Z"
}
[2025-03-12T04:29:41.669Z] FRONTEND:ORDERS - INFO: Orders page initialized
  Details: {
  "is_connected": true,
  "is_ready": false,
  "has_address": true,
  "has_effective_address": true,
  "using_auth_wallet": false,
  "status_filter": "all",
  "log_destination": "orders",
  "timestamp": "2025-03-12T04:29:41.669Z"
}
[2025-03-12T04:29:41.675Z] FRONTEND:ORDERS - INFO: Wallet state changed in orders page
  Details: {
  "is_connected": true,
  "is_ready": true,
  "has_address": true,
  "has_effective_address": true,
  "using_auth_wallet": false,
  "log_destination": "orders",
  "timestamp": "2025-03-12T04:29:41.675Z"
}
[2025-03-12T04:29:42.354Z] FRONTEND:ORDERS - DEBUG: Successfully fetched user orders
  Details: {
  "orderCount": 2,
  "total": 2,
  "page": 1,
  "limit": 10,
  "firstOrderId": "ORD-001-TEST",
  "log_destination": "orders",
  "timestamp": "2025-03-12T04:29:42.354Z"
}
[2025-03-12T04:29:42.355Z] FRONTEND:ORDERS - INFO: Orders fetched successfully
  Details: {
  "wallet_address": "0x0300...",
  "order_count": 2,
  "total_orders": 2,
  "page": 1,
  "limit": 10,
  "log_destination": "orders",
  "timestamp": "2025-03-12T04:29:42.355Z"
}
[2025-03-12T04:29:42.361Z] FRONTEND:ORDERS - INFO: Orders loaded
  Details: {
  "total_orders": 2,
  "status_filter": "all",
  "log_destination": "orders",
  "timestamp": "2025-03-12T04:29:42.361Z"
}
[2025-03-12T04:29:42.477Z] FRONTEND:ORDERS - INFO: OrderList component initialized
  Details: {
  "has_orders": true,
  "order_count": 2,
  "is_array": true,
  "is_null": false,
  "is_undefined": false,
  "current_page": 1,
  "total_pages": 1,
  "total_orders": 0,
  "log_destination": "orders",
  "timestamp": "2025-03-12T04:29:42.477Z"
}
[2025-03-12T04:29:42.478Z] FRONTEND:ORDERS - INFO: OrderList orders updated
  Details: {
  "has_orders": true,
  "order_count": 2,
  "is_array": true,
  "is_null": false,
  "is_undefined": false,
  "current_page": 1,
  "total_pages": 1,
  "total_orders": 0,
  "log_destination": "orders",
  "timestamp": "2025-03-12T04:29:42.478Z"
}
[2025-03-12T04:29:42.481Z] FRONTEND:ORDERS - INFO: OrderList component initialized
  Details: {
  "has_orders": true,
  "order_count": 2,
  "is_array": true,
  "is_null": false,
  "is_undefined": false,
  "current_page": 1,
  "total_pages": 1,
  "total_orders": 0,
  "log_destination": "orders",
  "timestamp": "2025-03-12T04:29:42.481Z"
}
[2025-03-12T04:29:42.482Z] FRONTEND:ORDERS - INFO: OrderList orders updated
  Details: {
  "has_orders": true,
  "order_count": 2,
  "is_array": true,
  "is_null": false,
  "is_undefined": false,
  "current_page": 1,
  "total_pages": 1,
  "total_orders": 0,
  "log_destination": "orders",
  "timestamp": "2025-03-12T04:29:42.482Z"
}
[2025-03-12T04:29:48.176Z] FRONTEND:ORDERS - INFO: Orders page initialized
  Details: {
  "is_connected": false,
  "is_ready": false,
  "has_address": false,
  "has_effective_address": false,
  "using_auth_wallet": false,
  "status_filter": "all",
  "log_destination": "orders",
  "timestamp": "2025-03-12T04:29:48.176Z"
}
[2025-03-12T04:29:48.196Z] FRONTEND:ORDERS - INFO: Wallet state changed in orders page
  Details: {
  "is_connected": false,
  "is_ready": true,
  "has_address": false,
  "has_effective_address": true,
  "using_auth_wallet": true,
  "log_destination": "orders",
  "timestamp": "2025-03-12T04:29:48.196Z"
}
[2025-03-12T04:29:48.198Z] FRONTEND:ORDERS - INFO: Fetching orders
  Details: {
  "wallet_address": "0x0300...",
  "page": 1,
  "limit": 10,
  "has_search": false,
  "log_destination": "orders",
  "timestamp": "2025-03-12T04:29:48.198Z"
}
[2025-03-12T04:29:48.199Z] FRONTEND:ORDERS - DEBUG: Fetching user orders
  Details: {
  "wallet_address": "0x0300B70e40F138927e3a988ce4A9a069Ff875336",
  "page": 1,
  "limit": 10,
  "url": "/orders/user/0x0300B70e40F138927e3a988ce4A9a069Ff875336",
  "log_destination": "orders",
  "timestamp": "2025-03-12T04:29:48.199Z"
}
[2025-03-12T04:29:48.235Z] FRONTEND:ORDERS - INFO: Wallet state changed in orders page
  Details: {
  "is_connected": false,
  "is_ready": true,
  "has_address": false,
  "has_effective_address": false,
  "using_auth_wallet": false,
  "log_destination": "orders",
  "timestamp": "2025-03-12T04:29:48.235Z"
}
[2025-03-12T04:29:48.598Z] FRONTEND:ORDERS - INFO: Wallet state changed in orders page
  Details: {
  "is_connected": false,
  "is_ready": true,
  "has_address": true,
  "has_effective_address": true,
  "using_auth_wallet": false,
  "log_destination": "orders",
  "timestamp": "2025-03-12T04:29:48.598Z"
}
[2025-03-12T04:29:48.625Z] FRONTEND:ORDERS - DEBUG: Successfully fetched user orders
  Details: {
  "orderCount": 2,
  "total": 2,
  "page": 1,
  "limit": 10,
  "firstOrderId": "ORD-001-TEST",
  "log_destination": "orders",
  "timestamp": "2025-03-12T04:29:48.625Z"
}
[2025-03-12T04:29:48.626Z] FRONTEND:ORDERS - INFO: Orders fetched successfully
  Details: {
  "wallet_address": "0x0300...",
  "order_count": 2,
  "total_orders": 2,
  "page": 1,
  "limit": 10,
  "log_destination": "orders",
  "timestamp": "2025-03-12T04:29:48.626Z"
}
[2025-03-12T04:29:48.637Z] FRONTEND:ORDERS - INFO: Orders loaded
  Details: {
  "total_orders": 2,
  "status_filter": "all",
  "log_destination": "orders",
  "timestamp": "2025-03-12T04:29:48.637Z"
}
[2025-03-12T04:29:48.790Z] FRONTEND:ORDERS - INFO: Wallet state changed in orders page
  Details: {
  "is_connected": true,
  "is_ready": true,
  "has_address": true,
  "has_effective_address": true,
  "using_auth_wallet": false,
  "log_destination": "orders",
  "timestamp": "2025-03-12T04:29:48.790Z"
}
[2025-03-12T04:29:53.298Z] FRONTEND:ORDERS - INFO: Orders page initialized
  Details: {
  "is_connected": true,
  "is_ready": false,
  "has_address": true,
  "has_effective_address": true,
  "using_auth_wallet": false,
  "status_filter": "all",
  "log_destination": "orders",
  "timestamp": "2025-03-12T04:29:53.298Z"
}
[2025-03-12T04:29:53.299Z] FRONTEND:ORDERS - INFO: Fetching orders
  Details: {
  "wallet_address": "0x0300...",
  "page": 1,
  "limit": 10,
  "has_search": false,
  "log_destination": "orders",
  "timestamp": "2025-03-12T04:29:53.299Z"
}
[2025-03-12T04:29:53.299Z] FRONTEND:ORDERS - DEBUG: Fetching user orders
  Details: {
  "wallet_address": "0x0300B70e40F138927e3a988ce4A9a069Ff875336",
  "page": 1,
  "limit": 10,
  "url": "/orders/user/0x0300B70e40F138927e3a988ce4A9a069Ff875336",
  "log_destination": "orders",
  "timestamp": "2025-03-12T04:29:53.299Z"
}
[2025-03-12T04:29:53.299Z] FRONTEND:ORDERS - INFO: Orders loaded
  Details: {
  "total_orders": 2,
  "status_filter": "all",
  "log_destination": "orders",
  "timestamp": "2025-03-12T04:29:53.299Z"
}
[2025-03-12T04:29:53.304Z] FRONTEND:ORDERS - INFO: Orders page initialized
  Details: {
  "is_connected": true,
  "is_ready": false,
  "has_address": true,
  "has_effective_address": true,
  "using_auth_wallet": false,
  "status_filter": "all",
  "log_destination": "orders",
  "timestamp": "2025-03-12T04:29:53.304Z"
}
[2025-03-12T04:29:53.304Z] FRONTEND:ORDERS - INFO: Orders loaded
  Details: {
  "total_orders": 2,
  "status_filter": "all",
  "log_destination": "orders",
  "timestamp": "2025-03-12T04:29:53.304Z"
}
[2025-03-12T04:29:53.307Z] FRONTEND:ORDERS - INFO: Wallet state changed in orders page
  Details: {
  "is_connected": true,
  "is_ready": true,
  "has_address": true,
  "has_effective_address": true,
  "using_auth_wallet": false,
  "log_destination": "orders",
  "timestamp": "2025-03-12T04:29:53.307Z"
}
[2025-03-12T04:29:53.344Z] FRONTEND:ORDERS - INFO: OrderList component initialized
  Details: {
  "has_orders": true,
  "order_count": 2,
  "is_array": true,
  "is_null": false,
  "is_undefined": false,
  "current_page": 1,
  "total_pages": 1,
  "total_orders": 0,
  "log_destination": "orders",
  "timestamp": "2025-03-12T04:29:53.344Z"
}
[2025-03-12T04:29:53.345Z] FRONTEND:ORDERS - INFO: OrderList orders updated
  Details: {
  "has_orders": true,
  "order_count": 2,
  "is_array": true,
  "is_null": false,
  "is_undefined": false,
  "current_page": 1,
  "total_pages": 1,
  "total_orders": 0,
  "log_destination": "orders",
  "timestamp": "2025-03-12T04:29:53.345Z"
}
[2025-03-12T04:29:53.346Z] FRONTEND:ORDERS - INFO: OrderList component initialized
  Details: {
  "has_orders": true,
  "order_count": 2,
  "is_array": true,
  "is_null": false,
  "is_undefined": false,
  "current_page": 1,
  "total_pages": 1,
  "total_orders": 0,
  "log_destination": "orders",
  "timestamp": "2025-03-12T04:29:53.346Z"
}
[2025-03-12T04:29:53.347Z] FRONTEND:ORDERS - INFO: OrderList orders updated
  Details: {
  "has_orders": true,
  "order_count": 2,
  "is_array": true,
  "is_null": false,
  "is_undefined": false,
  "current_page": 1,
  "total_pages": 1,
  "total_orders": 0,
  "log_destination": "orders",
  "timestamp": "2025-03-12T04:29:53.347Z"
}
[2025-03-12T04:29:53.747Z] FRONTEND:ORDERS - DEBUG: Successfully fetched user orders
  Details: {
  "orderCount": 2,
  "total": 2,
  "page": 1,
  "limit": 10,
  "firstOrderId": "ORD-001-TEST",
  "log_destination": "orders",
  "timestamp": "2025-03-12T04:29:53.747Z"
}
[2025-03-12T04:29:53.747Z] FRONTEND:ORDERS - INFO: Orders fetched successfully
  Details: {
  "wallet_address": "0x0300...",
  "order_count": 2,
  "total_orders": 2,
  "page": 1,
  "limit": 10,
  "log_destination": "orders",
  "timestamp": "2025-03-12T04:29:53.747Z"
}
[2025-03-12T04:29:57.300Z] FRONTEND:ORDERS - INFO: Orders page initialized
  Details: {
  "is_connected": false,
  "is_ready": false,
  "has_address": true,
  "has_effective_address": true,
  "using_auth_wallet": false,
  "status_filter": "all",
  "log_destination": "orders",
  "timestamp": "2025-03-12T04:29:57.300Z"
}
[2025-03-12T04:29:57.300Z] FRONTEND:ORDERS - INFO: Fetching orders
  Details: {
  "wallet_address": "0x0300...",
  "page": 1,
  "limit": 10,
  "has_search": false,
  "log_destination": "orders",
  "timestamp": "2025-03-12T04:29:57.300Z"
}
[2025-03-12T04:29:57.301Z] FRONTEND:ORDERS - DEBUG: Fetching user orders
  Details: {
  "wallet_address": "0x0300B70e40F138927e3a988ce4A9a069Ff875336",
  "page": 1,
  "limit": 10,
  "url": "/orders/user/0x0300B70e40F138927e3a988ce4A9a069Ff875336",
  "log_destination": "orders",
  "timestamp": "2025-03-12T04:29:57.301Z"
}
[2025-03-12T04:29:57.314Z] FRONTEND:ORDERS - INFO: Wallet state changed in orders page
  Details: {
  "is_connected": false,
  "is_ready": false,
  "has_address": true,
  "has_effective_address": true,
  "using_auth_wallet": false,
  "log_destination": "orders",
  "timestamp": "2025-03-12T04:29:57.314Z"
}
[2025-03-12T04:29:57.619Z] FRONTEND:ORDERS - INFO: Wallet state changed in orders page
  Details: {
  "is_connected": true,
  "is_ready": false,
  "has_address": true,
  "has_effective_address": true,
  "using_auth_wallet": false,
  "log_destination": "orders",
  "timestamp": "2025-03-12T04:29:57.619Z"
}
[2025-03-12T04:29:57.641Z] FRONTEND:ORDERS - INFO: Wallet state changed in orders page
  Details: {
  "is_connected": true,
  "is_ready": true,
  "has_address": true,
  "has_effective_address": true,
  "using_auth_wallet": false,
  "log_destination": "orders",
  "timestamp": "2025-03-12T04:29:57.641Z"
}
[2025-03-12T04:29:57.764Z] FRONTEND:ORDERS - DEBUG: Successfully fetched user orders
  Details: {
  "orderCount": 2,
  "total": 2,
  "page": 1,
  "limit": 10,
  "firstOrderId": "ORD-001-TEST",
  "log_destination": "orders",
  "timestamp": "2025-03-12T04:29:57.764Z"
}
[2025-03-12T04:29:57.765Z] FRONTEND:ORDERS - INFO: Orders fetched successfully
  Details: {
  "wallet_address": "0x0300...",
  "order_count": 2,
  "total_orders": 2,
  "page": 1,
  "limit": 10,
  "log_destination": "orders",
  "timestamp": "2025-03-12T04:29:57.765Z"
}
[2025-03-12T04:29:57.776Z] FRONTEND:ORDERS - INFO: Orders loaded
  Details: {
  "total_orders": 2,
  "status_filter": "all",
  "log_destination": "orders",
  "timestamp": "2025-03-12T04:29:57.776Z"
}
[2025-03-12T04:39:35.817Z] FRONTEND:ORDERS - INFO: Orders page initialized
  Details: {
  "is_connected": true,
  "is_ready": false,
  "has_address": true,
  "has_effective_address": true,
  "using_auth_wallet": false,
  "status_filter": "all",
  "log_destination": "orders",
  "timestamp": "2025-03-12T04:39:35.817Z"
}
[2025-03-12T04:39:35.817Z] FRONTEND:ORDERS - INFO: Fetching orders
  Details: {
  "wallet_address": "0x0300...",
  "page": 1,
  "limit": 10,
  "has_search": false,
  "log_destination": "orders",
  "timestamp": "2025-03-12T04:39:35.817Z"
}
[2025-03-12T04:39:35.818Z] FRONTEND:ORDERS - DEBUG: Fetching user orders
  Details: {
  "wallet_address": "0x0300B70e40F138927e3a988ce4A9a069Ff875336",
  "page": 1,
  "limit": 10,
  "url": "/orders/user/0x0300B70e40F138927e3a988ce4A9a069Ff875336",
  "log_destination": "orders",
  "timestamp": "2025-03-12T04:39:35.818Z"
}
[2025-03-12T04:39:35.825Z] FRONTEND:ORDERS - INFO: Orders page initialized
  Details: {
  "is_connected": true,
  "is_ready": false,
  "has_address": true,
  "has_effective_address": true,
  "using_auth_wallet": false,
  "status_filter": "all",
  "log_destination": "orders",
  "timestamp": "2025-03-12T04:39:35.825Z"
}
[2025-03-12T04:39:35.839Z] FRONTEND:ORDERS - INFO: Wallet state changed in orders page
  Details: {
  "is_connected": true,
  "is_ready": true,
  "has_address": true,
  "has_effective_address": true,
  "using_auth_wallet": false,
  "log_destination": "orders",
  "timestamp": "2025-03-12T04:39:35.839Z"
}
[2025-03-12T04:39:35.847Z] FRONTEND:ORDERS - WARN: Retrying fetch orders after 500 error
  Details: {
  "retries_left": 2,
  "retry_delay": 1000,
  "log_destination": "orders",
  "timestamp": "2025-03-12T04:39:35.847Z"
}
[2025-03-12T04:39:38.213Z] FRONTEND:ORDERS - DEBUG: Successfully fetched user orders
  Details: {
  "orderCount": 2,
  "total": 2,
  "page": 1,
  "limit": 10,
  "firstOrderId": "ORD-001-TEST",
  "log_destination": "orders",
  "timestamp": "2025-03-12T04:39:38.213Z"
}
[2025-03-12T04:39:38.214Z] FRONTEND:ORDERS - INFO: Orders fetched successfully
  Details: {
  "wallet_address": "0x0300...",
  "order_count": 2,
  "total_orders": 2,
  "page": 1,
  "limit": 10,
  "log_destination": "orders",
  "timestamp": "2025-03-12T04:39:38.214Z"
}
[2025-03-12T04:39:38.223Z] FRONTEND:ORDERS - INFO: Orders loaded
  Details: {
  "total_orders": 2,
  "status_filter": "all",
  "log_destination": "orders",
  "timestamp": "2025-03-12T04:39:38.223Z"
}
[2025-03-12T04:39:38.285Z] FRONTEND:ORDERS - INFO: OrderList component initialized
  Details: {
  "has_orders": true,
  "order_count": 2,
  "is_array": true,
  "is_null": false,
  "is_undefined": false,
  "current_page": 1,
  "total_pages": 1,
  "total_orders": 0,
  "log_destination": "orders",
  "timestamp": "2025-03-12T04:39:38.284Z"
}
[2025-03-12T04:39:38.285Z] FRONTEND:ORDERS - INFO: OrderList orders updated
  Details: {
  "has_orders": true,
  "order_count": 2,
  "is_array": true,
  "is_null": false,
  "is_undefined": false,
  "current_page": 1,
  "total_pages": 1,
  "total_orders": 0,
  "log_destination": "orders",
  "timestamp": "2025-03-12T04:39:38.285Z"
}
[2025-03-12T04:39:38.287Z] FRONTEND:ORDERS - INFO: OrderList component initialized
  Details: {
  "has_orders": true,
  "order_count": 2,
  "is_array": true,
  "is_null": false,
  "is_undefined": false,
  "current_page": 1,
  "total_pages": 1,
  "total_orders": 0,
  "log_destination": "orders",
  "timestamp": "2025-03-12T04:39:38.287Z"
}
[2025-03-12T04:39:38.287Z] FRONTEND:ORDERS - INFO: OrderList orders updated
  Details: {
  "has_orders": true,
  "order_count": 2,
  "is_array": true,
  "is_null": false,
  "is_undefined": false,
  "current_page": 1,
  "total_pages": 1,
  "total_orders": 0,
  "log_destination": "orders",
  "timestamp": "2025-03-12T04:39:38.287Z"
}
[2025-03-12T04:39:45.192Z] FRONTEND:ORDERS - INFO: Orders page initialized
  Details: {
  "is_connected": false,
  "is_ready": false,
  "has_address": true,
  "has_effective_address": true,
  "using_auth_wallet": false,
  "status_filter": "all",
  "log_destination": "orders",
  "timestamp": "2025-03-12T04:39:45.192Z"
}
[2025-03-12T04:39:45.192Z] FRONTEND:ORDERS - INFO: Fetching orders
  Details: {
  "wallet_address": "0x0300...",
  "page": 1,
  "limit": 10,
  "has_search": false,
  "log_destination": "orders",
  "timestamp": "2025-03-12T04:39:45.192Z"
}
[2025-03-12T04:39:45.193Z] FRONTEND:ORDERS - DEBUG: Fetching user orders
  Details: {
  "wallet_address": "0x0300B70e40F138927e3a988ce4A9a069Ff875336",
  "page": 1,
  "limit": 10,
  "url": "/orders/user/0x0300B70e40F138927e3a988ce4A9a069Ff875336",
  "log_destination": "orders",
  "timestamp": "2025-03-12T04:39:45.193Z"
}
[2025-03-12T04:39:45.204Z] FRONTEND:ORDERS - INFO: Wallet state changed in orders page
  Details: {
  "is_connected": false,
  "is_ready": false,
  "has_address": true,
  "has_effective_address": true,
  "using_auth_wallet": false,
  "log_destination": "orders",
  "timestamp": "2025-03-12T04:39:45.204Z"
}
[2025-03-12T04:39:45.228Z] FRONTEND:ORDERS - INFO: Wallet state changed in orders page
  Details: {
  "is_connected": true,
  "is_ready": false,
  "has_address": true,
  "has_effective_address": true,
  "using_auth_wallet": false,
  "log_destination": "orders",
  "timestamp": "2025-03-12T04:39:45.228Z"
}
[2025-03-12T04:39:45.251Z] FRONTEND:ORDERS - INFO: Wallet state changed in orders page
  Details: {
  "is_connected": true,
  "is_ready": true,
  "has_address": true,
  "has_effective_address": true,
  "using_auth_wallet": false,
  "log_destination": "orders",
  "timestamp": "2025-03-12T04:39:45.251Z"
}
[2025-03-12T04:39:45.687Z] FRONTEND:ORDERS - DEBUG: Successfully fetched user orders
  Details: {
  "orderCount": 2,
  "total": 2,
  "page": 1,
  "limit": 10,
  "firstOrderId": "ORD-001-TEST",
  "log_destination": "orders",
  "timestamp": "2025-03-12T04:39:45.687Z"
}
[2025-03-12T04:39:45.688Z] FRONTEND:ORDERS - INFO: Orders fetched successfully
  Details: {
  "wallet_address": "0x0300...",
  "order_count": 2,
  "total_orders": 2,
  "page": 1,
  "limit": 10,
  "log_destination": "orders",
  "timestamp": "2025-03-12T04:39:45.688Z"
}
[2025-03-12T04:39:45.710Z] FRONTEND:ORDERS - INFO: Orders loaded
  Details: {
  "total_orders": 2,
  "status_filter": "all",
  "log_destination": "orders",
  "timestamp": "2025-03-12T04:39:45.710Z"
}
[2025-03-12T04:45:29.675Z] FRONTEND:ORDERS - INFO: Orders page initialized
  Details: {
  "is_connected": true,
  "is_ready": false,
  "has_address": true,
  "has_effective_address": true,
  "using_auth_wallet": false,
  "status_filter": "all",
  "log_destination": "orders",
  "timestamp": "2025-03-12T04:45:29.675Z"
}
[2025-03-12T04:45:29.675Z] FRONTEND:ORDERS - INFO: Fetching orders
  Details: {
  "wallet_address": "0x0300...",
  "page": 1,
  "limit": 10,
  "has_search": false,
  "log_destination": "orders",
  "timestamp": "2025-03-12T04:45:29.675Z"
}
[2025-03-12T04:45:29.676Z] FRONTEND:ORDERS - DEBUG: Fetching user orders
  Details: {
  "wallet_address": "0x0300B70e40F138927e3a988ce4A9a069Ff875336",
  "page": 1,
  "limit": 10,
  "url": "/orders/user/0x0300B70e40F138927e3a988ce4A9a069Ff875336",
  "log_destination": "orders",
  "timestamp": "2025-03-12T04:45:29.676Z"
}
[2025-03-12T04:45:29.685Z] FRONTEND:ORDERS - INFO: Orders page initialized
  Details: {
  "is_connected": true,
  "is_ready": false,
  "has_address": true,
  "has_effective_address": true,
  "using_auth_wallet": false,
  "status_filter": "all",
  "log_destination": "orders",
  "timestamp": "2025-03-12T04:45:29.685Z"
}
[2025-03-12T04:45:29.689Z] FRONTEND:ORDERS - WARN: Retrying fetch orders after 500 error
  Details: {
  "retries_left": 2,
  "retry_delay": 1000,
  "log_destination": "orders",
  "timestamp": "2025-03-12T04:45:29.689Z"
}
[2025-03-12T04:45:29.692Z] FRONTEND:ORDERS - INFO: Wallet state changed in orders page
  Details: {
  "is_connected": true,
  "is_ready": true,
  "has_address": true,
  "has_effective_address": true,
  "using_auth_wallet": false,
  "log_destination": "orders",
  "timestamp": "2025-03-12T04:45:29.692Z"
}
[2025-03-12T04:45:32.985Z] FRONTEND:ORDERS - DEBUG: Successfully fetched user orders
  Details: {
  "orderCount": 2,
  "total": 2,
  "page": 1,
  "limit": 10,
  "firstOrderId": "ORD-001-TEST",
  "log_destination": "orders",
  "timestamp": "2025-03-12T04:45:32.985Z"
}
[2025-03-12T04:45:32.985Z] FRONTEND:ORDERS - INFO: Orders fetched successfully
  Details: {
  "wallet_address": "0x0300...",
  "order_count": 2,
  "total_orders": 2,
  "page": 1,
  "limit": 10,
  "log_destination": "orders",
  "timestamp": "2025-03-12T04:45:32.985Z"
}
[2025-03-12T04:45:32.991Z] FRONTEND:ORDERS - INFO: Orders loaded
  Details: {
  "total_orders": 2,
  "status_filter": "all",
  "log_destination": "orders",
  "timestamp": "2025-03-12T04:45:32.990Z"
}
[2025-03-12T04:45:39.268Z] FRONTEND:ORDERS - INFO: Orders page initialized
  Details: {
  "is_connected": true,
  "is_ready": false,
  "has_address": true,
  "has_effective_address": true,
  "using_auth_wallet": false,
  "status_filter": "all",
  "log_destination": "orders",
  "timestamp": "2025-03-12T04:45:39.268Z"
}
[2025-03-12T04:45:39.268Z] FRONTEND:ORDERS - INFO: Fetching orders
  Details: {
  "wallet_address": "0x0300...",
  "page": 1,
  "limit": 10,
  "has_search": false,
  "log_destination": "orders",
  "timestamp": "2025-03-12T04:45:39.268Z"
}
[2025-03-12T04:45:39.268Z] FRONTEND:ORDERS - DEBUG: Fetching user orders
  Details: {
  "wallet_address": "0x0300B70e40F138927e3a988ce4A9a069Ff875336",
  "page": 1,
  "limit": 10,
  "url": "/orders/user/0x0300B70e40F138927e3a988ce4A9a069Ff875336",
  "log_destination": "orders",
  "timestamp": "2025-03-12T04:45:39.268Z"
}
[2025-03-12T04:45:39.269Z] FRONTEND:ORDERS - INFO: Orders loaded
  Details: {
  "total_orders": 2,
  "status_filter": "all",
  "log_destination": "orders",
  "timestamp": "2025-03-12T04:45:39.269Z"
}
[2025-03-12T04:45:39.273Z] FRONTEND:ORDERS - INFO: Orders page initialized
  Details: {
  "is_connected": true,
  "is_ready": false,
  "has_address": true,
  "has_effective_address": true,
  "using_auth_wallet": false,
  "status_filter": "all",
  "log_destination": "orders",
  "timestamp": "2025-03-12T04:45:39.273Z"
}
[2025-03-12T04:45:39.273Z] FRONTEND:ORDERS - INFO: Orders loaded
  Details: {
  "total_orders": 2,
  "status_filter": "all",
  "log_destination": "orders",
  "timestamp": "2025-03-12T04:45:39.273Z"
}
[2025-03-12T04:45:39.278Z] FRONTEND:ORDERS - INFO: Wallet state changed in orders page
  Details: {
  "is_connected": true,
  "is_ready": true,
  "has_address": true,
  "has_effective_address": true,
  "using_auth_wallet": false,
  "log_destination": "orders",
  "timestamp": "2025-03-12T04:45:39.278Z"
}
[2025-03-12T04:45:39.818Z] FRONTEND:ORDERS - DEBUG: Successfully fetched user orders
  Details: {
  "orderCount": 2,
  "total": 2,
  "page": 1,
  "limit": 10,
  "firstOrderId": "ORD-001-TEST",
  "log_destination": "orders",
  "timestamp": "2025-03-12T04:45:39.818Z"
}
[2025-03-12T04:45:39.819Z] FRONTEND:ORDERS - INFO: Orders fetched successfully
  Details: {
  "wallet_address": "0x0300...",
  "order_count": 2,
  "total_orders": 2,
  "page": 1,
  "limit": 10,
  "log_destination": "orders",
  "timestamp": "2025-03-12T04:45:39.819Z"
}
[2025-03-12T04:46:40.995Z] FRONTEND:ORDERS - INFO: Orders page initialized
  Details: {
  "is_connected": true,
  "is_ready": false,
  "has_address": true,
  "has_effective_address": true,
  "using_auth_wallet": false,
  "status_filter": "all",
  "log_destination": "orders",
  "timestamp": "2025-03-12T04:46:40.995Z"
}
[2025-03-12T04:46:40.997Z] FRONTEND:ORDERS - INFO: Fetching orders
  Details: {
  "wallet_address": "0xAbf4...",
  "page": 1,
  "limit": 10,
  "has_search": false,
  "log_destination": "orders",
  "timestamp": "2025-03-12T04:46:40.997Z"
}
[2025-03-12T04:46:40.998Z] FRONTEND:ORDERS - DEBUG: Fetching user orders
  Details: {
  "wallet_address": "0xAbf4fb1AC5E3c0Db693deC235F9D9BE1a29bcDc9",
  "page": 1,
  "limit": 10,
  "url": "/orders/user/0xAbf4fb1AC5E3c0Db693deC235F9D9BE1a29bcDc9",
  "log_destination": "orders",
  "timestamp": "2025-03-12T04:46:40.998Z"
}
[2025-03-12T04:46:41.012Z] FRONTEND:ORDERS - INFO: Orders page initialized
  Details: {
  "is_connected": true,
  "is_ready": false,
  "has_address": true,
  "has_effective_address": true,
  "using_auth_wallet": false,
  "status_filter": "all",
  "log_destination": "orders",
  "timestamp": "2025-03-12T04:46:41.012Z"
}
[2025-03-12T04:46:41.030Z] FRONTEND:ORDERS - INFO: Wallet state changed in orders page
  Details: {
  "is_connected": true,
  "is_ready": true,
  "has_address": true,
  "has_effective_address": true,
  "using_auth_wallet": false,
  "log_destination": "orders",
  "timestamp": "2025-03-12T04:46:41.030Z"
}
[2025-03-12T04:46:41.368Z] FRONTEND:ORDERS - DEBUG: Successfully fetched user orders
  Details: {
  "orderCount": 0,
  "total": 0,
  "page": 1,
  "limit": 10,
  "log_destination": "orders",
  "timestamp": "2025-03-12T04:46:41.368Z"
}
[2025-03-12T04:46:41.368Z] FRONTEND:ORDERS - INFO: Orders fetched successfully
  Details: {
  "wallet_address": "0xAbf4...",
  "order_count": 0,
  "total_orders": 0,
  "page": 1,
  "limit": 10,
  "log_destination": "orders",
  "timestamp": "2025-03-12T04:46:41.368Z"
}
[2025-03-12T04:46:41.374Z] FRONTEND:ORDERS - INFO: Orders loaded
  Details: {
  "total_orders": 0,
  "status_filter": "all",
  "log_destination": "orders",
  "timestamp": "2025-03-12T04:46:41.374Z"
}
[2025-03-12T04:48:39.146Z] FRONTEND:ORDERS - INFO: Orders page initialized
  Details: {
  "is_connected": true,
  "is_ready": false,
  "has_address": true,
  "has_effective_address": true,
  "using_auth_wallet": false,
  "status_filter": "all",
  "log_destination": "orders",
  "timestamp": "2025-03-12T04:48:39.146Z"
}
[2025-03-12T04:48:39.146Z] FRONTEND:ORDERS - INFO: Fetching orders
  Details: {
  "wallet_address": "0xAbf4...",
  "page": 1,
  "limit": 10,
  "has_search": false,
  "log_destination": "orders",
  "timestamp": "2025-03-12T04:48:39.146Z"
}
[2025-03-12T04:48:39.146Z] FRONTEND:ORDERS - DEBUG: Fetching user orders
  Details: {
  "wallet_address": "0xAbf4fb1AC5E3c0Db693deC235F9D9BE1a29bcDc9",
  "page": 1,
  "limit": 10,
  "url": "/orders/user/0xAbf4fb1AC5E3c0Db693deC235F9D9BE1a29bcDc9",
  "log_destination": "orders",
  "timestamp": "2025-03-12T04:48:39.146Z"
}
[2025-03-12T04:48:39.153Z] FRONTEND:ORDERS - INFO: Orders page initialized
  Details: {
  "is_connected": true,
  "is_ready": false,
  "has_address": true,
  "has_effective_address": true,
  "using_auth_wallet": false,
  "status_filter": "all",
  "log_destination": "orders",
  "timestamp": "2025-03-12T04:48:39.153Z"
}
[2025-03-12T04:48:39.164Z] FRONTEND:ORDERS - INFO: Wallet state changed in orders page
  Details: {
  "is_connected": true,
  "is_ready": true,
  "has_address": true,
  "has_effective_address": true,
  "using_auth_wallet": false,
  "log_destination": "orders",
  "timestamp": "2025-03-12T04:48:39.164Z"
}
[2025-03-12T04:48:39.502Z] FRONTEND:ORDERS - DEBUG: Successfully fetched user orders
  Details: {
  "orderCount": 0,
  "total": 0,
  "page": 1,
  "limit": 10,
  "log_destination": "orders",
  "timestamp": "2025-03-12T04:48:39.502Z"
}
[2025-03-12T04:48:39.503Z] FRONTEND:ORDERS - INFO: Orders fetched successfully
  Details: {
  "wallet_address": "0xAbf4...",
  "order_count": 0,
  "total_orders": 0,
  "page": 1,
  "limit": 10,
  "log_destination": "orders",
  "timestamp": "2025-03-12T04:48:39.503Z"
}
[2025-03-12T04:48:39.514Z] FRONTEND:ORDERS - INFO: Orders loaded
  Details: {
  "total_orders": 0,
  "status_filter": "all",
  "log_destination": "orders",
  "timestamp": "2025-03-12T04:48:39.514Z"
}
[2025-03-12T04:48:54.797Z] FRONTEND:ORDERS - INFO: Orders page initialized
  Details: {
  "is_connected": true,
  "is_ready": false,
  "has_address": true,
  "has_effective_address": true,
  "using_auth_wallet": false,
  "status_filter": "all",
  "log_destination": "orders",
  "timestamp": "2025-03-12T04:48:54.797Z"
}
[2025-03-12T04:48:54.798Z] FRONTEND:ORDERS - INFO: Fetching orders
  Details: {
  "wallet_address": "0xAbf4...",
  "page": 1,
  "limit": 10,
  "has_search": false,
  "log_destination": "orders",
  "timestamp": "2025-03-12T04:48:54.798Z"
}
[2025-03-12T04:48:54.798Z] FRONTEND:ORDERS - DEBUG: Fetching user orders
  Details: {
  "wallet_address": "0xAbf4fb1AC5E3c0Db693deC235F9D9BE1a29bcDc9",
  "page": 1,
  "limit": 10,
  "url": "/orders/user/0xAbf4fb1AC5E3c0Db693deC235F9D9BE1a29bcDc9",
  "log_destination": "orders",
  "timestamp": "2025-03-12T04:48:54.798Z"
}
[2025-03-12T04:48:54.799Z] FRONTEND:ORDERS - INFO: Orders loaded
  Details: {
  "total_orders": 0,
  "status_filter": "all",
  "log_destination": "orders",
  "timestamp": "2025-03-12T04:48:54.799Z"
}
[2025-03-12T04:48:54.807Z] FRONTEND:ORDERS - INFO: Orders page initialized
  Details: {
  "is_connected": true,
  "is_ready": false,
  "has_address": true,
  "has_effective_address": true,
  "using_auth_wallet": false,
  "status_filter": "all",
  "log_destination": "orders",
  "timestamp": "2025-03-12T04:48:54.807Z"
}
[2025-03-12T04:48:54.808Z] FRONTEND:ORDERS - INFO: Orders loaded
  Details: {
  "total_orders": 0,
  "status_filter": "all",
  "log_destination": "orders",
  "timestamp": "2025-03-12T04:48:54.808Z"
}
[2025-03-12T04:48:54.816Z] FRONTEND:ORDERS - INFO: Wallet state changed in orders page
  Details: {
  "is_connected": true,
  "is_ready": true,
  "has_address": true,
  "has_effective_address": true,
  "using_auth_wallet": false,
  "log_destination": "orders",
  "timestamp": "2025-03-12T04:48:54.816Z"
}
[2025-03-12T04:48:55.157Z] FRONTEND:ORDERS - DEBUG: Successfully fetched user orders
  Details: {
  "orderCount": 0,
  "total": 0,
  "page": 1,
  "limit": 10,
  "log_destination": "orders",
  "timestamp": "2025-03-12T04:48:55.157Z"
}
[2025-03-12T04:48:55.158Z] FRONTEND:ORDERS - INFO: Orders fetched successfully
  Details: {
  "wallet_address": "0xAbf4...",
  "order_count": 0,
  "total_orders": 0,
  "page": 1,
  "limit": 10,
  "log_destination": "orders",
  "timestamp": "2025-03-12T04:48:55.158Z"
}
[2025-03-12T04:56:32.935Z] FRONTEND:ORDERS - INFO: Orders page initialized
  Details: {
  "is_connected": true,
  "is_ready": false,
  "has_address": true,
  "has_effective_address": true,
  "using_auth_wallet": false,
  "status_filter": "all",
  "log_destination": "orders",
  "timestamp": "2025-03-12T04:56:32.935Z"
}
[2025-03-12T04:56:32.936Z] FRONTEND:ORDERS - INFO: Fetching orders
  Details: {
  "wallet_address": "0xAbf4...",
  "page": 1,
  "limit": 10,
  "has_search": false,
  "log_destination": "orders",
  "timestamp": "2025-03-12T04:56:32.936Z"
}
[2025-03-12T04:56:32.936Z] FRONTEND:ORDERS - DEBUG: Fetching user orders
  Details: {
  "wallet_address": "0xAbf4fb1AC5E3c0Db693deC235F9D9BE1a29bcDc9",
  "page": 1,
  "limit": 10,
  "url": "/orders/user/0xAbf4fb1AC5E3c0Db693deC235F9D9BE1a29bcDc9",
  "log_destination": "orders",
  "timestamp": "2025-03-12T04:56:32.936Z"
}
[2025-03-12T04:56:32.943Z] FRONTEND:ORDERS - INFO: Orders page initialized
  Details: {
  "is_connected": true,
  "is_ready": false,
  "has_address": true,
  "has_effective_address": true,
  "using_auth_wallet": false,
  "status_filter": "all",
  "log_destination": "orders",
  "timestamp": "2025-03-12T04:56:32.943Z"
}
[2025-03-12T04:56:32.948Z] FRONTEND:ORDERS - INFO: Wallet state changed in orders page
  Details: {
  "is_connected": true,
  "is_ready": true,
  "has_address": true,
  "has_effective_address": true,
  "using_auth_wallet": false,
  "log_destination": "orders",
  "timestamp": "2025-03-12T04:56:32.948Z"
}
[2025-03-12T04:56:34.081Z] FRONTEND:ORDERS - DEBUG: Successfully fetched user orders
  Details: {
  "orderCount": 0,
  "total": 0,
  "page": 1,
  "limit": 10,
  "log_destination": "orders",
  "timestamp": "2025-03-12T04:56:34.081Z"
}
[2025-03-12T04:56:34.081Z] FRONTEND:ORDERS - INFO: Orders fetched successfully
  Details: {
  "wallet_address": "0xAbf4...",
  "order_count": 0,
  "total_orders": 0,
  "page": 1,
  "limit": 10,
  "log_destination": "orders",
  "timestamp": "2025-03-12T04:56:34.081Z"
}
[2025-03-12T04:56:34.085Z] FRONTEND:ORDERS - INFO: Orders loaded
  Details: {
  "total_orders": 0,
  "status_filter": "all",
  "log_destination": "orders",
  "timestamp": "2025-03-12T04:56:34.085Z"
}
[2025-03-12T04:56:34.102Z] FRONTEND:ORDERS - INFO: OrderList component initialized
  Details: {
  "has_orders": false,
  "order_count": 0,
  "is_array": true,
  "is_null": false,
  "is_undefined": false,
  "current_page": 1,
  "total_pages": 1,
  "total_orders": 0,
  "log_destination": "orders",
  "timestamp": "2025-03-12T04:56:34.102Z"
}
[2025-03-12T04:56:34.103Z] FRONTEND:ORDERS - INFO: OrderList orders updated
  Details: {
  "has_orders": false,
  "order_count": 0,
  "is_array": true,
  "is_null": false,
  "is_undefined": false,
  "current_page": 1,
  "total_pages": 1,
  "total_orders": 0,
  "log_destination": "orders",
  "timestamp": "2025-03-12T04:56:34.103Z"
}
[2025-03-12T04:56:34.105Z] FRONTEND:ORDERS - INFO: OrderList component initialized
  Details: {
  "has_orders": false,
  "order_count": 0,
  "is_array": true,
  "is_null": false,
  "is_undefined": false,
  "current_page": 1,
  "total_pages": 1,
  "total_orders": 0,
  "log_destination": "orders",
  "timestamp": "2025-03-12T04:56:34.105Z"
}
[2025-03-12T04:56:34.106Z] FRONTEND:ORDERS - INFO: OrderList orders updated
  Details: {
  "has_orders": false,
  "order_count": 0,
  "is_array": true,
  "is_null": false,
  "is_undefined": false,
  "current_page": 1,
  "total_pages": 1,
  "total_orders": 0,
  "log_destination": "orders",
  "timestamp": "2025-03-12T04:56:34.106Z"
}
[2025-03-12T04:56:40.240Z] FRONTEND:ORDERS - INFO: Orders page initialized
  Details: {
  "is_connected": false,
  "is_ready": false,
  "has_address": true,
  "has_effective_address": true,
  "using_auth_wallet": false,
  "status_filter": "all",
  "log_destination": "orders",
  "timestamp": "2025-03-12T04:56:40.240Z"
}
[2025-03-12T04:56:40.240Z] FRONTEND:ORDERS - INFO: Fetching orders
  Details: {
  "wallet_address": "0xAbf4...",
  "page": 1,
  "limit": 10,
  "has_search": false,
  "log_destination": "orders",
  "timestamp": "2025-03-12T04:56:40.240Z"
}
[2025-03-12T04:56:40.240Z] FRONTEND:ORDERS - DEBUG: Fetching user orders
  Details: {
  "wallet_address": "0xAbf4fb1AC5E3c0Db693deC235F9D9BE1a29bcDc9",
  "page": 1,
  "limit": 10,
  "url": "/orders/user/0xAbf4fb1AC5E3c0Db693deC235F9D9BE1a29bcDc9",
  "log_destination": "orders",
  "timestamp": "2025-03-12T04:56:40.240Z"
}
[2025-03-12T04:56:40.253Z] FRONTEND:ORDERS - INFO: Wallet state changed in orders page
  Details: {
  "is_connected": false,
  "is_ready": false,
  "has_address": true,
  "has_effective_address": true,
  "using_auth_wallet": false,
  "log_destination": "orders",
  "timestamp": "2025-03-12T04:56:40.253Z"
}
[2025-03-12T04:56:40.586Z] FRONTEND:ORDERS - INFO: Wallet state changed in orders page
  Details: {
  "is_connected": true,
  "is_ready": false,
  "has_address": true,
  "has_effective_address": true,
  "using_auth_wallet": false,
  "log_destination": "orders",
  "timestamp": "2025-03-12T04:56:40.586Z"
}
[2025-03-12T04:56:40.597Z] FRONTEND:ORDERS - DEBUG: Successfully fetched user orders
  Details: {
  "orderCount": 0,
  "total": 0,
  "page": 1,
  "limit": 10,
  "log_destination": "orders",
  "timestamp": "2025-03-12T04:56:40.597Z"
}
[2025-03-12T04:56:40.597Z] FRONTEND:ORDERS - INFO: Orders fetched successfully
  Details: {
  "wallet_address": "0xAbf4...",
  "order_count": 0,
  "total_orders": 0,
  "page": 1,
  "limit": 10,
  "log_destination": "orders",
  "timestamp": "2025-03-12T04:56:40.597Z"
}
[2025-03-12T04:56:40.607Z] FRONTEND:ORDERS - INFO: Wallet state changed in orders page
  Details: {
  "is_connected": true,
  "is_ready": true,
  "has_address": true,
  "has_effective_address": true,
  "using_auth_wallet": false,
  "log_destination": "orders",
  "timestamp": "2025-03-12T04:56:40.607Z"
}
[2025-03-12T04:56:40.607Z] FRONTEND:ORDERS - INFO: Orders loaded
  Details: {
  "total_orders": 0,
  "status_filter": "all",
  "log_destination": "orders",
  "timestamp": "2025-03-12T04:56:40.607Z"
}
[2025-03-12T05:08:44.028Z] FRONTEND:ORDERS - INFO: Orders page initialized
  Details: {
  "is_connected": true,
  "is_ready": false,
  "has_address": true,
  "has_effective_address": true,
  "using_auth_wallet": false,
  "status_filter": "all",
  "log_destination": "orders",
  "timestamp": "2025-03-12T05:08:44.028Z"
}
[2025-03-12T05:08:44.029Z] FRONTEND:ORDERS - INFO: Fetching orders
  Details: {
  "wallet_address": "0xAbf4...",
  "page": 1,
  "limit": 10,
  "has_search": false,
  "log_destination": "orders",
  "timestamp": "2025-03-12T05:08:44.029Z"
}
[2025-03-12T05:08:44.029Z] FRONTEND:ORDERS - DEBUG: Fetching user orders
  Details: {
  "wallet_address": "0xAbf4fb1AC5E3c0Db693deC235F9D9BE1a29bcDc9",
  "page": 1,
  "limit": 10,
  "url": "/orders/user/0xAbf4fb1AC5E3c0Db693deC235F9D9BE1a29bcDc9",
  "log_destination": "orders",
  "timestamp": "2025-03-12T05:08:44.029Z"
}
[2025-03-12T05:08:44.037Z] FRONTEND:ORDERS - INFO: Orders page initialized
  Details: {
  "is_connected": true,
  "is_ready": false,
  "has_address": true,
  "has_effective_address": true,
  "using_auth_wallet": false,
  "status_filter": "all",
  "log_destination": "orders",
  "timestamp": "2025-03-12T05:08:44.037Z"
}
[2025-03-12T05:08:44.043Z] FRONTEND:ORDERS - INFO: Wallet state changed in orders page
  Details: {
  "is_connected": true,
  "is_ready": true,
  "has_address": true,
  "has_effective_address": true,
  "using_auth_wallet": false,
  "log_destination": "orders",
  "timestamp": "2025-03-12T05:08:44.043Z"
}
[2025-03-12T05:08:44.046Z] FRONTEND:ORDERS - WARN: Retrying fetch orders after 500 error
  Details: {
  "retries_left": 2,
  "retry_delay": 1000,
  "log_destination": "orders",
  "timestamp": "2025-03-12T05:08:44.046Z"
}
[2025-03-12T05:08:46.469Z] FRONTEND:ORDERS - DEBUG: Successfully fetched user orders
  Details: {
  "orderCount": 0,
  "total": 0,
  "page": 1,
  "limit": 10,
  "log_destination": "orders",
  "timestamp": "2025-03-12T05:08:46.469Z"
}
[2025-03-12T05:08:46.470Z] FRONTEND:ORDERS - INFO: Orders fetched successfully
  Details: {
  "wallet_address": "0xAbf4...",
  "order_count": 0,
  "total_orders": 0,
  "page": 1,
  "limit": 10,
  "log_destination": "orders",
  "timestamp": "2025-03-12T05:08:46.470Z"
}
[2025-03-12T05:08:46.475Z] FRONTEND:ORDERS - INFO: Orders loaded
  Details: {
  "total_orders": 0,
  "status_filter": "all",
  "log_destination": "orders",
  "timestamp": "2025-03-12T05:08:46.475Z"
}
[2025-03-12T05:08:46.493Z] FRONTEND:ORDERS - INFO: OrderList component initialized
  Details: {
  "has_orders": false,
  "order_count": 0,
  "is_array": true,
  "is_null": false,
  "is_undefined": false,
  "current_page": 1,
  "total_pages": 1,
  "total_orders": 0,
  "log_destination": "orders",
  "timestamp": "2025-03-12T05:08:46.493Z"
}
[2025-03-12T05:08:46.494Z] FRONTEND:ORDERS - INFO: OrderList orders updated
  Details: {
  "has_orders": false,
  "order_count": 0,
  "is_array": true,
  "is_null": false,
  "is_undefined": false,
  "current_page": 1,
  "total_pages": 1,
  "total_orders": 0,
  "log_destination": "orders",
  "timestamp": "2025-03-12T05:08:46.494Z"
}
[2025-03-12T05:08:46.495Z] FRONTEND:ORDERS - INFO: OrderList component initialized
  Details: {
  "has_orders": false,
  "order_count": 0,
  "is_array": true,
  "is_null": false,
  "is_undefined": false,
  "current_page": 1,
  "total_pages": 1,
  "total_orders": 0,
  "log_destination": "orders",
  "timestamp": "2025-03-12T05:08:46.495Z"
}
[2025-03-12T05:08:46.496Z] FRONTEND:ORDERS - INFO: OrderList orders updated
  Details: {
  "has_orders": false,
  "order_count": 0,
  "is_array": true,
  "is_null": false,
  "is_undefined": false,
  "current_page": 1,
  "total_pages": 1,
  "total_orders": 0,
  "log_destination": "orders",
  "timestamp": "2025-03-12T05:08:46.496Z"
}
[2025-03-12T05:08:50.741Z] FRONTEND:ORDERS - INFO: Orders page initialized
  Details: {
  "is_connected": false,
  "is_ready": false,
  "has_address": true,
  "has_effective_address": true,
  "using_auth_wallet": false,
  "status_filter": "all",
  "log_destination": "orders",
  "timestamp": "2025-03-12T05:08:50.741Z"
}
[2025-03-12T05:08:50.741Z] FRONTEND:ORDERS - INFO: Fetching orders
  Details: {
  "wallet_address": "0xAbf4...",
  "page": 1,
  "limit": 10,
  "has_search": false,
  "log_destination": "orders",
  "timestamp": "2025-03-12T05:08:50.741Z"
}
[2025-03-12T05:08:50.742Z] FRONTEND:ORDERS - DEBUG: Fetching user orders
  Details: {
  "wallet_address": "0xAbf4fb1AC5E3c0Db693deC235F9D9BE1a29bcDc9",
  "page": 1,
  "limit": 10,
  "url": "/orders/user/0xAbf4fb1AC5E3c0Db693deC235F9D9BE1a29bcDc9",
  "log_destination": "orders",
  "timestamp": "2025-03-12T05:08:50.742Z"
}
[2025-03-12T05:08:50.752Z] FRONTEND:ORDERS - INFO: Wallet state changed in orders page
  Details: {
  "is_connected": false,
  "is_ready": false,
  "has_address": true,
  "has_effective_address": true,
  "using_auth_wallet": false,
  "log_destination": "orders",
  "timestamp": "2025-03-12T05:08:50.752Z"
}
[2025-03-12T05:08:50.775Z] FRONTEND:ORDERS - INFO: Wallet state changed in orders page
  Details: {
  "is_connected": true,
  "is_ready": false,
  "has_address": true,
  "has_effective_address": true,
  "using_auth_wallet": false,
  "log_destination": "orders",
  "timestamp": "2025-03-12T05:08:50.775Z"
}
[2025-03-12T05:08:50.800Z] FRONTEND:ORDERS - INFO: Wallet state changed in orders page
  Details: {
  "is_connected": true,
  "is_ready": true,
  "has_address": true,
  "has_effective_address": true,
  "using_auth_wallet": false,
  "log_destination": "orders",
  "timestamp": "2025-03-12T05:08:50.800Z"
}
[2025-03-12T05:08:51.097Z] FRONTEND:ORDERS - DEBUG: Successfully fetched user orders
  Details: {
  "orderCount": 0,
  "total": 0,
  "page": 1,
  "limit": 10,
  "log_destination": "orders",
  "timestamp": "2025-03-12T05:08:51.097Z"
}
[2025-03-12T05:08:51.099Z] FRONTEND:ORDERS - INFO: Orders fetched successfully
  Details: {
  "wallet_address": "0xAbf4...",
  "order_count": 0,
  "total_orders": 0,
  "page": 1,
  "limit": 10,
  "log_destination": "orders",
  "timestamp": "2025-03-12T05:08:51.099Z"
}
[2025-03-12T05:08:51.113Z] FRONTEND:ORDERS - INFO: Orders loaded
  Details: {
  "total_orders": 0,
  "status_filter": "all",
  "log_destination": "orders",
  "timestamp": "2025-03-12T05:08:51.113Z"
}
[2025-03-12T05:09:40.336Z] FRONTEND:ORDERS - INFO: Orders page initialized
  Details: {
  "is_connected": true,
  "is_ready": false,
  "has_address": true,
  "has_effective_address": true,
  "using_auth_wallet": false,
  "status_filter": "all",
  "log_destination": "orders",
  "timestamp": "2025-03-12T05:09:40.336Z"
}
[2025-03-12T05:09:40.337Z] FRONTEND:ORDERS - INFO: Fetching orders
  Details: {
  "wallet_address": "0x0300...",
  "page": 1,
  "limit": 10,
  "has_search": false,
  "log_destination": "orders",
  "timestamp": "2025-03-12T05:09:40.337Z"
}
[2025-03-12T05:09:40.337Z] FRONTEND:ORDERS - DEBUG: Fetching user orders
  Details: {
  "wallet_address": "0x0300B70e40F138927e3a988ce4A9a069Ff875336",
  "page": 1,
  "limit": 10,
  "url": "/orders/user/0x0300B70e40F138927e3a988ce4A9a069Ff875336",
  "log_destination": "orders",
  "timestamp": "2025-03-12T05:09:40.337Z"
}
[2025-03-12T05:09:40.345Z] FRONTEND:ORDERS - INFO: Orders page initialized
  Details: {
  "is_connected": true,
  "is_ready": false,
  "has_address": true,
  "has_effective_address": true,
  "using_auth_wallet": false,
  "status_filter": "all",
  "log_destination": "orders",
  "timestamp": "2025-03-12T05:09:40.345Z"
}
[2025-03-12T05:09:40.349Z] FRONTEND:ORDERS - INFO: Wallet state changed in orders page
  Details: {
  "is_connected": true,
  "is_ready": true,
  "has_address": true,
  "has_effective_address": true,
  "using_auth_wallet": false,
  "log_destination": "orders",
  "timestamp": "2025-03-12T05:09:40.349Z"
}
[2025-03-12T05:09:40.870Z] FRONTEND:ORDERS - DEBUG: Successfully fetched user orders
  Details: {
  "orderCount": 2,
  "total": 2,
  "page": 1,
  "limit": 10,
  "firstOrderId": "ORD-001-TEST",
  "log_destination": "orders",
  "timestamp": "2025-03-12T05:09:40.870Z"
}
[2025-03-12T05:09:40.870Z] FRONTEND:ORDERS - INFO: Orders fetched successfully
  Details: {
  "wallet_address": "0x0300...",
  "order_count": 2,
  "total_orders": 2,
  "page": 1,
  "limit": 10,
  "log_destination": "orders",
  "timestamp": "2025-03-12T05:09:40.870Z"
}
[2025-03-12T05:09:40.876Z] FRONTEND:ORDERS - INFO: Orders loaded
  Details: {
  "total_orders": 2,
  "status_filter": "all",
  "log_destination": "orders",
  "timestamp": "2025-03-12T05:09:40.876Z"
}
[2025-03-12T05:09:40.927Z] FRONTEND:ORDERS - INFO: OrderList component initialized
  Details: {
  "has_orders": true,
  "order_count": 2,
  "is_array": true,
  "is_null": false,
  "is_undefined": false,
  "current_page": 1,
  "total_pages": 1,
  "total_orders": 0,
  "log_destination": "orders",
  "timestamp": "2025-03-12T05:09:40.927Z"
}
[2025-03-12T05:09:40.927Z] FRONTEND:ORDERS - INFO: OrderList orders updated
  Details: {
  "has_orders": true,
  "order_count": 2,
  "is_array": true,
  "is_null": false,
  "is_undefined": false,
  "current_page": 1,
  "total_pages": 1,
  "total_orders": 0,
  "log_destination": "orders",
  "timestamp": "2025-03-12T05:09:40.927Z"
}
[2025-03-12T05:09:40.928Z] FRONTEND:ORDERS - INFO: OrderList component initialized
  Details: {
  "has_orders": true,
  "order_count": 2,
  "is_array": true,
  "is_null": false,
  "is_undefined": false,
  "current_page": 1,
  "total_pages": 1,
  "total_orders": 0,
  "log_destination": "orders",
  "timestamp": "2025-03-12T05:09:40.928Z"
}
[2025-03-12T05:09:40.928Z] FRONTEND:ORDERS - INFO: OrderList orders updated
  Details: {
  "has_orders": true,
  "order_count": 2,
  "is_array": true,
  "is_null": false,
  "is_undefined": false,
  "current_page": 1,
  "total_pages": 1,
  "total_orders": 0,
  "log_destination": "orders",
  "timestamp": "2025-03-12T05:09:40.928Z"
}
[2025-03-12T05:09:58.642Z] FRONTEND:ORDERS - INFO: Orders page initialized
  Details: {
  "is_connected": false,
  "is_ready": false,
  "has_address": false,
  "has_effective_address": true,
  "using_auth_wallet": true,
  "status_filter": "all",
  "log_destination": "orders",
  "timestamp": "2025-03-12T05:09:58.642Z"
}
[2025-03-12T05:09:58.645Z] FRONTEND:ORDERS - INFO: Fetching orders
  Details: {
  "wallet_address": "0x0300...",
  "page": 1,
  "limit": 10,
  "has_search": false,
  "log_destination": "orders",
  "timestamp": "2025-03-12T05:09:58.645Z"
}
[2025-03-12T05:09:58.647Z] FRONTEND:ORDERS - DEBUG: Fetching user orders
  Details: {
  "wallet_address": "0x0300B70e40F138927e3a988ce4A9a069Ff875336",
  "page": 1,
  "limit": 10,
  "url": "/orders/user/0x0300B70e40F138927e3a988ce4A9a069Ff875336",
  "log_destination": "orders",
  "timestamp": "2025-03-12T05:09:58.647Z"
}
[2025-03-12T05:09:58.679Z] FRONTEND:ORDERS - INFO: Wallet state changed in orders page
  Details: {
  "is_connected": false,
  "is_ready": false,
  "has_address": false,
  "has_effective_address": false,
  "using_auth_wallet": false,
  "log_destination": "orders",
  "timestamp": "2025-03-12T05:09:58.679Z"
}
[2025-03-12T05:09:58.995Z] FRONTEND:ORDERS - INFO: Wallet state changed in orders page
  Details: {
  "is_connected": false,
  "is_ready": false,
  "has_address": true,
  "has_effective_address": true,
  "using_auth_wallet": false,
  "log_destination": "orders",
  "timestamp": "2025-03-12T05:09:58.995Z"
}
[2025-03-12T05:09:59.120Z] FRONTEND:ORDERS - DEBUG: Successfully fetched user orders
  Details: {
  "orderCount": 2,
  "total": 2,
  "page": 1,
  "limit": 10,
  "firstOrderId": "ORD-001-TEST",
  "log_destination": "orders",
  "timestamp": "2025-03-12T05:09:59.120Z"
}
[2025-03-12T05:09:59.121Z] FRONTEND:ORDERS - INFO: Orders fetched successfully
  Details: {
  "wallet_address": "0x0300...",
  "order_count": 2,
  "total_orders": 2,
  "page": 1,
  "limit": 10,
  "log_destination": "orders",
  "timestamp": "2025-03-12T05:09:59.121Z"
}
[2025-03-12T05:09:59.124Z] FRONTEND:ORDERS - INFO: Orders loaded
  Details: {
  "total_orders": 2,
  "status_filter": "all",
  "log_destination": "orders",
  "timestamp": "2025-03-12T05:09:59.124Z"
}
[2025-03-12T05:09:59.196Z] FRONTEND:ORDERS - INFO: Wallet state changed in orders page
  Details: {
  "is_connected": true,
  "is_ready": false,
  "has_address": true,
  "has_effective_address": true,
  "using_auth_wallet": false,
  "log_destination": "orders",
  "timestamp": "2025-03-12T05:09:59.196Z"
}
[2025-03-12T05:09:59.217Z] FRONTEND:ORDERS - INFO: Wallet state changed in orders page
  Details: {
  "is_connected": true,
  "is_ready": true,
  "has_address": true,
  "has_effective_address": true,
  "using_auth_wallet": false,
  "log_destination": "orders",
  "timestamp": "2025-03-12T05:09:59.217Z"
}
[2025-03-12T05:12:22.765Z] FRONTEND:ORDERS - INFO: Orders page initialized
  Details: {
  "is_connected": true,
  "is_ready": false,
  "has_address": true,
  "has_effective_address": true,
  "using_auth_wallet": false,
  "status_filter": "all",
  "log_destination": "orders",
  "timestamp": "2025-03-12T05:12:22.765Z"
}
[2025-03-12T05:12:22.765Z] FRONTEND:ORDERS - INFO: Fetching orders
  Details: {
  "wallet_address": "0x0300...",
  "page": 1,
  "limit": 10,
  "has_search": false,
  "log_destination": "orders",
  "timestamp": "2025-03-12T05:12:22.765Z"
}
[2025-03-12T05:12:22.765Z] FRONTEND:ORDERS - DEBUG: Fetching user orders
  Details: {
  "wallet_address": "0x0300B70e40F138927e3a988ce4A9a069Ff875336",
  "page": 1,
  "limit": 10,
  "url": "/orders/user/0x0300B70e40F138927e3a988ce4A9a069Ff875336",
  "log_destination": "orders",
  "timestamp": "2025-03-12T05:12:22.765Z"
}
[2025-03-12T05:12:22.766Z] FRONTEND:ORDERS - INFO: Orders loaded
  Details: {
  "total_orders": 2,
  "status_filter": "all",
  "log_destination": "orders",
  "timestamp": "2025-03-12T05:12:22.766Z"
}
[2025-03-12T05:12:22.771Z] FRONTEND:ORDERS - INFO: Orders page initialized
  Details: {
  "is_connected": true,
  "is_ready": false,
  "has_address": true,
  "has_effective_address": true,
  "using_auth_wallet": false,
  "status_filter": "all",
  "log_destination": "orders",
  "timestamp": "2025-03-12T05:12:22.771Z"
}
[2025-03-12T05:12:22.771Z] FRONTEND:ORDERS - INFO: Orders loaded
  Details: {
  "total_orders": 2,
  "status_filter": "all",
  "log_destination": "orders",
  "timestamp": "2025-03-12T05:12:22.771Z"
}
[2025-03-12T05:12:22.779Z] FRONTEND:ORDERS - INFO: Wallet state changed in orders page
  Details: {
  "is_connected": true,
  "is_ready": true,
  "has_address": true,
  "has_effective_address": true,
  "using_auth_wallet": false,
  "log_destination": "orders",
  "timestamp": "2025-03-12T05:12:22.779Z"
}
[2025-03-12T05:12:23.222Z] FRONTEND:ORDERS - DEBUG: Successfully fetched user orders
  Details: {
  "orderCount": 2,
  "total": 2,
  "page": 1,
  "limit": 10,
  "firstOrderId": "ORD-001-TEST",
  "log_destination": "orders",
  "timestamp": "2025-03-12T05:12:23.222Z"
}
[2025-03-12T05:12:23.223Z] FRONTEND:ORDERS - INFO: Orders fetched successfully
  Details: {
  "wallet_address": "0x0300...",
  "order_count": 2,
  "total_orders": 2,
  "page": 1,
  "limit": 10,
  "log_destination": "orders",
  "timestamp": "2025-03-12T05:12:23.223Z"
}
[2025-03-12T05:13:04.556Z] FRONTEND:ORDERS - INFO: Orders page initialized
  Details: {
  "is_connected": true,
  "is_ready": false,
  "has_address": true,
  "has_effective_address": true,
  "using_auth_wallet": false,
  "status_filter": "all",
  "log_destination": "orders",
  "timestamp": "2025-03-12T05:13:04.556Z"
}
[2025-03-12T05:13:04.563Z] FRONTEND:ORDERS - INFO: Orders page initialized
  Details: {
  "is_connected": true,
  "is_ready": false,
  "has_address": true,
  "has_effective_address": true,
  "using_auth_wallet": false,
  "status_filter": "all",
  "log_destination": "orders",
  "timestamp": "2025-03-12T05:13:04.563Z"
}
[2025-03-12T05:13:04.579Z] FRONTEND:ORDERS - INFO: Wallet state changed in orders page
  Details: {
  "is_connected": true,
  "is_ready": true,
  "has_address": true,
  "has_effective_address": true,
  "using_auth_wallet": false,
  "log_destination": "orders",
  "timestamp": "2025-03-12T05:13:04.578Z"
}
[2025-03-12T05:13:04.598Z] FRONTEND:ORDERS - ERROR: Order Error: OrderList received null orders
  Details: {
  "current_page": 1,
  "log_destination": "orders",
  "timestamp": "2025-03-12T05:13:04.598Z"
}
[2025-03-12T05:13:04.599Z] FRONTEND:ORDERS - ERROR: Order Error: OrderList received null orders
  Details: {
  "current_page": 1,
  "log_destination": "orders",
  "timestamp": "2025-03-12T05:13:04.599Z"
}
[2025-03-12T05:13:04.619Z] FRONTEND:ORDERS - INFO: OrderList component initialized
  Details: {
  "has_orders": false,
  "order_count": 0,
  "is_array": false,
  "is_null": true,
  "is_undefined": false,
  "current_page": 1,
  "total_pages": 1,
  "total_orders": 0,
  "log_destination": "orders",
  "timestamp": "2025-03-12T05:13:04.619Z"
}
[2025-03-12T05:13:04.619Z] FRONTEND:ORDERS - INFO: OrderList orders updated
  Details: {
  "has_orders": false,
  "order_count": 0,
  "is_array": false,
  "is_null": true,
  "is_undefined": false,
  "current_page": 1,
  "total_pages": 1,
  "total_orders": 0,
  "log_destination": "orders",
  "timestamp": "2025-03-12T05:13:04.619Z"
}
[2025-03-12T05:13:04.620Z] FRONTEND:ORDERS - INFO: OrderList component initialized
  Details: {
  "has_orders": false,
  "order_count": 0,
  "is_array": false,
  "is_null": true,
  "is_undefined": false,
  "current_page": 1,
  "total_pages": 1,
  "total_orders": 0,
  "log_destination": "orders",
  "timestamp": "2025-03-12T05:13:04.620Z"
}
[2025-03-12T05:13:04.620Z] FRONTEND:ORDERS - INFO: OrderList orders updated
  Details: {
  "has_orders": false,
  "order_count": 0,
  "is_array": false,
  "is_null": true,
  "is_undefined": false,
  "current_page": 1,
  "total_pages": 1,
  "total_orders": 0,
  "log_destination": "orders",
  "timestamp": "2025-03-12T05:13:04.620Z"
}
[2025-03-12T05:13:08.991Z] FRONTEND:ORDERS - INFO: Orders page initialized
  Details: {
  "is_connected": false,
  "is_ready": false,
  "has_address": true,
  "has_effective_address": true,
  "using_auth_wallet": false,
  "status_filter": "all",
  "log_destination": "orders",
  "timestamp": "2025-03-12T05:13:08.991Z"
}
[2025-03-12T05:13:08.992Z] FRONTEND:ORDERS - INFO: Fetching orders
  Details: {
  "wallet_address": "0x0300...",
  "page": 1,
  "limit": 10,
  "has_search": false,
  "log_destination": "orders",
  "timestamp": "2025-03-12T05:13:08.992Z"
}
[2025-03-12T05:13:08.992Z] FRONTEND:ORDERS - DEBUG: Fetching user orders
  Details: {
  "wallet_address": "0x0300B70e40F138927e3a988ce4A9a069Ff875336",
  "page": 1,
  "limit": 10,
  "url": "/orders/user/0x0300B70e40F138927e3a988ce4A9a069Ff875336",
  "log_destination": "orders",
  "timestamp": "2025-03-12T05:13:08.992Z"
}
[2025-03-12T05:13:09.004Z] FRONTEND:ORDERS - INFO: Wallet state changed in orders page
  Details: {
  "is_connected": false,
  "is_ready": false,
  "has_address": true,
  "has_effective_address": true,
  "using_auth_wallet": false,
  "log_destination": "orders",
  "timestamp": "2025-03-12T05:13:09.004Z"
}
[2025-03-12T05:13:09.395Z] FRONTEND:ORDERS - INFO: Wallet state changed in orders page
  Details: {
  "is_connected": true,
  "is_ready": false,
  "has_address": true,
  "has_effective_address": true,
  "using_auth_wallet": false,
  "log_destination": "orders",
  "timestamp": "2025-03-12T05:13:09.395Z"
}
[2025-03-12T05:13:09.403Z] FRONTEND:ORDERS - INFO: Wallet state changed in orders page
  Details: {
  "is_connected": true,
  "is_ready": true,
  "has_address": true,
  "has_effective_address": true,
  "using_auth_wallet": false,
  "log_destination": "orders",
  "timestamp": "2025-03-12T05:13:09.403Z"
}
[2025-03-12T05:13:26.749Z] FRONTEND:ORDERS - INFO: Orders page initialized
  Details: {
  "is_connected": false,
  "is_ready": false,
  "has_address": true,
  "has_effective_address": true,
  "using_auth_wallet": false,
  "status_filter": "all",
  "log_destination": "orders",
  "timestamp": "2025-03-12T05:13:26.749Z"
}
[2025-03-12T05:13:26.749Z] FRONTEND:ORDERS - INFO: Fetching orders
  Details: {
  "wallet_address": "0x0300...",
  "page": 1,
  "limit": 10,
  "has_search": false,
  "log_destination": "orders",
  "timestamp": "2025-03-12T05:13:26.749Z"
}
[2025-03-12T05:13:26.749Z] FRONTEND:ORDERS - DEBUG: Fetching user orders
  Details: {
  "wallet_address": "0x0300B70e40F138927e3a988ce4A9a069Ff875336",
  "page": 1,
  "limit": 10,
  "url": "/orders/user/0x0300B70e40F138927e3a988ce4A9a069Ff875336",
  "log_destination": "orders",
  "timestamp": "2025-03-12T05:13:26.749Z"
}
[2025-03-12T05:13:26.757Z] FRONTEND:ORDERS - INFO: Wallet state changed in orders page
  Details: {
  "is_connected": false,
  "is_ready": false,
  "has_address": true,
  "has_effective_address": true,
  "using_auth_wallet": false,
  "log_destination": "orders",
  "timestamp": "2025-03-12T05:13:26.757Z"
}
[2025-03-12T05:13:26.989Z] FRONTEND:ORDERS - INFO: Wallet state changed in orders page
  Details: {
  "is_connected": true,
  "is_ready": false,
  "has_address": true,
  "has_effective_address": true,
  "using_auth_wallet": false,
  "log_destination": "orders",
  "timestamp": "2025-03-12T05:13:26.989Z"
}
[2025-03-12T05:13:27.008Z] FRONTEND:ORDERS - INFO: Wallet state changed in orders page
  Details: {
  "is_connected": true,
  "is_ready": true,
  "has_address": true,
  "has_effective_address": true,
  "using_auth_wallet": false,
  "log_destination": "orders",
  "timestamp": "2025-03-12T05:13:27.008Z"
}
[2025-03-12T05:13:28.182Z] FRONTEND:ORDERS - WARN: Retrying fetch orders after 500 error
  Details: {
  "retries_left": 2,
  "retry_delay": 1000,
  "log_destination": "orders",
  "timestamp": "2025-03-12T05:13:28.182Z"
}
[2025-03-12T05:13:29.194Z] FRONTEND:ORDERS - WARN: Retrying fetch orders after 500 error
  Details: {
  "retries_left": 1,
  "retry_delay": 1000,
  "log_destination": "orders",
  "timestamp": "2025-03-12T05:13:29.194Z"
}
[2025-03-12T05:13:30.219Z] FRONTEND:ORDERS - WARN: Retrying fetch orders after 500 error
  Details: {
  "retries_left": 0,
  "retry_delay": 1000,
  "log_destination": "orders",
  "timestamp": "2025-03-12T05:13:30.219Z"
}
[2025-03-12T05:13:31.227Z] FRONTEND:ORDERS - ERROR: Order Error: Request failed with status code 500
  Details: {
  "stack": "AxiosError: Request failed with status code 500\n    at settle (webpack-internal:///(app-pages-browser)/./node_modules/axios/lib/core/settle.js:24:12)\n    at XMLHttpRequest.onloadend (webpack-internal:///(app-pages-browser)/./node_modules/axios/lib/adapters/xhr.js:73:66)\n    at Axios.request (webpack-internal:///(app-pages-browser)/./node_modules/axios/lib/core/Axios.js:57:41)\n    at async eval (webpack-internal:///(app-pages-browser)/./src/api/orders.ts:89:32)\n    at async makeRequest (webpack-internal:///(app-pages-browser)/./src/api/orders.ts:40:16)\n    at async Object.getUserOrders (webpack-internal:///(app-pages-browser)/./src/api/orders.ts:88:30)\n    at async useOrders.useQuery (webpack-internal:///(app-pages-browser)/./src/hooks/useOrders.ts:48:38)",
  "status": 500,
  "url": "http://127.0.0.1:8000/orders/user/0x0300B70e40F138927e3a988ce4A9a069Ff875336",
  "method": "get",
  "response_data": {
    "detail": "Failed to fetch orders"
  },
  "log_destination": "orders",
  "timestamp": "2025-03-12T05:13:31.227Z"
}
[2025-03-12T05:13:31.229Z] FRONTEND:ORDERS - ERROR: Order Error: Failed to fetch orders: Request failed with status code 500
  Details: {
  "stack": "Error: Failed to fetch orders: Request failed with status code 500\n    at handleApiError (webpack-internal:///(app-pages-browser)/./src/api/orders.ts:30:15)\n    at Object.getUserOrders (webpack-internal:///(app-pages-browser)/./src/api/orders.ts:121:13)\n    at async useOrders.useQuery (webpack-internal:///(app-pages-browser)/./src/hooks/useOrders.ts:48:38)",
  "wallet_address": "0x0300...",
  "page": 1,
  "limit": 10,
  "log_destination": "orders",
  "timestamp": "2025-03-12T05:13:31.229Z"
}
[2025-03-12T05:13:32.238Z] FRONTEND:ORDERS - INFO: Fetching orders
  Details: {
  "wallet_address": "0x0300...",
  "page": 1,
  "limit": 10,
  "has_search": false,
  "log_destination": "orders",
  "timestamp": "2025-03-12T05:13:32.238Z"
}
[2025-03-12T05:13:32.240Z] FRONTEND:ORDERS - DEBUG: Fetching user orders
  Details: {
  "wallet_address": "0x0300B70e40F138927e3a988ce4A9a069Ff875336",
  "page": 1,
  "limit": 10,
  "url": "/orders/user/0x0300B70e40F138927e3a988ce4A9a069Ff875336",
  "log_destination": "orders",
  "timestamp": "2025-03-12T05:13:32.240Z"
}
[2025-03-12T05:13:32.253Z] FRONTEND:ORDERS - WARN: Retrying fetch orders after 500 error
  Details: {
  "retries_left": 2,
  "retry_delay": 1000,
  "log_destination": "orders",
  "timestamp": "2025-03-12T05:13:32.253Z"
}
[2025-03-12T05:13:33.262Z] FRONTEND:ORDERS - WARN: Retrying fetch orders after 500 error
  Details: {
  "retries_left": 1,
  "retry_delay": 1000,
  "log_destination": "orders",
  "timestamp": "2025-03-12T05:13:33.262Z"
}
[2025-03-12T05:13:34.272Z] FRONTEND:ORDERS - WARN: Retrying fetch orders after 500 error
  Details: {
  "retries_left": 0,
  "retry_delay": 1000,
  "log_destination": "orders",
  "timestamp": "2025-03-12T05:13:34.272Z"
}
[2025-03-12T05:13:35.285Z] FRONTEND:ORDERS - ERROR: Order Error: Request failed with status code 500
  Details: {
  "stack": "AxiosError: Request failed with status code 500\n    at settle (webpack-internal:///(app-pages-browser)/./node_modules/axios/lib/core/settle.js:24:12)\n    at XMLHttpRequest.onloadend (webpack-internal:///(app-pages-browser)/./node_modules/axios/lib/adapters/xhr.js:73:66)\n    at Axios.request (webpack-internal:///(app-pages-browser)/./node_modules/axios/lib/core/Axios.js:57:41)\n    at async eval (webpack-internal:///(app-pages-browser)/./src/api/orders.ts:89:32)\n    at async makeRequest (webpack-internal:///(app-pages-browser)/./src/api/orders.ts:40:16)\n    at async Object.getUserOrders (webpack-internal:///(app-pages-browser)/./src/api/orders.ts:88:30)\n    at async useOrders.useQuery (webpack-internal:///(app-pages-browser)/./src/hooks/useOrders.ts:48:38)",
  "status": 500,
  "url": "http://127.0.0.1:8000/orders/user/0x0300B70e40F138927e3a988ce4A9a069Ff875336",
  "method": "get",
  "response_data": {
    "detail": "Failed to fetch orders"
  },
  "log_destination": "orders",
  "timestamp": "2025-03-12T05:13:35.285Z"
}
[2025-03-12T05:13:35.287Z] FRONTEND:ORDERS - ERROR: Order Error: Failed to fetch orders: Request failed with status code 500
  Details: {
  "stack": "Error: Failed to fetch orders: Request failed with status code 500\n    at handleApiError (webpack-internal:///(app-pages-browser)/./src/api/orders.ts:30:15)\n    at Object.getUserOrders (webpack-internal:///(app-pages-browser)/./src/api/orders.ts:121:13)\n    at async useOrders.useQuery (webpack-internal:///(app-pages-browser)/./src/hooks/useOrders.ts:48:38)",
  "wallet_address": "0x0300...",
  "page": 1,
  "limit": 10,
  "log_destination": "orders",
  "timestamp": "2025-03-12T05:13:35.287Z"
}
[2025-03-12T05:13:37.151Z] FRONTEND:ORDERS - INFO: Wallet state changed in orders page
  Details: {
  "is_connected": false,
  "is_ready": true,
  "has_address": false,
  "has_effective_address": true,
  "using_auth_wallet": true,
  "log_destination": "orders",
  "timestamp": "2025-03-12T05:13:37.151Z"
}
[2025-03-12T05:13:37.175Z] FRONTEND:ORDERS - INFO: Wallet state changed in orders page
  Details: {
  "is_connected": false,
  "is_ready": false,
  "has_address": false,
  "has_effective_address": false,
  "using_auth_wallet": false,
  "log_destination": "orders",
  "timestamp": "2025-03-12T05:13:37.175Z"
}
[2025-03-12T05:14:17.143Z] FRONTEND:ORDERS - INFO: Orders page initialized
  Details: {
  "is_connected": true,
  "is_ready": false,
  "has_address": true,
  "has_effective_address": true,
  "using_auth_wallet": false,
  "status_filter": "all",
  "log_destination": "orders",
  "timestamp": "2025-03-12T05:14:17.143Z"
}
[2025-03-12T05:14:17.143Z] FRONTEND:ORDERS - INFO: Fetching orders
  Details: {
  "wallet_address": "0x5062...",
  "page": 1,
  "limit": 10,
  "has_search": false,
  "log_destination": "orders",
  "timestamp": "2025-03-12T05:14:17.143Z"
}
[2025-03-12T05:14:17.144Z] FRONTEND:ORDERS - DEBUG: Fetching user orders
  Details: {
  "wallet_address": "0x50629C71967908D5C871A5eDAdDC853E2782E809",
  "page": 1,
  "limit": 10,
  "url": "/orders/user/0x50629C71967908D5C871A5eDAdDC853E2782E809",
  "log_destination": "orders",
  "timestamp": "2025-03-12T05:14:17.144Z"
}
[2025-03-12T05:14:17.149Z] FRONTEND:ORDERS - INFO: Orders page initialized
  Details: {
  "is_connected": true,
  "is_ready": false,
  "has_address": true,
  "has_effective_address": true,
  "using_auth_wallet": false,
  "status_filter": "all",
  "log_destination": "orders",
  "timestamp": "2025-03-12T05:14:17.149Z"
}
[2025-03-12T05:14:17.153Z] FRONTEND:ORDERS - INFO: Wallet state changed in orders page
  Details: {
  "is_connected": true,
  "is_ready": true,
  "has_address": true,
  "has_effective_address": true,
  "using_auth_wallet": false,
  "log_destination": "orders",
  "timestamp": "2025-03-12T05:14:17.152Z"
}
[2025-03-12T05:14:17.156Z] FRONTEND:ORDERS - WARN: Retrying fetch orders after 500 error
  Details: {
  "retries_left": 2,
  "retry_delay": 1000,
  "log_destination": "orders",
  "timestamp": "2025-03-12T05:14:17.156Z"
}
[2025-03-12T05:14:18.179Z] FRONTEND:ORDERS - WARN: Retrying fetch orders after 500 error
  Details: {
  "retries_left": 1,
  "retry_delay": 1000,
  "log_destination": "orders",
  "timestamp": "2025-03-12T05:14:18.179Z"
}
[2025-03-12T05:14:19.200Z] FRONTEND:ORDERS - WARN: Retrying fetch orders after 500 error
  Details: {
  "retries_left": 0,
  "retry_delay": 1000,
  "log_destination": "orders",
  "timestamp": "2025-03-12T05:14:19.200Z"
}
[2025-03-12T05:14:20.218Z] FRONTEND:ORDERS - ERROR: Order Error: Request failed with status code 500
  Details: {
  "stack": "AxiosError: Request failed with status code 500\n    at settle (webpack-internal:///(app-pages-browser)/./node_modules/axios/lib/core/settle.js:24:12)\n    at XMLHttpRequest.onloadend (webpack-internal:///(app-pages-browser)/./node_modules/axios/lib/adapters/xhr.js:73:66)\n    at Axios.request (webpack-internal:///(app-pages-browser)/./node_modules/axios/lib/core/Axios.js:57:41)\n    at async eval (webpack-internal:///(app-pages-browser)/./src/api/orders.ts:89:32)\n    at async makeRequest (webpack-internal:///(app-pages-browser)/./src/api/orders.ts:40:16)\n    at async Object.getUserOrders (webpack-internal:///(app-pages-browser)/./src/api/orders.ts:88:30)\n    at async useOrders.useQuery (webpack-internal:///(app-pages-browser)/./src/hooks/useOrders.ts:48:38)",
  "status": 500,
  "url": "http://127.0.0.1:8000/orders/user/0x50629C71967908D5C871A5eDAdDC853E2782E809",
  "method": "get",
  "response_data": {
    "detail": "Failed to fetch orders"
  },
  "log_destination": "orders",
  "timestamp": "2025-03-12T05:14:20.218Z"
}
[2025-03-12T05:14:20.226Z] FRONTEND:ORDERS - ERROR: Order Error: Failed to fetch orders: Request failed with status code 500
  Details: {
  "stack": "Error: Failed to fetch orders: Request failed with status code 500\n    at handleApiError (webpack-internal:///(app-pages-browser)/./src/api/orders.ts:30:15)\n    at Object.getUserOrders (webpack-internal:///(app-pages-browser)/./src/api/orders.ts:121:13)\n    at async useOrders.useQuery (webpack-internal:///(app-pages-browser)/./src/hooks/useOrders.ts:48:38)",
  "wallet_address": "0x5062...",
  "page": 1,
  "limit": 10,
  "log_destination": "orders",
  "timestamp": "2025-03-12T05:14:20.226Z"
}
[2025-03-12T05:14:21.239Z] FRONTEND:ORDERS - INFO: Fetching orders
  Details: {
  "wallet_address": "0x5062...",
  "page": 1,
  "limit": 10,
  "has_search": false,
  "log_destination": "orders",
  "timestamp": "2025-03-12T05:14:21.239Z"
}
[2025-03-12T05:14:21.240Z] FRONTEND:ORDERS - DEBUG: Fetching user orders
  Details: {
  "wallet_address": "0x50629C71967908D5C871A5eDAdDC853E2782E809",
  "page": 1,
  "limit": 10,
  "url": "/orders/user/0x50629C71967908D5C871A5eDAdDC853E2782E809",
  "log_destination": "orders",
  "timestamp": "2025-03-12T05:14:21.240Z"
}
[2025-03-12T05:14:21.255Z] FRONTEND:ORDERS - WARN: Retrying fetch orders after 500 error
  Details: {
  "retries_left": 2,
  "retry_delay": 1000,
  "log_destination": "orders",
  "timestamp": "2025-03-12T05:14:21.255Z"
}
[2025-03-12T05:14:22.284Z] FRONTEND:ORDERS - WARN: Retrying fetch orders after 500 error
  Details: {
  "retries_left": 1,
  "retry_delay": 1000,
  "log_destination": "orders",
  "timestamp": "2025-03-12T05:14:22.284Z"
}
[2025-03-12T05:14:23.294Z] FRONTEND:ORDERS - WARN: Retrying fetch orders after 500 error
  Details: {
  "retries_left": 0,
  "retry_delay": 1000,
  "log_destination": "orders",
  "timestamp": "2025-03-12T05:14:23.294Z"
}
[2025-03-12T05:14:24.318Z] FRONTEND:ORDERS - ERROR: Order Error: Request failed with status code 500
  Details: {
  "stack": "AxiosError: Request failed with status code 500\n    at settle (webpack-internal:///(app-pages-browser)/./node_modules/axios/lib/core/settle.js:24:12)\n    at XMLHttpRequest.onloadend (webpack-internal:///(app-pages-browser)/./node_modules/axios/lib/adapters/xhr.js:73:66)\n    at Axios.request (webpack-internal:///(app-pages-browser)/./node_modules/axios/lib/core/Axios.js:57:41)\n    at async eval (webpack-internal:///(app-pages-browser)/./src/api/orders.ts:89:32)\n    at async makeRequest (webpack-internal:///(app-pages-browser)/./src/api/orders.ts:40:16)\n    at async Object.getUserOrders (webpack-internal:///(app-pages-browser)/./src/api/orders.ts:88:30)\n    at async useOrders.useQuery (webpack-internal:///(app-pages-browser)/./src/hooks/useOrders.ts:48:38)",
  "status": 500,
  "url": "http://127.0.0.1:8000/orders/user/0x50629C71967908D5C871A5eDAdDC853E2782E809",
  "method": "get",
  "response_data": {
    "detail": "Failed to fetch orders"
  },
  "log_destination": "orders",
  "timestamp": "2025-03-12T05:14:24.318Z"
}
[2025-03-12T05:14:24.319Z] FRONTEND:ORDERS - ERROR: Order Error: Failed to fetch orders: Request failed with status code 500
  Details: {
  "stack": "Error: Failed to fetch orders: Request failed with status code 500\n    at handleApiError (webpack-internal:///(app-pages-browser)/./src/api/orders.ts:30:15)\n    at Object.getUserOrders (webpack-internal:///(app-pages-browser)/./src/api/orders.ts:121:13)\n    at async useOrders.useQuery (webpack-internal:///(app-pages-browser)/./src/hooks/useOrders.ts:48:38)",
  "wallet_address": "0x5062...",
  "page": 1,
  "limit": 10,
  "log_destination": "orders",
  "timestamp": "2025-03-12T05:14:24.319Z"
}
[2025-03-12T05:14:26.335Z] FRONTEND:ORDERS - INFO: Fetching orders
  Details: {
  "wallet_address": "0x5062...",
  "page": 1,
  "limit": 10,
  "has_search": false,
  "log_destination": "orders",
  "timestamp": "2025-03-12T05:14:26.335Z"
}
[2025-03-12T05:14:26.336Z] FRONTEND:ORDERS - DEBUG: Fetching user orders
  Details: {
  "wallet_address": "0x50629C71967908D5C871A5eDAdDC853E2782E809",
  "page": 1,
  "limit": 10,
  "url": "/orders/user/0x50629C71967908D5C871A5eDAdDC853E2782E809",
  "log_destination": "orders",
  "timestamp": "2025-03-12T05:14:26.336Z"
}
[2025-03-12T05:14:26.343Z] FRONTEND:ORDERS - WARN: Retrying fetch orders after 500 error
  Details: {
  "retries_left": 2,
  "retry_delay": 1000,
  "log_destination": "orders",
  "timestamp": "2025-03-12T05:14:26.343Z"
}
[2025-03-12T05:14:27.366Z] FRONTEND:ORDERS - WARN: Retrying fetch orders after 500 error
  Details: {
  "retries_left": 1,
  "retry_delay": 1000,
  "log_destination": "orders",
  "timestamp": "2025-03-12T05:14:27.366Z"
}
[2025-03-12T05:14:28.385Z] FRONTEND:ORDERS - WARN: Retrying fetch orders after 500 error
  Details: {
  "retries_left": 0,
  "retry_delay": 1000,
  "log_destination": "orders",
  "timestamp": "2025-03-12T05:14:28.385Z"
}
[2025-03-12T05:14:29.401Z] FRONTEND:ORDERS - ERROR: Order Error: Failed to fetch orders: Request failed with status code 500
  Details: {
  "stack": "Error: Failed to fetch orders: Request failed with status code 500\n    at handleApiError (webpack-internal:///(app-pages-browser)/./src/api/orders.ts:30:15)\n    at Object.getUserOrders (webpack-internal:///(app-pages-browser)/./src/api/orders.ts:121:13)\n    at async useOrders.useQuery (webpack-internal:///(app-pages-browser)/./src/hooks/useOrders.ts:48:38)",
  "wallet_address": "0x5062...",
  "page": 1,
  "limit": 10,
  "log_destination": "orders",
  "timestamp": "2025-03-12T05:14:29.401Z"
}
[2025-03-12T05:14:29.400Z] FRONTEND:ORDERS - ERROR: Order Error: Request failed with status code 500
  Details: {
  "stack": "AxiosError: Request failed with status code 500\n    at settle (webpack-internal:///(app-pages-browser)/./node_modules/axios/lib/core/settle.js:24:12)\n    at XMLHttpRequest.onloadend (webpack-internal:///(app-pages-browser)/./node_modules/axios/lib/adapters/xhr.js:73:66)\n    at Axios.request (webpack-internal:///(app-pages-browser)/./node_modules/axios/lib/core/Axios.js:57:41)\n    at async eval (webpack-internal:///(app-pages-browser)/./src/api/orders.ts:89:32)\n    at async makeRequest (webpack-internal:///(app-pages-browser)/./src/api/orders.ts:40:16)\n    at async Object.getUserOrders (webpack-internal:///(app-pages-browser)/./src/api/orders.ts:88:30)\n    at async useOrders.useQuery (webpack-internal:///(app-pages-browser)/./src/hooks/useOrders.ts:48:38)",
  "status": 500,
  "url": "http://127.0.0.1:8000/orders/user/0x50629C71967908D5C871A5eDAdDC853E2782E809",
  "method": "get",
  "response_data": {
    "detail": "Failed to fetch orders"
  },
  "log_destination": "orders",
  "timestamp": "2025-03-12T05:14:29.400Z"
}
[2025-03-12T05:14:33.405Z] FRONTEND:ORDERS - INFO: Fetching orders
  Details: {
  "wallet_address": "0x5062...",
  "page": 1,
  "limit": 10,
  "has_search": false,
  "log_destination": "orders",
  "timestamp": "2025-03-12T05:14:33.405Z"
}
[2025-03-12T05:14:33.406Z] FRONTEND:ORDERS - DEBUG: Fetching user orders
  Details: {
  "wallet_address": "0x50629C71967908D5C871A5eDAdDC853E2782E809",
  "page": 1,
  "limit": 10,
  "url": "/orders/user/0x50629C71967908D5C871A5eDAdDC853E2782E809",
  "log_destination": "orders",
  "timestamp": "2025-03-12T05:14:33.406Z"
}
[2025-03-12T05:14:33.422Z] FRONTEND:ORDERS - WARN: Retrying fetch orders after 500 error
  Details: {
  "retries_left": 2,
  "retry_delay": 1000,
  "log_destination": "orders",
  "timestamp": "2025-03-12T05:14:33.422Z"
}
[2025-03-12T05:14:34.445Z] FRONTEND:ORDERS - WARN: Retrying fetch orders after 500 error
  Details: {
  "retries_left": 1,
  "retry_delay": 1000,
  "log_destination": "orders",
  "timestamp": "2025-03-12T05:14:34.445Z"
}
[2025-03-12T05:14:35.462Z] FRONTEND:ORDERS - WARN: Retrying fetch orders after 500 error
  Details: {
  "retries_left": 0,
  "retry_delay": 1000,
  "log_destination": "orders",
  "timestamp": "2025-03-12T05:14:35.462Z"
}
[2025-03-12T05:14:39.415Z] FRONTEND:ORDERS - INFO: Orders page initialized
  Details: {
  "is_connected": false,
  "is_ready": false,
  "has_address": true,
  "has_effective_address": true,
  "using_auth_wallet": false,
  "status_filter": "all",
  "log_destination": "orders",
  "timestamp": "2025-03-12T05:14:39.415Z"
}
[2025-03-12T05:14:39.416Z] FRONTEND:ORDERS - INFO: Fetching orders
  Details: {
  "wallet_address": "0x5062...",
  "page": 1,
  "limit": 10,
  "has_search": false,
  "log_destination": "orders",
  "timestamp": "2025-03-12T05:14:39.416Z"
}
[2025-03-12T05:14:39.416Z] FRONTEND:ORDERS - DEBUG: Fetching user orders
  Details: {
  "wallet_address": "0x50629C71967908D5C871A5eDAdDC853E2782E809",
  "page": 1,
  "limit": 10,
  "url": "/orders/user/0x50629C71967908D5C871A5eDAdDC853E2782E809",
  "log_destination": "orders",
  "timestamp": "2025-03-12T05:14:39.416Z"
}
[2025-03-12T05:14:39.432Z] FRONTEND:ORDERS - INFO: Wallet state changed in orders page
  Details: {
  "is_connected": false,
  "is_ready": false,
  "has_address": true,
  "has_effective_address": true,
  "using_auth_wallet": false,
  "log_destination": "orders",
  "timestamp": "2025-03-12T05:14:39.432Z"
}
[2025-03-12T05:14:39.445Z] FRONTEND:ORDERS - WARN: Retrying fetch orders after 500 error
  Details: {
  "retries_left": 2,
  "retry_delay": 1000,
  "log_destination": "orders",
  "timestamp": "2025-03-12T05:14:39.445Z"
}
[2025-03-12T05:14:39.833Z] FRONTEND:ORDERS - INFO: Wallet state changed in orders page
  Details: {
  "is_connected": true,
  "is_ready": false,
  "has_address": true,
  "has_effective_address": true,
  "using_auth_wallet": false,
  "log_destination": "orders",
  "timestamp": "2025-03-12T05:14:39.833Z"
}
[2025-03-12T05:14:39.843Z] FRONTEND:ORDERS - INFO: Wallet state changed in orders page
  Details: {
  "is_connected": true,
  "is_ready": true,
  "has_address": true,
  "has_effective_address": true,
  "using_auth_wallet": false,
  "log_destination": "orders",
  "timestamp": "2025-03-12T05:14:39.843Z"
}
[2025-03-12T05:14:40.713Z] FRONTEND:ORDERS - ERROR: Order Error: Network Error
  Details: {
  "stack": "AxiosError: Network Error\n    at XMLHttpRequest.handleError (webpack-internal:///(app-pages-browser)/./node_modules/axios/lib/adapters/xhr.js:124:14)\n    at Axios.request (webpack-internal:///(app-pages-browser)/./node_modules/axios/lib/core/Axios.js:57:41)\n    at async eval (webpack-internal:///(app-pages-browser)/./src/api/orders.ts:89:32)\n    at async makeRequest (webpack-internal:///(app-pages-browser)/./src/api/orders.ts:40:16)\n    at async Object.getUserOrders (webpack-internal:///(app-pages-browser)/./src/api/orders.ts:88:30)\n    at async useOrders.useQuery (webpack-internal:///(app-pages-browser)/./src/hooks/useOrders.ts:48:38)",
  "url": "http://127.0.0.1:8000/orders/user/0x50629C71967908D5C871A5eDAdDC853E2782E809",
  "method": "get",
  "log_destination": "orders",
  "timestamp": "2025-03-12T05:14:40.713Z"
}
[2025-03-12T05:14:40.715Z] FRONTEND:ORDERS - ERROR: Order Error: Failed to fetch orders: Network Error
  Details: {
  "stack": "Error: Failed to fetch orders: Network Error\n    at handleApiError (webpack-internal:///(app-pages-browser)/./src/api/orders.ts:30:15)\n    at Object.getUserOrders (webpack-internal:///(app-pages-browser)/./src/api/orders.ts:121:13)\n    at async useOrders.useQuery (webpack-internal:///(app-pages-browser)/./src/hooks/useOrders.ts:48:38)",
  "wallet_address": "0x5062...",
  "page": 1,
  "limit": 10,
  "log_destination": "orders",
  "timestamp": "2025-03-12T05:14:40.715Z"
}
[2025-03-12T05:14:41.718Z] FRONTEND:ORDERS - INFO: Fetching orders
  Details: {
  "wallet_address": "0x5062...",
  "page": 1,
  "limit": 10,
  "has_search": false,
  "log_destination": "orders",
  "timestamp": "2025-03-12T05:14:41.718Z"
}
[2025-03-12T05:14:41.719Z] FRONTEND:ORDERS - DEBUG: Fetching user orders
  Details: {
  "wallet_address": "0x50629C71967908D5C871A5eDAdDC853E2782E809",
  "page": 1,
  "limit": 10,
  "url": "/orders/user/0x50629C71967908D5C871A5eDAdDC853E2782E809",
  "log_destination": "orders",
  "timestamp": "2025-03-12T05:14:41.719Z"
}
[2025-03-12T05:18:00.247Z] FRONTEND:ORDERS - INFO: Orders page initialized
  Details: {
  "is_connected": true,
  "is_ready": false,
  "has_address": true,
  "has_effective_address": true,
  "using_auth_wallet": false,
  "status_filter": "all",
  "log_destination": "orders",
  "timestamp": "2025-03-12T05:18:00.247Z"
}
[2025-03-12T05:18:00.247Z] FRONTEND:ORDERS - INFO: Fetching orders
  Details: {
  "wallet_address": "0x5062...",
  "page": 1,
  "limit": 10,
  "has_search": false,
  "log_destination": "orders",
  "timestamp": "2025-03-12T05:18:00.247Z"
}
[2025-03-12T05:18:00.248Z] FRONTEND:ORDERS - DEBUG: Fetching user orders
  Details: {
  "wallet_address": "0x50629C71967908D5C871A5eDAdDC853E2782E809",
  "page": 1,
  "limit": 10,
  "url": "/orders/user/0x50629C71967908D5C871A5eDAdDC853E2782E809",
  "log_destination": "orders",
  "timestamp": "2025-03-12T05:18:00.248Z"
}
[2025-03-12T05:18:00.256Z] FRONTEND:ORDERS - INFO: Orders page initialized
  Details: {
  "is_connected": true,
  "is_ready": false,
  "has_address": true,
  "has_effective_address": true,
  "using_auth_wallet": false,
  "status_filter": "all",
  "log_destination": "orders",
  "timestamp": "2025-03-12T05:18:00.256Z"
}
[2025-03-12T05:18:00.264Z] FRONTEND:ORDERS - INFO: Wallet state changed in orders page
  Details: {
  "is_connected": true,
  "is_ready": true,
  "has_address": true,
  "has_effective_address": true,
  "using_auth_wallet": false,
  "log_destination": "orders",
  "timestamp": "2025-03-12T05:18:00.264Z"
}
[2025-03-12T05:18:00.866Z] FRONTEND:ORDERS - DEBUG: Successfully fetched user orders
  Details: {
  "orderCount": 0,
  "total": 0,
  "page": 1,
  "limit": 10,
  "log_destination": "orders",
  "timestamp": "2025-03-12T05:18:00.866Z"
}
[2025-03-12T05:18:00.867Z] FRONTEND:ORDERS - INFO: Orders fetched successfully
  Details: {
  "wallet_address": "0x5062...",
  "order_count": 0,
  "total_orders": 0,
  "page": 1,
  "limit": 10,
  "log_destination": "orders",
  "timestamp": "2025-03-12T05:18:00.867Z"
}
[2025-03-12T05:18:00.873Z] FRONTEND:ORDERS - INFO: Orders loaded
  Details: {
  "total_orders": 0,
  "status_filter": "all",
  "log_destination": "orders",
  "timestamp": "2025-03-12T05:18:00.873Z"
}
[2025-03-12T05:18:00.889Z] FRONTEND:ORDERS - INFO: OrderList component initialized
  Details: {
  "has_orders": false,
  "order_count": 0,
  "is_array": true,
  "is_null": false,
  "is_undefined": false,
  "current_page": 1,
  "total_pages": 1,
  "total_orders": 0,
  "log_destination": "orders",
  "timestamp": "2025-03-12T05:18:00.889Z"
}
[2025-03-12T05:18:00.890Z] FRONTEND:ORDERS - INFO: OrderList orders updated
  Details: {
  "has_orders": false,
  "order_count": 0,
  "is_array": true,
  "is_null": false,
  "is_undefined": false,
  "current_page": 1,
  "total_pages": 1,
  "total_orders": 0,
  "log_destination": "orders",
  "timestamp": "2025-03-12T05:18:00.890Z"
}
[2025-03-12T05:18:00.890Z] FRONTEND:ORDERS - INFO: OrderList component initialized
  Details: {
  "has_orders": false,
  "order_count": 0,
  "is_array": true,
  "is_null": false,
  "is_undefined": false,
  "current_page": 1,
  "total_pages": 1,
  "total_orders": 0,
  "log_destination": "orders",
  "timestamp": "2025-03-12T05:18:00.890Z"
}
[2025-03-12T05:18:00.890Z] FRONTEND:ORDERS - INFO: OrderList orders updated
  Details: {
  "has_orders": false,
  "order_count": 0,
  "is_array": true,
  "is_null": false,
  "is_undefined": false,
  "current_page": 1,
  "total_pages": 1,
  "total_orders": 0,
  "log_destination": "orders",
  "timestamp": "2025-03-12T05:18:00.890Z"
}
[2025-03-12T05:18:10.268Z] FRONTEND:ORDERS - INFO: Orders page initialized
  Details: {
  "is_connected": false,
  "is_ready": false,
  "has_address": true,
  "has_effective_address": true,
  "using_auth_wallet": false,
  "status_filter": "all",
  "log_destination": "orders",
  "timestamp": "2025-03-12T05:18:10.268Z"
}
[2025-03-12T05:18:10.269Z] FRONTEND:ORDERS - INFO: Fetching orders
  Details: {
  "wallet_address": "0x5062...",
  "page": 1,
  "limit": 10,
  "has_search": false,
  "log_destination": "orders",
  "timestamp": "2025-03-12T05:18:10.269Z"
}
[2025-03-12T05:18:10.270Z] FRONTEND:ORDERS - DEBUG: Fetching user orders
  Details: {
  "wallet_address": "0x50629C71967908D5C871A5eDAdDC853E2782E809",
  "page": 1,
  "limit": 10,
  "url": "/orders/user/0x50629C71967908D5C871A5eDAdDC853E2782E809",
  "log_destination": "orders",
  "timestamp": "2025-03-12T05:18:10.270Z"
}
[2025-03-12T05:18:10.281Z] FRONTEND:ORDERS - INFO: Wallet state changed in orders page
  Details: {
  "is_connected": false,
  "is_ready": false,
  "has_address": true,
  "has_effective_address": true,
  "using_auth_wallet": false,
  "log_destination": "orders",
  "timestamp": "2025-03-12T05:18:10.281Z"
}
[2025-03-12T05:18:10.302Z] FRONTEND:ORDERS - INFO: Wallet state changed in orders page
  Details: {
  "is_connected": true,
  "is_ready": false,
  "has_address": true,
  "has_effective_address": true,
  "using_auth_wallet": false,
  "log_destination": "orders",
  "timestamp": "2025-03-12T05:18:10.302Z"
}
[2025-03-12T05:18:10.317Z] FRONTEND:ORDERS - INFO: Wallet state changed in orders page
  Details: {
  "is_connected": true,
  "is_ready": true,
  "has_address": true,
  "has_effective_address": true,
  "using_auth_wallet": false,
  "log_destination": "orders",
  "timestamp": "2025-03-12T05:18:10.317Z"
}
[2025-03-12T05:18:10.648Z] FRONTEND:ORDERS - DEBUG: Successfully fetched user orders
  Details: {
  "orderCount": 0,
  "total": 0,
  "page": 1,
  "limit": 10,
  "log_destination": "orders",
  "timestamp": "2025-03-12T05:18:10.648Z"
}
[2025-03-12T05:18:10.648Z] FRONTEND:ORDERS - INFO: Orders fetched successfully
  Details: {
  "wallet_address": "0x5062...",
  "order_count": 0,
  "total_orders": 0,
  "page": 1,
  "limit": 10,
  "log_destination": "orders",
  "timestamp": "2025-03-12T05:18:10.648Z"
}
[2025-03-12T05:18:10.665Z] FRONTEND:ORDERS - INFO: Orders loaded
  Details: {
  "total_orders": 0,
  "status_filter": "all",
  "log_destination": "orders",
  "timestamp": "2025-03-12T05:18:10.665Z"
}
[2025-03-12T05:22:13.747Z] FRONTEND:ORDERS - INFO: Orders page initialized
  Details: {
  "is_connected": true,
  "is_ready": false,
  "has_address": true,
  "has_effective_address": true,
  "using_auth_wallet": false,
  "status_filter": "all",
  "log_destination": "orders",
  "timestamp": "2025-03-12T05:22:13.747Z"
}
[2025-03-12T05:22:13.748Z] FRONTEND:ORDERS - INFO: Fetching orders
  Details: {
  "wallet_address": "0x5062...",
  "page": 1,
  "limit": 10,
  "has_search": false,
  "log_destination": "orders",
  "timestamp": "2025-03-12T05:22:13.748Z"
}
[2025-03-12T05:22:13.750Z] FRONTEND:ORDERS - DEBUG: Fetching user orders
  Details: {
  "wallet_address": "0x50629C71967908D5C871A5eDAdDC853E2782E809",
  "page": 1,
  "limit": 10,
  "url": "/orders/user/0x50629C71967908D5C871A5eDAdDC853E2782E809",
  "log_destination": "orders",
  "timestamp": "2025-03-12T05:22:13.750Z"
}
[2025-03-12T05:22:13.758Z] FRONTEND:ORDERS - INFO: Orders page initialized
  Details: {
  "is_connected": true,
  "is_ready": false,
  "has_address": true,
  "has_effective_address": true,
  "using_auth_wallet": false,
  "status_filter": "all",
  "log_destination": "orders",
  "timestamp": "2025-03-12T05:22:13.758Z"
}
[2025-03-12T05:22:13.770Z] FRONTEND:ORDERS - INFO: Wallet state changed in orders page
  Details: {
  "is_connected": true,
  "is_ready": true,
  "has_address": true,
  "has_effective_address": true,
  "using_auth_wallet": false,
  "log_destination": "orders",
  "timestamp": "2025-03-12T05:22:13.770Z"
}
[2025-03-12T05:22:14.105Z] FRONTEND:ORDERS - DEBUG: Successfully fetched user orders
  Details: {
  "orderCount": 0,
  "total": 0,
  "page": 1,
  "limit": 10,
  "log_destination": "orders",
  "timestamp": "2025-03-12T05:22:14.105Z"
}
[2025-03-12T05:22:14.106Z] FRONTEND:ORDERS - INFO: Orders fetched successfully
  Details: {
  "wallet_address": "0x5062...",
  "order_count": 0,
  "total_orders": 0,
  "page": 1,
  "limit": 10,
  "log_destination": "orders",
  "timestamp": "2025-03-12T05:22:14.106Z"
}
[2025-03-12T05:22:14.121Z] FRONTEND:ORDERS - INFO: Orders loaded
  Details: {
  "total_orders": 0,
  "status_filter": "all",
  "log_destination": "orders",
  "timestamp": "2025-03-12T05:22:14.121Z"
}
[2025-03-12T05:22:17.600Z] FRONTEND:ORDERS - INFO: Orders page initialized
  Details: {
  "is_connected": true,
  "is_ready": false,
  "has_address": true,
  "has_effective_address": true,
  "using_auth_wallet": false,
  "status_filter": "all",
  "log_destination": "orders",
  "timestamp": "2025-03-12T05:22:17.600Z"
}
[2025-03-12T05:22:17.601Z] FRONTEND:ORDERS - INFO: Fetching orders
  Details: {
  "wallet_address": "0x5062...",
  "page": 1,
  "limit": 10,
  "has_search": false,
  "log_destination": "orders",
  "timestamp": "2025-03-12T05:22:17.601Z"
}
[2025-03-12T05:22:17.601Z] FRONTEND:ORDERS - DEBUG: Fetching user orders
  Details: {
  "wallet_address": "0x50629C71967908D5C871A5eDAdDC853E2782E809",
  "page": 1,
  "limit": 10,
  "url": "/orders/user/0x50629C71967908D5C871A5eDAdDC853E2782E809",
  "log_destination": "orders",
  "timestamp": "2025-03-12T05:22:17.601Z"
}
[2025-03-12T05:22:17.601Z] FRONTEND:ORDERS - INFO: Orders loaded
  Details: {
  "total_orders": 0,
  "status_filter": "all",
  "log_destination": "orders",
  "timestamp": "2025-03-12T05:22:17.601Z"
}
[2025-03-12T05:22:17.607Z] FRONTEND:ORDERS - INFO: Orders page initialized
  Details: {
  "is_connected": true,
  "is_ready": false,
  "has_address": true,
  "has_effective_address": true,
  "using_auth_wallet": false,
  "status_filter": "all",
  "log_destination": "orders",
  "timestamp": "2025-03-12T05:22:17.607Z"
}
[2025-03-12T05:22:17.607Z] FRONTEND:ORDERS - INFO: Orders loaded
  Details: {
  "total_orders": 0,
  "status_filter": "all",
  "log_destination": "orders",
  "timestamp": "2025-03-12T05:22:17.607Z"
}
[2025-03-12T05:22:17.612Z] FRONTEND:ORDERS - INFO: Wallet state changed in orders page
  Details: {
  "is_connected": true,
  "is_ready": true,
  "has_address": true,
  "has_effective_address": true,
  "using_auth_wallet": false,
  "log_destination": "orders",
  "timestamp": "2025-03-12T05:22:17.612Z"
}
[2025-03-12T05:22:17.634Z] FRONTEND:ORDERS - INFO: OrderList component initialized
  Details: {
  "has_orders": false,
  "order_count": 0,
  "is_array": true,
  "is_null": false,
  "is_undefined": false,
  "current_page": 1,
  "total_pages": 1,
  "total_orders": 0,
  "log_destination": "orders",
  "timestamp": "2025-03-12T05:22:17.634Z"
}
[2025-03-12T05:22:17.635Z] FRONTEND:ORDERS - INFO: OrderList orders updated
  Details: {
  "has_orders": false,
  "order_count": 0,
  "is_array": true,
  "is_null": false,
  "is_undefined": false,
  "current_page": 1,
  "total_pages": 1,
  "total_orders": 0,
  "log_destination": "orders",
  "timestamp": "2025-03-12T05:22:17.635Z"
}
[2025-03-12T05:22:17.636Z] FRONTEND:ORDERS - INFO: OrderList component initialized
  Details: {
  "has_orders": false,
  "order_count": 0,
  "is_array": true,
  "is_null": false,
  "is_undefined": false,
  "current_page": 1,
  "total_pages": 1,
  "total_orders": 0,
  "log_destination": "orders",
  "timestamp": "2025-03-12T05:22:17.636Z"
}
[2025-03-12T05:22:17.636Z] FRONTEND:ORDERS - INFO: OrderList orders updated
  Details: {
  "has_orders": false,
  "order_count": 0,
  "is_array": true,
  "is_null": false,
  "is_undefined": false,
  "current_page": 1,
  "total_pages": 1,
  "total_orders": 0,
  "log_destination": "orders",
  "timestamp": "2025-03-12T05:22:17.636Z"
}
[2025-03-12T05:22:18.151Z] FRONTEND:ORDERS - DEBUG: Successfully fetched user orders
  Details: {
  "orderCount": 0,
  "total": 0,
  "page": 1,
  "limit": 10,
  "log_destination": "orders",
  "timestamp": "2025-03-12T05:22:18.151Z"
}
[2025-03-12T05:22:18.152Z] FRONTEND:ORDERS - INFO: Orders fetched successfully
  Details: {
  "wallet_address": "0x5062...",
  "order_count": 0,
  "total_orders": 0,
  "page": 1,
  "limit": 10,
  "log_destination": "orders",
  "timestamp": "2025-03-12T05:22:18.152Z"
}
[2025-03-12T05:22:24.555Z] FRONTEND:ORDERS - INFO: Orders page initialized
  Details: {
  "is_connected": false,
  "is_ready": false,
  "has_address": true,
  "has_effective_address": true,
  "using_auth_wallet": false,
  "status_filter": "all",
  "log_destination": "orders",
  "timestamp": "2025-03-12T05:22:24.555Z"
}
[2025-03-12T05:22:24.556Z] FRONTEND:ORDERS - INFO: Fetching orders
  Details: {
  "wallet_address": "0x5062...",
  "page": 1,
  "limit": 10,
  "has_search": false,
  "log_destination": "orders",
  "timestamp": "2025-03-12T05:22:24.556Z"
}
[2025-03-12T05:22:24.556Z] FRONTEND:ORDERS - DEBUG: Fetching user orders
  Details: {
  "wallet_address": "0x50629C71967908D5C871A5eDAdDC853E2782E809",
  "page": 1,
  "limit": 10,
  "url": "/orders/user/0x50629C71967908D5C871A5eDAdDC853E2782E809",
  "log_destination": "orders",
  "timestamp": "2025-03-12T05:22:24.556Z"
}
[2025-03-12T05:22:24.568Z] FRONTEND:ORDERS - INFO: Wallet state changed in orders page
  Details: {
  "is_connected": false,
  "is_ready": false,
  "has_address": true,
  "has_effective_address": true,
  "using_auth_wallet": false,
  "log_destination": "orders",
  "timestamp": "2025-03-12T05:22:24.568Z"
}
[2025-03-12T05:22:24.911Z] FRONTEND:ORDERS - DEBUG: Successfully fetched user orders
  Details: {
  "orderCount": 0,
  "total": 0,
  "page": 1,
  "limit": 10,
  "log_destination": "orders",
  "timestamp": "2025-03-12T05:22:24.911Z"
}
[2025-03-12T05:22:24.911Z] FRONTEND:ORDERS - INFO: Orders fetched successfully
  Details: {
  "wallet_address": "0x5062...",
  "order_count": 0,
  "total_orders": 0,
  "page": 1,
  "limit": 10,
  "log_destination": "orders",
  "timestamp": "2025-03-12T05:22:24.911Z"
}
[2025-03-12T05:22:24.917Z] FRONTEND:ORDERS - INFO: Orders loaded
  Details: {
  "total_orders": 0,
  "status_filter": "all",
  "log_destination": "orders",
  "timestamp": "2025-03-12T05:22:24.917Z"
}
[2025-03-12T05:22:25.087Z] FRONTEND:ORDERS - INFO: Wallet state changed in orders page
  Details: {
  "is_connected": true,
  "is_ready": false,
  "has_address": true,
  "has_effective_address": true,
  "using_auth_wallet": false,
  "log_destination": "orders",
  "timestamp": "2025-03-12T05:22:25.087Z"
}
[2025-03-12T05:22:25.109Z] FRONTEND:ORDERS - INFO: Wallet state changed in orders page
  Details: {
  "is_connected": true,
  "is_ready": true,
  "has_address": true,
  "has_effective_address": true,
  "using_auth_wallet": false,
  "log_destination": "orders",
  "timestamp": "2025-03-12T05:22:25.109Z"
}
[2025-03-12T05:22:48.886Z] FRONTEND:ORDERS - INFO: Orders page initialized
  Details: {
  "is_connected": true,
  "is_ready": false,
  "has_address": true,
  "has_effective_address": true,
  "using_auth_wallet": false,
  "status_filter": "all",
  "log_destination": "orders",
  "timestamp": "2025-03-12T05:22:48.886Z"
}
[2025-03-12T05:22:48.887Z] FRONTEND:ORDERS - INFO: Fetching orders
  Details: {
  "wallet_address": "0x5062...",
  "page": 1,
  "limit": 10,
  "has_search": false,
  "log_destination": "orders",
  "timestamp": "2025-03-12T05:22:48.887Z"
}
[2025-03-12T05:22:48.887Z] FRONTEND:ORDERS - DEBUG: Fetching user orders
  Details: {
  "wallet_address": "0x50629C71967908D5C871A5eDAdDC853E2782E809",
  "page": 1,
  "limit": 10,
  "url": "/orders/user/0x50629C71967908D5C871A5eDAdDC853E2782E809",
  "log_destination": "orders",
  "timestamp": "2025-03-12T05:22:48.887Z"
}
[2025-03-12T05:22:48.888Z] FRONTEND:ORDERS - INFO: Orders loaded
  Details: {
  "total_orders": 0,
  "status_filter": "all",
  "log_destination": "orders",
  "timestamp": "2025-03-12T05:22:48.888Z"
}
[2025-03-12T05:22:48.897Z] FRONTEND:ORDERS - INFO: Orders page initialized
  Details: {
  "is_connected": true,
  "is_ready": false,
  "has_address": true,
  "has_effective_address": true,
  "using_auth_wallet": false,
  "status_filter": "all",
  "log_destination": "orders",
  "timestamp": "2025-03-12T05:22:48.897Z"
}
[2025-03-12T05:22:48.897Z] FRONTEND:ORDERS - INFO: Orders loaded
  Details: {
  "total_orders": 0,
  "status_filter": "all",
  "log_destination": "orders",
  "timestamp": "2025-03-12T05:22:48.897Z"
}
[2025-03-12T05:22:48.905Z] FRONTEND:ORDERS - INFO: Wallet state changed in orders page
  Details: {
  "is_connected": true,
  "is_ready": true,
  "has_address": true,
  "has_effective_address": true,
  "using_auth_wallet": false,
  "log_destination": "orders",
  "timestamp": "2025-03-12T05:22:48.905Z"
}
[2025-03-12T05:22:48.941Z] FRONTEND:ORDERS - INFO: OrderList component initialized
  Details: {
  "has_orders": false,
  "order_count": 0,
  "is_array": true,
  "is_null": false,
  "is_undefined": false,
  "current_page": 1,
  "total_pages": 1,
  "total_orders": 0,
  "log_destination": "orders",
  "timestamp": "2025-03-12T05:22:48.941Z"
}
[2025-03-12T05:22:48.942Z] FRONTEND:ORDERS - INFO: OrderList orders updated
  Details: {
  "has_orders": false,
  "order_count": 0,
  "is_array": true,
  "is_null": false,
  "is_undefined": false,
  "current_page": 1,
  "total_pages": 1,
  "total_orders": 0,
  "log_destination": "orders",
  "timestamp": "2025-03-12T05:22:48.942Z"
}
[2025-03-12T05:22:48.944Z] FRONTEND:ORDERS - INFO: OrderList component initialized
  Details: {
  "has_orders": false,
  "order_count": 0,
  "is_array": true,
  "is_null": false,
  "is_undefined": false,
  "current_page": 1,
  "total_pages": 1,
  "total_orders": 0,
  "log_destination": "orders",
  "timestamp": "2025-03-12T05:22:48.944Z"
}
[2025-03-12T05:22:48.944Z] FRONTEND:ORDERS - INFO: OrderList orders updated
  Details: {
  "has_orders": false,
  "order_count": 0,
  "is_array": true,
  "is_null": false,
  "is_undefined": false,
  "current_page": 1,
  "total_pages": 1,
  "total_orders": 0,
  "log_destination": "orders",
  "timestamp": "2025-03-12T05:22:48.944Z"
}
[2025-03-12T05:22:49.239Z] FRONTEND:ORDERS - DEBUG: Successfully fetched user orders
  Details: {
  "orderCount": 0,
  "total": 0,
  "page": 1,
  "limit": 10,
  "log_destination": "orders",
  "timestamp": "2025-03-12T05:22:49.239Z"
}
[2025-03-12T05:22:49.239Z] FRONTEND:ORDERS - INFO: Orders fetched successfully
  Details: {
  "wallet_address": "0x5062...",
  "order_count": 0,
  "total_orders": 0,
  "page": 1,
  "limit": 10,
  "log_destination": "orders",
  "timestamp": "2025-03-12T05:22:49.239Z"
}
[2025-03-12T05:23:18.536Z] FRONTEND:ORDERS - INFO: Orders page initialized
  Details: {
  "is_connected": false,
  "is_ready": false,
  "has_address": false,
  "has_effective_address": false,
  "using_auth_wallet": false,
  "status_filter": "all",
  "log_destination": "orders",
  "timestamp": "2025-03-12T05:23:18.536Z"
}
[2025-03-12T05:23:18.566Z] FRONTEND:ORDERS - INFO: Wallet state changed in orders page
  Details: {
  "is_connected": false,
  "is_ready": false,
  "has_address": false,
  "has_effective_address": true,
  "using_auth_wallet": true,
  "log_destination": "orders",
  "timestamp": "2025-03-12T05:23:18.566Z"
}
[2025-03-12T05:23:18.570Z] FRONTEND:ORDERS - INFO: Fetching orders
  Details: {
  "wallet_address": "0x5062...",
  "page": 1,
  "limit": 10,
  "has_search": false,
  "log_destination": "orders",
  "timestamp": "2025-03-12T05:23:18.570Z"
}
[2025-03-12T05:23:18.571Z] FRONTEND:ORDERS - DEBUG: Fetching user orders
  Details: {
  "wallet_address": "0x50629C71967908D5C871A5eDAdDC853E2782E809",
  "page": 1,
  "limit": 10,
  "url": "/orders/user/0x50629C71967908D5C871A5eDAdDC853E2782E809",
  "log_destination": "orders",
  "timestamp": "2025-03-12T05:23:18.571Z"
}
[2025-03-12T05:23:18.607Z] FRONTEND:ORDERS - INFO: Wallet state changed in orders page
  Details: {
  "is_connected": false,
  "is_ready": false,
  "has_address": false,
  "has_effective_address": false,
  "using_auth_wallet": false,
  "log_destination": "orders",
  "timestamp": "2025-03-12T05:23:18.607Z"
}
[2025-03-12T05:23:19.173Z] FRONTEND:ORDERS - DEBUG: Successfully fetched user orders
  Details: {
  "orderCount": 0,
  "total": 0,
  "page": 1,
  "limit": 10,
  "log_destination": "orders",
  "timestamp": "2025-03-12T05:23:19.173Z"
}
[2025-03-12T05:23:19.174Z] FRONTEND:ORDERS - INFO: Orders fetched successfully
  Details: {
  "wallet_address": "0x5062...",
  "order_count": 0,
  "total_orders": 0,
  "page": 1,
  "limit": 10,
  "log_destination": "orders",
  "timestamp": "2025-03-12T05:23:19.174Z"
}
[2025-03-12T05:23:19.192Z] FRONTEND:ORDERS - INFO: Wallet state changed in orders page
  Details: {
  "is_connected": false,
  "is_ready": false,
  "has_address": true,
  "has_effective_address": true,
  "using_auth_wallet": false,
  "log_destination": "orders",
  "timestamp": "2025-03-12T05:23:19.192Z"
}
[2025-03-12T05:23:19.192Z] FRONTEND:ORDERS - INFO: Fetching orders
  Details: {
  "wallet_address": "0x5062...",
  "page": 1,
  "limit": 10,
  "has_search": false,
  "log_destination": "orders",
  "timestamp": "2025-03-12T05:23:19.192Z"
}
[2025-03-12T05:23:19.192Z] FRONTEND:ORDERS - DEBUG: Fetching user orders
  Details: {
  "wallet_address": "0x50629C71967908D5C871A5eDAdDC853E2782E809",
  "page": 1,
  "limit": 10,
  "url": "/orders/user/0x50629C71967908D5C871A5eDAdDC853E2782E809",
  "log_destination": "orders",
  "timestamp": "2025-03-12T05:23:19.192Z"
}
[2025-03-12T05:23:19.193Z] FRONTEND:ORDERS - INFO: Orders loaded
  Details: {
  "total_orders": 0,
  "status_filter": "all",
  "log_destination": "orders",
  "timestamp": "2025-03-12T05:23:19.193Z"
}
[2025-03-12T05:23:19.524Z] FRONTEND:ORDERS - INFO: Wallet state changed in orders page
  Details: {
  "is_connected": true,
  "is_ready": false,
  "has_address": true,
  "has_effective_address": true,
  "using_auth_wallet": false,
  "log_destination": "orders",
  "timestamp": "2025-03-12T05:23:19.524Z"
}
[2025-03-12T05:23:19.532Z] FRONTEND:ORDERS - INFO: Wallet state changed in orders page
  Details: {
  "is_connected": true,
  "is_ready": true,
  "has_address": true,
  "has_effective_address": true,
  "using_auth_wallet": false,
  "log_destination": "orders",
  "timestamp": "2025-03-12T05:23:19.532Z"
}
[2025-03-12T05:23:19.541Z] FRONTEND:ORDERS - DEBUG: Successfully fetched user orders
  Details: {
  "orderCount": 0,
  "total": 0,
  "page": 1,
  "limit": 10,
  "log_destination": "orders",
  "timestamp": "2025-03-12T05:23:19.541Z"
}
[2025-03-12T05:23:19.541Z] FRONTEND:ORDERS - INFO: Orders fetched successfully
  Details: {
  "wallet_address": "0x5062...",
  "order_count": 0,
  "total_orders": 0,
  "page": 1,
  "limit": 10,
  "log_destination": "orders",
  "timestamp": "2025-03-12T05:23:19.541Z"
}
[2025-03-12T05:25:25.656Z] FRONTEND:ORDERS - INFO: Orders page initialized
  Details: {
  "is_connected": true,
  "is_ready": false,
  "has_address": true,
  "has_effective_address": true,
  "using_auth_wallet": false,
  "status_filter": "all",
  "log_destination": "orders",
  "timestamp": "2025-03-12T05:25:25.656Z"
}
[2025-03-12T05:25:25.658Z] FRONTEND:ORDERS - INFO: Fetching orders
  Details: {
  "wallet_address": "0x5062...",
  "page": 1,
  "limit": 10,
  "has_search": false,
  "log_destination": "orders",
  "timestamp": "2025-03-12T05:25:25.658Z"
}
[2025-03-12T05:25:25.659Z] FRONTEND:ORDERS - DEBUG: Fetching user orders
  Details: {
  "wallet_address": "0x50629C71967908D5C871A5eDAdDC853E2782E809",
  "page": 1,
  "limit": 10,
  "url": "/orders/user/0x50629C71967908D5C871A5eDAdDC853E2782E809",
  "log_destination": "orders",
  "timestamp": "2025-03-12T05:25:25.659Z"
}
[2025-03-12T05:25:25.666Z] FRONTEND:ORDERS - INFO: Orders page initialized
  Details: {
  "is_connected": true,
  "is_ready": false,
  "has_address": true,
  "has_effective_address": true,
  "using_auth_wallet": false,
  "status_filter": "all",
  "log_destination": "orders",
  "timestamp": "2025-03-12T05:25:25.666Z"
}
[2025-03-12T05:25:25.674Z] FRONTEND:ORDERS - INFO: Wallet state changed in orders page
  Details: {
  "is_connected": true,
  "is_ready": true,
  "has_address": true,
  "has_effective_address": true,
  "using_auth_wallet": false,
  "log_destination": "orders",
  "timestamp": "2025-03-12T05:25:25.674Z"
}
[2025-03-12T05:25:26.003Z] FRONTEND:ORDERS - DEBUG: Successfully fetched user orders
  Details: {
  "orderCount": 0,
  "total": 0,
  "page": 1,
  "limit": 10,
  "log_destination": "orders",
  "timestamp": "2025-03-12T05:25:26.003Z"
}
[2025-03-12T05:25:26.004Z] FRONTEND:ORDERS - INFO: Orders fetched successfully
  Details: {
  "wallet_address": "0x5062...",
  "order_count": 0,
  "total_orders": 0,
  "page": 1,
  "limit": 10,
  "log_destination": "orders",
  "timestamp": "2025-03-12T05:25:26.004Z"
}
[2025-03-12T05:25:26.017Z] FRONTEND:ORDERS - INFO: Orders loaded
  Details: {
  "total_orders": 0,
  "status_filter": "all",
  "log_destination": "orders",
  "timestamp": "2025-03-12T05:25:26.017Z"
}
[2025-03-12T05:25:26.044Z] FRONTEND:ORDERS - INFO: OrderList component initialized
  Details: {
  "has_orders": false,
  "order_count": 0,
  "is_array": true,
  "is_null": false,
  "is_undefined": false,
  "current_page": 1,
  "total_pages": 1,
  "total_orders": 0,
  "log_destination": "orders",
  "timestamp": "2025-03-12T05:25:26.044Z"
}
[2025-03-12T05:25:26.045Z] FRONTEND:ORDERS - INFO: OrderList orders updated
  Details: {
  "has_orders": false,
  "order_count": 0,
  "is_array": true,
  "is_null": false,
  "is_undefined": false,
  "current_page": 1,
  "total_pages": 1,
  "total_orders": 0,
  "log_destination": "orders",
  "timestamp": "2025-03-12T05:25:26.045Z"
}
[2025-03-12T05:25:26.047Z] FRONTEND:ORDERS - INFO: OrderList component initialized
  Details: {
  "has_orders": false,
  "order_count": 0,
  "is_array": true,
  "is_null": false,
  "is_undefined": false,
  "current_page": 1,
  "total_pages": 1,
  "total_orders": 0,
  "log_destination": "orders",
  "timestamp": "2025-03-12T05:25:26.047Z"
}
[2025-03-12T05:25:26.048Z] FRONTEND:ORDERS - INFO: OrderList orders updated
  Details: {
  "has_orders": false,
  "order_count": 0,
  "is_array": true,
  "is_null": false,
  "is_undefined": false,
  "current_page": 1,
  "total_pages": 1,
  "total_orders": 0,
  "log_destination": "orders",
  "timestamp": "2025-03-12T05:25:26.048Z"
}
[2025-03-12T05:25:30.349Z] FRONTEND:ORDERS - INFO: Orders page initialized
  Details: {
  "is_connected": false,
  "is_ready": false,
  "has_address": false,
  "has_effective_address": true,
  "using_auth_wallet": true,
  "status_filter": "all",
  "log_destination": "orders",
  "timestamp": "2025-03-12T05:25:30.349Z"
}
[2025-03-12T05:25:30.349Z] FRONTEND:ORDERS - INFO: Fetching orders
  Details: {
  "wallet_address": "0x5062...",
  "page": 1,
  "limit": 10,
  "has_search": false,
  "log_destination": "orders",
  "timestamp": "2025-03-12T05:25:30.349Z"
}
[2025-03-12T05:25:30.350Z] FRONTEND:ORDERS - DEBUG: Fetching user orders
  Details: {
  "wallet_address": "0x50629C71967908D5C871A5eDAdDC853E2782E809",
  "page": 1,
  "limit": 10,
  "url": "/orders/user/0x50629C71967908D5C871A5eDAdDC853E2782E809",
  "log_destination": "orders",
  "timestamp": "2025-03-12T05:25:30.350Z"
}
[2025-03-12T05:25:30.363Z] FRONTEND:ORDERS - INFO: Wallet state changed in orders page
  Details: {
  "is_connected": false,
  "is_ready": false,
  "has_address": false,
  "has_effective_address": false,
  "using_auth_wallet": false,
  "log_destination": "orders",
  "timestamp": "2025-03-12T05:25:30.363Z"
}
[2025-03-12T05:25:30.403Z] FRONTEND:ORDERS - INFO: Wallet state changed in orders page
  Details: {
  "is_connected": false,
  "is_ready": false,
  "has_address": true,
  "has_effective_address": true,
  "using_auth_wallet": false,
  "log_destination": "orders",
  "timestamp": "2025-03-12T05:25:30.403Z"
}
[2025-03-12T05:25:30.736Z] FRONTEND:ORDERS - DEBUG: Successfully fetched user orders
  Details: {
  "orderCount": 0,
  "total": 0,
  "page": 1,
  "limit": 10,
  "log_destination": "orders",
  "timestamp": "2025-03-12T05:25:30.736Z"
}
[2025-03-12T05:25:30.736Z] FRONTEND:ORDERS - INFO: Orders fetched successfully
  Details: {
  "wallet_address": "0x5062...",
  "order_count": 0,
  "total_orders": 0,
  "page": 1,
  "limit": 10,
  "log_destination": "orders",
  "timestamp": "2025-03-12T05:25:30.736Z"
}
[2025-03-12T05:25:30.741Z] FRONTEND:ORDERS - INFO: Orders loaded
  Details: {
  "total_orders": 0,
  "status_filter": "all",
  "log_destination": "orders",
  "timestamp": "2025-03-12T05:25:30.741Z"
}
[2025-03-12T05:25:30.898Z] FRONTEND:ORDERS - INFO: Wallet state changed in orders page
  Details: {
  "is_connected": true,
  "is_ready": false,
  "has_address": true,
  "has_effective_address": true,
  "using_auth_wallet": false,
  "log_destination": "orders",
  "timestamp": "2025-03-12T05:25:30.898Z"
}
[2025-03-12T05:25:30.939Z] FRONTEND:ORDERS - INFO: Wallet state changed in orders page
  Details: {
  "is_connected": true,
  "is_ready": true,
  "has_address": true,
  "has_effective_address": true,
  "using_auth_wallet": false,
  "log_destination": "orders",
  "timestamp": "2025-03-12T05:25:30.939Z"
}
[2025-03-12T05:25:50.603Z] FRONTEND:ORDERS - INFO: Orders page initialized
  Details: {
  "is_connected": true,
  "is_ready": false,
  "has_address": true,
  "has_effective_address": true,
  "using_auth_wallet": false,
  "status_filter": "all",
  "log_destination": "orders",
  "timestamp": "2025-03-12T05:25:50.603Z"
}
[2025-03-12T05:25:50.603Z] FRONTEND:ORDERS - INFO: Fetching orders
  Details: {
  "wallet_address": "0x5062...",
  "page": 1,
  "limit": 10,
  "has_search": false,
  "log_destination": "orders",
  "timestamp": "2025-03-12T05:25:50.603Z"
}
[2025-03-12T05:25:50.604Z] FRONTEND:ORDERS - DEBUG: Fetching user orders
  Details: {
  "wallet_address": "0x50629C71967908D5C871A5eDAdDC853E2782E809",
  "page": 1,
  "limit": 10,
  "url": "/orders/user/0x50629C71967908D5C871A5eDAdDC853E2782E809",
  "log_destination": "orders",
  "timestamp": "2025-03-12T05:25:50.604Z"
}
[2025-03-12T05:25:50.609Z] FRONTEND:ORDERS - INFO: Orders page initialized
  Details: {
  "is_connected": true,
  "is_ready": false,
  "has_address": true,
  "has_effective_address": true,
  "using_auth_wallet": false,
  "status_filter": "all",
  "log_destination": "orders",
  "timestamp": "2025-03-12T05:25:50.609Z"
}
[2025-03-12T05:25:50.615Z] FRONTEND:ORDERS - INFO: Wallet state changed in orders page
  Details: {
  "is_connected": true,
  "is_ready": true,
  "has_address": true,
  "has_effective_address": true,
  "using_auth_wallet": false,
  "log_destination": "orders",
  "timestamp": "2025-03-12T05:25:50.615Z"
}
[2025-03-12T05:25:50.932Z] FRONTEND:ORDERS - DEBUG: Successfully fetched user orders
  Details: {
  "orderCount": 0,
  "total": 0,
  "page": 1,
  "limit": 10,
  "log_destination": "orders",
  "timestamp": "2025-03-12T05:25:50.932Z"
}
[2025-03-12T05:25:50.933Z] FRONTEND:ORDERS - INFO: Orders fetched successfully
  Details: {
  "wallet_address": "0x5062...",
  "order_count": 0,
  "total_orders": 0,
  "page": 1,
  "limit": 10,
  "log_destination": "orders",
  "timestamp": "2025-03-12T05:25:50.933Z"
}
[2025-03-12T05:25:50.935Z] FRONTEND:ORDERS - INFO: Orders loaded
  Details: {
  "total_orders": 0,
  "status_filter": "all",
  "log_destination": "orders",
  "timestamp": "2025-03-12T05:25:50.935Z"
}
[2025-03-12T05:25:50.949Z] FRONTEND:ORDERS - INFO: OrderList component initialized
  Details: {
  "has_orders": false,
  "order_count": 0,
  "is_array": true,
  "is_null": false,
  "is_undefined": false,
  "current_page": 1,
  "total_pages": 1,
  "total_orders": 0,
  "log_destination": "orders",
  "timestamp": "2025-03-12T05:25:50.949Z"
}
[2025-03-12T05:25:50.950Z] FRONTEND:ORDERS - INFO: OrderList orders updated
  Details: {
  "has_orders": false,
  "order_count": 0,
  "is_array": true,
  "is_null": false,
  "is_undefined": false,
  "current_page": 1,
  "total_pages": 1,
  "total_orders": 0,
  "log_destination": "orders",
  "timestamp": "2025-03-12T05:25:50.950Z"
}
[2025-03-12T05:25:50.950Z] FRONTEND:ORDERS - INFO: OrderList component initialized
  Details: {
  "has_orders": false,
  "order_count": 0,
  "is_array": true,
  "is_null": false,
  "is_undefined": false,
  "current_page": 1,
  "total_pages": 1,
  "total_orders": 0,
  "log_destination": "orders",
  "timestamp": "2025-03-12T05:25:50.950Z"
}
[2025-03-12T05:25:50.951Z] FRONTEND:ORDERS - INFO: OrderList orders updated
  Details: {
  "has_orders": false,
  "order_count": 0,
  "is_array": true,
  "is_null": false,
  "is_undefined": false,
  "current_page": 1,
  "total_pages": 1,
  "total_orders": 0,
  "log_destination": "orders",
  "timestamp": "2025-03-12T05:25:50.951Z"
}
[2025-03-12T05:25:55.423Z] FRONTEND:ORDERS - INFO: Orders page initialized
  Details: {
  "is_connected": false,
  "is_ready": false,
  "has_address": true,
  "has_effective_address": true,
  "using_auth_wallet": false,
  "status_filter": "all",
  "log_destination": "orders",
  "timestamp": "2025-03-12T05:25:55.423Z"
}
[2025-03-12T05:25:55.423Z] FRONTEND:ORDERS - INFO: Fetching orders
  Details: {
  "wallet_address": "0x5062...",
  "page": 1,
  "limit": 10,
  "has_search": false,
  "log_destination": "orders",
  "timestamp": "2025-03-12T05:25:55.423Z"
}
[2025-03-12T05:25:55.424Z] FRONTEND:ORDERS - DEBUG: Fetching user orders
  Details: {
  "wallet_address": "0x50629C71967908D5C871A5eDAdDC853E2782E809",
  "page": 1,
  "limit": 10,
  "url": "/orders/user/0x50629C71967908D5C871A5eDAdDC853E2782E809",
  "log_destination": "orders",
  "timestamp": "2025-03-12T05:25:55.424Z"
}
[2025-03-12T05:25:55.433Z] FRONTEND:ORDERS - INFO: Wallet state changed in orders page
  Details: {
  "is_connected": false,
  "is_ready": false,
  "has_address": true,
  "has_effective_address": true,
  "using_auth_wallet": false,
  "log_destination": "orders",
  "timestamp": "2025-03-12T05:25:55.433Z"
}
[2025-03-12T05:25:55.709Z] FRONTEND:ORDERS - INFO: Wallet state changed in orders page
  Details: {
  "is_connected": true,
  "is_ready": false,
  "has_address": true,
  "has_effective_address": true,
  "using_auth_wallet": false,
  "log_destination": "orders",
  "timestamp": "2025-03-12T05:25:55.709Z"
}
[2025-03-12T05:25:55.730Z] FRONTEND:ORDERS - INFO: Wallet state changed in orders page
  Details: {
  "is_connected": true,
  "is_ready": true,
  "has_address": true,
  "has_effective_address": true,
  "using_auth_wallet": false,
  "log_destination": "orders",
  "timestamp": "2025-03-12T05:25:55.730Z"
}
[2025-03-12T05:25:55.793Z] FRONTEND:ORDERS - DEBUG: Successfully fetched user orders
  Details: {
  "orderCount": 0,
  "total": 0,
  "page": 1,
  "limit": 10,
  "log_destination": "orders",
  "timestamp": "2025-03-12T05:25:55.793Z"
}
[2025-03-12T05:25:55.794Z] FRONTEND:ORDERS - INFO: Orders fetched successfully
  Details: {
  "wallet_address": "0x5062...",
  "order_count": 0,
  "total_orders": 0,
  "page": 1,
  "limit": 10,
  "log_destination": "orders",
  "timestamp": "2025-03-12T05:25:55.794Z"
}
[2025-03-12T05:25:55.800Z] FRONTEND:ORDERS - INFO: Orders loaded
  Details: {
  "total_orders": 0,
  "status_filter": "all",
  "log_destination": "orders",
  "timestamp": "2025-03-12T05:25:55.800Z"
}
[2025-03-12T05:28:45.456Z] FRONTEND:ORDERS - INFO: Orders page initialized
  Details: {
  "is_connected": true,
  "is_ready": false,
  "has_address": true,
  "has_effective_address": true,
  "using_auth_wallet": false,
  "status_filter": "all",
  "log_destination": "orders",
  "timestamp": "2025-03-12T05:28:45.456Z"
}
[2025-03-12T05:28:45.457Z] FRONTEND:ORDERS - INFO: Fetching orders
  Details: {
  "wallet_address": "0x5062...",
  "page": 1,
  "limit": 10,
  "has_search": false,
  "log_destination": "orders",
  "timestamp": "2025-03-12T05:28:45.457Z"
}
[2025-03-12T05:28:45.457Z] FRONTEND:ORDERS - DEBUG: Fetching user orders
  Details: {
  "wallet_address": "0x50629C71967908D5C871A5eDAdDC853E2782E809",
  "page": 1,
  "limit": 10,
  "url": "/orders/user/0x50629C71967908D5C871A5eDAdDC853E2782E809",
  "log_destination": "orders",
  "timestamp": "2025-03-12T05:28:45.457Z"
}
[2025-03-12T05:28:45.465Z] FRONTEND:ORDERS - INFO: Orders page initialized
  Details: {
  "is_connected": true,
  "is_ready": false,
  "has_address": true,
  "has_effective_address": true,
  "using_auth_wallet": false,
  "status_filter": "all",
  "log_destination": "orders",
  "timestamp": "2025-03-12T05:28:45.465Z"
}
[2025-03-12T05:28:45.472Z] FRONTEND:ORDERS - INFO: Wallet state changed in orders page
  Details: {
  "is_connected": true,
  "is_ready": true,
  "has_address": true,
  "has_effective_address": true,
  "using_auth_wallet": false,
  "log_destination": "orders",
  "timestamp": "2025-03-12T05:28:45.471Z"
}
[2025-03-12T05:28:45.912Z] FRONTEND:ORDERS - DEBUG: Successfully fetched user orders
  Details: {
  "orderCount": 0,
  "total": 0,
  "page": 1,
  "limit": 10,
  "log_destination": "orders",
  "timestamp": "2025-03-12T05:28:45.912Z"
}
[2025-03-12T05:28:45.913Z] FRONTEND:ORDERS - INFO: Orders fetched successfully
  Details: {
  "wallet_address": "0x5062...",
  "order_count": 0,
  "total_orders": 0,
  "page": 1,
  "limit": 10,
  "log_destination": "orders",
  "timestamp": "2025-03-12T05:28:45.913Z"
}
[2025-03-12T05:28:45.922Z] FRONTEND:ORDERS - INFO: Orders loaded
  Details: {
  "total_orders": 0,
  "status_filter": "all",
  "log_destination": "orders",
  "timestamp": "2025-03-12T05:28:45.922Z"
}
[2025-03-12T05:28:45.955Z] FRONTEND:ORDERS - INFO: OrderList component initialized
  Details: {
  "has_orders": false,
  "order_count": 0,
  "is_array": true,
  "is_null": false,
  "is_undefined": false,
  "current_page": 1,
  "total_pages": 1,
  "total_orders": 0,
  "log_destination": "orders",
  "timestamp": "2025-03-12T05:28:45.955Z"
}
[2025-03-12T05:28:45.956Z] FRONTEND:ORDERS - INFO: OrderList orders updated
  Details: {
  "has_orders": false,
  "order_count": 0,
  "is_array": true,
  "is_null": false,
  "is_undefined": false,
  "current_page": 1,
  "total_pages": 1,
  "total_orders": 0,
  "log_destination": "orders",
  "timestamp": "2025-03-12T05:28:45.956Z"
}
[2025-03-12T05:28:45.957Z] FRONTEND:ORDERS - INFO: OrderList component initialized
  Details: {
  "has_orders": false,
  "order_count": 0,
  "is_array": true,
  "is_null": false,
  "is_undefined": false,
  "current_page": 1,
  "total_pages": 1,
  "total_orders": 0,
  "log_destination": "orders",
  "timestamp": "2025-03-12T05:28:45.957Z"
}
[2025-03-12T05:28:45.958Z] FRONTEND:ORDERS - INFO: OrderList orders updated
  Details: {
  "has_orders": false,
  "order_count": 0,
  "is_array": true,
  "is_null": false,
  "is_undefined": false,
  "current_page": 1,
  "total_pages": 1,
  "total_orders": 0,
  "log_destination": "orders",
  "timestamp": "2025-03-12T05:28:45.958Z"
}
[2025-03-12T05:28:48.777Z] FRONTEND:ORDERS - INFO: Orders page initialized
  Details: {
  "is_connected": false,
  "is_ready": false,
  "has_address": true,
  "has_effective_address": true,
  "using_auth_wallet": false,
  "status_filter": "all",
  "log_destination": "orders",
  "timestamp": "2025-03-12T05:28:48.777Z"
}
[2025-03-12T05:28:48.777Z] FRONTEND:ORDERS - INFO: Fetching orders
  Details: {
  "wallet_address": "0x5062...",
  "page": 1,
  "limit": 10,
  "has_search": false,
  "log_destination": "orders",
  "timestamp": "2025-03-12T05:28:48.777Z"
}
[2025-03-12T05:28:48.778Z] FRONTEND:ORDERS - DEBUG: Fetching user orders
  Details: {
  "wallet_address": "0x50629C71967908D5C871A5eDAdDC853E2782E809",
  "page": 1,
  "limit": 10,
  "url": "/orders/user/0x50629C71967908D5C871A5eDAdDC853E2782E809",
  "log_destination": "orders",
  "timestamp": "2025-03-12T05:28:48.778Z"
}
[2025-03-12T05:28:48.788Z] FRONTEND:ORDERS - INFO: Wallet state changed in orders page
  Details: {
  "is_connected": false,
  "is_ready": false,
  "has_address": true,
  "has_effective_address": true,
  "using_auth_wallet": false,
  "log_destination": "orders",
  "timestamp": "2025-03-12T05:28:48.788Z"
}
[2025-03-12T05:28:49.116Z] FRONTEND:ORDERS - DEBUG: Successfully fetched user orders
  Details: {
  "orderCount": 0,
  "total": 0,
  "page": 1,
  "limit": 10,
  "log_destination": "orders",
  "timestamp": "2025-03-12T05:28:49.116Z"
}
[2025-03-12T05:28:49.117Z] FRONTEND:ORDERS - INFO: Orders fetched successfully
  Details: {
  "wallet_address": "0x5062...",
  "order_count": 0,
  "total_orders": 0,
  "page": 1,
  "limit": 10,
  "log_destination": "orders",
  "timestamp": "2025-03-12T05:28:49.117Z"
}
[2025-03-12T05:28:49.122Z] FRONTEND:ORDERS - INFO: Orders loaded
  Details: {
  "total_orders": 0,
  "status_filter": "all",
  "log_destination": "orders",
  "timestamp": "2025-03-12T05:28:49.122Z"
}
[2025-03-12T05:28:49.177Z] FRONTEND:ORDERS - INFO: Wallet state changed in orders page
  Details: {
  "is_connected": true,
  "is_ready": false,
  "has_address": true,
  "has_effective_address": true,
  "using_auth_wallet": false,
  "log_destination": "orders",
  "timestamp": "2025-03-12T05:28:49.177Z"
}
[2025-03-12T05:28:49.208Z] FRONTEND:ORDERS - INFO: Wallet state changed in orders page
  Details: {
  "is_connected": true,
  "is_ready": true,
  "has_address": true,
  "has_effective_address": true,
  "using_auth_wallet": false,
  "log_destination": "orders",
  "timestamp": "2025-03-12T05:28:49.208Z"
}
[2025-03-12T05:29:15.926Z] FRONTEND:ORDERS - INFO: Orders page initialized
  Details: {
  "is_connected": true,
  "is_ready": false,
  "has_address": true,
  "has_effective_address": true,
  "using_auth_wallet": false,
  "status_filter": "all",
  "log_destination": "orders",
  "timestamp": "2025-03-12T05:29:15.926Z"
}
[2025-03-12T05:29:15.928Z] FRONTEND:ORDERS - INFO: Fetching orders
  Details: {
  "wallet_address": "0xAbf4...",
  "page": 1,
  "limit": 10,
  "has_search": false,
  "log_destination": "orders",
  "timestamp": "2025-03-12T05:29:15.928Z"
}
[2025-03-12T05:29:15.929Z] FRONTEND:ORDERS - DEBUG: Fetching user orders
  Details: {
  "wallet_address": "0xAbf4fb1AC5E3c0Db693deC235F9D9BE1a29bcDc9",
  "page": 1,
  "limit": 10,
  "url": "/orders/user/0xAbf4fb1AC5E3c0Db693deC235F9D9BE1a29bcDc9",
  "log_destination": "orders",
  "timestamp": "2025-03-12T05:29:15.929Z"
}
[2025-03-12T05:29:15.936Z] FRONTEND:ORDERS - INFO: Orders page initialized
  Details: {
  "is_connected": true,
  "is_ready": false,
  "has_address": true,
  "has_effective_address": true,
  "using_auth_wallet": false,
  "status_filter": "all",
  "log_destination": "orders",
  "timestamp": "2025-03-12T05:29:15.936Z"
}
[2025-03-12T05:29:15.941Z] FRONTEND:ORDERS - INFO: Wallet state changed in orders page
  Details: {
  "is_connected": true,
  "is_ready": true,
  "has_address": true,
  "has_effective_address": true,
  "using_auth_wallet": false,
  "log_destination": "orders",
  "timestamp": "2025-03-12T05:29:15.941Z"
}
[2025-03-12T05:29:16.268Z] FRONTEND:ORDERS - DEBUG: Successfully fetched user orders
  Details: {
  "orderCount": 0,
  "total": 0,
  "page": 1,
  "limit": 10,
  "log_destination": "orders",
  "timestamp": "2025-03-12T05:29:16.268Z"
}
[2025-03-12T05:29:16.269Z] FRONTEND:ORDERS - INFO: Orders fetched successfully
  Details: {
  "wallet_address": "0xAbf4...",
  "order_count": 0,
  "total_orders": 0,
  "page": 1,
  "limit": 10,
  "log_destination": "orders",
  "timestamp": "2025-03-12T05:29:16.269Z"
}
[2025-03-12T05:29:16.272Z] FRONTEND:ORDERS - INFO: Orders loaded
  Details: {
  "total_orders": 0,
  "status_filter": "all",
  "log_destination": "orders",
  "timestamp": "2025-03-12T05:29:16.272Z"
}
[2025-03-12T05:29:16.291Z] FRONTEND:ORDERS - INFO: OrderList component initialized
  Details: {
  "has_orders": false,
  "order_count": 0,
  "is_array": true,
  "is_null": false,
  "is_undefined": false,
  "current_page": 1,
  "total_pages": 1,
  "total_orders": 0,
  "log_destination": "orders",
  "timestamp": "2025-03-12T05:29:16.291Z"
}
[2025-03-12T05:29:16.291Z] FRONTEND:ORDERS - INFO: OrderList orders updated
  Details: {
  "has_orders": false,
  "order_count": 0,
  "is_array": true,
  "is_null": false,
  "is_undefined": false,
  "current_page": 1,
  "total_pages": 1,
  "total_orders": 0,
  "log_destination": "orders",
  "timestamp": "2025-03-12T05:29:16.291Z"
}
[2025-03-12T05:29:16.292Z] FRONTEND:ORDERS - INFO: OrderList component initialized
  Details: {
  "has_orders": false,
  "order_count": 0,
  "is_array": true,
  "is_null": false,
  "is_undefined": false,
  "current_page": 1,
  "total_pages": 1,
  "total_orders": 0,
  "log_destination": "orders",
  "timestamp": "2025-03-12T05:29:16.292Z"
}
[2025-03-12T05:29:16.292Z] FRONTEND:ORDERS - INFO: OrderList orders updated
  Details: {
  "has_orders": false,
  "order_count": 0,
  "is_array": true,
  "is_null": false,
  "is_undefined": false,
  "current_page": 1,
  "total_pages": 1,
  "total_orders": 0,
  "log_destination": "orders",
  "timestamp": "2025-03-12T05:29:16.292Z"
}
[2025-03-12T05:29:18.706Z] FRONTEND:ORDERS - INFO: Orders page initialized
  Details: {
  "is_connected": false,
  "is_ready": false,
  "has_address": true,
  "has_effective_address": true,
  "using_auth_wallet": false,
  "status_filter": "all",
  "log_destination": "orders",
  "timestamp": "2025-03-12T05:29:18.706Z"
}
[2025-03-12T05:29:18.707Z] FRONTEND:ORDERS - INFO: Fetching orders
  Details: {
  "wallet_address": "0xAbf4...",
  "page": 1,
  "limit": 10,
  "has_search": false,
  "log_destination": "orders",
  "timestamp": "2025-03-12T05:29:18.707Z"
}
[2025-03-12T05:29:18.708Z] FRONTEND:ORDERS - DEBUG: Fetching user orders
  Details: {
  "wallet_address": "0xAbf4fb1AC5E3c0Db693deC235F9D9BE1a29bcDc9",
  "page": 1,
  "limit": 10,
  "url": "/orders/user/0xAbf4fb1AC5E3c0Db693deC235F9D9BE1a29bcDc9",
  "log_destination": "orders",
  "timestamp": "2025-03-12T05:29:18.708Z"
}
[2025-03-12T05:29:18.719Z] FRONTEND:ORDERS - INFO: Wallet state changed in orders page
  Details: {
  "is_connected": false,
  "is_ready": false,
  "has_address": true,
  "has_effective_address": true,
  "using_auth_wallet": false,
  "log_destination": "orders",
  "timestamp": "2025-03-12T05:29:18.719Z"
}
[2025-03-12T05:29:19.056Z] FRONTEND:ORDERS - INFO: Wallet state changed in orders page
  Details: {
  "is_connected": true,
  "is_ready": false,
  "has_address": true,
  "has_effective_address": true,
  "using_auth_wallet": false,
  "log_destination": "orders",
  "timestamp": "2025-03-12T05:29:19.056Z"
}
[2025-03-12T05:29:19.081Z] FRONTEND:ORDERS - INFO: Wallet state changed in orders page
  Details: {
  "is_connected": true,
  "is_ready": true,
  "has_address": true,
  "has_effective_address": true,
  "using_auth_wallet": false,
  "log_destination": "orders",
  "timestamp": "2025-03-12T05:29:19.081Z"
}
[2025-03-12T05:29:19.124Z] FRONTEND:ORDERS - DEBUG: Successfully fetched user orders
  Details: {
  "orderCount": 0,
  "total": 0,
  "page": 1,
  "limit": 10,
  "log_destination": "orders",
  "timestamp": "2025-03-12T05:29:19.124Z"
}
[2025-03-12T05:29:19.125Z] FRONTEND:ORDERS - INFO: Orders fetched successfully
  Details: {
  "wallet_address": "0xAbf4...",
  "order_count": 0,
  "total_orders": 0,
  "page": 1,
  "limit": 10,
  "log_destination": "orders",
  "timestamp": "2025-03-12T05:29:19.125Z"
}
[2025-03-12T05:29:19.135Z] FRONTEND:ORDERS - INFO: Orders loaded
  Details: {
  "total_orders": 0,
  "status_filter": "all",
  "log_destination": "orders",
  "timestamp": "2025-03-12T05:29:19.135Z"
}
[2025-03-12T05:30:18.628Z] FRONTEND:ORDERS - INFO: Orders page initialized
  Details: {
  "is_connected": true,
  "is_ready": false,
  "has_address": true,
  "has_effective_address": true,
  "using_auth_wallet": false,
  "status_filter": "all",
  "log_destination": "orders",
  "timestamp": "2025-03-12T05:30:18.628Z"
}
[2025-03-12T05:30:18.629Z] FRONTEND:ORDERS - INFO: Fetching orders
  Details: {
  "wallet_address": "0xAbf4...",
  "page": 1,
  "limit": 10,
  "has_search": false,
  "log_destination": "orders",
  "timestamp": "2025-03-12T05:30:18.629Z"
}
[2025-03-12T05:30:18.629Z] FRONTEND:ORDERS - DEBUG: Fetching user orders
  Details: {
  "wallet_address": "0xAbf4fb1AC5E3c0Db693deC235F9D9BE1a29bcDc9",
  "page": 1,
  "limit": 10,
  "url": "/orders/user/0xAbf4fb1AC5E3c0Db693deC235F9D9BE1a29bcDc9",
  "log_destination": "orders",
  "timestamp": "2025-03-12T05:30:18.629Z"
}
[2025-03-12T05:30:18.629Z] FRONTEND:ORDERS - INFO: Orders loaded
  Details: {
  "total_orders": 0,
  "status_filter": "all",
  "log_destination": "orders",
  "timestamp": "2025-03-12T05:30:18.629Z"
}
[2025-03-12T05:30:18.635Z] FRONTEND:ORDERS - INFO: Orders page initialized
  Details: {
  "is_connected": true,
  "is_ready": false,
  "has_address": true,
  "has_effective_address": true,
  "using_auth_wallet": false,
  "status_filter": "all",
  "log_destination": "orders",
  "timestamp": "2025-03-12T05:30:18.635Z"
}
[2025-03-12T05:30:18.635Z] FRONTEND:ORDERS - INFO: Orders loaded
  Details: {
  "total_orders": 0,
  "status_filter": "all",
  "log_destination": "orders",
  "timestamp": "2025-03-12T05:30:18.635Z"
}
[2025-03-12T05:30:18.646Z] FRONTEND:ORDERS - INFO: Wallet state changed in orders page
  Details: {
  "is_connected": true,
  "is_ready": true,
  "has_address": true,
  "has_effective_address": true,
  "using_auth_wallet": false,
  "log_destination": "orders",
  "timestamp": "2025-03-12T05:30:18.646Z"
}
[2025-03-12T05:30:18.684Z] FRONTEND:ORDERS - INFO: OrderList component initialized
  Details: {
  "has_orders": false,
  "order_count": 0,
  "is_array": true,
  "is_null": false,
  "is_undefined": false,
  "current_page": 1,
  "total_pages": 1,
  "total_orders": 0,
  "log_destination": "orders",
  "timestamp": "2025-03-12T05:30:18.684Z"
}
[2025-03-12T05:30:18.685Z] FRONTEND:ORDERS - INFO: OrderList orders updated
  Details: {
  "has_orders": false,
  "order_count": 0,
  "is_array": true,
  "is_null": false,
  "is_undefined": false,
  "current_page": 1,
  "total_pages": 1,
  "total_orders": 0,
  "log_destination": "orders",
  "timestamp": "2025-03-12T05:30:18.685Z"
}
[2025-03-12T05:30:18.686Z] FRONTEND:ORDERS - INFO: OrderList component initialized
  Details: {
  "has_orders": false,
  "order_count": 0,
  "is_array": true,
  "is_null": false,
  "is_undefined": false,
  "current_page": 1,
  "total_pages": 1,
  "total_orders": 0,
  "log_destination": "orders",
  "timestamp": "2025-03-12T05:30:18.686Z"
}
[2025-03-12T05:30:18.686Z] FRONTEND:ORDERS - INFO: OrderList orders updated
  Details: {
  "has_orders": false,
  "order_count": 0,
  "is_array": true,
  "is_null": false,
  "is_undefined": false,
  "current_page": 1,
  "total_pages": 1,
  "total_orders": 0,
  "log_destination": "orders",
  "timestamp": "2025-03-12T05:30:18.686Z"
}
[2025-03-12T05:30:18.697Z] FRONTEND:ORDERS - WARN: Retrying fetch orders after 500 error
  Details: {
  "retries_left": 2,
  "retry_delay": 1000,
  "log_destination": "orders",
  "timestamp": "2025-03-12T05:30:18.697Z"
}
[2025-03-12T05:30:19.713Z] FRONTEND:ORDERS - WARN: Retrying fetch orders after 500 error
  Details: {
  "retries_left": 1,
  "retry_delay": 1000,
  "log_destination": "orders",
  "timestamp": "2025-03-12T05:30:19.713Z"
}
[2025-03-12T05:30:20.725Z] FRONTEND:ORDERS - WARN: Retrying fetch orders after 500 error
  Details: {
  "retries_left": 0,
  "retry_delay": 1000,
  "log_destination": "orders",
  "timestamp": "2025-03-12T05:30:20.725Z"
}
[2025-03-12T05:30:21.742Z] FRONTEND:ORDERS - ERROR: Order Error: Request failed with status code 500
  Details: {
  "stack": "AxiosError: Request failed with status code 500\n    at settle (webpack-internal:///(app-pages-browser)/./node_modules/axios/lib/core/settle.js:24:12)\n    at XMLHttpRequest.onloadend (webpack-internal:///(app-pages-browser)/./node_modules/axios/lib/adapters/xhr.js:73:66)\n    at Axios.request (webpack-internal:///(app-pages-browser)/./node_modules/axios/lib/core/Axios.js:57:41)\n    at async eval (webpack-internal:///(app-pages-browser)/./src/api/orders.ts:89:32)\n    at async makeRequest (webpack-internal:///(app-pages-browser)/./src/api/orders.ts:40:16)\n    at async Object.getUserOrders (webpack-internal:///(app-pages-browser)/./src/api/orders.ts:88:30)\n    at async useOrders.useQuery (webpack-internal:///(app-pages-browser)/./src/hooks/useOrders.ts:48:38)",
  "status": 500,
  "url": "http://127.0.0.1:8000/orders/user/0xAbf4fb1AC5E3c0Db693deC235F9D9BE1a29bcDc9",
  "method": "get",
  "response_data": {
    "detail": "Failed to fetch orders"
  },
  "log_destination": "orders",
  "timestamp": "2025-03-12T05:30:21.742Z"
}
[2025-03-12T05:30:21.742Z] FRONTEND:ORDERS - ERROR: Order Error: Failed to fetch orders: Request failed with status code 500
  Details: {
  "stack": "Error: Failed to fetch orders: Request failed with status code 500\n    at handleApiError (webpack-internal:///(app-pages-browser)/./src/api/orders.ts:30:15)\n    at Object.getUserOrders (webpack-internal:///(app-pages-browser)/./src/api/orders.ts:121:13)\n    at async useOrders.useQuery (webpack-internal:///(app-pages-browser)/./src/hooks/useOrders.ts:48:38)",
  "wallet_address": "0xAbf4...",
  "page": 1,
  "limit": 10,
  "log_destination": "orders",
  "timestamp": "2025-03-12T05:30:21.742Z"
}
[2025-03-12T05:30:22.756Z] FRONTEND:ORDERS - INFO: Fetching orders
  Details: {
  "wallet_address": "0xAbf4...",
  "page": 1,
  "limit": 10,
  "has_search": false,
  "log_destination": "orders",
  "timestamp": "2025-03-12T05:30:22.756Z"
}
[2025-03-12T05:30:22.756Z] FRONTEND:ORDERS - DEBUG: Fetching user orders
  Details: {
  "wallet_address": "0xAbf4fb1AC5E3c0Db693deC235F9D9BE1a29bcDc9",
  "page": 1,
  "limit": 10,
  "url": "/orders/user/0xAbf4fb1AC5E3c0Db693deC235F9D9BE1a29bcDc9",
  "log_destination": "orders",
  "timestamp": "2025-03-12T05:30:22.756Z"
}
[2025-03-12T05:30:22.765Z] FRONTEND:ORDERS - WARN: Retrying fetch orders after 500 error
  Details: {
  "retries_left": 2,
  "retry_delay": 1000,
  "log_destination": "orders",
  "timestamp": "2025-03-12T05:30:22.765Z"
}
[2025-03-12T05:30:23.779Z] FRONTEND:ORDERS - WARN: Retrying fetch orders after 500 error
  Details: {
  "retries_left": 1,
  "retry_delay": 1000,
  "log_destination": "orders",
  "timestamp": "2025-03-12T05:30:23.779Z"
}
[2025-03-12T05:30:24.786Z] FRONTEND:ORDERS - WARN: Retrying fetch orders after 500 error
  Details: {
  "retries_left": 0,
  "retry_delay": 1000,
  "log_destination": "orders",
  "timestamp": "2025-03-12T05:30:24.786Z"
}
[2025-03-12T05:30:25.797Z] FRONTEND:ORDERS - ERROR: Order Error: Request failed with status code 500
  Details: {
  "stack": "AxiosError: Request failed with status code 500\n    at settle (webpack-internal:///(app-pages-browser)/./node_modules/axios/lib/core/settle.js:24:12)\n    at XMLHttpRequest.onloadend (webpack-internal:///(app-pages-browser)/./node_modules/axios/lib/adapters/xhr.js:73:66)\n    at Axios.request (webpack-internal:///(app-pages-browser)/./node_modules/axios/lib/core/Axios.js:57:41)\n    at async eval (webpack-internal:///(app-pages-browser)/./src/api/orders.ts:89:32)\n    at async makeRequest (webpack-internal:///(app-pages-browser)/./src/api/orders.ts:40:16)\n    at async Object.getUserOrders (webpack-internal:///(app-pages-browser)/./src/api/orders.ts:88:30)\n    at async useOrders.useQuery (webpack-internal:///(app-pages-browser)/./src/hooks/useOrders.ts:48:38)",
  "status": 500,
  "url": "http://127.0.0.1:8000/orders/user/0xAbf4fb1AC5E3c0Db693deC235F9D9BE1a29bcDc9",
  "method": "get",
  "response_data": {
    "detail": "Failed to fetch orders"
  },
  "log_destination": "orders",
  "timestamp": "2025-03-12T05:30:25.797Z"
}
[2025-03-12T05:30:25.797Z] FRONTEND:ORDERS - ERROR: Order Error: Failed to fetch orders: Request failed with status code 500
  Details: {
  "stack": "Error: Failed to fetch orders: Request failed with status code 500\n    at handleApiError (webpack-internal:///(app-pages-browser)/./src/api/orders.ts:30:15)\n    at Object.getUserOrders (webpack-internal:///(app-pages-browser)/./src/api/orders.ts:121:13)\n    at async useOrders.useQuery (webpack-internal:///(app-pages-browser)/./src/hooks/useOrders.ts:48:38)",
  "wallet_address": "0xAbf4...",
  "page": 1,
  "limit": 10,
  "log_destination": "orders",
  "timestamp": "2025-03-12T05:30:25.797Z"
}
[2025-03-12T05:30:27.813Z] FRONTEND:ORDERS - INFO: Fetching orders
  Details: {
  "wallet_address": "0xAbf4...",
  "page": 1,
  "limit": 10,
  "has_search": false,
  "log_destination": "orders",
  "timestamp": "2025-03-12T05:30:27.813Z"
}
[2025-03-12T05:30:27.814Z] FRONTEND:ORDERS - DEBUG: Fetching user orders
  Details: {
  "wallet_address": "0xAbf4fb1AC5E3c0Db693deC235F9D9BE1a29bcDc9",
  "page": 1,
  "limit": 10,
  "url": "/orders/user/0xAbf4fb1AC5E3c0Db693deC235F9D9BE1a29bcDc9",
  "log_destination": "orders",
  "timestamp": "2025-03-12T05:30:27.814Z"
}
[2025-03-12T05:30:27.826Z] FRONTEND:ORDERS - WARN: Retrying fetch orders after 500 error
  Details: {
  "retries_left": 2,
  "retry_delay": 1000,
  "log_destination": "orders",
  "timestamp": "2025-03-12T05:30:27.825Z"
}
[2025-03-12T05:30:28.850Z] FRONTEND:ORDERS - WARN: Retrying fetch orders after 500 error
  Details: {
  "retries_left": 1,
  "retry_delay": 1000,
  "log_destination": "orders",
  "timestamp": "2025-03-12T05:30:28.850Z"
}
[2025-03-12T05:30:29.862Z] FRONTEND:ORDERS - WARN: Retrying fetch orders after 500 error
  Details: {
  "retries_left": 0,
  "retry_delay": 1000,
  "log_destination": "orders",
  "timestamp": "2025-03-12T05:30:29.862Z"
}
[2025-03-12T05:30:30.883Z] FRONTEND:ORDERS - ERROR: Order Error: Request failed with status code 500
  Details: {
  "stack": "AxiosError: Request failed with status code 500\n    at settle (webpack-internal:///(app-pages-browser)/./node_modules/axios/lib/core/settle.js:24:12)\n    at XMLHttpRequest.onloadend (webpack-internal:///(app-pages-browser)/./node_modules/axios/lib/adapters/xhr.js:73:66)\n    at Axios.request (webpack-internal:///(app-pages-browser)/./node_modules/axios/lib/core/Axios.js:57:41)\n    at async eval (webpack-internal:///(app-pages-browser)/./src/api/orders.ts:89:32)\n    at async makeRequest (webpack-internal:///(app-pages-browser)/./src/api/orders.ts:40:16)\n    at async Object.getUserOrders (webpack-internal:///(app-pages-browser)/./src/api/orders.ts:88:30)\n    at async useOrders.useQuery (webpack-internal:///(app-pages-browser)/./src/hooks/useOrders.ts:48:38)",
  "status": 500,
  "url": "http://127.0.0.1:8000/orders/user/0xAbf4fb1AC5E3c0Db693deC235F9D9BE1a29bcDc9",
  "method": "get",
  "response_data": {
    "detail": "Failed to fetch orders"
  },
  "log_destination": "orders",
  "timestamp": "2025-03-12T05:30:30.883Z"
}
[2025-03-12T05:30:30.884Z] FRONTEND:ORDERS - ERROR: Order Error: Failed to fetch orders: Request failed with status code 500
  Details: {
  "stack": "Error: Failed to fetch orders: Request failed with status code 500\n    at handleApiError (webpack-internal:///(app-pages-browser)/./src/api/orders.ts:30:15)\n    at Object.getUserOrders (webpack-internal:///(app-pages-browser)/./src/api/orders.ts:121:13)\n    at async useOrders.useQuery (webpack-internal:///(app-pages-browser)/./src/hooks/useOrders.ts:48:38)",
  "wallet_address": "0xAbf4...",
  "page": 1,
  "limit": 10,
  "log_destination": "orders",
  "timestamp": "2025-03-12T05:30:30.884Z"
}
[2025-03-12T05:30:34.887Z] FRONTEND:ORDERS - INFO: Fetching orders
  Details: {
  "wallet_address": "0xAbf4...",
  "page": 1,
  "limit": 10,
  "has_search": false,
  "log_destination": "orders",
  "timestamp": "2025-03-12T05:30:34.887Z"
}
[2025-03-12T05:30:34.888Z] FRONTEND:ORDERS - DEBUG: Fetching user orders
  Details: {
  "wallet_address": "0xAbf4fb1AC5E3c0Db693deC235F9D9BE1a29bcDc9",
  "page": 1,
  "limit": 10,
  "url": "/orders/user/0xAbf4fb1AC5E3c0Db693deC235F9D9BE1a29bcDc9",
  "log_destination": "orders",
  "timestamp": "2025-03-12T05:30:34.888Z"
}
[2025-03-12T05:30:34.898Z] FRONTEND:ORDERS - WARN: Retrying fetch orders after 500 error
  Details: {
  "retries_left": 2,
  "retry_delay": 1000,
  "log_destination": "orders",
  "timestamp": "2025-03-12T05:30:34.898Z"
}
[2025-03-12T05:30:35.918Z] FRONTEND:ORDERS - WARN: Retrying fetch orders after 500 error
  Details: {
  "retries_left": 1,
  "retry_delay": 1000,
  "log_destination": "orders",
  "timestamp": "2025-03-12T05:30:35.918Z"
}
[2025-03-12T05:30:36.935Z] FRONTEND:ORDERS - WARN: Retrying fetch orders after 500 error
  Details: {
  "retries_left": 0,
  "retry_delay": 1000,
  "log_destination": "orders",
  "timestamp": "2025-03-12T05:30:36.934Z"
}
[2025-03-12T05:30:37.951Z] FRONTEND:ORDERS - ERROR: Order Error: Request failed with status code 500
  Details: {
  "stack": "AxiosError: Request failed with status code 500\n    at settle (webpack-internal:///(app-pages-browser)/./node_modules/axios/lib/core/settle.js:24:12)\n    at XMLHttpRequest.onloadend (webpack-internal:///(app-pages-browser)/./node_modules/axios/lib/adapters/xhr.js:73:66)\n    at Axios.request (webpack-internal:///(app-pages-browser)/./node_modules/axios/lib/core/Axios.js:57:41)\n    at async eval (webpack-internal:///(app-pages-browser)/./src/api/orders.ts:89:32)\n    at async makeRequest (webpack-internal:///(app-pages-browser)/./src/api/orders.ts:40:16)\n    at async Object.getUserOrders (webpack-internal:///(app-pages-browser)/./src/api/orders.ts:88:30)\n    at async useOrders.useQuery (webpack-internal:///(app-pages-browser)/./src/hooks/useOrders.ts:48:38)",
  "status": 500,
  "url": "http://127.0.0.1:8000/orders/user/0xAbf4fb1AC5E3c0Db693deC235F9D9BE1a29bcDc9",
  "method": "get",
  "response_data": {
    "detail": "Failed to fetch orders"
  },
  "log_destination": "orders",
  "timestamp": "2025-03-12T05:30:37.951Z"
}
[2025-03-12T05:30:37.952Z] FRONTEND:ORDERS - ERROR: Order Error: Failed to fetch orders: Request failed with status code 500
  Details: {
  "stack": "Error: Failed to fetch orders: Request failed with status code 500\n    at handleApiError (webpack-internal:///(app-pages-browser)/./src/api/orders.ts:30:15)\n    at Object.getUserOrders (webpack-internal:///(app-pages-browser)/./src/api/orders.ts:121:13)\n    at async useOrders.useQuery (webpack-internal:///(app-pages-browser)/./src/hooks/useOrders.ts:48:38)",
  "wallet_address": "0xAbf4...",
  "page": 1,
  "limit": 10,
  "log_destination": "orders",
  "timestamp": "2025-03-12T05:30:37.952Z"
}
[2025-03-12T05:34:04.694Z] FRONTEND:ORDERS - INFO: Orders page initialized
  Details: {
  "is_connected": true,
  "is_ready": false,
  "has_address": true,
  "has_effective_address": true,
  "using_auth_wallet": false,
  "status_filter": "all",
  "log_destination": "orders",
  "timestamp": "2025-03-12T05:34:04.694Z"
}
[2025-03-12T05:34:04.695Z] FRONTEND:ORDERS - INFO: Fetching orders
  Details: {
  "wallet_address": "0x0300...",
  "page": 1,
  "limit": 10,
  "has_search": false,
  "log_destination": "orders",
  "timestamp": "2025-03-12T05:34:04.695Z"
}
[2025-03-12T05:34:04.695Z] FRONTEND:ORDERS - DEBUG: Fetching user orders
  Details: {
  "wallet_address": "0x0300B70e40F138927e3a988ce4A9a069Ff875336",
  "page": 1,
  "limit": 10,
  "url": "/orders/user/0x0300B70e40F138927e3a988ce4A9a069Ff875336",
  "log_destination": "orders",
  "timestamp": "2025-03-12T05:34:04.695Z"
}
[2025-03-12T05:34:04.701Z] FRONTEND:ORDERS - INFO: Orders page initialized
  Details: {
  "is_connected": true,
  "is_ready": false,
  "has_address": true,
  "has_effective_address": true,
  "using_auth_wallet": false,
  "status_filter": "all",
  "log_destination": "orders",
  "timestamp": "2025-03-12T05:34:04.701Z"
}
[2025-03-12T05:34:04.706Z] FRONTEND:ORDERS - INFO: Wallet state changed in orders page
  Details: {
  "is_connected": true,
  "is_ready": true,
  "has_address": true,
  "has_effective_address": true,
  "using_auth_wallet": false,
  "log_destination": "orders",
  "timestamp": "2025-03-12T05:34:04.706Z"
}
[2025-03-12T05:34:04.777Z] FRONTEND:ORDERS - WARN: Retrying fetch orders after 500 error
  Details: {
  "retries_left": 2,
  "retry_delay": 1000,
  "log_destination": "orders",
  "timestamp": "2025-03-12T05:34:04.777Z"
}
[2025-03-12T05:34:05.786Z] FRONTEND:ORDERS - WARN: Retrying fetch orders after 500 error
  Details: {
  "retries_left": 1,
  "retry_delay": 1000,
  "log_destination": "orders",
  "timestamp": "2025-03-12T05:34:05.786Z"
}
[2025-03-12T05:34:06.795Z] FRONTEND:ORDERS - WARN: Retrying fetch orders after 500 error
  Details: {
  "retries_left": 0,
  "retry_delay": 1000,
  "log_destination": "orders",
  "timestamp": "2025-03-12T05:34:06.795Z"
}
[2025-03-12T05:34:07.811Z] FRONTEND:ORDERS - ERROR: Order Error: Request failed with status code 500
  Details: {
  "stack": "AxiosError: Request failed with status code 500\n    at settle (webpack-internal:///(app-pages-browser)/./node_modules/axios/lib/core/settle.js:24:12)\n    at XMLHttpRequest.onloadend (webpack-internal:///(app-pages-browser)/./node_modules/axios/lib/adapters/xhr.js:73:66)\n    at Axios.request (webpack-internal:///(app-pages-browser)/./node_modules/axios/lib/core/Axios.js:57:41)\n    at async eval (webpack-internal:///(app-pages-browser)/./src/api/orders.ts:89:32)\n    at async makeRequest (webpack-internal:///(app-pages-browser)/./src/api/orders.ts:40:16)\n    at async Object.getUserOrders (webpack-internal:///(app-pages-browser)/./src/api/orders.ts:88:30)\n    at async useOrders.useQuery (webpack-internal:///(app-pages-browser)/./src/hooks/useOrders.ts:48:38)",
  "status": 500,
  "url": "http://127.0.0.1:8000/orders/user/0x0300B70e40F138927e3a988ce4A9a069Ff875336",
  "method": "get",
  "response_data": {
    "detail": "Failed to fetch orders"
  },
  "log_destination": "orders",
  "timestamp": "2025-03-12T05:34:07.811Z"
}
[2025-03-12T05:34:07.816Z] FRONTEND:ORDERS - ERROR: Order Error: Failed to fetch orders: Request failed with status code 500
  Details: {
  "stack": "Error: Failed to fetch orders: Request failed with status code 500\n    at handleApiError (webpack-internal:///(app-pages-browser)/./src/api/orders.ts:30:15)\n    at Object.getUserOrders (webpack-internal:///(app-pages-browser)/./src/api/orders.ts:121:13)\n    at async useOrders.useQuery (webpack-internal:///(app-pages-browser)/./src/hooks/useOrders.ts:48:38)",
  "wallet_address": "0x0300...",
  "page": 1,
  "limit": 10,
  "log_destination": "orders",
  "timestamp": "2025-03-12T05:34:07.816Z"
}
[2025-03-12T05:34:08.826Z] FRONTEND:ORDERS - INFO: Fetching orders
  Details: {
  "wallet_address": "0x0300...",
  "page": 1,
  "limit": 10,
  "has_search": false,
  "log_destination": "orders",
  "timestamp": "2025-03-12T05:34:08.826Z"
}
[2025-03-12T05:34:08.826Z] FRONTEND:ORDERS - DEBUG: Fetching user orders
  Details: {
  "wallet_address": "0x0300B70e40F138927e3a988ce4A9a069Ff875336",
  "page": 1,
  "limit": 10,
  "url": "/orders/user/0x0300B70e40F138927e3a988ce4A9a069Ff875336",
  "log_destination": "orders",
  "timestamp": "2025-03-12T05:34:08.826Z"
}
[2025-03-12T05:34:08.838Z] FRONTEND:ORDERS - WARN: Retrying fetch orders after 500 error
  Details: {
  "retries_left": 2,
  "retry_delay": 1000,
  "log_destination": "orders",
  "timestamp": "2025-03-12T05:34:08.838Z"
}
[2025-03-12T05:34:09.858Z] FRONTEND:ORDERS - WARN: Retrying fetch orders after 500 error
  Details: {
  "retries_left": 1,
  "retry_delay": 1000,
  "log_destination": "orders",
  "timestamp": "2025-03-12T05:34:09.858Z"
}
[2025-03-12T05:34:10.872Z] FRONTEND:ORDERS - WARN: Retrying fetch orders after 500 error
  Details: {
  "retries_left": 0,
  "retry_delay": 1000,
  "log_destination": "orders",
  "timestamp": "2025-03-12T05:34:10.872Z"
}
[2025-03-12T05:34:11.889Z] FRONTEND:ORDERS - ERROR: Order Error: Request failed with status code 500
  Details: {
  "stack": "AxiosError: Request failed with status code 500\n    at settle (webpack-internal:///(app-pages-browser)/./node_modules/axios/lib/core/settle.js:24:12)\n    at XMLHttpRequest.onloadend (webpack-internal:///(app-pages-browser)/./node_modules/axios/lib/adapters/xhr.js:73:66)\n    at Axios.request (webpack-internal:///(app-pages-browser)/./node_modules/axios/lib/core/Axios.js:57:41)\n    at async eval (webpack-internal:///(app-pages-browser)/./src/api/orders.ts:89:32)\n    at async makeRequest (webpack-internal:///(app-pages-browser)/./src/api/orders.ts:40:16)\n    at async Object.getUserOrders (webpack-internal:///(app-pages-browser)/./src/api/orders.ts:88:30)\n    at async useOrders.useQuery (webpack-internal:///(app-pages-browser)/./src/hooks/useOrders.ts:48:38)",
  "status": 500,
  "url": "http://127.0.0.1:8000/orders/user/0x0300B70e40F138927e3a988ce4A9a069Ff875336",
  "method": "get",
  "response_data": {
    "detail": "Failed to fetch orders"
  },
  "log_destination": "orders",
  "timestamp": "2025-03-12T05:34:11.889Z"
}
[2025-03-12T05:34:11.890Z] FRONTEND:ORDERS - ERROR: Order Error: Failed to fetch orders: Request failed with status code 500
  Details: {
  "stack": "Error: Failed to fetch orders: Request failed with status code 500\n    at handleApiError (webpack-internal:///(app-pages-browser)/./src/api/orders.ts:30:15)\n    at Object.getUserOrders (webpack-internal:///(app-pages-browser)/./src/api/orders.ts:121:13)\n    at async useOrders.useQuery (webpack-internal:///(app-pages-browser)/./src/hooks/useOrders.ts:48:38)",
  "wallet_address": "0x0300...",
  "page": 1,
  "limit": 10,
  "log_destination": "orders",
  "timestamp": "2025-03-12T05:34:11.890Z"
}
[2025-03-12T05:34:13.897Z] FRONTEND:ORDERS - INFO: Fetching orders
  Details: {
  "wallet_address": "0x0300...",
  "page": 1,
  "limit": 10,
  "has_search": false,
  "log_destination": "orders",
  "timestamp": "2025-03-12T05:34:13.897Z"
}
[2025-03-12T05:34:13.898Z] FRONTEND:ORDERS - DEBUG: Fetching user orders
  Details: {
  "wallet_address": "0x0300B70e40F138927e3a988ce4A9a069Ff875336",
  "page": 1,
  "limit": 10,
  "url": "/orders/user/0x0300B70e40F138927e3a988ce4A9a069Ff875336",
  "log_destination": "orders",
  "timestamp": "2025-03-12T05:34:13.898Z"
}
[2025-03-12T05:39:57.147Z] FRONTEND:ORDERS - INFO: Orders page initialized
  Details: {
  "is_connected": true,
  "is_ready": false,
  "has_address": true,
  "has_effective_address": true,
  "using_auth_wallet": false,
  "status_filter": "all",
  "log_destination": "orders",
  "timestamp": "2025-03-12T05:39:57.147Z"
}
[2025-03-12T05:39:57.147Z] FRONTEND:ORDERS - INFO: Fetching orders
  Details: {
  "wallet_address": "0x5062...",
  "page": 1,
  "limit": 10,
  "has_search": false,
  "log_destination": "orders",
  "timestamp": "2025-03-12T05:39:57.147Z"
}
[2025-03-12T05:39:57.148Z] FRONTEND:ORDERS - DEBUG: Fetching user orders
  Details: {
  "wallet_address": "0x50629C71967908D5C871A5eDAdDC853E2782E809",
  "page": 1,
  "limit": 10,
  "url": "/orders/user/0x50629C71967908D5C871A5eDAdDC853E2782E809",
  "log_destination": "orders",
  "timestamp": "2025-03-12T05:39:57.148Z"
}
[2025-03-12T05:39:57.155Z] FRONTEND:ORDERS - INFO: Orders page initialized
  Details: {
  "is_connected": true,
  "is_ready": false,
  "has_address": true,
  "has_effective_address": true,
  "using_auth_wallet": false,
  "status_filter": "all",
  "log_destination": "orders",
  "timestamp": "2025-03-12T05:39:57.155Z"
}
[2025-03-12T05:39:57.178Z] FRONTEND:ORDERS - INFO: Wallet state changed in orders page
  Details: {
  "is_connected": true,
  "is_ready": true,
  "has_address": true,
  "has_effective_address": true,
  "using_auth_wallet": false,
  "log_destination": "orders",
  "timestamp": "2025-03-12T05:39:57.178Z"
}
[2025-03-12T05:39:58.232Z] FRONTEND:ORDERS - DEBUG: Successfully fetched user orders
  Details: {
  "orderCount": 0,
  "total": 0,
  "page": 1,
  "limit": 10,
  "log_destination": "orders",
  "timestamp": "2025-03-12T05:39:58.232Z"
}
[2025-03-12T05:39:58.233Z] FRONTEND:ORDERS - INFO: Orders fetched successfully
  Details: {
  "wallet_address": "0x5062...",
  "order_count": 0,
  "total_orders": 0,
  "page": 1,
  "limit": 10,
  "log_destination": "orders",
  "timestamp": "2025-03-12T05:39:58.233Z"
}
[2025-03-12T05:39:58.239Z] FRONTEND:ORDERS - INFO: Orders loaded
  Details: {
  "total_orders": 0,
  "status_filter": "all",
  "log_destination": "orders",
  "timestamp": "2025-03-12T05:39:58.239Z"
}
[2025-03-12T05:39:58.271Z] FRONTEND:ORDERS - INFO: OrderList component initialized
  Details: {
  "has_orders": false,
  "order_count": 0,
  "is_array": true,
  "is_null": false,
  "is_undefined": false,
  "current_page": 1,
  "total_pages": 1,
  "total_orders": 0,
  "log_destination": "orders",
  "timestamp": "2025-03-12T05:39:58.271Z"
}
[2025-03-12T05:39:58.272Z] FRONTEND:ORDERS - INFO: OrderList orders updated
  Details: {
  "has_orders": false,
  "order_count": 0,
  "is_array": true,
  "is_null": false,
  "is_undefined": false,
  "current_page": 1,
  "total_pages": 1,
  "total_orders": 0,
  "log_destination": "orders",
  "timestamp": "2025-03-12T05:39:58.271Z"
}
[2025-03-12T05:39:58.272Z] FRONTEND:ORDERS - INFO: OrderList component initialized
  Details: {
  "has_orders": false,
  "order_count": 0,
  "is_array": true,
  "is_null": false,
  "is_undefined": false,
  "current_page": 1,
  "total_pages": 1,
  "total_orders": 0,
  "log_destination": "orders",
  "timestamp": "2025-03-12T05:39:58.272Z"
}
[2025-03-12T05:39:58.273Z] FRONTEND:ORDERS - INFO: OrderList orders updated
  Details: {
  "has_orders": false,
  "order_count": 0,
  "is_array": true,
  "is_null": false,
  "is_undefined": false,
  "current_page": 1,
  "total_pages": 1,
  "total_orders": 0,
  "log_destination": "orders",
  "timestamp": "2025-03-12T05:39:58.273Z"
}
[2025-03-12T05:40:06.358Z] FRONTEND:ORDERS - INFO: Orders page initialized
  Details: {
  "is_connected": false,
  "is_ready": false,
  "has_address": true,
  "has_effective_address": true,
  "using_auth_wallet": false,
  "status_filter": "all",
  "log_destination": "orders",
  "timestamp": "2025-03-12T05:40:06.358Z"
}
[2025-03-12T05:40:06.359Z] FRONTEND:ORDERS - INFO: Fetching orders
  Details: {
  "wallet_address": "0x5062...",
  "page": 1,
  "limit": 10,
  "has_search": false,
  "log_destination": "orders",
  "timestamp": "2025-03-12T05:40:06.359Z"
}
[2025-03-12T05:40:06.360Z] FRONTEND:ORDERS - DEBUG: Fetching user orders
  Details: {
  "wallet_address": "0x50629C71967908D5C871A5eDAdDC853E2782E809",
  "page": 1,
  "limit": 10,
  "url": "/orders/user/0x50629C71967908D5C871A5eDAdDC853E2782E809",
  "log_destination": "orders",
  "timestamp": "2025-03-12T05:40:06.360Z"
}
[2025-03-12T05:40:06.372Z] FRONTEND:ORDERS - INFO: Wallet state changed in orders page
  Details: {
  "is_connected": false,
  "is_ready": false,
  "has_address": true,
  "has_effective_address": true,
  "using_auth_wallet": false,
  "log_destination": "orders",
  "timestamp": "2025-03-12T05:40:06.372Z"
}
[2025-03-12T05:40:06.688Z] FRONTEND:ORDERS - INFO: Wallet state changed in orders page
  Details: {
  "is_connected": true,
  "is_ready": false,
  "has_address": true,
  "has_effective_address": true,
  "using_auth_wallet": false,
  "log_destination": "orders",
  "timestamp": "2025-03-12T05:40:06.688Z"
}
[2025-03-12T05:40:06.699Z] FRONTEND:ORDERS - INFO: Wallet state changed in orders page
  Details: {
  "is_connected": true,
  "is_ready": true,
  "has_address": true,
  "has_effective_address": true,
  "using_auth_wallet": false,
  "log_destination": "orders",
  "timestamp": "2025-03-12T05:40:06.699Z"
}
[2025-03-12T05:40:06.710Z] FRONTEND:ORDERS - DEBUG: Successfully fetched user orders
  Details: {
  "orderCount": 0,
  "total": 0,
  "page": 1,
  "limit": 10,
  "log_destination": "orders",
  "timestamp": "2025-03-12T05:40:06.709Z"
}
[2025-03-12T05:40:06.710Z] FRONTEND:ORDERS - INFO: Orders fetched successfully
  Details: {
  "wallet_address": "0x5062...",
  "order_count": 0,
  "total_orders": 0,
  "page": 1,
  "limit": 10,
  "log_destination": "orders",
  "timestamp": "2025-03-12T05:40:06.710Z"
}
[2025-03-12T05:40:06.719Z] FRONTEND:ORDERS - INFO: Orders loaded
  Details: {
  "total_orders": 0,
  "status_filter": "all",
  "log_destination": "orders",
  "timestamp": "2025-03-12T05:40:06.719Z"
}
[2025-03-12T05:45:11.410Z] FRONTEND:ORDERS - INFO: Orders page initialized
  Details: {
  "is_connected": true,
  "is_ready": false,
  "has_address": true,
  "has_effective_address": true,
  "using_auth_wallet": false,
  "status_filter": "all",
  "log_destination": "orders",
  "timestamp": "2025-03-12T05:45:11.410Z"
}
[2025-03-12T05:45:11.411Z] FRONTEND:ORDERS - INFO: Fetching orders
  Details: {
  "wallet_address": "0x5062...",
  "page": 1,
  "limit": 10,
  "has_search": false,
  "log_destination": "orders",
  "timestamp": "2025-03-12T05:45:11.411Z"
}
[2025-03-12T05:45:11.412Z] FRONTEND:ORDERS - DEBUG: Fetching user orders
  Details: {
  "wallet_address": "0x50629C71967908D5C871A5eDAdDC853E2782E809",
  "page": 1,
  "limit": 10,
  "url": "/orders/user/0x50629C71967908D5C871A5eDAdDC853E2782E809",
  "log_destination": "orders",
  "timestamp": "2025-03-12T05:45:11.412Z"
}
[2025-03-12T05:45:11.421Z] FRONTEND:ORDERS - INFO: Orders page initialized
  Details: {
  "is_connected": true,
  "is_ready": false,
  "has_address": true,
  "has_effective_address": true,
  "using_auth_wallet": false,
  "status_filter": "all",
  "log_destination": "orders",
  "timestamp": "2025-03-12T05:45:11.421Z"
}
[2025-03-12T05:45:11.431Z] FRONTEND:ORDERS - INFO: Wallet state changed in orders page
  Details: {
  "is_connected": true,
  "is_ready": true,
  "has_address": true,
  "has_effective_address": true,
  "using_auth_wallet": false,
  "log_destination": "orders",
  "timestamp": "2025-03-12T05:45:11.431Z"
}
[2025-03-12T05:45:11.935Z] FRONTEND:ORDERS - DEBUG: Successfully fetched user orders
  Details: {
  "orderCount": 0,
  "total": 0,
  "page": 1,
  "limit": 10,
  "log_destination": "orders",
  "timestamp": "2025-03-12T05:45:11.935Z"
}
[2025-03-12T05:45:11.935Z] FRONTEND:ORDERS - INFO: Orders fetched successfully
  Details: {
  "wallet_address": "0x5062...",
  "order_count": 0,
  "total_orders": 0,
  "page": 1,
  "limit": 10,
  "log_destination": "orders",
  "timestamp": "2025-03-12T05:45:11.935Z"
}
[2025-03-12T05:45:11.941Z] FRONTEND:ORDERS - INFO: Orders loaded
  Details: {
  "total_orders": 0,
  "status_filter": "all",
  "log_destination": "orders",
  "timestamp": "2025-03-12T05:45:11.941Z"
}
[2025-03-12T05:45:11.957Z] FRONTEND:ORDERS - INFO: OrderList component initialized
  Details: {
  "has_orders": false,
  "order_count": 0,
  "is_array": true,
  "is_null": false,
  "is_undefined": false,
  "current_page": 1,
  "total_pages": 1,
  "total_orders": 0,
  "log_destination": "orders",
  "timestamp": "2025-03-12T05:45:11.957Z"
}
[2025-03-12T05:45:11.957Z] FRONTEND:ORDERS - INFO: OrderList orders updated
  Details: {
  "has_orders": false,
  "order_count": 0,
  "is_array": true,
  "is_null": false,
  "is_undefined": false,
  "current_page": 1,
  "total_pages": 1,
  "total_orders": 0,
  "log_destination": "orders",
  "timestamp": "2025-03-12T05:45:11.957Z"
}
[2025-03-12T05:45:11.959Z] FRONTEND:ORDERS - INFO: OrderList component initialized
  Details: {
  "has_orders": false,
  "order_count": 0,
  "is_array": true,
  "is_null": false,
  "is_undefined": false,
  "current_page": 1,
  "total_pages": 1,
  "total_orders": 0,
  "log_destination": "orders",
  "timestamp": "2025-03-12T05:45:11.959Z"
}
[2025-03-12T05:45:11.959Z] FRONTEND:ORDERS - INFO: OrderList orders updated
  Details: {
  "has_orders": false,
  "order_count": 0,
  "is_array": true,
  "is_null": false,
  "is_undefined": false,
  "current_page": 1,
  "total_pages": 1,
  "total_orders": 0,
  "log_destination": "orders",
  "timestamp": "2025-03-12T05:45:11.959Z"
}
[2025-03-12T05:45:18.337Z] FRONTEND:ORDERS - INFO: Orders page initialized
  Details: {
  "is_connected": false,
  "is_ready": false,
  "has_address": true,
  "has_effective_address": true,
  "using_auth_wallet": false,
  "status_filter": "all",
  "log_destination": "orders",
  "timestamp": "2025-03-12T05:45:18.337Z"
}
[2025-03-12T05:45:18.337Z] FRONTEND:ORDERS - INFO: Fetching orders
  Details: {
  "wallet_address": "0x5062...",
  "page": 1,
  "limit": 10,
  "has_search": false,
  "log_destination": "orders",
  "timestamp": "2025-03-12T05:45:18.337Z"
}
[2025-03-12T05:45:18.338Z] FRONTEND:ORDERS - DEBUG: Fetching user orders
  Details: {
  "wallet_address": "0x50629C71967908D5C871A5eDAdDC853E2782E809",
  "page": 1,
  "limit": 10,
  "url": "/orders/user/0x50629C71967908D5C871A5eDAdDC853E2782E809",
  "log_destination": "orders",
  "timestamp": "2025-03-12T05:45:18.338Z"
}
[2025-03-12T05:45:18.346Z] FRONTEND:ORDERS - INFO: Wallet state changed in orders page
  Details: {
  "is_connected": false,
  "is_ready": false,
  "has_address": true,
  "has_effective_address": true,
  "using_auth_wallet": false,
  "log_destination": "orders",
  "timestamp": "2025-03-12T05:45:18.346Z"
}
[2025-03-12T05:45:18.370Z] FRONTEND:ORDERS - INFO: Wallet state changed in orders page
  Details: {
  "is_connected": true,
  "is_ready": false,
  "has_address": true,
  "has_effective_address": true,
  "using_auth_wallet": false,
  "log_destination": "orders",
  "timestamp": "2025-03-12T05:45:18.370Z"
}
[2025-03-12T05:45:18.399Z] FRONTEND:ORDERS - INFO: Wallet state changed in orders page
  Details: {
  "is_connected": true,
  "is_ready": true,
  "has_address": true,
  "has_effective_address": true,
  "using_auth_wallet": false,
  "log_destination": "orders",
  "timestamp": "2025-03-12T05:45:18.399Z"
}
[2025-03-12T05:45:18.683Z] FRONTEND:ORDERS - DEBUG: Successfully fetched user orders
  Details: {
  "orderCount": 0,
  "total": 0,
  "page": 1,
  "limit": 10,
  "log_destination": "orders",
  "timestamp": "2025-03-12T05:45:18.683Z"
}
[2025-03-12T05:45:18.684Z] FRONTEND:ORDERS - INFO: Orders fetched successfully
  Details: {
  "wallet_address": "0x5062...",
  "order_count": 0,
  "total_orders": 0,
  "page": 1,
  "limit": 10,
  "log_destination": "orders",
  "timestamp": "2025-03-12T05:45:18.684Z"
}
[2025-03-12T05:45:18.699Z] FRONTEND:ORDERS - INFO: Orders loaded
  Details: {
  "total_orders": 0,
  "status_filter": "all",
  "log_destination": "orders",
  "timestamp": "2025-03-12T05:45:18.699Z"
}
[2025-03-12T06:10:34.660Z] FRONTEND:ORDERS - INFO: Orders page initialized
  Details: {
  "is_connected": false,
  "is_ready": false,
  "has_address": false,
  "has_effective_address": false,
  "using_auth_wallet": false,
  "status_filter": "all",
  "log_destination": "orders",
  "timestamp": "2025-03-12T06:10:34.660Z"
}
[2025-03-12T06:10:34.665Z] FRONTEND:ORDERS - INFO: Orders page initialized
  Details: {
  "is_connected": false,
  "is_ready": false,
  "has_address": false,
  "has_effective_address": false,
  "using_auth_wallet": false,
  "status_filter": "all",
  "log_destination": "orders",
  "timestamp": "2025-03-12T06:10:34.665Z"
}
[2025-03-12T06:10:34.670Z] FRONTEND:ORDERS - INFO: Wallet state changed in orders page
  Details: {
  "is_connected": false,
  "is_ready": false,
  "has_address": false,
  "has_effective_address": false,
  "using_auth_wallet": false,
  "log_destination": "orders",
  "timestamp": "2025-03-12T06:10:34.670Z"
}
[2025-03-12T06:10:54.481Z] FRONTEND:ORDERS - INFO: Orders page initialized
  Details: {
  "is_connected": false,
  "is_ready": false,
  "has_address": false,
  "has_effective_address": false,
  "using_auth_wallet": false,
  "status_filter": "all",
  "log_destination": "orders",
  "timestamp": "2025-03-12T06:10:54.481Z"
}
[2025-03-12T06:10:54.487Z] FRONTEND:ORDERS - INFO: Orders page initialized
  Details: {
  "is_connected": false,
  "is_ready": false,
  "has_address": false,
  "has_effective_address": false,
  "using_auth_wallet": false,
  "status_filter": "all",
  "log_destination": "orders",
  "timestamp": "2025-03-12T06:10:54.487Z"
}
[2025-03-12T06:10:54.493Z] FRONTEND:ORDERS - INFO: Wallet state changed in orders page
  Details: {
  "is_connected": false,
  "is_ready": false,
  "has_address": false,
  "has_effective_address": false,
  "using_auth_wallet": false,
  "log_destination": "orders",
  "timestamp": "2025-03-12T06:10:54.493Z"
}
[2025-03-12T06:11:05.976Z] FRONTEND:ORDERS - INFO: Wallet state changed in orders page
  Details: {
  "is_connected": true,
  "is_ready": false,
  "has_address": true,
  "has_effective_address": true,
  "using_auth_wallet": false,
  "log_destination": "orders",
  "timestamp": "2025-03-12T06:11:05.976Z"
}
[2025-03-12T06:11:05.976Z] FRONTEND:ORDERS - INFO: Fetching orders
  Details: {
  "wallet_address": "0x5062...",
  "page": 1,
  "limit": 10,
  "has_search": false,
  "log_destination": "orders",
  "timestamp": "2025-03-12T06:11:05.976Z"
}
[2025-03-12T06:11:05.976Z] FRONTEND:ORDERS - DEBUG: Fetching user orders
  Details: {
  "wallet_address": "0x50629C71967908D5C871A5eDAdDC853E2782E809",
  "page": 1,
  "limit": 10,
  "url": "/orders/user/0x50629C71967908D5C871A5eDAdDC853E2782E809",
  "log_destination": "orders",
  "timestamp": "2025-03-12T06:11:05.976Z"
}
[2025-03-12T06:11:06.005Z] FRONTEND:ORDERS - WARN: Retrying fetch orders after 500 error
  Details: {
  "retries_left": 2,
  "retry_delay": 1000,
  "log_destination": "orders",
  "timestamp": "2025-03-12T06:11:06.005Z"
}
[2025-03-12T06:11:06.008Z] FRONTEND:ORDERS - INFO: Wallet state changed in orders page
  Details: {
  "is_connected": true,
  "is_ready": true,
  "has_address": true,
  "has_effective_address": true,
  "using_auth_wallet": false,
  "log_destination": "orders",
  "timestamp": "2025-03-12T06:11:06.008Z"
}
[2025-03-12T06:11:08.156Z] FRONTEND:ORDERS - DEBUG: Successfully fetched user orders
  Details: {
  "orderCount": 0,
  "total": 0,
  "page": 1,
  "limit": 10,
  "log_destination": "orders",
  "timestamp": "2025-03-12T06:11:08.156Z"
}
[2025-03-12T06:11:08.157Z] FRONTEND:ORDERS - INFO: Orders fetched successfully
  Details: {
  "wallet_address": "0x5062...",
  "order_count": 0,
  "total_orders": 0,
  "page": 1,
  "limit": 10,
  "log_destination": "orders",
  "timestamp": "2025-03-12T06:11:08.157Z"
}
[2025-03-12T06:11:08.171Z] FRONTEND:ORDERS - INFO: Orders loaded
  Details: {
  "total_orders": 0,
  "status_filter": "all",
  "log_destination": "orders",
  "timestamp": "2025-03-12T06:11:08.171Z"
}
[2025-03-12T06:11:08.242Z] FRONTEND:ORDERS - INFO: OrderList component initialized
  Details: {
  "has_orders": false,
  "order_count": 0,
  "is_array": true,
  "is_null": false,
  "is_undefined": false,
  "current_page": 1,
  "total_pages": 1,
  "total_orders": 0,
  "log_destination": "orders",
  "timestamp": "2025-03-12T06:11:08.242Z"
}
[2025-03-12T06:11:08.242Z] FRONTEND:ORDERS - INFO: OrderList orders updated
  Details: {
  "has_orders": false,
  "order_count": 0,
  "is_array": true,
  "is_null": false,
  "is_undefined": false,
  "current_page": 1,
  "total_pages": 1,
  "total_orders": 0,
  "log_destination": "orders",
  "timestamp": "2025-03-12T06:11:08.242Z"
}
[2025-03-12T06:11:08.243Z] FRONTEND:ORDERS - INFO: OrderList component initialized
  Details: {
  "has_orders": false,
  "order_count": 0,
  "is_array": true,
  "is_null": false,
  "is_undefined": false,
  "current_page": 1,
  "total_pages": 1,
  "total_orders": 0,
  "log_destination": "orders",
  "timestamp": "2025-03-12T06:11:08.243Z"
}
[2025-03-12T06:11:08.243Z] FRONTEND:ORDERS - INFO: OrderList orders updated
  Details: {
  "has_orders": false,
  "order_count": 0,
  "is_array": true,
  "is_null": false,
  "is_undefined": false,
  "current_page": 1,
  "total_pages": 1,
  "total_orders": 0,
  "log_destination": "orders",
  "timestamp": "2025-03-12T06:11:08.243Z"
}
[2025-03-12T06:11:11.493Z] FRONTEND:ORDERS - INFO: Orders page initialized
  Details: {
  "is_connected": true,
  "is_ready": false,
  "has_address": true,
  "has_effective_address": true,
  "using_auth_wallet": false,
  "status_filter": "all",
  "log_destination": "orders",
  "timestamp": "2025-03-12T06:11:11.493Z"
}
[2025-03-12T06:11:11.493Z] FRONTEND:ORDERS - INFO: Fetching orders
  Details: {
  "wallet_address": "0x5062...",
  "page": 1,
  "limit": 10,
  "has_search": false,
  "log_destination": "orders",
  "timestamp": "2025-03-12T06:11:11.493Z"
}
[2025-03-12T06:11:11.494Z] FRONTEND:ORDERS - DEBUG: Fetching user orders
  Details: {
  "wallet_address": "0x50629C71967908D5C871A5eDAdDC853E2782E809",
  "page": 1,
  "limit": 10,
  "url": "/orders/user/0x50629C71967908D5C871A5eDAdDC853E2782E809",
  "log_destination": "orders",
  "timestamp": "2025-03-12T06:11:11.494Z"
}
[2025-03-12T06:11:11.496Z] FRONTEND:ORDERS - INFO: Orders loaded
  Details: {
  "total_orders": 0,
  "status_filter": "all",
  "log_destination": "orders",
  "timestamp": "2025-03-12T06:11:11.496Z"
}
[2025-03-12T06:11:11.502Z] FRONTEND:ORDERS - INFO: Orders page initialized
  Details: {
  "is_connected": true,
  "is_ready": false,
  "has_address": true,
  "has_effective_address": true,
  "using_auth_wallet": false,
  "status_filter": "all",
  "log_destination": "orders",
  "timestamp": "2025-03-12T06:11:11.502Z"
}
[2025-03-12T06:11:11.502Z] FRONTEND:ORDERS - INFO: Orders loaded
  Details: {
  "total_orders": 0,
  "status_filter": "all",
  "log_destination": "orders",
  "timestamp": "2025-03-12T06:11:11.502Z"
}
[2025-03-12T06:11:11.508Z] FRONTEND:ORDERS - INFO: Wallet state changed in orders page
  Details: {
  "is_connected": true,
  "is_ready": true,
  "has_address": true,
  "has_effective_address": true,
  "using_auth_wallet": false,
  "log_destination": "orders",
  "timestamp": "2025-03-12T06:11:11.508Z"
}
[2025-03-12T06:11:11.526Z] FRONTEND:ORDERS - INFO: OrderList component initialized
  Details: {
  "has_orders": false,
  "order_count": 0,
  "is_array": true,
  "is_null": false,
  "is_undefined": false,
  "current_page": 1,
  "total_pages": 1,
  "total_orders": 0,
  "log_destination": "orders",
  "timestamp": "2025-03-12T06:11:11.526Z"
}
[2025-03-12T06:11:11.527Z] FRONTEND:ORDERS - INFO: OrderList orders updated
  Details: {
  "has_orders": false,
  "order_count": 0,
  "is_array": true,
  "is_null": false,
  "is_undefined": false,
  "current_page": 1,
  "total_pages": 1,
  "total_orders": 0,
  "log_destination": "orders",
  "timestamp": "2025-03-12T06:11:11.526Z"
}
[2025-03-12T06:11:11.527Z] FRONTEND:ORDERS - INFO: OrderList component initialized
  Details: {
  "has_orders": false,
  "order_count": 0,
  "is_array": true,
  "is_null": false,
  "is_undefined": false,
  "current_page": 1,
  "total_pages": 1,
  "total_orders": 0,
  "log_destination": "orders",
  "timestamp": "2025-03-12T06:11:11.527Z"
}
[2025-03-12T06:11:11.527Z] FRONTEND:ORDERS - INFO: OrderList orders updated
  Details: {
  "has_orders": false,
  "order_count": 0,
  "is_array": true,
  "is_null": false,
  "is_undefined": false,
  "current_page": 1,
  "total_pages": 1,
  "total_orders": 0,
  "log_destination": "orders",
  "timestamp": "2025-03-12T06:11:11.527Z"
}
[2025-03-12T06:11:11.874Z] FRONTEND:ORDERS - DEBUG: Successfully fetched user orders
  Details: {
  "orderCount": 0,
  "total": 0,
  "page": 1,
  "limit": 10,
  "log_destination": "orders",
  "timestamp": "2025-03-12T06:11:11.874Z"
}
[2025-03-12T06:11:11.875Z] FRONTEND:ORDERS - INFO: Orders fetched successfully
  Details: {
  "wallet_address": "0x5062...",
  "order_count": 0,
  "total_orders": 0,
  "page": 1,
  "limit": 10,
  "log_destination": "orders",
  "timestamp": "2025-03-12T06:11:11.875Z"
}
[2025-03-12T06:11:15.216Z] FRONTEND:ORDERS - INFO: Wallet state changed in orders page
  Details: {
  "is_connected": false,
  "is_ready": true,
  "has_address": false,
  "has_effective_address": true,
  "using_auth_wallet": true,
  "log_destination": "orders",
  "timestamp": "2025-03-12T06:11:15.216Z"
}
[2025-03-12T06:11:15.232Z] FRONTEND:ORDERS - INFO: Wallet state changed in orders page
  Details: {
  "is_connected": false,
  "is_ready": false,
  "has_address": false,
  "has_effective_address": false,
  "using_auth_wallet": false,
  "log_destination": "orders",
  "timestamp": "2025-03-12T06:11:15.232Z"
}
[2025-03-12T06:13:21.480Z] FRONTEND:ORDERS - INFO: Orders page initialized
  Details: {
  "is_connected": false,
  "is_ready": false,
  "has_address": false,
  "has_effective_address": false,
  "using_auth_wallet": false,
  "status_filter": "all",
  "log_destination": "orders",
  "timestamp": "2025-03-12T06:13:21.480Z"
}
[2025-03-12T06:13:21.483Z] FRONTEND:ORDERS - INFO: Orders page initialized
  Details: {
  "is_connected": false,
  "is_ready": false,
  "has_address": false,
  "has_effective_address": false,
  "using_auth_wallet": false,
  "status_filter": "all",
  "log_destination": "orders",
  "timestamp": "2025-03-12T06:13:21.483Z"
}
[2025-03-12T06:13:21.486Z] FRONTEND:ORDERS - INFO: Wallet state changed in orders page
  Details: {
  "is_connected": false,
  "is_ready": false,
  "has_address": false,
  "has_effective_address": false,
  "using_auth_wallet": false,
  "log_destination": "orders",
  "timestamp": "2025-03-12T06:13:21.486Z"
}
[2025-03-12T06:13:41.032Z] FRONTEND:ORDERS - INFO: Orders page initialized
  Details: {
  "is_connected": false,
  "is_ready": false,
  "has_address": false,
  "has_effective_address": false,
  "using_auth_wallet": false,
  "status_filter": "all",
  "log_destination": "orders",
  "timestamp": "2025-03-12T06:13:41.032Z"
}
[2025-03-12T06:13:41.049Z] FRONTEND:ORDERS - INFO: Wallet state changed in orders page
  Details: {
  "is_connected": false,
  "is_ready": false,
  "has_address": false,
  "has_effective_address": false,
  "using_auth_wallet": false,
  "log_destination": "orders",
  "timestamp": "2025-03-12T06:13:41.049Z"
}
[2025-03-12T06:13:57.758Z] FRONTEND:ORDERS - INFO: Orders page initialized
  Details: {
  "is_connected": true,
  "is_ready": false,
  "has_address": true,
  "has_effective_address": true,
  "using_auth_wallet": false,
  "status_filter": "all",
  "log_destination": "orders",
  "timestamp": "2025-03-12T06:13:57.758Z"
}
[2025-03-12T06:13:57.758Z] FRONTEND:ORDERS - INFO: Fetching orders
  Details: {
  "wallet_address": "0x5062...",
  "page": 1,
  "limit": 10,
  "has_search": false,
  "log_destination": "orders",
  "timestamp": "2025-03-12T06:13:57.758Z"
}
[2025-03-12T06:13:57.759Z] FRONTEND:ORDERS - DEBUG: Fetching user orders
  Details: {
  "wallet_address": "0x50629C71967908D5C871A5eDAdDC853E2782E809",
  "page": 1,
  "limit": 10,
  "url": "/orders/user/0x50629C71967908D5C871A5eDAdDC853E2782E809",
  "log_destination": "orders",
  "timestamp": "2025-03-12T06:13:57.759Z"
}
[2025-03-12T06:13:57.764Z] FRONTEND:ORDERS - INFO: Orders page initialized
  Details: {
  "is_connected": true,
  "is_ready": false,
  "has_address": true,
  "has_effective_address": true,
  "using_auth_wallet": false,
  "status_filter": "all",
  "log_destination": "orders",
  "timestamp": "2025-03-12T06:13:57.764Z"
}
[2025-03-12T06:13:57.769Z] FRONTEND:ORDERS - INFO: Wallet state changed in orders page
  Details: {
  "is_connected": true,
  "is_ready": true,
  "has_address": true,
  "has_effective_address": true,
  "using_auth_wallet": false,
  "log_destination": "orders",
  "timestamp": "2025-03-12T06:13:57.769Z"
}
[2025-03-12T06:13:58.300Z] FRONTEND:ORDERS - DEBUG: Successfully fetched user orders
  Details: {
  "orderCount": 0,
  "total": 0,
  "page": 1,
  "limit": 10,
  "log_destination": "orders",
  "timestamp": "2025-03-12T06:13:58.300Z"
}
[2025-03-12T06:13:58.301Z] FRONTEND:ORDERS - INFO: Orders fetched successfully
  Details: {
  "wallet_address": "0x5062...",
  "order_count": 0,
  "total_orders": 0,
  "page": 1,
  "limit": 10,
  "log_destination": "orders",
  "timestamp": "2025-03-12T06:13:58.301Z"
}
[2025-03-12T06:13:58.305Z] FRONTEND:ORDERS - INFO: Orders loaded
  Details: {
  "total_orders": 0,
  "status_filter": "all",
  "log_destination": "orders",
  "timestamp": "2025-03-12T06:13:58.305Z"
}
[2025-03-12T06:13:58.313Z] FRONTEND:ORDERS - INFO: OrderList component initialized
  Details: {
  "has_orders": false,
  "order_count": 0,
  "is_array": true,
  "is_null": false,
  "is_undefined": false,
  "current_page": 1,
  "total_pages": 1,
  "total_orders": 0,
  "log_destination": "orders",
  "timestamp": "2025-03-12T06:13:58.313Z"
}
[2025-03-12T06:13:58.313Z] FRONTEND:ORDERS - INFO: OrderList orders updated
  Details: {
  "has_orders": false,
  "order_count": 0,
  "is_array": true,
  "is_null": false,
  "is_undefined": false,
  "current_page": 1,
  "total_pages": 1,
  "total_orders": 0,
  "log_destination": "orders",
  "timestamp": "2025-03-12T06:13:58.313Z"
}
[2025-03-12T06:13:58.314Z] FRONTEND:ORDERS - INFO: OrderList component initialized
  Details: {
  "has_orders": false,
  "order_count": 0,
  "is_array": true,
  "is_null": false,
  "is_undefined": false,
  "current_page": 1,
  "total_pages": 1,
  "total_orders": 0,
  "log_destination": "orders",
  "timestamp": "2025-03-12T06:13:58.314Z"
}
[2025-03-12T06:13:58.314Z] FRONTEND:ORDERS - INFO: OrderList orders updated
  Details: {
  "has_orders": false,
  "order_count": 0,
  "is_array": true,
  "is_null": false,
  "is_undefined": false,
  "current_page": 1,
  "total_pages": 1,
  "total_orders": 0,
  "log_destination": "orders",
  "timestamp": "2025-03-12T06:13:58.314Z"
}
[2025-03-12T06:14:01.479Z] FRONTEND:ORDERS - INFO: Wallet state changed in orders page
  Details: {
  "is_connected": false,
  "is_ready": true,
  "has_address": false,
  "has_effective_address": true,
  "using_auth_wallet": true,
  "log_destination": "orders",
  "timestamp": "2025-03-12T06:14:01.479Z"
}
[2025-03-12T06:14:01.498Z] FRONTEND:ORDERS - INFO: Wallet state changed in orders page
  Details: {
  "is_connected": false,
  "is_ready": false,
  "has_address": false,
  "has_effective_address": false,
  "using_auth_wallet": false,
  "log_destination": "orders",
  "timestamp": "2025-03-12T06:14:01.498Z"
}
[2025-03-12T06:19:29.261Z] FRONTEND:ORDERS - INFO: Orders page initialized
  Details: {
  "is_connected": false,
  "is_ready": false,
  "has_address": false,
  "has_effective_address": false,
  "using_auth_wallet": false,
  "status_filter": "all",
  "log_destination": "orders",
  "timestamp": "2025-03-12T06:19:29.261Z"
}
[2025-03-12T06:19:29.266Z] FRONTEND:ORDERS - INFO: Orders page initialized
  Details: {
  "is_connected": false,
  "is_ready": false,
  "has_address": false,
  "has_effective_address": false,
  "using_auth_wallet": false,
  "status_filter": "all",
  "log_destination": "orders",
  "timestamp": "2025-03-12T06:19:29.266Z"
}
[2025-03-12T06:19:29.272Z] FRONTEND:ORDERS - INFO: Wallet state changed in orders page
  Details: {
  "is_connected": false,
  "is_ready": false,
  "has_address": false,
  "has_effective_address": false,
  "using_auth_wallet": false,
  "log_destination": "orders",
  "timestamp": "2025-03-12T06:19:29.272Z"
}
[2025-03-12T06:25:37.549Z] FRONTEND:ORDERS - INFO: Orders page initialized
  Details: {
  "is_connected": false,
  "is_ready": false,
  "has_address": false,
  "has_effective_address": false,
  "using_auth_wallet": false,
  "status_filter": "all",
  "log_destination": "orders",
  "timestamp": "2025-03-12T06:25:37.549Z"
}
[2025-03-12T06:25:37.557Z] FRONTEND:ORDERS - INFO: Orders page initialized
  Details: {
  "is_connected": false,
  "is_ready": false,
  "has_address": false,
  "has_effective_address": false,
  "using_auth_wallet": false,
  "status_filter": "all",
  "log_destination": "orders",
  "timestamp": "2025-03-12T06:25:37.557Z"
}
[2025-03-12T06:25:37.562Z] FRONTEND:ORDERS - INFO: Wallet state changed in orders page
  Details: {
  "is_connected": false,
  "is_ready": false,
  "has_address": false,
  "has_effective_address": false,
  "using_auth_wallet": false,
  "log_destination": "orders",
  "timestamp": "2025-03-12T06:25:37.562Z"
}
[2025-03-12T06:25:42.162Z] FRONTEND:ORDERS - INFO: Wallet state changed in orders page
  Details: {
  "is_connected": true,
  "is_ready": false,
  "has_address": true,
  "has_effective_address": true,
  "using_auth_wallet": false,
  "log_destination": "orders",
  "timestamp": "2025-03-12T06:25:42.162Z"
}
[2025-03-12T06:25:42.163Z] FRONTEND:ORDERS - INFO: Fetching orders
  Details: {
  "wallet_address": "0x5062...",
  "page": 1,
  "limit": 10,
  "has_search": false,
  "log_destination": "orders",
  "timestamp": "2025-03-12T06:25:42.163Z"
}
[2025-03-12T06:25:42.164Z] FRONTEND:ORDERS - DEBUG: Fetching user orders
  Details: {
  "wallet_address": "0x50629C71967908D5C871A5eDAdDC853E2782E809",
  "page": 1,
  "limit": 10,
  "url": "/orders/user/0x50629C71967908D5C871A5eDAdDC853E2782E809",
  "log_destination": "orders",
  "timestamp": "2025-03-12T06:25:42.164Z"
}
[2025-03-12T06:25:42.202Z] FRONTEND:ORDERS - INFO: Wallet state changed in orders page
  Details: {
  "is_connected": true,
  "is_ready": true,
  "has_address": true,
  "has_effective_address": true,
  "using_auth_wallet": false,
  "log_destination": "orders",
  "timestamp": "2025-03-12T06:25:42.202Z"
}
[2025-03-12T06:25:42.206Z] FRONTEND:ORDERS - WARN: Retrying fetch orders after 500 error
  Details: {
  "retries_left": 2,
  "retry_delay": 1000,
  "log_destination": "orders",
  "timestamp": "2025-03-12T06:25:42.206Z"
}
[2025-03-12T06:25:44.341Z] FRONTEND:ORDERS - DEBUG: Successfully fetched user orders
  Details: {
  "orderCount": 0,
  "total": 0,
  "page": 1,
  "limit": 10,
  "log_destination": "orders",
  "timestamp": "2025-03-12T06:25:44.341Z"
}
[2025-03-12T06:25:44.342Z] FRONTEND:ORDERS - INFO: Orders fetched successfully
  Details: {
  "wallet_address": "0x5062...",
  "order_count": 0,
  "total_orders": 0,
  "page": 1,
  "limit": 10,
  "log_destination": "orders",
  "timestamp": "2025-03-12T06:25:44.342Z"
}
[2025-03-12T06:25:44.350Z] FRONTEND:ORDERS - INFO: Orders loaded
  Details: {
  "total_orders": 0,
  "status_filter": "all",
  "log_destination": "orders",
  "timestamp": "2025-03-12T06:25:44.350Z"
}
[2025-03-12T06:25:44.384Z] FRONTEND:ORDERS - INFO: OrderList component initialized
  Details: {
  "has_orders": false,
  "order_count": 0,
  "is_array": true,
  "is_null": false,
  "is_undefined": false,
  "current_page": 1,
  "total_pages": 1,
  "total_orders": 0,
  "log_destination": "orders",
  "timestamp": "2025-03-12T06:25:44.384Z"
}
[2025-03-12T06:25:44.384Z] FRONTEND:ORDERS - INFO: OrderList orders updated
  Details: {
  "has_orders": false,
  "order_count": 0,
  "is_array": true,
  "is_null": false,
  "is_undefined": false,
  "current_page": 1,
  "total_pages": 1,
  "total_orders": 0,
  "log_destination": "orders",
  "timestamp": "2025-03-12T06:25:44.384Z"
}
[2025-03-12T06:25:44.385Z] FRONTEND:ORDERS - INFO: OrderList component initialized
  Details: {
  "has_orders": false,
  "order_count": 0,
  "is_array": true,
  "is_null": false,
  "is_undefined": false,
  "current_page": 1,
  "total_pages": 1,
  "total_orders": 0,
  "log_destination": "orders",
  "timestamp": "2025-03-12T06:25:44.385Z"
}
[2025-03-12T06:25:44.385Z] FRONTEND:ORDERS - INFO: OrderList orders updated
  Details: {
  "has_orders": false,
  "order_count": 0,
  "is_array": true,
  "is_null": false,
  "is_undefined": false,
  "current_page": 1,
  "total_pages": 1,
  "total_orders": 0,
  "log_destination": "orders",
  "timestamp": "2025-03-12T06:25:44.385Z"
}
[2025-03-12T06:25:47.704Z] FRONTEND:ORDERS - INFO: Orders page initialized
  Details: {
  "is_connected": true,
  "is_ready": false,
  "has_address": true,
  "has_effective_address": true,
  "using_auth_wallet": false,
  "status_filter": "all",
  "log_destination": "orders",
  "timestamp": "2025-03-12T06:25:47.704Z"
}
[2025-03-12T06:25:47.705Z] FRONTEND:ORDERS - INFO: Fetching orders
  Details: {
  "wallet_address": "0x5062...",
  "page": 1,
  "limit": 10,
  "has_search": false,
  "log_destination": "orders",
  "timestamp": "2025-03-12T06:25:47.705Z"
}
[2025-03-12T06:25:47.705Z] FRONTEND:ORDERS - DEBUG: Fetching user orders
  Details: {
  "wallet_address": "0x50629C71967908D5C871A5eDAdDC853E2782E809",
  "page": 1,
  "limit": 10,
  "url": "/orders/user/0x50629C71967908D5C871A5eDAdDC853E2782E809",
  "log_destination": "orders",
  "timestamp": "2025-03-12T06:25:47.705Z"
}
[2025-03-12T06:25:47.706Z] FRONTEND:ORDERS - INFO: Orders loaded
  Details: {
  "total_orders": 0,
  "status_filter": "all",
  "log_destination": "orders",
  "timestamp": "2025-03-12T06:25:47.706Z"
}
[2025-03-12T06:25:47.711Z] FRONTEND:ORDERS - INFO: Orders page initialized
  Details: {
  "is_connected": true,
  "is_ready": false,
  "has_address": true,
  "has_effective_address": true,
  "using_auth_wallet": false,
  "status_filter": "all",
  "log_destination": "orders",
  "timestamp": "2025-03-12T06:25:47.711Z"
}
[2025-03-12T06:25:47.712Z] FRONTEND:ORDERS - INFO: Orders loaded
  Details: {
  "total_orders": 0,
  "status_filter": "all",
  "log_destination": "orders",
  "timestamp": "2025-03-12T06:25:47.712Z"
}
[2025-03-12T06:25:47.716Z] FRONTEND:ORDERS - INFO: Wallet state changed in orders page
  Details: {
  "is_connected": true,
  "is_ready": true,
  "has_address": true,
  "has_effective_address": true,
  "using_auth_wallet": false,
  "log_destination": "orders",
  "timestamp": "2025-03-12T06:25:47.716Z"
}
[2025-03-12T06:25:47.733Z] FRONTEND:ORDERS - INFO: OrderList component initialized
  Details: {
  "has_orders": false,
  "order_count": 0,
  "is_array": true,
  "is_null": false,
  "is_undefined": false,
  "current_page": 1,
  "total_pages": 1,
  "total_orders": 0,
  "log_destination": "orders",
  "timestamp": "2025-03-12T06:25:47.733Z"
}
[2025-03-12T06:25:47.733Z] FRONTEND:ORDERS - INFO: OrderList orders updated
  Details: {
  "has_orders": false,
  "order_count": 0,
  "is_array": true,
  "is_null": false,
  "is_undefined": false,
  "current_page": 1,
  "total_pages": 1,
  "total_orders": 0,
  "log_destination": "orders",
  "timestamp": "2025-03-12T06:25:47.733Z"
}
[2025-03-12T06:25:47.734Z] FRONTEND:ORDERS - INFO: OrderList component initialized
  Details: {
  "has_orders": false,
  "order_count": 0,
  "is_array": true,
  "is_null": false,
  "is_undefined": false,
  "current_page": 1,
  "total_pages": 1,
  "total_orders": 0,
  "log_destination": "orders",
  "timestamp": "2025-03-12T06:25:47.734Z"
}
[2025-03-12T06:25:47.734Z] FRONTEND:ORDERS - INFO: OrderList orders updated
  Details: {
  "has_orders": false,
  "order_count": 0,
  "is_array": true,
  "is_null": false,
  "is_undefined": false,
  "current_page": 1,
  "total_pages": 1,
  "total_orders": 0,
  "log_destination": "orders",
  "timestamp": "2025-03-12T06:25:47.734Z"
}
[2025-03-12T06:25:48.057Z] FRONTEND:ORDERS - DEBUG: Successfully fetched user orders
  Details: {
  "orderCount": 0,
  "total": 0,
  "page": 1,
  "limit": 10,
  "log_destination": "orders",
  "timestamp": "2025-03-12T06:25:48.057Z"
}
[2025-03-12T06:25:48.058Z] FRONTEND:ORDERS - INFO: Orders fetched successfully
  Details: {
  "wallet_address": "0x5062...",
  "order_count": 0,
  "total_orders": 0,
  "page": 1,
  "limit": 10,
  "log_destination": "orders",
  "timestamp": "2025-03-12T06:25:48.058Z"
}
[2025-03-12T06:26:02.343Z] FRONTEND:ORDERS - INFO: Orders page initialized
  Details: {
  "is_connected": true,
  "is_ready": false,
  "has_address": true,
  "has_effective_address": true,
  "using_auth_wallet": false,
  "status_filter": "all",
  "log_destination": "orders",
  "timestamp": "2025-03-12T06:26:02.343Z"
}
[2025-03-12T06:26:02.344Z] FRONTEND:ORDERS - INFO: Fetching orders
  Details: {
  "wallet_address": "0x5062...",
  "page": 1,
  "limit": 10,
  "has_search": false,
  "log_destination": "orders",
  "timestamp": "2025-03-12T06:26:02.344Z"
}
[2025-03-12T06:26:02.344Z] FRONTEND:ORDERS - DEBUG: Fetching user orders
  Details: {
  "wallet_address": "0x50629C71967908D5C871A5eDAdDC853E2782E809",
  "page": 1,
  "limit": 10,
  "url": "/orders/user/0x50629C71967908D5C871A5eDAdDC853E2782E809",
  "log_destination": "orders",
  "timestamp": "2025-03-12T06:26:02.344Z"
}
[2025-03-12T06:26:02.344Z] FRONTEND:ORDERS - INFO: Orders loaded
  Details: {
  "total_orders": 0,
  "status_filter": "all",
  "log_destination": "orders",
  "timestamp": "2025-03-12T06:26:02.344Z"
}
[2025-03-12T06:26:02.354Z] FRONTEND:ORDERS - INFO: Orders page initialized
  Details: {
  "is_connected": true,
  "is_ready": false,
  "has_address": true,
  "has_effective_address": true,
  "using_auth_wallet": false,
  "status_filter": "all",
  "log_destination": "orders",
  "timestamp": "2025-03-12T06:26:02.354Z"
}
[2025-03-12T06:26:02.355Z] FRONTEND:ORDERS - INFO: Orders loaded
  Details: {
  "total_orders": 0,
  "status_filter": "all",
  "log_destination": "orders",
  "timestamp": "2025-03-12T06:26:02.355Z"
}
[2025-03-12T06:26:02.366Z] FRONTEND:ORDERS - INFO: Wallet state changed in orders page
  Details: {
  "is_connected": true,
  "is_ready": true,
  "has_address": true,
  "has_effective_address": true,
  "using_auth_wallet": false,
  "log_destination": "orders",
  "timestamp": "2025-03-12T06:26:02.366Z"
}
[2025-03-12T06:26:02.395Z] FRONTEND:ORDERS - INFO: OrderList component initialized
  Details: {
  "has_orders": false,
  "order_count": 0,
  "is_array": true,
  "is_null": false,
  "is_undefined": false,
  "current_page": 1,
  "total_pages": 1,
  "total_orders": 0,
  "log_destination": "orders",
  "timestamp": "2025-03-12T06:26:02.395Z"
}
[2025-03-12T06:26:02.395Z] FRONTEND:ORDERS - INFO: OrderList orders updated
  Details: {
  "has_orders": false,
  "order_count": 0,
  "is_array": true,
  "is_null": false,
  "is_undefined": false,
  "current_page": 1,
  "total_pages": 1,
  "total_orders": 0,
  "log_destination": "orders",
  "timestamp": "2025-03-12T06:26:02.395Z"
}
[2025-03-12T06:26:02.396Z] FRONTEND:ORDERS - INFO: OrderList component initialized
  Details: {
  "has_orders": false,
  "order_count": 0,
  "is_array": true,
  "is_null": false,
  "is_undefined": false,
  "current_page": 1,
  "total_pages": 1,
  "total_orders": 0,
  "log_destination": "orders",
  "timestamp": "2025-03-12T06:26:02.396Z"
}
[2025-03-12T06:26:02.396Z] FRONTEND:ORDERS - INFO: OrderList orders updated
  Details: {
  "has_orders": false,
  "order_count": 0,
  "is_array": true,
  "is_null": false,
  "is_undefined": false,
  "current_page": 1,
  "total_pages": 1,
  "total_orders": 0,
  "log_destination": "orders",
  "timestamp": "2025-03-12T06:26:02.396Z"
}
[2025-03-12T06:26:02.717Z] FRONTEND:ORDERS - DEBUG: Successfully fetched user orders
  Details: {
  "orderCount": 0,
  "total": 0,
  "page": 1,
  "limit": 10,
  "log_destination": "orders",
  "timestamp": "2025-03-12T06:26:02.717Z"
}
[2025-03-12T06:26:02.718Z] FRONTEND:ORDERS - INFO: Orders fetched successfully
  Details: {
  "wallet_address": "0x5062...",
  "order_count": 0,
  "total_orders": 0,
  "page": 1,
  "limit": 10,
  "log_destination": "orders",
  "timestamp": "2025-03-12T06:26:02.718Z"
}
[2025-03-12T06:27:22.311Z] FRONTEND:ORDERS - INFO: Fetching orders
  Details: {
  "wallet_address": "0x5062...",
  "page": 1,
  "limit": 10,
  "has_search": false,
  "log_destination": "orders",
  "timestamp": "2025-03-12T06:27:22.311Z"
}
[2025-03-12T06:27:22.311Z] FRONTEND:ORDERS - DEBUG: Fetching user orders
  Details: {
  "wallet_address": "0x50629C71967908D5C871A5eDAdDC853E2782E809",
  "page": 1,
  "limit": 10,
  "url": "/orders/user/0x50629C71967908D5C871A5eDAdDC853E2782E809",
  "log_destination": "orders",
  "timestamp": "2025-03-12T06:27:22.311Z"
}
[2025-03-12T06:27:22.660Z] FRONTEND:ORDERS - DEBUG: Successfully fetched user orders
  Details: {
  "orderCount": 0,
  "total": 0,
  "page": 1,
  "limit": 10,
  "log_destination": "orders",
  "timestamp": "2025-03-12T06:27:22.660Z"
}
[2025-03-12T06:27:22.661Z] FRONTEND:ORDERS - INFO: Orders fetched successfully
  Details: {
  "wallet_address": "0x5062...",
  "order_count": 0,
  "total_orders": 0,
  "page": 1,
  "limit": 10,
  "log_destination": "orders",
  "timestamp": "2025-03-12T06:27:22.661Z"
}
[2025-03-12T06:27:33.217Z] FRONTEND:ORDERS - ERROR: Order Error: OrderList received null orders
  Details: {
  "current_page": 1,
  "log_destination": "orders",
  "timestamp": "2025-03-12T06:27:33.217Z"
}
[2025-03-12T06:27:33.219Z] FRONTEND:ORDERS - ERROR: Order Error: OrderList received null orders
  Details: {
  "current_page": 1,
  "log_destination": "orders",
  "timestamp": "2025-03-12T06:27:33.219Z"
}
[2025-03-12T06:27:33.225Z] FRONTEND:ORDERS - INFO: OrderList orders updated
  Details: {
  "has_orders": false,
  "order_count": 0,
  "is_array": false,
  "is_null": true,
  "is_undefined": false,
  "current_page": 1,
  "total_pages": 1,
  "total_orders": 0,
  "log_destination": "orders",
  "timestamp": "2025-03-12T06:27:33.225Z"
}
[2025-03-12T06:27:33.227Z] FRONTEND:ORDERS - INFO: Fetching orders
  Details: {
  "wallet_address": "0x5062...",
  "page": 1,
  "limit": 10,
  "has_search": false,
  "log_destination": "orders",
  "timestamp": "2025-03-12T06:27:33.227Z"
}
[2025-03-12T06:27:33.227Z] FRONTEND:ORDERS - DEBUG: Fetching user orders
  Details: {
  "wallet_address": "0x50629C71967908D5C871A5eDAdDC853E2782E809",
  "page": 1,
  "limit": 10,
  "url": "/orders/user/0x50629C71967908D5C871A5eDAdDC853E2782E809",
  "log_destination": "orders",
  "timestamp": "2025-03-12T06:27:33.227Z"
}
[2025-03-12T06:27:33.232Z] FRONTEND:ORDERS - ERROR: Order Error: OrderList received null orders
  Details: {
  "current_page": 1,
  "log_destination": "orders",
  "timestamp": "2025-03-12T06:27:33.232Z"
}
[2025-03-12T06:27:33.233Z] FRONTEND:ORDERS - ERROR: Order Error: OrderList received null orders
  Details: {
  "current_page": 1,
  "log_destination": "orders",
  "timestamp": "2025-03-12T06:27:33.233Z"
}
[2025-03-12T06:27:33.590Z] FRONTEND:ORDERS - DEBUG: Successfully fetched user orders
  Details: {
  "orderCount": 0,
  "total": 0,
  "page": 1,
  "limit": 10,
  "log_destination": "orders",
  "timestamp": "2025-03-12T06:27:33.590Z"
}
[2025-03-12T06:27:33.591Z] FRONTEND:ORDERS - INFO: Orders fetched successfully
  Details: {
  "wallet_address": "0x5062...",
  "order_count": 0,
  "total_orders": 0,
  "page": 1,
  "limit": 10,
  "log_destination": "orders",
  "timestamp": "2025-03-12T06:27:33.591Z"
}
[2025-03-12T06:27:33.612Z] FRONTEND:ORDERS - INFO: OrderList orders updated
  Details: {
  "has_orders": false,
  "order_count": 0,
  "is_array": true,
  "is_null": false,
  "is_undefined": false,
  "current_page": 1,
  "total_pages": 1,
  "total_orders": 0,
  "log_destination": "orders",
  "timestamp": "2025-03-12T06:27:33.612Z"
}
[2025-03-12T06:27:33.613Z] FRONTEND:ORDERS - INFO: Orders loaded
  Details: {
  "total_orders": 0,
  "status_filter": "all",
  "log_destination": "orders",
  "timestamp": "2025-03-12T06:27:33.613Z"
}
[2025-03-12T06:27:37.986Z] FRONTEND:ORDERS - INFO: Wallet state changed in orders page
  Details: {
  "is_connected": false,
  "is_ready": true,
  "has_address": false,
  "has_effective_address": true,
  "using_auth_wallet": true,
  "log_destination": "orders",
  "timestamp": "2025-03-12T06:27:37.986Z"
}
[2025-03-12T06:27:38.019Z] FRONTEND:ORDERS - INFO: Wallet state changed in orders page
  Details: {
  "is_connected": false,
  "is_ready": false,
  "has_address": false,
  "has_effective_address": false,
  "using_auth_wallet": false,
  "log_destination": "orders",
  "timestamp": "2025-03-12T06:27:38.019Z"
}
[2025-03-12T06:27:55.817Z] FRONTEND:ORDERS - INFO: Orders page initialized
  Details: {
  "is_connected": true,
  "is_ready": false,
  "has_address": true,
  "has_effective_address": true,
  "using_auth_wallet": false,
  "status_filter": "all",
  "log_destination": "orders",
  "timestamp": "2025-03-12T06:27:55.817Z"
}
[2025-03-12T06:27:55.818Z] FRONTEND:ORDERS - INFO: Fetching orders
  Details: {
  "wallet_address": "0x5062...",
  "page": 1,
  "limit": 10,
  "has_search": false,
  "log_destination": "orders",
  "timestamp": "2025-03-12T06:27:55.818Z"
}
[2025-03-12T06:27:55.820Z] FRONTEND:ORDERS - INFO: Orders loaded
  Details: {
  "total_orders": 0,
  "status_filter": "all",
  "log_destination": "orders",
  "timestamp": "2025-03-12T06:27:55.820Z"
}
[2025-03-12T06:27:55.819Z] FRONTEND:ORDERS - DEBUG: Fetching user orders
  Details: {
  "wallet_address": "0x50629C71967908D5C871A5eDAdDC853E2782E809",
  "page": 1,
  "limit": 10,
  "url": "/orders/user/0x50629C71967908D5C871A5eDAdDC853E2782E809",
  "log_destination": "orders",
  "timestamp": "2025-03-12T06:27:55.819Z"
}
[2025-03-12T06:27:55.826Z] FRONTEND:ORDERS - INFO: Orders page initialized
  Details: {
  "is_connected": true,
  "is_ready": false,
  "has_address": true,
  "has_effective_address": true,
  "using_auth_wallet": false,
  "status_filter": "all",
  "log_destination": "orders",
  "timestamp": "2025-03-12T06:27:55.826Z"
}
[2025-03-12T06:27:55.826Z] FRONTEND:ORDERS - INFO: Orders loaded
  Details: {
  "total_orders": 0,
  "status_filter": "all",
  "log_destination": "orders",
  "timestamp": "2025-03-12T06:27:55.826Z"
}
[2025-03-12T06:27:55.835Z] FRONTEND:ORDERS - INFO: Wallet state changed in orders page
  Details: {
  "is_connected": true,
  "is_ready": true,
  "has_address": true,
  "has_effective_address": true,
  "using_auth_wallet": false,
  "log_destination": "orders",
  "timestamp": "2025-03-12T06:27:55.835Z"
}
[2025-03-12T06:27:55.856Z] FRONTEND:ORDERS - INFO: OrderList component initialized
  Details: {
  "has_orders": false,
  "order_count": 0,
  "is_array": true,
  "is_null": false,
  "is_undefined": false,
  "current_page": 1,
  "total_pages": 1,
  "total_orders": 0,
  "log_destination": "orders",
  "timestamp": "2025-03-12T06:27:55.856Z"
}
[2025-03-12T06:27:55.856Z] FRONTEND:ORDERS - INFO: OrderList orders updated
  Details: {
  "has_orders": false,
  "order_count": 0,
  "is_array": true,
  "is_null": false,
  "is_undefined": false,
  "current_page": 1,
  "total_pages": 1,
  "total_orders": 0,
  "log_destination": "orders",
  "timestamp": "2025-03-12T06:27:55.856Z"
}
[2025-03-12T06:27:55.857Z] FRONTEND:ORDERS - INFO: OrderList component initialized
  Details: {
  "has_orders": false,
  "order_count": 0,
  "is_array": true,
  "is_null": false,
  "is_undefined": false,
  "current_page": 1,
  "total_pages": 1,
  "total_orders": 0,
  "log_destination": "orders",
  "timestamp": "2025-03-12T06:27:55.857Z"
}
[2025-03-12T06:27:55.858Z] FRONTEND:ORDERS - INFO: OrderList orders updated
  Details: {
  "has_orders": false,
  "order_count": 0,
  "is_array": true,
  "is_null": false,
  "is_undefined": false,
  "current_page": 1,
  "total_pages": 1,
  "total_orders": 0,
  "log_destination": "orders",
  "timestamp": "2025-03-12T06:27:55.858Z"
}
[2025-03-12T06:27:56.208Z] FRONTEND:ORDERS - DEBUG: Successfully fetched user orders
  Details: {
  "orderCount": 0,
  "total": 0,
  "page": 1,
  "limit": 10,
  "log_destination": "orders",
  "timestamp": "2025-03-12T06:27:56.208Z"
}
[2025-03-12T06:27:56.209Z] FRONTEND:ORDERS - INFO: Orders fetched successfully
  Details: {
  "wallet_address": "0x5062...",
  "order_count": 0,
  "total_orders": 0,
  "page": 1,
  "limit": 10,
  "log_destination": "orders",
  "timestamp": "2025-03-12T06:27:56.209Z"
}
[2025-03-12T06:27:59.007Z] FRONTEND:ORDERS - INFO: Wallet state changed in orders page
  Details: {
  "is_connected": false,
  "is_ready": true,
  "has_address": false,
  "has_effective_address": true,
  "using_auth_wallet": true,
  "log_destination": "orders",
  "timestamp": "2025-03-12T06:27:59.007Z"
}
[2025-03-12T06:27:59.029Z] FRONTEND:ORDERS - INFO: Wallet state changed in orders page
  Details: {
  "is_connected": false,
  "is_ready": false,
  "has_address": false,
  "has_effective_address": false,
  "using_auth_wallet": false,
  "log_destination": "orders",
  "timestamp": "2025-03-12T06:27:59.029Z"
}
[2025-03-12T06:28:06.351Z] FRONTEND:ORDERS - INFO: Wallet state changed in orders page
  Details: {
  "is_connected": true,
  "is_ready": false,
  "has_address": true,
  "has_effective_address": true,
  "using_auth_wallet": false,
  "log_destination": "orders",
  "timestamp": "2025-03-12T06:28:06.351Z"
}
[2025-03-12T06:28:06.351Z] FRONTEND:ORDERS - INFO: Fetching orders
  Details: {
  "wallet_address": "0x0300...",
  "page": 1,
  "limit": 10,
  "has_search": false,
  "log_destination": "orders",
  "timestamp": "2025-03-12T06:28:06.351Z"
}
[2025-03-12T06:28:06.352Z] FRONTEND:ORDERS - DEBUG: Fetching user orders
  Details: {
  "wallet_address": "0x0300B70e40F138927e3a988ce4A9a069Ff875336",
  "page": 1,
  "limit": 10,
  "url": "/orders/user/0x0300B70e40F138927e3a988ce4A9a069Ff875336",
  "log_destination": "orders",
  "timestamp": "2025-03-12T06:28:06.352Z"
}
[2025-03-12T06:28:06.373Z] FRONTEND:ORDERS - INFO: Wallet state changed in orders page
  Details: {
  "is_connected": true,
  "is_ready": true,
  "has_address": true,
  "has_effective_address": true,
  "using_auth_wallet": false,
  "log_destination": "orders",
  "timestamp": "2025-03-12T06:28:06.373Z"
}
[2025-03-12T06:28:06.861Z] FRONTEND:ORDERS - DEBUG: Successfully fetched user orders
  Details: {
  "orderCount": 2,
  "total": 2,
  "page": 1,
  "limit": 10,
  "firstOrderId": "ORD-001-TEST",
  "log_destination": "orders",
  "timestamp": "2025-03-12T06:28:06.861Z"
}
[2025-03-12T06:28:06.861Z] FRONTEND:ORDERS - INFO: Orders fetched successfully
  Details: {
  "wallet_address": "0x0300...",
  "order_count": 2,
  "total_orders": 2,
  "page": 1,
  "limit": 10,
  "log_destination": "orders",
  "timestamp": "2025-03-12T06:28:06.861Z"
}
[2025-03-12T06:28:06.874Z] FRONTEND:ORDERS - INFO: Orders loaded
  Details: {
  "total_orders": 2,
  "status_filter": "all",
  "log_destination": "orders",
  "timestamp": "2025-03-12T06:28:06.874Z"
}
[2025-03-12T06:28:11.351Z] FRONTEND:ORDERS - INFO: Orders page initialized
  Details: {
  "is_connected": true,
  "is_ready": false,
  "has_address": true,
  "has_effective_address": true,
  "using_auth_wallet": false,
  "status_filter": "all",
  "log_destination": "orders",
  "timestamp": "2025-03-12T06:28:11.351Z"
}
[2025-03-12T06:28:11.351Z] FRONTEND:ORDERS - INFO: Fetching orders
  Details: {
  "wallet_address": "0x0300...",
  "page": 1,
  "limit": 10,
  "has_search": false,
  "log_destination": "orders",
  "timestamp": "2025-03-12T06:28:11.351Z"
}
[2025-03-12T06:28:11.351Z] FRONTEND:ORDERS - DEBUG: Fetching user orders
  Details: {
  "wallet_address": "0x0300B70e40F138927e3a988ce4A9a069Ff875336",
  "page": 1,
  "limit": 10,
  "url": "/orders/user/0x0300B70e40F138927e3a988ce4A9a069Ff875336",
  "log_destination": "orders",
  "timestamp": "2025-03-12T06:28:11.351Z"
}
[2025-03-12T06:28:11.352Z] FRONTEND:ORDERS - INFO: Orders loaded
  Details: {
  "total_orders": 2,
  "status_filter": "all",
  "log_destination": "orders",
  "timestamp": "2025-03-12T06:28:11.352Z"
}
[2025-03-12T06:28:11.357Z] FRONTEND:ORDERS - INFO: Orders page initialized
  Details: {
  "is_connected": true,
  "is_ready": false,
  "has_address": true,
  "has_effective_address": true,
  "using_auth_wallet": false,
  "status_filter": "all",
  "log_destination": "orders",
  "timestamp": "2025-03-12T06:28:11.357Z"
}
[2025-03-12T06:28:11.358Z] FRONTEND:ORDERS - INFO: Orders loaded
  Details: {
  "total_orders": 2,
  "status_filter": "all",
  "log_destination": "orders",
  "timestamp": "2025-03-12T06:28:11.358Z"
}
[2025-03-12T06:28:11.365Z] FRONTEND:ORDERS - INFO: Wallet state changed in orders page
  Details: {
  "is_connected": true,
  "is_ready": true,
  "has_address": true,
  "has_effective_address": true,
  "using_auth_wallet": false,
  "log_destination": "orders",
  "timestamp": "2025-03-12T06:28:11.365Z"
}
[2025-03-12T06:28:11.418Z] FRONTEND:ORDERS - INFO: OrderList component initialized
  Details: {
  "has_orders": true,
  "order_count": 2,
  "is_array": true,
  "is_null": false,
  "is_undefined": false,
  "current_page": 1,
  "total_pages": 1,
  "total_orders": 2,
  "log_destination": "orders",
  "timestamp": "2025-03-12T06:28:11.418Z"
}
[2025-03-12T06:28:11.418Z] FRONTEND:ORDERS - INFO: OrderList orders updated
  Details: {
  "has_orders": true,
  "order_count": 2,
  "is_array": true,
  "is_null": false,
  "is_undefined": false,
  "current_page": 1,
  "total_pages": 1,
  "total_orders": 2,
  "log_destination": "orders",
  "timestamp": "2025-03-12T06:28:11.418Z"
}
[2025-03-12T06:28:11.419Z] FRONTEND:ORDERS - INFO: OrderList component initialized
  Details: {
  "has_orders": true,
  "order_count": 2,
  "is_array": true,
  "is_null": false,
  "is_undefined": false,
  "current_page": 1,
  "total_pages": 1,
  "total_orders": 2,
  "log_destination": "orders",
  "timestamp": "2025-03-12T06:28:11.419Z"
}
[2025-03-12T06:28:11.420Z] FRONTEND:ORDERS - INFO: OrderList orders updated
  Details: {
  "has_orders": true,
  "order_count": 2,
  "is_array": true,
  "is_null": false,
  "is_undefined": false,
  "current_page": 1,
  "total_pages": 1,
  "total_orders": 2,
  "log_destination": "orders",
  "timestamp": "2025-03-12T06:28:11.419Z"
}
[2025-03-12T06:28:11.786Z] FRONTEND:ORDERS - DEBUG: Successfully fetched user orders
  Details: {
  "orderCount": 2,
  "total": 2,
  "page": 1,
  "limit": 10,
  "firstOrderId": "ORD-001-TEST",
  "log_destination": "orders",
  "timestamp": "2025-03-12T06:28:11.786Z"
}
[2025-03-12T06:28:11.786Z] FRONTEND:ORDERS - INFO: Orders fetched successfully
  Details: {
  "wallet_address": "0x0300...",
  "order_count": 2,
  "total_orders": 2,
  "page": 1,
  "limit": 10,
  "log_destination": "orders",
  "timestamp": "2025-03-12T06:28:11.786Z"
}
[2025-03-12T06:28:18.298Z] FRONTEND:ORDERS - INFO: Orders page initialized
  Details: {
  "is_connected": false,
  "is_ready": false,
  "has_address": true,
  "has_effective_address": true,
  "using_auth_wallet": false,
  "status_filter": "all",
  "log_destination": "orders",
  "timestamp": "2025-03-12T06:28:18.298Z"
}
[2025-03-12T06:28:18.299Z] FRONTEND:ORDERS - INFO: Fetching orders
  Details: {
  "wallet_address": "0x0300...",
  "page": 1,
  "limit": 10,
  "has_search": false,
  "log_destination": "orders",
  "timestamp": "2025-03-12T06:28:18.299Z"
}
[2025-03-12T06:28:18.299Z] FRONTEND:ORDERS - DEBUG: Fetching user orders
  Details: {
  "wallet_address": "0x0300B70e40F138927e3a988ce4A9a069Ff875336",
  "page": 1,
  "limit": 10,
  "url": "/orders/user/0x0300B70e40F138927e3a988ce4A9a069Ff875336",
  "log_destination": "orders",
  "timestamp": "2025-03-12T06:28:18.299Z"
}
[2025-03-12T06:28:18.308Z] FRONTEND:ORDERS - INFO: Wallet state changed in orders page
  Details: {
  "is_connected": false,
  "is_ready": false,
  "has_address": true,
  "has_effective_address": true,
  "using_auth_wallet": false,
  "log_destination": "orders",
  "timestamp": "2025-03-12T06:28:18.308Z"
}
[2025-03-12T06:28:18.626Z] FRONTEND:ORDERS - INFO: Wallet state changed in orders page
  Details: {
  "is_connected": true,
  "is_ready": false,
  "has_address": true,
  "has_effective_address": true,
  "using_auth_wallet": false,
  "log_destination": "orders",
  "timestamp": "2025-03-12T06:28:18.626Z"
}
[2025-03-12T06:28:18.641Z] FRONTEND:ORDERS - INFO: Wallet state changed in orders page
  Details: {
  "is_connected": true,
  "is_ready": true,
  "has_address": true,
  "has_effective_address": true,
  "using_auth_wallet": false,
  "log_destination": "orders",
  "timestamp": "2025-03-12T06:28:18.641Z"
}
[2025-03-12T06:28:18.793Z] FRONTEND:ORDERS - DEBUG: Successfully fetched user orders
  Details: {
  "orderCount": 2,
  "total": 2,
  "page": 1,
  "limit": 10,
  "firstOrderId": "ORD-001-TEST",
  "log_destination": "orders",
  "timestamp": "2025-03-12T06:28:18.793Z"
}
[2025-03-12T06:28:18.794Z] FRONTEND:ORDERS - INFO: Orders fetched successfully
  Details: {
  "wallet_address": "0x0300...",
  "order_count": 2,
  "total_orders": 2,
  "page": 1,
  "limit": 10,
  "log_destination": "orders",
  "timestamp": "2025-03-12T06:28:18.794Z"
}
[2025-03-12T06:28:18.806Z] FRONTEND:ORDERS - INFO: Orders loaded
  Details: {
  "total_orders": 2,
  "status_filter": "all",
  "log_destination": "orders",
  "timestamp": "2025-03-12T06:28:18.806Z"
}
[2025-03-12T06:28:29.837Z] FRONTEND:ORDERS - INFO: Orders page initialized
  Details: {
  "is_connected": true,
  "is_ready": false,
  "has_address": true,
  "has_effective_address": true,
  "using_auth_wallet": false,
  "status_filter": "all",
  "log_destination": "orders",
  "timestamp": "2025-03-12T06:28:29.837Z"
}
[2025-03-12T06:28:29.837Z] FRONTEND:ORDERS - INFO: Fetching orders
  Details: {
  "wallet_address": "0x0300...",
  "page": 1,
  "limit": 10,
  "has_search": false,
  "log_destination": "orders",
  "timestamp": "2025-03-12T06:28:29.837Z"
}
[2025-03-12T06:28:29.837Z] FRONTEND:ORDERS - DEBUG: Fetching user orders
  Details: {
  "wallet_address": "0x0300B70e40F138927e3a988ce4A9a069Ff875336",
  "page": 1,
  "limit": 10,
  "url": "/orders/user/0x0300B70e40F138927e3a988ce4A9a069Ff875336",
  "log_destination": "orders",
  "timestamp": "2025-03-12T06:28:29.837Z"
}
[2025-03-12T06:28:29.838Z] FRONTEND:ORDERS - INFO: Orders loaded
  Details: {
  "total_orders": 2,
  "status_filter": "all",
  "log_destination": "orders",
  "timestamp": "2025-03-12T06:28:29.838Z"
}
[2025-03-12T06:28:29.842Z] FRONTEND:ORDERS - INFO: Orders page initialized
  Details: {
  "is_connected": true,
  "is_ready": false,
  "has_address": true,
  "has_effective_address": true,
  "using_auth_wallet": false,
  "status_filter": "all",
  "log_destination": "orders",
  "timestamp": "2025-03-12T06:28:29.842Z"
}
[2025-03-12T06:28:29.843Z] FRONTEND:ORDERS - INFO: Orders loaded
  Details: {
  "total_orders": 2,
  "status_filter": "all",
  "log_destination": "orders",
  "timestamp": "2025-03-12T06:28:29.843Z"
}
[2025-03-12T06:28:29.849Z] FRONTEND:ORDERS - INFO: Wallet state changed in orders page
  Details: {
  "is_connected": true,
  "is_ready": true,
  "has_address": true,
  "has_effective_address": true,
  "using_auth_wallet": false,
  "log_destination": "orders",
  "timestamp": "2025-03-12T06:28:29.849Z"
}
[2025-03-12T06:28:29.880Z] FRONTEND:ORDERS - INFO: OrderList component initialized
  Details: {
  "has_orders": true,
  "order_count": 2,
  "is_array": true,
  "is_null": false,
  "is_undefined": false,
  "current_page": 1,
  "total_pages": 1,
  "total_orders": 2,
  "log_destination": "orders",
  "timestamp": "2025-03-12T06:28:29.880Z"
}
[2025-03-12T06:28:29.881Z] FRONTEND:ORDERS - INFO: OrderList orders updated
  Details: {
  "has_orders": true,
  "order_count": 2,
  "is_array": true,
  "is_null": false,
  "is_undefined": false,
  "current_page": 1,
  "total_pages": 1,
  "total_orders": 2,
  "log_destination": "orders",
  "timestamp": "2025-03-12T06:28:29.881Z"
}
[2025-03-12T06:28:29.882Z] FRONTEND:ORDERS - INFO: OrderList component initialized
  Details: {
  "has_orders": true,
  "order_count": 2,
  "is_array": true,
  "is_null": false,
  "is_undefined": false,
  "current_page": 1,
  "total_pages": 1,
  "total_orders": 2,
  "log_destination": "orders",
  "timestamp": "2025-03-12T06:28:29.882Z"
}
[2025-03-12T06:28:29.883Z] FRONTEND:ORDERS - INFO: OrderList orders updated
  Details: {
  "has_orders": true,
  "order_count": 2,
  "is_array": true,
  "is_null": false,
  "is_undefined": false,
  "current_page": 1,
  "total_pages": 1,
  "total_orders": 2,
  "log_destination": "orders",
  "timestamp": "2025-03-12T06:28:29.883Z"
}
[2025-03-12T06:28:30.359Z] FRONTEND:ORDERS - DEBUG: Successfully fetched user orders
  Details: {
  "orderCount": 2,
  "total": 2,
  "page": 1,
  "limit": 10,
  "firstOrderId": "ORD-001-TEST",
  "log_destination": "orders",
  "timestamp": "2025-03-12T06:28:30.359Z"
}
[2025-03-12T06:28:30.359Z] FRONTEND:ORDERS - INFO: Orders fetched successfully
  Details: {
  "wallet_address": "0x0300...",
  "order_count": 2,
  "total_orders": 2,
  "page": 1,
  "limit": 10,
  "log_destination": "orders",
  "timestamp": "2025-03-12T06:28:30.359Z"
}
[2025-03-12T06:28:33.949Z] FRONTEND:ORDERS - INFO: Wallet state changed in orders page
  Details: {
  "is_connected": false,
  "is_ready": true,
  "has_address": false,
  "has_effective_address": true,
  "using_auth_wallet": true,
  "log_destination": "orders",
  "timestamp": "2025-03-12T06:28:33.949Z"
}
[2025-03-12T06:28:33.963Z] FRONTEND:ORDERS - INFO: Wallet state changed in orders page
  Details: {
  "is_connected": false,
  "is_ready": false,
  "has_address": false,
  "has_effective_address": false,
  "using_auth_wallet": false,
  "log_destination": "orders",
  "timestamp": "2025-03-12T06:28:33.963Z"
}
[2025-03-12T06:28:55.103Z] FRONTEND:ORDERS - INFO: Orders page initialized
  Details: {
  "is_connected": true,
  "is_ready": false,
  "has_address": true,
  "has_effective_address": true,
  "using_auth_wallet": false,
  "status_filter": "all",
  "log_destination": "orders",
  "timestamp": "2025-03-12T06:28:55.103Z"
}
[2025-03-12T06:28:55.103Z] FRONTEND:ORDERS - INFO: Fetching orders
  Details: {
  "wallet_address": "0x0300...",
  "page": 1,
  "limit": 10,
  "has_search": false,
  "log_destination": "orders",
  "timestamp": "2025-03-12T06:28:55.103Z"
}
[2025-03-12T06:28:55.103Z] FRONTEND:ORDERS - DEBUG: Fetching user orders
  Details: {
  "wallet_address": "0x0300B70e40F138927e3a988ce4A9a069Ff875336",
  "page": 1,
  "limit": 10,
  "url": "/orders/user/0x0300B70e40F138927e3a988ce4A9a069Ff875336",
  "log_destination": "orders",
  "timestamp": "2025-03-12T06:28:55.103Z"
}
[2025-03-12T06:28:55.104Z] FRONTEND:ORDERS - INFO: Orders loaded
  Details: {
  "total_orders": 2,
  "status_filter": "all",
  "log_destination": "orders",
  "timestamp": "2025-03-12T06:28:55.104Z"
}
[2025-03-12T06:28:55.107Z] FRONTEND:ORDERS - INFO: Orders page initialized
  Details: {
  "is_connected": true,
  "is_ready": false,
  "has_address": true,
  "has_effective_address": true,
  "using_auth_wallet": false,
  "status_filter": "all",
  "log_destination": "orders",
  "timestamp": "2025-03-12T06:28:55.107Z"
}
[2025-03-12T06:28:55.108Z] FRONTEND:ORDERS - INFO: Orders loaded
  Details: {
  "total_orders": 2,
  "status_filter": "all",
  "log_destination": "orders",
  "timestamp": "2025-03-12T06:28:55.108Z"
}
[2025-03-12T06:28:55.113Z] FRONTEND:ORDERS - INFO: Wallet state changed in orders page
  Details: {
  "is_connected": true,
  "is_ready": true,
  "has_address": true,
  "has_effective_address": true,
  "using_auth_wallet": false,
  "log_destination": "orders",
  "timestamp": "2025-03-12T06:28:55.113Z"
}
[2025-03-12T06:28:55.139Z] FRONTEND:ORDERS - INFO: OrderList component initialized
  Details: {
  "has_orders": true,
  "order_count": 2,
  "is_array": true,
  "is_null": false,
  "is_undefined": false,
  "current_page": 1,
  "total_pages": 1,
  "total_orders": 2,
  "log_destination": "orders",
  "timestamp": "2025-03-12T06:28:55.139Z"
}
[2025-03-12T06:28:55.140Z] FRONTEND:ORDERS - INFO: OrderList orders updated
  Details: {
  "has_orders": true,
  "order_count": 2,
  "is_array": true,
  "is_null": false,
  "is_undefined": false,
  "current_page": 1,
  "total_pages": 1,
  "total_orders": 2,
  "log_destination": "orders",
  "timestamp": "2025-03-12T06:28:55.140Z"
}
[2025-03-12T06:28:55.141Z] FRONTEND:ORDERS - INFO: OrderList component initialized
  Details: {
  "has_orders": true,
  "order_count": 2,
  "is_array": true,
  "is_null": false,
  "is_undefined": false,
  "current_page": 1,
  "total_pages": 1,
  "total_orders": 2,
  "log_destination": "orders",
  "timestamp": "2025-03-12T06:28:55.141Z"
}
[2025-03-12T06:28:55.142Z] FRONTEND:ORDERS - INFO: OrderList orders updated
  Details: {
  "has_orders": true,
  "order_count": 2,
  "is_array": true,
  "is_null": false,
  "is_undefined": false,
  "current_page": 1,
  "total_pages": 1,
  "total_orders": 2,
  "log_destination": "orders",
  "timestamp": "2025-03-12T06:28:55.142Z"
}
[2025-03-12T06:28:55.558Z] FRONTEND:ORDERS - DEBUG: Successfully fetched user orders
  Details: {
  "orderCount": 2,
  "total": 2,
  "page": 1,
  "limit": 10,
  "firstOrderId": "ORD-001-TEST",
  "log_destination": "orders",
  "timestamp": "2025-03-12T06:28:55.558Z"
}
[2025-03-12T06:28:55.559Z] FRONTEND:ORDERS - INFO: Orders fetched successfully
  Details: {
  "wallet_address": "0x0300...",
  "order_count": 2,
  "total_orders": 2,
  "page": 1,
  "limit": 10,
  "log_destination": "orders",
  "timestamp": "2025-03-12T06:28:55.559Z"
}
[2025-03-12T06:54:27.022Z] FRONTEND:ORDERS - DEBUG: Fetching order count
  Details: {
  "log_destination": "orders",
  "timestamp": "2025-03-12T06:54:27.022Z"
}
[2025-03-12T06:54:27.027Z] FRONTEND:ORDERS - INFO: Orders page initialized
  Details: {
  "is_connected": true,
  "is_ready": false,
  "has_address": true,
  "has_effective_address": true,
  "using_auth_wallet": false,
  "status_filter": "all",
  "log_destination": "orders",
  "timestamp": "2025-03-12T06:54:27.027Z"
}
[2025-03-12T06:54:27.028Z] FRONTEND:ORDERS - INFO: Fetching orders
  Details: {
  "wallet_address": "0x0300...",
  "page": 1,
  "limit": 10,
  "has_search": false,
  "log_destination": "orders",
  "timestamp": "2025-03-12T06:54:27.028Z"
}
[2025-03-12T06:54:27.029Z] FRONTEND:ORDERS - DEBUG: Fetching user orders
  Details: {
  "wallet_address": "0x0300B70e40F138927e3a988ce4A9a069Ff875336",
  "page": 1,
  "limit": 10,
  "url": "/orders/user/0x0300B70e40F138927e3a988ce4A9a069Ff875336",
  "log_destination": "orders",
  "timestamp": "2025-03-12T06:54:27.029Z"
}
[2025-03-12T06:54:27.034Z] FRONTEND:ORDERS - DEBUG: Fetching order count
  Details: {
  "log_destination": "orders",
  "timestamp": "2025-03-12T06:54:27.034Z"
}
[2025-03-12T06:54:27.035Z] FRONTEND:ORDERS - INFO: Orders page initialized
  Details: {
  "is_connected": true,
  "is_ready": false,
  "has_address": true,
  "has_effective_address": true,
  "using_auth_wallet": false,
  "status_filter": "all",
  "log_destination": "orders",
  "timestamp": "2025-03-12T06:54:27.035Z"
}
[2025-03-12T06:54:27.038Z] FRONTEND:ORDERS - ERROR: Order Error: Request failed with status code 403
  Details: {
  "stack": "AxiosError: Request failed with status code 403\n    at settle (webpack-internal:///(app-pages-browser)/./node_modules/axios/lib/core/settle.js:24:12)\n    at XMLHttpRequest.onloadend (webpack-internal:///(app-pages-browser)/./node_modules/axios/lib/adapters/xhr.js:73:66)\n    at Axios.request (webpack-internal:///(app-pages-browser)/./node_modules/axios/lib/core/Axios.js:57:41)\n    at async eval (webpack-internal:///(app-pages-browser)/./src/api/orders.ts:160:32)\n    at async makeRequest (webpack-internal:///(app-pages-browser)/./src/api/orders.ts:41:16)\n    at async Object.getOrderCount (webpack-internal:///(app-pages-browser)/./src/api/orders.ts:159:30)\n    at async Navigation.useEffect.fetchOrderCount (webpack-internal:///(app-pages-browser)/./src/components/layouts/customer-dashboard/navigation.tsx:81:43)",
  "status": 403,
  "url": "http://127.0.0.1:8000/orders/summary/",
  "method": "get",
  "response_data": {
    "detail": "Not authenticated"
  },
  "log_destination": "orders",
  "timestamp": "2025-03-12T06:54:27.038Z"
}
[2025-03-12T06:54:27.058Z] FRONTEND:ORDERS - INFO: Wallet state changed in orders page
  Details: {
  "is_connected": true,
  "is_ready": true,
  "has_address": true,
  "has_effective_address": true,
  "using_auth_wallet": false,
  "log_destination": "orders",
  "timestamp": "2025-03-12T06:54:27.058Z"
}
[2025-03-12T06:54:27.710Z] FRONTEND:ORDERS - DEBUG: Successfully fetched user orders
  Details: {
  "orderCount": 2,
  "total": 2,
  "page": 1,
  "limit": 10,
  "firstOrderId": "ORD-001-TEST",
  "log_destination": "orders",
  "timestamp": "2025-03-12T06:54:27.710Z"
}
[2025-03-12T06:54:27.711Z] FRONTEND:ORDERS - INFO: Orders fetched successfully
  Details: {
  "wallet_address": "0x0300...",
  "order_count": 2,
  "total_orders": 2,
  "page": 1,
  "limit": 10,
  "log_destination": "orders",
  "timestamp": "2025-03-12T06:54:27.711Z"
}
[2025-03-12T06:54:27.714Z] FRONTEND:ORDERS - INFO: Orders loaded
  Details: {
  "total_orders": 2,
  "status_filter": "all",
  "log_destination": "orders",
  "timestamp": "2025-03-12T06:54:27.714Z"
}
[2025-03-12T06:54:27.752Z] FRONTEND:ORDERS - INFO: OrderList component initialized
  Details: {
  "has_orders": true,
  "order_count": 2,
  "is_array": true,
  "is_null": false,
  "is_undefined": false,
  "current_page": 1,
  "total_pages": 1,
  "total_orders": 2,
  "log_destination": "orders",
  "timestamp": "2025-03-12T06:54:27.752Z"
}
[2025-03-12T06:54:27.753Z] FRONTEND:ORDERS - INFO: OrderList orders updated
  Details: {
  "has_orders": true,
  "order_count": 2,
  "is_array": true,
  "is_null": false,
  "is_undefined": false,
  "current_page": 1,
  "total_pages": 1,
  "total_orders": 2,
  "log_destination": "orders",
  "timestamp": "2025-03-12T06:54:27.753Z"
}
[2025-03-12T06:54:27.753Z] FRONTEND:ORDERS - INFO: OrderList component initialized
  Details: {
  "has_orders": true,
  "order_count": 2,
  "is_array": true,
  "is_null": false,
  "is_undefined": false,
  "current_page": 1,
  "total_pages": 1,
  "total_orders": 2,
  "log_destination": "orders",
  "timestamp": "2025-03-12T06:54:27.753Z"
}
[2025-03-12T06:54:27.753Z] FRONTEND:ORDERS - INFO: OrderList orders updated
  Details: {
  "has_orders": true,
  "order_count": 2,
  "is_array": true,
  "is_null": false,
  "is_undefined": false,
  "current_page": 1,
  "total_pages": 1,
  "total_orders": 2,
  "log_destination": "orders",
  "timestamp": "2025-03-12T06:54:27.753Z"
}
[2025-03-12T06:54:27.755Z] FRONTEND:ORDERS - ERROR: Order Error: Request failed with status code 403
  Details: {
  "stack": "AxiosError: Request failed with status code 403\n    at settle (webpack-internal:///(app-pages-browser)/./node_modules/axios/lib/core/settle.js:24:12)\n    at XMLHttpRequest.onloadend (webpack-internal:///(app-pages-browser)/./node_modules/axios/lib/adapters/xhr.js:73:66)\n    at Axios.request (webpack-internal:///(app-pages-browser)/./node_modules/axios/lib/core/Axios.js:57:41)\n    at async eval (webpack-internal:///(app-pages-browser)/./src/api/orders.ts:160:32)\n    at async makeRequest (webpack-internal:///(app-pages-browser)/./src/api/orders.ts:41:16)\n    at async Object.getOrderCount (webpack-internal:///(app-pages-browser)/./src/api/orders.ts:159:30)\n    at async Navigation.useEffect.fetchOrderCount (webpack-internal:///(app-pages-browser)/./src/components/layouts/customer-dashboard/navigation.tsx:81:43)",
  "status": 403,
  "url": "http://127.0.0.1:8000/orders/summary/",
  "method": "get",
  "response_data": {
    "detail": "Not authenticated"
  },
  "log_destination": "orders",
  "timestamp": "2025-03-12T06:54:27.755Z"
}
[2025-03-12T06:54:44.446Z] FRONTEND:ORDERS - DEBUG: Fetching order count
  Details: {
  "log_destination": "orders",
  "timestamp": "2025-03-12T06:54:44.446Z"
}
[2025-03-12T06:54:44.452Z] FRONTEND:ORDERS - INFO: Orders page initialized
  Details: {
  "is_connected": true,
  "is_ready": false,
  "has_address": true,
  "has_effective_address": true,
  "using_auth_wallet": false,
  "status_filter": "all",
  "log_destination": "orders",
  "timestamp": "2025-03-12T06:54:44.452Z"
}
[2025-03-12T06:54:44.452Z] FRONTEND:ORDERS - INFO: Fetching orders
  Details: {
  "wallet_address": "0x0300...",
  "page": 1,
  "limit": 10,
  "has_search": false,
  "log_destination": "orders",
  "timestamp": "2025-03-12T06:54:44.452Z"
}
[2025-03-12T06:54:44.453Z] FRONTEND:ORDERS - DEBUG: Fetching user orders
  Details: {
  "wallet_address": "0x0300B70e40F138927e3a988ce4A9a069Ff875336",
  "page": 1,
  "limit": 10,
  "url": "/orders/user/0x0300B70e40F138927e3a988ce4A9a069Ff875336",
  "log_destination": "orders",
  "timestamp": "2025-03-12T06:54:44.453Z"
}
[2025-03-12T06:54:44.461Z] FRONTEND:ORDERS - DEBUG: Fetching order count
  Details: {
  "log_destination": "orders",
  "timestamp": "2025-03-12T06:54:44.461Z"
}
[2025-03-12T06:54:44.462Z] FRONTEND:ORDERS - INFO: Orders page initialized
  Details: {
  "is_connected": true,
  "is_ready": false,
  "has_address": true,
  "has_effective_address": true,
  "using_auth_wallet": false,
  "status_filter": "all",
  "log_destination": "orders",
  "timestamp": "2025-03-12T06:54:44.462Z"
}
[2025-03-12T06:54:44.468Z] FRONTEND:ORDERS - ERROR: Order Error: Request failed with status code 403
  Details: {
  "stack": "AxiosError: Request failed with status code 403\n    at settle (webpack-internal:///(app-pages-browser)/./node_modules/axios/lib/core/settle.js:24:12)\n    at XMLHttpRequest.onloadend (webpack-internal:///(app-pages-browser)/./node_modules/axios/lib/adapters/xhr.js:73:66)\n    at Axios.request (webpack-internal:///(app-pages-browser)/./node_modules/axios/lib/core/Axios.js:57:41)\n    at async eval (webpack-internal:///(app-pages-browser)/./src/api/orders.ts:160:32)\n    at async makeRequest (webpack-internal:///(app-pages-browser)/./src/api/orders.ts:41:16)\n    at async Object.getOrderCount (webpack-internal:///(app-pages-browser)/./src/api/orders.ts:159:30)\n    at async Navigation.useEffect.fetchOrderCount (webpack-internal:///(app-pages-browser)/./src/components/layouts/customer-dashboard/navigation.tsx:81:43)",
  "status": 403,
  "url": "http://127.0.0.1:8000/orders/summary/",
  "method": "get",
  "response_data": {
    "detail": "Not authenticated"
  },
  "log_destination": "orders",
  "timestamp": "2025-03-12T06:54:44.468Z"
}
[2025-03-12T06:54:44.492Z] FRONTEND:ORDERS - INFO: Wallet state changed in orders page
  Details: {
  "is_connected": true,
  "is_ready": true,
  "has_address": true,
  "has_effective_address": true,
  "using_auth_wallet": false,
  "log_destination": "orders",
  "timestamp": "2025-03-12T06:54:44.492Z"
}
[2025-03-12T06:54:44.936Z] FRONTEND:ORDERS - DEBUG: Successfully fetched user orders
  Details: {
  "orderCount": 2,
  "total": 2,
  "page": 1,
  "limit": 10,
  "firstOrderId": "ORD-001-TEST",
  "log_destination": "orders",
  "timestamp": "2025-03-12T06:54:44.936Z"
}
[2025-03-12T06:54:44.937Z] FRONTEND:ORDERS - INFO: Orders fetched successfully
  Details: {
  "wallet_address": "0x0300...",
  "order_count": 2,
  "total_orders": 2,
  "page": 1,
  "limit": 10,
  "log_destination": "orders",
  "timestamp": "2025-03-12T06:54:44.937Z"
}
[2025-03-12T06:54:44.947Z] FRONTEND:ORDERS - INFO: Orders loaded
  Details: {
  "total_orders": 2,
  "status_filter": "all",
  "log_destination": "orders",
  "timestamp": "2025-03-12T06:54:44.947Z"
}
[2025-03-12T06:54:44.986Z] FRONTEND:ORDERS - INFO: OrderList component initialized
  Details: {
  "has_orders": true,
  "order_count": 2,
  "is_array": true,
  "is_null": false,
  "is_undefined": false,
  "current_page": 1,
  "total_pages": 1,
  "total_orders": 2,
  "log_destination": "orders",
  "timestamp": "2025-03-12T06:54:44.986Z"
}
[2025-03-12T06:54:44.987Z] FRONTEND:ORDERS - INFO: OrderList orders updated
  Details: {
  "has_orders": true,
  "order_count": 2,
  "is_array": true,
  "is_null": false,
  "is_undefined": false,
  "current_page": 1,
  "total_pages": 1,
  "total_orders": 2,
  "log_destination": "orders",
  "timestamp": "2025-03-12T06:54:44.987Z"
}
[2025-03-12T06:54:44.987Z] FRONTEND:ORDERS - INFO: OrderList component initialized
  Details: {
  "has_orders": true,
  "order_count": 2,
  "is_array": true,
  "is_null": false,
  "is_undefined": false,
  "current_page": 1,
  "total_pages": 1,
  "total_orders": 2,
  "log_destination": "orders",
  "timestamp": "2025-03-12T06:54:44.987Z"
}
[2025-03-12T06:54:44.987Z] FRONTEND:ORDERS - INFO: OrderList orders updated
  Details: {
  "has_orders": true,
  "order_count": 2,
  "is_array": true,
  "is_null": false,
  "is_undefined": false,
  "current_page": 1,
  "total_pages": 1,
  "total_orders": 2,
  "log_destination": "orders",
  "timestamp": "2025-03-12T06:54:44.987Z"
}
[2025-03-12T06:54:44.988Z] FRONTEND:ORDERS - ERROR: Order Error: Request failed with status code 403
  Details: {
  "stack": "AxiosError: Request failed with status code 403\n    at settle (webpack-internal:///(app-pages-browser)/./node_modules/axios/lib/core/settle.js:24:12)\n    at XMLHttpRequest.onloadend (webpack-internal:///(app-pages-browser)/./node_modules/axios/lib/adapters/xhr.js:73:66)\n    at Axios.request (webpack-internal:///(app-pages-browser)/./node_modules/axios/lib/core/Axios.js:57:41)\n    at async eval (webpack-internal:///(app-pages-browser)/./src/api/orders.ts:160:32)\n    at async makeRequest (webpack-internal:///(app-pages-browser)/./src/api/orders.ts:41:16)\n    at async Object.getOrderCount (webpack-internal:///(app-pages-browser)/./src/api/orders.ts:159:30)\n    at async Navigation.useEffect.fetchOrderCount (webpack-internal:///(app-pages-browser)/./src/components/layouts/customer-dashboard/navigation.tsx:81:43)",
  "status": 403,
  "url": "http://127.0.0.1:8000/orders/summary/",
  "method": "get",
  "response_data": {
    "detail": "Not authenticated"
  },
  "log_destination": "orders",
  "timestamp": "2025-03-12T06:54:44.988Z"
}
[2025-03-12T06:54:54.992Z] FRONTEND:ORDERS - DEBUG: Fetching order count
  Details: {
  "log_destination": "orders",
  "timestamp": "2025-03-12T06:54:54.992Z"
}
[2025-03-12T06:54:54.993Z] FRONTEND:ORDERS - INFO: Orders page initialized
  Details: {
  "is_connected": true,
  "is_ready": false,
  "has_address": true,
  "has_effective_address": true,
  "using_auth_wallet": false,
  "status_filter": "all",
  "log_destination": "orders",
  "timestamp": "2025-03-12T06:54:54.993Z"
}
[2025-03-12T06:54:54.993Z] FRONTEND:ORDERS - INFO: Fetching orders
  Details: {
  "wallet_address": "0x0300...",
  "page": 1,
  "limit": 10,
  "has_search": false,
  "log_destination": "orders",
  "timestamp": "2025-03-12T06:54:54.993Z"
}
[2025-03-12T06:54:54.994Z] FRONTEND:ORDERS - DEBUG: Fetching user orders
  Details: {
  "wallet_address": "0x0300B70e40F138927e3a988ce4A9a069Ff875336",
  "page": 1,
  "limit": 10,
  "url": "/orders/user/0x0300B70e40F138927e3a988ce4A9a069Ff875336",
  "log_destination": "orders",
  "timestamp": "2025-03-12T06:54:54.994Z"
}
[2025-03-12T06:54:54.994Z] FRONTEND:ORDERS - INFO: Orders loaded
  Details: {
  "total_orders": 2,
  "status_filter": "all",
  "log_destination": "orders",
  "timestamp": "2025-03-12T06:54:54.994Z"
}
[2025-03-12T06:54:54.999Z] FRONTEND:ORDERS - DEBUG: Fetching order count
  Details: {
  "log_destination": "orders",
  "timestamp": "2025-03-12T06:54:54.999Z"
}
[2025-03-12T06:54:55.000Z] FRONTEND:ORDERS - INFO: Orders page initialized
  Details: {
  "is_connected": true,
  "is_ready": false,
  "has_address": true,
  "has_effective_address": true,
  "using_auth_wallet": false,
  "status_filter": "all",
  "log_destination": "orders",
  "timestamp": "2025-03-12T06:54:55.000Z"
}
[2025-03-12T06:54:55.000Z] FRONTEND:ORDERS - INFO: Orders loaded
  Details: {
  "total_orders": 2,
  "status_filter": "all",
  "log_destination": "orders",
  "timestamp": "2025-03-12T06:54:55.000Z"
}
[2025-03-12T06:54:55.008Z] FRONTEND:ORDERS - INFO: Wallet state changed in orders page
  Details: {
  "is_connected": true,
  "is_ready": true,
  "has_address": true,
  "has_effective_address": true,
  "using_auth_wallet": false,
  "log_destination": "orders",
  "timestamp": "2025-03-12T06:54:55.008Z"
}
[2025-03-12T06:54:55.017Z] FRONTEND:ORDERS - ERROR: Order Error: Request failed with status code 403
  Details: {
  "stack": "AxiosError: Request failed with status code 403\n    at settle (webpack-internal:///(app-pages-browser)/./node_modules/axios/lib/core/settle.js:24:12)\n    at XMLHttpRequest.onloadend (webpack-internal:///(app-pages-browser)/./node_modules/axios/lib/adapters/xhr.js:73:66)\n    at Axios.request (webpack-internal:///(app-pages-browser)/./node_modules/axios/lib/core/Axios.js:57:41)\n    at async eval (webpack-internal:///(app-pages-browser)/./src/api/orders.ts:160:32)\n    at async makeRequest (webpack-internal:///(app-pages-browser)/./src/api/orders.ts:41:16)\n    at async Object.getOrderCount (webpack-internal:///(app-pages-browser)/./src/api/orders.ts:159:30)\n    at async Navigation.useEffect.fetchOrderCount (webpack-internal:///(app-pages-browser)/./src/components/layouts/customer-dashboard/navigation.tsx:81:43)",
  "status": 403,
  "url": "http://127.0.0.1:8000/orders/summary/",
  "method": "get",
  "response_data": {
    "detail": "Not authenticated"
  },
  "log_destination": "orders",
  "timestamp": "2025-03-12T06:54:55.017Z"
}
[2025-03-12T06:54:55.145Z] FRONTEND:ORDERS - INFO: OrderList component initialized
  Details: {
  "has_orders": true,
  "order_count": 2,
  "is_array": true,
  "is_null": false,
  "is_undefined": false,
  "current_page": 1,
  "total_pages": 1,
  "total_orders": 2,
  "log_destination": "orders",
  "timestamp": "2025-03-12T06:54:55.145Z"
}
[2025-03-12T06:54:55.145Z] FRONTEND:ORDERS - INFO: OrderList orders updated
  Details: {
  "has_orders": true,
  "order_count": 2,
  "is_array": true,
  "is_null": false,
  "is_undefined": false,
  "current_page": 1,
  "total_pages": 1,
  "total_orders": 2,
  "log_destination": "orders",
  "timestamp": "2025-03-12T06:54:55.145Z"
}
[2025-03-12T06:54:55.147Z] FRONTEND:ORDERS - INFO: OrderList component initialized
  Details: {
  "has_orders": true,
  "order_count": 2,
  "is_array": true,
  "is_null": false,
  "is_undefined": false,
  "current_page": 1,
  "total_pages": 1,
  "total_orders": 2,
  "log_destination": "orders",
  "timestamp": "2025-03-12T06:54:55.147Z"
}
[2025-03-12T06:54:55.147Z] FRONTEND:ORDERS - INFO: OrderList orders updated
  Details: {
  "has_orders": true,
  "order_count": 2,
  "is_array": true,
  "is_null": false,
  "is_undefined": false,
  "current_page": 1,
  "total_pages": 1,
  "total_orders": 2,
  "log_destination": "orders",
  "timestamp": "2025-03-12T06:54:55.147Z"
}
[2025-03-12T06:54:55.450Z] FRONTEND:ORDERS - DEBUG: Successfully fetched user orders
  Details: {
  "orderCount": 2,
  "total": 2,
  "page": 1,
  "limit": 10,
  "firstOrderId": "ORD-001-TEST",
  "log_destination": "orders",
  "timestamp": "2025-03-12T06:54:55.450Z"
}
[2025-03-12T06:54:55.451Z] FRONTEND:ORDERS - INFO: Orders fetched successfully
  Details: {
  "wallet_address": "0x0300...",
  "order_count": 2,
  "total_orders": 2,
  "page": 1,
  "limit": 10,
  "log_destination": "orders",
  "timestamp": "2025-03-12T06:54:55.451Z"
}
[2025-03-12T06:54:55.453Z] FRONTEND:ORDERS - ERROR: Order Error: Request failed with status code 403
  Details: {
  "stack": "AxiosError: Request failed with status code 403\n    at settle (webpack-internal:///(app-pages-browser)/./node_modules/axios/lib/core/settle.js:24:12)\n    at XMLHttpRequest.onloadend (webpack-internal:///(app-pages-browser)/./node_modules/axios/lib/adapters/xhr.js:73:66)\n    at Axios.request (webpack-internal:///(app-pages-browser)/./node_modules/axios/lib/core/Axios.js:57:41)\n    at async eval (webpack-internal:///(app-pages-browser)/./src/api/orders.ts:160:32)\n    at async makeRequest (webpack-internal:///(app-pages-browser)/./src/api/orders.ts:41:16)\n    at async Object.getOrderCount (webpack-internal:///(app-pages-browser)/./src/api/orders.ts:159:30)\n    at async Navigation.useEffect.fetchOrderCount (webpack-internal:///(app-pages-browser)/./src/components/layouts/customer-dashboard/navigation.tsx:81:43)",
  "status": 403,
  "url": "http://127.0.0.1:8000/orders/summary/",
  "method": "get",
  "response_data": {
    "detail": "Not authenticated"
  },
  "log_destination": "orders",
  "timestamp": "2025-03-12T06:54:55.453Z"
}
[2025-03-12T06:55:05.299Z] FRONTEND:ORDERS - INFO: Order status filter changed
  Details: {
  "status": "pending",
  "is_connected": true,
  "has_effective_address": true,
  "log_destination": "orders",
  "timestamp": "2025-03-12T06:55:05.299Z"
}
[2025-03-12T06:55:05.300Z] FRONTEND:ORDERS - INFO: Order status filter changed in component
  Details: {
  "previous_status": "all",
  "new_status": "pending",
  "log_destination": "orders",
  "timestamp": "2025-03-12T06:55:05.300Z"
}
[2025-03-12T06:55:05.303Z] FRONTEND:ORDERS - INFO: Fetching orders
  Details: {
  "wallet_address": "0x0300...",
  "page": 1,
  "limit": 10,
  "status": "pending",
  "has_search": false,
  "log_destination": "orders",
  "timestamp": "2025-03-12T06:55:05.303Z"
}
[2025-03-12T06:55:05.304Z] FRONTEND:ORDERS - DEBUG: Fetching user orders
  Details: {
  "wallet_address": "0x0300B70e40F138927e3a988ce4A9a069Ff875336",
  "page": 1,
  "limit": 10,
  "status": "pending",
  "url": "/orders/user/0x0300B70e40F138927e3a988ce4A9a069Ff875336",
  "log_destination": "orders",
  "timestamp": "2025-03-12T06:55:05.304Z"
}
[2025-03-12T06:55:05.783Z] FRONTEND:ORDERS - DEBUG: Successfully fetched user orders
  Details: {
  "orderCount": 2,
  "total": 2,
  "page": 1,
  "limit": 10,
  "firstOrderId": "ORD-001-TEST",
  "log_destination": "orders",
  "timestamp": "2025-03-12T06:55:05.783Z"
}
[2025-03-12T06:55:05.783Z] FRONTEND:ORDERS - INFO: Orders fetched successfully
  Details: {
  "wallet_address": "0x0300...",
  "order_count": 2,
  "total_orders": 2,
  "page": 1,
  "limit": 10,
  "log_destination": "orders",
  "timestamp": "2025-03-12T06:55:05.783Z"
}
[2025-03-12T06:55:05.786Z] FRONTEND:ORDERS - INFO: Orders loaded
  Details: {
  "total_orders": 2,
  "status_filter": "pending",
  "log_destination": "orders",
  "timestamp": "2025-03-12T06:55:05.786Z"
}
[2025-03-12T06:55:05.797Z] FRONTEND:ORDERS - INFO: OrderList component initialized
  Details: {
  "has_orders": true,
  "order_count": 2,
  "is_array": true,
  "is_null": false,
  "is_undefined": false,
  "current_page": 1,
  "total_pages": 1,
  "total_orders": 2,
  "log_destination": "orders",
  "timestamp": "2025-03-12T06:55:05.797Z"
}
[2025-03-12T06:55:05.798Z] FRONTEND:ORDERS - INFO: OrderList orders updated
  Details: {
  "has_orders": true,
  "order_count": 2,
  "is_array": true,
  "is_null": false,
  "is_undefined": false,
  "current_page": 1,
  "total_pages": 1,
  "total_orders": 2,
  "log_destination": "orders",
  "timestamp": "2025-03-12T06:55:05.798Z"
}
[2025-03-12T06:55:05.798Z] FRONTEND:ORDERS - INFO: OrderList component initialized
  Details: {
  "has_orders": true,
  "order_count": 2,
  "is_array": true,
  "is_null": false,
  "is_undefined": false,
  "current_page": 1,
  "total_pages": 1,
  "total_orders": 2,
  "log_destination": "orders",
  "timestamp": "2025-03-12T06:55:05.798Z"
}
[2025-03-12T06:55:05.798Z] FRONTEND:ORDERS - INFO: OrderList orders updated
  Details: {
  "has_orders": true,
  "order_count": 2,
  "is_array": true,
  "is_null": false,
  "is_undefined": false,
  "current_page": 1,
  "total_pages": 1,
  "total_orders": 2,
  "log_destination": "orders",
  "timestamp": "2025-03-12T06:55:05.798Z"
}
[2025-03-12T06:55:07.659Z] FRONTEND:ORDERS - INFO: Order status filter changed
  Details: {
  "status": "all",
  "is_connected": true,
  "has_effective_address": true,
  "log_destination": "orders",
  "timestamp": "2025-03-12T06:55:07.659Z"
}
[2025-03-12T06:55:07.660Z] FRONTEND:ORDERS - INFO: Order status filter changed in component
  Details: {
  "previous_status": "pending",
  "new_status": "all",
  "log_destination": "orders",
  "timestamp": "2025-03-12T06:55:07.660Z"
}
[2025-03-12T06:55:07.670Z] FRONTEND:ORDERS - INFO: OrderList orders updated
  Details: {
  "has_orders": true,
  "order_count": 2,
  "is_array": true,
  "is_null": false,
  "is_undefined": false,
  "current_page": 1,
  "total_pages": 1,
  "total_orders": 2,
  "log_destination": "orders",
  "timestamp": "2025-03-12T06:55:07.670Z"
}
[2025-03-12T06:55:07.671Z] FRONTEND:ORDERS - INFO: Fetching orders
  Details: {
  "wallet_address": "0x0300...",
  "page": 1,
  "limit": 10,
  "has_search": false,
  "log_destination": "orders",
  "timestamp": "2025-03-12T06:55:07.671Z"
}
[2025-03-12T06:55:07.671Z] FRONTEND:ORDERS - DEBUG: Fetching user orders
  Details: {
  "wallet_address": "0x0300B70e40F138927e3a988ce4A9a069Ff875336",
  "page": 1,
  "limit": 10,
  "url": "/orders/user/0x0300B70e40F138927e3a988ce4A9a069Ff875336",
  "log_destination": "orders",
  "timestamp": "2025-03-12T06:55:07.671Z"
}
[2025-03-12T06:55:07.672Z] FRONTEND:ORDERS - INFO: Orders loaded
  Details: {
  "total_orders": 2,
  "status_filter": "all",
  "log_destination": "orders",
  "timestamp": "2025-03-12T06:55:07.672Z"
}
[2025-03-12T06:55:08.122Z] FRONTEND:ORDERS - DEBUG: Successfully fetched user orders
  Details: {
  "orderCount": 2,
  "total": 2,
  "page": 1,
  "limit": 10,
  "firstOrderId": "ORD-001-TEST",
  "log_destination": "orders",
  "timestamp": "2025-03-12T06:55:08.122Z"
}
[2025-03-12T06:55:08.122Z] FRONTEND:ORDERS - INFO: Orders fetched successfully
  Details: {
  "wallet_address": "0x0300...",
  "order_count": 2,
  "total_orders": 2,
  "page": 1,
  "limit": 10,
  "log_destination": "orders",
  "timestamp": "2025-03-12T06:55:08.122Z"
}
[2025-03-12T16:28:17.264Z] FRONTEND:ORDERS - INFO: Orders page initialized
  Details: {
  "is_connected": false,
  "is_ready": false,
  "has_address": false,
  "has_effective_address": false,
  "using_auth_wallet": false,
  "status_filter": "all",
  "log_destination": "orders",
  "timestamp": "2025-03-12T16:28:17.264Z"
}
[2025-03-12T16:28:17.279Z] FRONTEND:ORDERS - INFO: Wallet state changed in orders page
  Details: {
  "is_connected": false,
  "is_ready": false,
  "has_address": false,
  "has_effective_address": true,
  "using_auth_wallet": true,
  "log_destination": "orders",
  "timestamp": "2025-03-12T16:28:17.279Z"
}
[2025-03-12T16:28:17.280Z] FRONTEND:ORDERS - INFO: Fetching orders
  Details: {
  "wallet_address": "0x0300...",
  "page": 1,
  "limit": 10,
  "has_search": false,
  "log_destination": "orders",
  "timestamp": "2025-03-12T16:28:17.280Z"
}
[2025-03-12T16:28:17.280Z] FRONTEND:ORDERS - DEBUG: Fetching user orders
  Details: {
  "wallet_address": "0x0300B70e40F138927e3a988ce4A9a069Ff875336",
  "page": 1,
  "limit": 10,
  "url": "/orders/user/0x0300B70e40F138927e3a988ce4A9a069Ff875336",
  "log_destination": "orders",
  "timestamp": "2025-03-12T16:28:17.280Z"
}
[2025-03-12T16:28:17.301Z] FRONTEND:ORDERS - INFO: Wallet state changed in orders page
  Details: {
  "is_connected": false,
  "is_ready": false,
  "has_address": false,
  "has_effective_address": false,
  "using_auth_wallet": false,
  "log_destination": "orders",
  "timestamp": "2025-03-12T16:28:17.301Z"
}
[2025-03-12T16:28:17.419Z] FRONTEND:ORDERS - DEBUG: Fetching order count
  Details: {
  "log_destination": "orders",
  "timestamp": "2025-03-12T16:28:17.419Z"
}
[2025-03-12T16:28:17.421Z] FRONTEND:ORDERS - INFO: Wallet state changed in orders page
  Details: {
  "is_connected": false,
  "is_ready": false,
  "has_address": true,
  "has_effective_address": true,
  "using_auth_wallet": false,
  "log_destination": "orders",
  "timestamp": "2025-03-12T16:28:17.421Z"
}
[2025-03-12T16:28:17.682Z] FRONTEND:ORDERS - DEBUG: Successfully fetched user orders
  Details: {
  "orderCount": 2,
  "total": 2,
  "page": 1,
  "limit": 10,
  "firstOrderId": "ORD-001-TEST",
  "log_destination": "orders",
  "timestamp": "2025-03-12T16:28:17.682Z"
}
[2025-03-12T16:28:17.683Z] FRONTEND:ORDERS - INFO: Orders fetched successfully
  Details: {
  "wallet_address": "0x0300...",
  "order_count": 2,
  "total_orders": 2,
  "page": 1,
  "limit": 10,
  "log_destination": "orders",
  "timestamp": "2025-03-12T16:28:17.683Z"
}
[2025-03-12T16:28:17.684Z] FRONTEND:ORDERS - INFO: Orders loaded
  Details: {
  "total_orders": 2,
  "status_filter": "all",
  "log_destination": "orders",
  "timestamp": "2025-03-12T16:28:17.684Z"
}
[2025-03-12T16:28:17.710Z] FRONTEND:ORDERS - INFO: Wallet state changed in orders page
  Details: {
  "is_connected": true,
  "is_ready": false,
  "has_address": true,
  "has_effective_address": true,
  "using_auth_wallet": false,
  "log_destination": "orders",
  "timestamp": "2025-03-12T16:28:17.710Z"
}
[2025-03-12T16:28:17.722Z] FRONTEND:ORDERS - ERROR: Order Error: Request failed with status code 403
  Details: {
  "stack": "AxiosError: Request failed with status code 403\n    at settle (webpack-internal:///(app-pages-browser)/./node_modules/axios/lib/core/settle.js:24:12)\n    at XMLHttpRequest.onloadend (webpack-internal:///(app-pages-browser)/./node_modules/axios/lib/adapters/xhr.js:73:66)\n    at Axios.request (webpack-internal:///(app-pages-browser)/./node_modules/axios/lib/core/Axios.js:57:41)\n    at async eval (webpack-internal:///(app-pages-browser)/./src/api/orders.ts:160:32)\n    at async makeRequest (webpack-internal:///(app-pages-browser)/./src/api/orders.ts:41:16)\n    at async Object.getOrderCount (webpack-internal:///(app-pages-browser)/./src/api/orders.ts:159:30)\n    at async Navigation.useEffect.fetchOrderCount (webpack-internal:///(app-pages-browser)/./src/components/layouts/customer-dashboard/navigation.tsx:81:43)",
  "status": 403,
  "url": "http://127.0.0.1:8000/orders/summary/",
  "method": "get",
  "response_data": {
    "detail": "Not authenticated"
  },
  "log_destination": "orders",
  "timestamp": "2025-03-12T16:28:17.722Z"
}
[2025-03-12T16:28:17.734Z] FRONTEND:ORDERS - INFO: Wallet state changed in orders page
  Details: {
  "is_connected": true,
  "is_ready": true,
  "has_address": true,
  "has_effective_address": true,
  "using_auth_wallet": false,
  "log_destination": "orders",
  "timestamp": "2025-03-12T16:28:17.734Z"
}
[2025-03-12T16:28:22.424Z] FRONTEND:ORDERS - DEBUG: Fetching order count
  Details: {
  "log_destination": "orders",
  "timestamp": "2025-03-12T16:28:22.424Z"
}
[2025-03-12T16:28:22.427Z] FRONTEND:ORDERS - INFO: Fetching orders
  Details: {
  "wallet_address": "0x0300...",
  "page": 1,
  "limit": 10,
  "has_search": false,
  "log_destination": "orders",
  "timestamp": "2025-03-12T16:28:22.427Z"
}
[2025-03-12T16:28:22.427Z] FRONTEND:ORDERS - INFO: Orders page initialized
  Details: {
  "is_connected": true,
  "is_ready": false,
  "has_address": true,
  "has_effective_address": true,
  "using_auth_wallet": false,
  "status_filter": "all",
  "log_destination": "orders",
  "timestamp": "2025-03-12T16:28:22.427Z"
}
[2025-03-12T16:28:22.428Z] FRONTEND:ORDERS - DEBUG: Fetching user orders
  Details: {
  "wallet_address": "0x0300B70e40F138927e3a988ce4A9a069Ff875336",
  "page": 1,
  "limit": 10,
  "url": "/orders/user/0x0300B70e40F138927e3a988ce4A9a069Ff875336",
  "log_destination": "orders",
  "timestamp": "2025-03-12T16:28:22.428Z"
}
[2025-03-12T16:28:22.429Z] FRONTEND:ORDERS - INFO: Orders loaded
  Details: {
  "total_orders": 2,
  "status_filter": "all",
  "log_destination": "orders",
  "timestamp": "2025-03-12T16:28:22.429Z"
}
[2025-03-12T16:28:22.433Z] FRONTEND:ORDERS - DEBUG: Fetching order count
  Details: {
  "log_destination": "orders",
  "timestamp": "2025-03-12T16:28:22.433Z"
}
[2025-03-12T16:28:22.434Z] FRONTEND:ORDERS - INFO: Orders page initialized
  Details: {
  "is_connected": true,
  "is_ready": false,
  "has_address": true,
  "has_effective_address": true,
  "using_auth_wallet": false,
  "status_filter": "all",
  "log_destination": "orders",
  "timestamp": "2025-03-12T16:28:22.434Z"
}
[2025-03-12T16:28:22.434Z] FRONTEND:ORDERS - INFO: Orders loaded
  Details: {
  "total_orders": 2,
  "status_filter": "all",
  "log_destination": "orders",
  "timestamp": "2025-03-12T16:28:22.434Z"
}
[2025-03-12T16:28:22.442Z] FRONTEND:ORDERS - INFO: Wallet state changed in orders page
  Details: {
  "is_connected": true,
  "is_ready": true,
  "has_address": true,
  "has_effective_address": true,
  "using_auth_wallet": false,
  "log_destination": "orders",
  "timestamp": "2025-03-12T16:28:22.442Z"
}
[2025-03-12T16:28:22.449Z] FRONTEND:ORDERS - ERROR: Order Error: Request failed with status code 403
  Details: {
  "stack": "AxiosError: Request failed with status code 403\n    at settle (webpack-internal:///(app-pages-browser)/./node_modules/axios/lib/core/settle.js:24:12)\n    at XMLHttpRequest.onloadend (webpack-internal:///(app-pages-browser)/./node_modules/axios/lib/adapters/xhr.js:73:66)\n    at Axios.request (webpack-internal:///(app-pages-browser)/./node_modules/axios/lib/core/Axios.js:57:41)\n    at async eval (webpack-internal:///(app-pages-browser)/./src/api/orders.ts:160:32)\n    at async makeRequest (webpack-internal:///(app-pages-browser)/./src/api/orders.ts:41:16)\n    at async Object.getOrderCount (webpack-internal:///(app-pages-browser)/./src/api/orders.ts:159:30)\n    at async Navigation.useEffect.fetchOrderCount (webpack-internal:///(app-pages-browser)/./src/components/layouts/customer-dashboard/navigation.tsx:81:43)",
  "status": 403,
  "url": "http://127.0.0.1:8000/orders/summary/",
  "method": "get",
  "response_data": {
    "detail": "Not authenticated"
  },
  "log_destination": "orders",
  "timestamp": "2025-03-12T16:28:22.449Z"
}
[2025-03-12T16:28:22.493Z] FRONTEND:ORDERS - INFO: OrderList component initialized
  Details: {
  "has_orders": true,
  "order_count": 2,
  "is_array": true,
  "is_null": false,
  "is_undefined": false,
  "current_page": 1,
  "total_pages": 1,
  "total_orders": 2,
  "log_destination": "orders",
  "timestamp": "2025-03-12T16:28:22.493Z"
}
[2025-03-12T16:28:22.494Z] FRONTEND:ORDERS - INFO: OrderList orders updated
  Details: {
  "has_orders": true,
  "order_count": 2,
  "is_array": true,
  "is_null": false,
  "is_undefined": false,
  "current_page": 1,
  "total_pages": 1,
  "total_orders": 2,
  "log_destination": "orders",
  "timestamp": "2025-03-12T16:28:22.494Z"
}
[2025-03-12T16:28:22.498Z] FRONTEND:ORDERS - INFO: OrderList component initialized
  Details: {
  "has_orders": true,
  "order_count": 2,
  "is_array": true,
  "is_null": false,
  "is_undefined": false,
  "current_page": 1,
  "total_pages": 1,
  "total_orders": 2,
  "log_destination": "orders",
  "timestamp": "2025-03-12T16:28:22.498Z"
}
[2025-03-12T16:28:22.499Z] FRONTEND:ORDERS - INFO: OrderList orders updated
  Details: {
  "has_orders": true,
  "order_count": 2,
  "is_array": true,
  "is_null": false,
  "is_undefined": false,
  "current_page": 1,
  "total_pages": 1,
  "total_orders": 2,
  "log_destination": "orders",
  "timestamp": "2025-03-12T16:28:22.499Z"
}
[2025-03-12T16:28:22.799Z] FRONTEND:ORDERS - DEBUG: Successfully fetched user orders
  Details: {
  "orderCount": 2,
  "total": 2,
  "page": 1,
  "limit": 10,
  "firstOrderId": "ORD-001-TEST",
  "log_destination": "orders",
  "timestamp": "2025-03-12T16:28:22.799Z"
}
[2025-03-12T16:28:22.800Z] FRONTEND:ORDERS - INFO: Orders fetched successfully
  Details: {
  "wallet_address": "0x0300...",
  "order_count": 2,
  "total_orders": 2,
  "page": 1,
  "limit": 10,
  "log_destination": "orders",
  "timestamp": "2025-03-12T16:28:22.800Z"
}
[2025-03-12T16:28:22.801Z] FRONTEND:ORDERS - ERROR: Order Error: Request failed with status code 403
  Details: {
  "stack": "AxiosError: Request failed with status code 403\n    at settle (webpack-internal:///(app-pages-browser)/./node_modules/axios/lib/core/settle.js:24:12)\n    at XMLHttpRequest.onloadend (webpack-internal:///(app-pages-browser)/./node_modules/axios/lib/adapters/xhr.js:73:66)\n    at Axios.request (webpack-internal:///(app-pages-browser)/./node_modules/axios/lib/core/Axios.js:57:41)\n    at async eval (webpack-internal:///(app-pages-browser)/./src/api/orders.ts:160:32)\n    at async makeRequest (webpack-internal:///(app-pages-browser)/./src/api/orders.ts:41:16)\n    at async Object.getOrderCount (webpack-internal:///(app-pages-browser)/./src/api/orders.ts:159:30)\n    at async Navigation.useEffect.fetchOrderCount (webpack-internal:///(app-pages-browser)/./src/components/layouts/customer-dashboard/navigation.tsx:81:43)",
  "status": 403,
  "url": "http://127.0.0.1:8000/orders/summary/",
  "method": "get",
  "response_data": {
    "detail": "Not authenticated"
  },
  "log_destination": "orders",
  "timestamp": "2025-03-12T16:28:22.801Z"
}
