[2025-03-18T21:44:39.567Z] FRONTEND:AUTH - DEBUG: Auth Flow - HeaderConnect Render
  Details: {
  "timestamp": "2025-03-18T21:44:39.567Z",
  "is_connected": false,
  "is_authenticated": false,
  "is_authenticating": false
}
[2025-03-18T21:44:39.568Z] FRONTEND:AUTH - DEBUG: Auth Flow - HeaderConnect Render
  Details: {
  "timestamp": "2025-03-18T21:44:39.568Z",
  "is_connected": false,
  "is_authenticated": false,
  "is_authenticating": false
}
[2025-03-18T21:44:39.975Z] FRONTEND:AUTH - DEBUG: Auth Flow - Auth state updated
  Details: {
  "timestamp": "2025-03-18T21:44:39.975Z",
  "is_connected": false,
  "is_authenticated": false,
  "is_authenticating": false,
  "initial_check_done": false,
  "needs_reauthentication": false,
  "last_authenticated_address": null
}
[2025-03-18T21:44:41.615Z] FRONTEND:AUTH - DEBUG: Auth Flow - Initial Auth State Check
  Details: {
  "timestamp": "2025-03-18T21:44:41.614Z",
  "has_token": false,
  "has_user": false
}
[2025-03-18T21:44:41.911Z] FRONTEND:AUTH - DEBUG: Auth Flow - HeaderConnect Render
  Details: {
  "timestamp": "2025-03-18T21:44:41.911Z",
  "is_connected": false,
  "is_authenticated": false,
  "is_authenticating": false
}
[2025-03-18T21:44:41.914Z] FRONTEND:AUTH - DEBUG: Auth Flow - HeaderConnect Render
  Details: {
  "timestamp": "2025-03-18T21:44:41.914Z",
  "is_connected": false,
  "is_authenticated": false,
  "is_authenticating": false
}
[2025-03-18T21:44:44.109Z] FRONTEND:AUTH - DEBUG: Auth Flow - Auth state updated
  Details: {
  "timestamp": "2025-03-18T21:44:44.109Z",
  "is_connected": false,
  "is_authenticated": false,
  "is_authenticating": false,
  "initial_check_done": false,
  "needs_reauthentication": false,
  "last_authenticated_address": null
}
[2025-03-18T21:44:44.205Z] FRONTEND:AUTH - DEBUG: Auth Flow - HeaderConnect Render
  Details: {
  "timestamp": "2025-03-18T21:44:44.205Z",
  "is_connected": false,
  "is_authenticated": false,
  "is_authenticating": false
}
[2025-03-18T21:44:39.379Z] FRONTEND:AUTH - DEBUG: Auth Flow - Initial Auth State Check
  Details: {
  "timestamp": "2025-03-18T21:44:39.379Z",
  "has_token": false,
  "has_user": false
}
[2025-03-18T21:44:44.208Z] FRONTEND:AUTH - DEBUG: Auth Flow - HeaderConnect Render
  Details: {
  "timestamp": "2025-03-18T21:44:44.208Z",
  "is_connected": false,
  "is_authenticated": false,
  "is_authenticating": false
}
[2025-03-18T21:44:44.435Z] FRONTEND:AUTH - DEBUG: Auth Flow - HeaderConnect Render
  Details: {
  "timestamp": "2025-03-18T21:44:44.435Z",
  "is_connected": false,
  "is_authenticated": false,
  "is_authenticating": false
}
[2025-03-18T21:44:44.438Z] FRONTEND:AUTH - DEBUG: Auth Flow - HeaderConnect Render
  Details: {
  "timestamp": "2025-03-18T21:44:44.438Z",
  "is_connected": false,
  "is_authenticated": false,
  "is_authenticating": false
}
[2025-03-18T21:44:44.592Z] FRONTEND:AUTH - DEBUG: Auth Flow - HeaderConnect Render
  Details: {
  "timestamp": "2025-03-18T21:44:44.592Z",
  "is_connected": false,
  "is_authenticated": false,
  "is_authenticating": false
}
[2025-03-18T21:44:44.593Z] FRONTEND:AUTH - DEBUG: Auth Flow - HeaderConnect Render
  Details: {
  "timestamp": "2025-03-18T21:44:44.593Z",
  "is_connected": false,
  "is_authenticated": false,
  "is_authenticating": false
}
[2025-03-18T21:45:17.593Z] FRONTEND:AUTH - DEBUG: Auth Flow - Authentication needed - not authenticated
  Details: {
  "timestamp": "2025-03-18T21:45:17.593Z",
  "address": "0xA1E82F804D00d7CDe0dc591fBa2AD5A8A22C45b4",
  "is_connected": true
}
[2025-03-18T21:45:17.594Z] FRONTEND:AUTH - DEBUG: Auth Flow - Authentication needed - not authenticated
  Details: {
  "timestamp": "2025-03-18T21:45:17.594Z",
  "address": "0xA1E82F804D00d7CDe0dc591fBa2AD5A8A22C45b4",
  "is_connected": true
}
[2025-03-18T21:45:17.597Z] FRONTEND:AUTH - DEBUG: Auth Flow - HeaderConnect Render
  Details: {
  "timestamp": "2025-03-18T21:45:17.597Z",
  "wallet_address": "0xA1E82F804D00d7CDe0dc591fBa2AD5A8A22C45b4",
  "is_connected": true,
  "is_authenticated": false,
  "is_authenticating": false
}
[2025-03-18T21:45:17.605Z] FRONTEND:AUTH - DEBUG: Auth Flow - Authentication needed - not authenticated
  Details: {
  "timestamp": "2025-03-18T21:45:17.605Z",
  "address": "0xA1E82F804D00d7CDe0dc591fBa2AD5A8A22C45b4",
  "is_connected": true
}
[2025-03-18T21:45:17.606Z] FRONTEND:AUTH - DEBUG: Auth Flow - Authentication needed - not authenticated
  Details: {
  "timestamp": "2025-03-18T21:45:17.606Z",
  "address": "0xA1E82F804D00d7CDe0dc591fBa2AD5A8A22C45b4",
  "is_connected": true
}
[2025-03-18T21:45:17.600Z] FRONTEND:AUTH - DEBUG: Auth Flow - HeaderConnect Render
  Details: {
  "timestamp": "2025-03-18T21:45:17.600Z",
  "wallet_address": "0xA1E82F804D00d7CDe0dc591fBa2AD5A8A22C45b4",
  "is_connected": true,
  "is_authenticated": false,
  "is_authenticating": false
}
[2025-03-18T21:45:17.607Z] FRONTEND:AUTH - DEBUG: Auth Flow - HeaderConnect Render
  Details: {
  "timestamp": "2025-03-18T21:45:17.607Z",
  "wallet_address": "0xA1E82F804D00d7CDe0dc591fBa2AD5A8A22C45b4",
  "is_connected": true,
  "is_authenticated": false,
  "is_authenticating": false
}
[2025-03-18T21:45:17.609Z] FRONTEND:AUTH - DEBUG: Auth Flow - HeaderConnect Render
  Details: {
  "timestamp": "2025-03-18T21:45:17.609Z",
  "wallet_address": "0xA1E82F804D00d7CDe0dc591fBa2AD5A8A22C45b4",
  "is_connected": true,
  "is_authenticated": false,
  "is_authenticating": false
}
[2025-03-18T21:45:17.620Z] FRONTEND:AUTH - DEBUG: Auth Flow - Auth Check
  Details: {
  "timestamp": "2025-03-18T21:45:17.619Z",
  "has_token": false,
  "has_user": false
}
[2025-03-18T21:45:17.625Z] FRONTEND:AUTH - DEBUG: Auth Flow - Auth Check
  Details: {
  "timestamp": "2025-03-18T21:45:17.625Z",
  "has_token": false,
  "has_user": false
}
[2025-03-18T21:45:17.626Z] FRONTEND:AUTH - DEBUG: Auth Flow - Starting authentication
  Details: {
  "timestamp": "2025-03-18T21:45:17.626Z",
  "wallet_address": "0xA1E82F804D00d7CDe0dc591fBa2AD5A8A22C45b4",
  "is_connected": true,
  "initial_check_done": true
}
[2025-03-18T21:45:17.620Z] FRONTEND:AUTH - DEBUG: Auth Flow - Starting authentication
  Details: {
  "timestamp": "2025-03-18T21:45:17.620Z",
  "wallet_address": "0xA1E82F804D00d7CDe0dc591fBa2AD5A8A22C45b4",
  "is_connected": true,
  "initial_check_done": true
}
[2025-03-18T21:45:17.626Z] FRONTEND:AUTH - DEBUG: Auth Flow - Request Signature
  Details: {
  "timestamp": "2025-03-18T21:45:17.626Z",
  "walletAddress": "0xA1E82F804D00d7CDe0dc591fBa2AD5A8A22C45b4"
}
[2025-03-18T21:45:17.630Z] FRONTEND:AUTH - DEBUG: Auth Flow - Auth state updated
  Details: {
  "timestamp": "2025-03-18T21:45:17.630Z",
  "is_connected": true,
  "is_authenticated": false,
  "wallet_address": "0xA1E82F804D00d7CDe0dc591fBa2AD5A8A22C45b4",
  "is_authenticating": false,
  "initial_check_done": true,
  "needs_reauthentication": true,
  "last_authenticated_address": null
}
[2025-03-18T21:45:17.620Z] FRONTEND:AUTH - DEBUG: Auth Flow - Request Signature
  Details: {
  "timestamp": "2025-03-18T21:45:17.620Z",
  "walletAddress": "0xA1E82F804D00d7CDe0dc591fBa2AD5A8A22C45b4"
}
[2025-03-18T21:45:17.622Z] FRONTEND:AUTH - DEBUG: Auth Flow - Auth state updated
  Details: {
  "timestamp": "2025-03-18T21:45:17.622Z",
  "is_connected": true,
  "is_authenticated": false,
  "wallet_address": "0xA1E82F804D00d7CDe0dc591fBa2AD5A8A22C45b4",
  "is_authenticating": false,
  "initial_check_done": true,
  "needs_reauthentication": true,
  "last_authenticated_address": null
}
[2025-03-18T21:45:17.644Z] FRONTEND:AUTH - DEBUG: Auth Flow - Auth state restoration failed - triggering authentication
  Details: {
  "timestamp": "2025-03-18T21:45:17.644Z",
  "address": "0xA1E82F804D00d7CDe0dc591fBa2AD5A8A22C45b4",
  "is_connected": true
}
[2025-03-18T21:45:17.644Z] FRONTEND:AUTH - DEBUG: Auth Flow - Token Retrieval
  Details: {
  "timestamp": "2025-03-18T21:45:17.644Z",
  "exists": false
}
[2025-03-18T21:45:17.690Z] FRONTEND:AUTH - DEBUG: Auth Flow - HeaderConnect Render
  Details: {
  "timestamp": "2025-03-18T21:45:17.690Z",
  "wallet_address": "0xA1E82F804D00d7CDe0dc591fBa2AD5A8A22C45b4",
  "is_connected": true,
  "is_authenticated": false,
  "is_authenticating": true
}
[2025-03-18T21:45:17.766Z] FRONTEND:AUTH - DEBUG: Auth Flow - Auth state restoration failed - triggering authentication
  Details: {
  "timestamp": "2025-03-18T21:45:17.766Z",
  "address": "0xA1E82F804D00d7CDe0dc591fBa2AD5A8A22C45b4",
  "is_connected": true
}
[2025-03-18T21:45:17.767Z] FRONTEND:AUTH - DEBUG: Auth Flow - Token Retrieval
  Details: {
  "timestamp": "2025-03-18T21:45:17.767Z",
  "exists": false
}
[2025-03-18T21:45:17.775Z] FRONTEND:AUTH - DEBUG: Auth Flow - HeaderConnect Render
  Details: {
  "timestamp": "2025-03-18T21:45:17.775Z",
  "wallet_address": "0xA1E82F804D00d7CDe0dc591fBa2AD5A8A22C45b4",
  "is_connected": true,
  "is_authenticated": false,
  "is_authenticating": true
}
[2025-03-18T21:45:17.776Z] FRONTEND:AUTH - DEBUG: Auth Flow - HeaderConnect Render
  Details: {
  "timestamp": "2025-03-18T21:45:17.776Z",
  "wallet_address": "0xA1E82F804D00d7CDe0dc591fBa2AD5A8A22C45b4",
  "is_connected": true,
  "is_authenticated": false,
  "is_authenticating": true
}
[2025-03-18T21:45:17.690Z] FRONTEND:AUTH - DEBUG: Auth Flow - HeaderConnect Render
  Details: {
  "timestamp": "2025-03-18T21:45:17.690Z",
  "wallet_address": "0xA1E82F804D00d7CDe0dc591fBa2AD5A8A22C45b4",
  "is_connected": true,
  "is_authenticated": false,
  "is_authenticating": true
}
[2025-03-18T21:45:17.802Z] FRONTEND:AUTH - DEBUG: Auth Flow - Signature Requested
  Details: {
  "timestamp": "2025-03-18T21:45:17.802Z",
  "nonce": "7f47165bb4fde3142204f3013d9430082fb3305e33d37c6c9ddb7cf4d271853d"
}
[2025-03-18T21:45:17.807Z] FRONTEND:AUTH - DEBUG: Auth Flow - Auth state updated
  Details: {
  "timestamp": "2025-03-18T21:45:17.807Z",
  "is_connected": true,
  "is_authenticated": false,
  "wallet_address": "0xA1E82F804D00d7CDe0dc591fBa2AD5A8A22C45b4",
  "is_authenticating": true,
  "initial_check_done": true,
  "needs_reauthentication": true,
  "last_authenticated_address": null
}
[2025-03-18T21:45:17.697Z] FRONTEND:AUTH - DEBUG: Auth Flow - Auth state updated
  Details: {
  "timestamp": "2025-03-18T21:45:17.697Z",
  "is_connected": true,
  "is_authenticated": false,
  "wallet_address": "0xA1E82F804D00d7CDe0dc591fBa2AD5A8A22C45b4",
  "is_authenticating": true,
  "initial_check_done": true,
  "needs_reauthentication": true,
  "last_authenticated_address": null
}
[2025-03-18T21:45:17.706Z] FRONTEND:AUTH - DEBUG: Auth Flow - Signature Requested
  Details: {
  "timestamp": "2025-03-18T21:45:17.706Z",
  "nonce": "33a011804810f1cfc920a5269ac520fb192150e7816f4dc7c6f7737b8e0ced1e"
}
[2025-03-18T21:45:17.711Z] FRONTEND:AUTH - DEBUG: Auth Flow - HeaderConnect Render
  Details: {
  "timestamp": "2025-03-18T21:45:17.711Z",
  "wallet_address": "0xA1E82F804D00d7CDe0dc591fBa2AD5A8A22C45b4",
  "is_connected": true,
  "is_authenticated": false,
  "is_authenticating": true
}
[2025-03-18T21:45:17.711Z] FRONTEND:AUTH - DEBUG: Auth Flow - HeaderConnect Render
  Details: {
  "timestamp": "2025-03-18T21:45:17.711Z",
  "wallet_address": "0xA1E82F804D00d7CDe0dc591fBa2AD5A8A22C45b4",
  "is_connected": true,
  "is_authenticated": false,
  "is_authenticating": true
}
[2025-03-18T21:45:17.809Z] FRONTEND:AUTH - DEBUG: Auth Flow - HeaderConnect Render
  Details: {
  "timestamp": "2025-03-18T21:45:17.809Z",
  "wallet_address": "0xA1E82F804D00d7CDe0dc591fBa2AD5A8A22C45b4",
  "is_connected": true,
  "is_authenticated": false,
  "is_authenticating": true
}
[2025-03-18T21:45:17.810Z] FRONTEND:AUTH - DEBUG: Auth Flow - HeaderConnect Render
  Details: {
  "timestamp": "2025-03-18T21:45:17.810Z",
  "wallet_address": "0xA1E82F804D00d7CDe0dc591fBa2AD5A8A22C45b4",
  "is_connected": true,
  "is_authenticated": false,
  "is_authenticating": true
}
[2025-03-18T21:45:17.833Z] FRONTEND:AUTH - ERROR: Auth Error - Authentication failed
  Details: {
  "timestamp": "2025-03-18T21:45:17.833Z",
  "error": "The current chain of the connector (id: 137) does not match the connection's chain (id: 8453).\n\nCurrent Chain ID:  137\nExpected Chain ID: 8453\n\nVersion: @wagmi/core@2.16.4",
  "stack": "ConnectorChainMismatchError\n    at getConnectorClient (webpack-internal:///(app-pages-browser)/./node_modules/@wagmi/core/dist/esm/actions/getConnectorClient.js:41:15)\n    at async signMessage (webpack-internal:///(app-pages-browser)/./node_modules/@wagmi/core/dist/esm/actions/signMessage.js:18:18)"
}
[2025-03-18T21:45:17.836Z] FRONTEND:AUTH - DEBUG: Auth Flow - Logout
  Details: {
  "timestamp": "2025-03-18T21:45:17.836Z"
}
[2025-03-18T21:45:17.841Z] FRONTEND:AUTH - DEBUG: Auth Flow - HeaderConnect Render
  Details: {
  "timestamp": "2025-03-18T21:45:17.841Z",
  "wallet_address": "0xA1E82F804D00d7CDe0dc591fBa2AD5A8A22C45b4",
  "is_connected": true,
  "is_authenticated": false,
  "is_authenticating": false
}
[2025-03-18T21:45:17.842Z] FRONTEND:AUTH - DEBUG: Auth Flow - HeaderConnect Render
  Details: {
  "timestamp": "2025-03-18T21:45:17.842Z",
  "wallet_address": "0xA1E82F804D00d7CDe0dc591fBa2AD5A8A22C45b4",
  "is_connected": true,
  "is_authenticated": false,
  "is_authenticating": false
}
[2025-03-18T21:45:17.892Z] FRONTEND:AUTH - DEBUG: Auth Flow - Auth state updated
  Details: {
  "timestamp": "2025-03-18T21:45:17.892Z",
  "is_connected": true,
  "is_authenticated": false,
  "wallet_address": "0xA1E82F804D00d7CDe0dc591fBa2AD5A8A22C45b4",
  "is_authenticating": false,
  "initial_check_done": true,
  "needs_reauthentication": true,
  "last_authenticated_address": null
}
[2025-03-18T21:45:21.057Z] FRONTEND:AUTH - DEBUG: Auth Flow - Token Retrieval
  Details: {
  "timestamp": "2025-03-18T21:45:21.057Z",
  "exists": false
}
[2025-03-18T21:45:21.056Z] FRONTEND:AUTH - DEBUG: Auth Flow - Verify Signature
  Details: {
  "timestamp": "2025-03-18T21:45:21.056Z",
  "walletAddress": "0xA1E82F804D00d7CDe0dc591fBa2AD5A8A22C45b4",
  "nonce": "33a011804810f1cfc920a5269ac520fb192150e7816f4dc7c6f7737b8e0ced1e"
}
[2025-03-18T21:45:21.059Z] FRONTEND:AUTH - DEBUG: Auth Flow - HeaderConnect Render
  Details: {
  "timestamp": "2025-03-18T21:45:21.059Z",
  "wallet_address": "0xA1E82F804D00d7CDe0dc591fBa2AD5A8A22C45b4",
  "is_connected": true,
  "is_authenticated": false,
  "is_authenticating": true
}
[2025-03-18T21:45:21.059Z] FRONTEND:AUTH - DEBUG: Auth Flow - HeaderConnect Render
  Details: {
  "timestamp": "2025-03-18T21:45:21.059Z",
  "wallet_address": "0xA1E82F804D00d7CDe0dc591fBa2AD5A8A22C45b4",
  "is_connected": true,
  "is_authenticated": false,
  "is_authenticating": true
}
[2025-03-18T21:45:21.068Z] FRONTEND:AUTH - ERROR: Auth API Response Error
  Details: {
  "status": 500,
  "url": "/verify?nonce=33a011804810f1cfc920a5269ac520fb192150e7816f4dc7c6f7737b8e0ced1e",
  "method": "post",
  "has_retry": false
}
[2025-03-18T21:45:21.071Z] FRONTEND:AUTH - ERROR: Auth Error - Verify Signature
  Details: {
  "timestamp": "2025-03-18T21:45:21.071Z",
  "error": "Request failed with status code 500",
  "code": "ERR_BAD_RESPONSE",
  "stack": "AxiosError: Request failed with status code 500\n    at settle (webpack-internal:///(app-pages-browser)/./node_modules/axios/lib/core/settle.js:24:12)\n    at XMLHttpRequest.onloadend (webpack-internal:///(app-pages-browser)/./node_modules/axios/lib/adapters/xhr.js:73:66)\n    at Axios.request (webpack-internal:///(app-pages-browser)/./node_modules/axios/lib/core/Axios.js:57:41)\n    at async verifySignature (webpack-internal:///(app-pages-browser)/./src/api/auth.ts:130:26)\n    at async useWalletAuth.useCallback[authenticate] (webpack-internal:///(app-pages-browser)/./src/hooks/useWalletAuth.ts:128:40)"
}
[2025-03-18T21:45:21.072Z] FRONTEND:AUTH - ERROR: Auth Error - Authentication failed
  Details: {
  "timestamp": "2025-03-18T21:45:21.072Z",
  "error": "Request failed with status code 500",
  "code": "ERR_BAD_RESPONSE",
  "stack": "AxiosError: Request failed with status code 500\n    at settle (webpack-internal:///(app-pages-browser)/./node_modules/axios/lib/core/settle.js:24:12)\n    at XMLHttpRequest.onloadend (webpack-internal:///(app-pages-browser)/./node_modules/axios/lib/adapters/xhr.js:73:66)\n    at Axios.request (webpack-internal:///(app-pages-browser)/./node_modules/axios/lib/core/Axios.js:57:41)\n    at async verifySignature (webpack-internal:///(app-pages-browser)/./src/api/auth.ts:130:26)\n    at async useWalletAuth.useCallback[authenticate] (webpack-internal:///(app-pages-browser)/./src/hooks/useWalletAuth.ts:128:40)"
}
[2025-03-18T21:45:21.072Z] FRONTEND:AUTH - DEBUG: Auth Flow - Logout
  Details: {
  "timestamp": "2025-03-18T21:45:21.072Z"
}
[2025-03-18T21:45:21.074Z] FRONTEND:AUTH - DEBUG: Auth Flow - HeaderConnect Render
  Details: {
  "timestamp": "2025-03-18T21:45:21.074Z",
  "wallet_address": "0xA1E82F804D00d7CDe0dc591fBa2AD5A8A22C45b4",
  "is_connected": true,
  "is_authenticated": false,
  "is_authenticating": false
}
[2025-03-18T21:45:21.075Z] FRONTEND:AUTH - DEBUG: Auth Flow - HeaderConnect Render
  Details: {
  "timestamp": "2025-03-18T21:45:21.075Z",
  "wallet_address": "0xA1E82F804D00d7CDe0dc591fBa2AD5A8A22C45b4",
  "is_connected": true,
  "is_authenticated": false,
  "is_authenticating": false
}
[2025-03-18T21:45:21.101Z] FRONTEND:AUTH - DEBUG: Auth Flow - Auth state updated
  Details: {
  "timestamp": "2025-03-18T21:45:21.101Z",
  "is_connected": true,
  "is_authenticated": false,
  "wallet_address": "0xA1E82F804D00d7CDe0dc591fBa2AD5A8A22C45b4",
  "is_authenticating": false,
  "initial_check_done": true,
  "needs_reauthentication": true,
  "last_authenticated_address": null
}
[2025-03-18T21:45:30.667Z] FRONTEND:AUTH - DEBUG: Auth Flow - Authentication needed - not authenticated
  Details: {
  "timestamp": "2025-03-18T21:45:30.667Z",
  "address": "0xA1E82F804D00d7CDe0dc591fBa2AD5A8A22C45b4",
  "is_connected": true
}
[2025-03-18T21:45:30.667Z] FRONTEND:AUTH - DEBUG: Auth Flow - Authentication needed - not authenticated
  Details: {
  "timestamp": "2025-03-18T21:45:30.667Z",
  "address": "0xA1E82F804D00d7CDe0dc591fBa2AD5A8A22C45b4",
  "is_connected": true
}
[2025-03-18T21:45:30.667Z] FRONTEND:AUTH - DEBUG: Auth Flow - HeaderConnect Render
  Details: {
  "timestamp": "2025-03-18T21:45:30.667Z",
  "wallet_address": "0xA1E82F804D00d7CDe0dc591fBa2AD5A8A22C45b4",
  "is_connected": true,
  "is_authenticated": false,
  "is_authenticating": false
}
[2025-03-18T21:45:30.667Z] FRONTEND:AUTH - DEBUG: Auth Flow - HeaderConnect Render
  Details: {
  "timestamp": "2025-03-18T21:45:30.667Z",
  "wallet_address": "0xA1E82F804D00d7CDe0dc591fBa2AD5A8A22C45b4",
  "is_connected": true,
  "is_authenticated": false,
  "is_authenticating": false
}
[2025-03-18T21:45:30.704Z] FRONTEND:AUTH - DEBUG: Auth Flow - Auth Check
  Details: {
  "timestamp": "2025-03-18T21:45:30.704Z",
  "has_token": false,
  "has_user": false
}
[2025-03-18T21:45:30.704Z] FRONTEND:AUTH - DEBUG: Auth Flow - Starting authentication
  Details: {
  "timestamp": "2025-03-18T21:45:30.704Z",
  "wallet_address": "0xA1E82F804D00d7CDe0dc591fBa2AD5A8A22C45b4",
  "is_connected": true,
  "initial_check_done": true
}
[2025-03-18T21:45:30.705Z] FRONTEND:AUTH - DEBUG: Auth Flow - Auth state updated
  Details: {
  "timestamp": "2025-03-18T21:45:30.705Z",
  "is_connected": true,
  "is_authenticated": false,
  "wallet_address": "0xA1E82F804D00d7CDe0dc591fBa2AD5A8A22C45b4",
  "is_authenticating": false,
  "initial_check_done": true,
  "needs_reauthentication": true,
  "last_authenticated_address": null
}
[2025-03-18T21:45:30.712Z] FRONTEND:CS2 - INFO: Rendering 5 products with enhanced staggered animation
  Details: {
  "productCount": 5,
  "productIds": [
    "cs2-awp-crakow-minimal-wear",
    "cs2-ak47-asiimov-factory-new",
    "cs2-m4a4-howl-field-tested",
    "cs2-deagle-printstream-minimal-wear",
    "cs2-butterfly-doppler-factory-new"
  ],
  "animationEnabled": true,
  "staggerType": "wave",
  "baseDelay": "35ms",
  "log_destination": "market",
  "timestamp": "2025-03-18T21:45:30.712Z"
}
[2025-03-18T21:45:30.706Z] FRONTEND:CS2 - INFO: Market navbar mounted with enhanced Skinport style and animations
  Details: {
  "categoriesCount": 4,
  "currentCategory": "none",
  "style": "text-only-enhanced-animated",
  "log_destination": "market",
  "timestamp": "2025-03-18T21:45:30.706Z"
}
[2025-03-18T21:45:30.705Z] FRONTEND:AUTH - DEBUG: Auth Flow - Request Signature
  Details: {
  "timestamp": "2025-03-18T21:45:30.705Z",
  "walletAddress": "0xA1E82F804D00d7CDe0dc591fBa2AD5A8A22C45b4"
}
[2025-03-18T21:45:30.713Z] FRONTEND:CS2 - INFO: MarketPageView mounted with 5 products and enhanced animations
  Details: {
  "page": 1,
  "pageSize": 20,
  "totalProducts": 5,
  "productIds": [
    "cs2-awp-crakow-minimal-wear",
    "cs2-ak47-asiimov-factory-new",
    "cs2-m4a4-howl-field-tested",
    "cs2-deagle-printstream-minimal-wear",
    "cs2-butterfly-doppler-factory-new"
  ],
  "transitionType": "initial-mount",
  "animationsEnabled": true,
  "log_destination": "market",
  "timestamp": "2025-03-18T21:45:30.713Z"
}
[2025-03-18T21:45:30.713Z] FRONTEND:CS2 - DEBUG: MarketPageView unmounted
  Details: {
  "page": 1,
  "log_destination": "market",
  "timestamp": "2025-03-18T21:45:30.713Z"
}
[2025-03-18T21:45:30.715Z] FRONTEND:AUTH - DEBUG: Auth Flow - Starting authentication
  Details: {
  "timestamp": "2025-03-18T21:45:30.715Z",
  "wallet_address": "0xA1E82F804D00d7CDe0dc591fBa2AD5A8A22C45b4",
  "is_connected": true,
  "initial_check_done": true
}
[2025-03-18T21:45:30.715Z] FRONTEND:AUTH - DEBUG: Auth Flow - Request Signature
  Details: {
  "timestamp": "2025-03-18T21:45:30.715Z",
  "walletAddress": "0xA1E82F804D00d7CDe0dc591fBa2AD5A8A22C45b4"
}
[2025-03-18T21:45:30.716Z] FRONTEND:AUTH - DEBUG: Auth Flow - Auth state updated
  Details: {
  "timestamp": "2025-03-18T21:45:30.715Z",
  "is_connected": true,
  "is_authenticated": false,
  "wallet_address": "0xA1E82F804D00d7CDe0dc591fBa2AD5A8A22C45b4",
  "is_authenticating": false,
  "initial_check_done": true,
  "needs_reauthentication": true,
  "last_authenticated_address": null
}
[2025-03-18T21:45:30.716Z] FRONTEND:CS2 - INFO: Rendering 5 products with enhanced staggered animation
  Details: {
  "productCount": 5,
  "productIds": [
    "cs2-awp-crakow-minimal-wear",
    "cs2-ak47-asiimov-factory-new",
    "cs2-m4a4-howl-field-tested",
    "cs2-deagle-printstream-minimal-wear",
    "cs2-butterfly-doppler-factory-new"
  ],
  "animationEnabled": true,
  "staggerType": "wave",
  "baseDelay": "35ms",
  "log_destination": "market",
  "timestamp": "2025-03-18T21:45:30.716Z"
}
[2025-03-18T21:45:30.728Z] FRONTEND:AUTH - DEBUG: Auth Flow - HeaderConnect Render
  Details: {
  "timestamp": "2025-03-18T21:45:30.728Z",
  "wallet_address": "0xA1E82F804D00d7CDe0dc591fBa2AD5A8A22C45b4",
  "is_connected": true,
  "is_authenticated": false,
  "is_authenticating": true
}
[2025-03-18T21:45:30.729Z] FRONTEND:AUTH - DEBUG: Auth Flow - HeaderConnect Render
  Details: {
  "timestamp": "2025-03-18T21:45:30.729Z",
  "wallet_address": "0xA1E82F804D00d7CDe0dc591fBa2AD5A8A22C45b4",
  "is_connected": true,
  "is_authenticated": false,
  "is_authenticating": true
}
[2025-03-18T21:45:30.747Z] FRONTEND:AUTH - DEBUG: Auth Flow - Auth state updated
  Details: {
  "timestamp": "2025-03-18T21:45:30.747Z",
  "is_connected": true,
  "is_authenticated": false,
  "wallet_address": "0xA1E82F804D00d7CDe0dc591fBa2AD5A8A22C45b4",
  "is_authenticating": true,
  "initial_check_done": true,
  "needs_reauthentication": true,
  "last_authenticated_address": null
}
[2025-03-18T21:45:30.751Z] FRONTEND:AUTH - DEBUG: Auth Flow - Auth state restoration failed - triggering authentication
  Details: {
  "timestamp": "2025-03-18T21:45:30.751Z",
  "address": "0xA1E82F804D00d7CDe0dc591fBa2AD5A8A22C45b4",
  "is_connected": true
}
[2025-03-18T21:45:30.752Z] FRONTEND:AUTH - DEBUG: Auth Flow - Token Retrieval
  Details: {
  "timestamp": "2025-03-18T21:45:30.752Z",
  "exists": false
}
[2025-03-18T21:45:30.752Z] FRONTEND:AUTH - DEBUG: Auth Flow - Token Retrieval
  Details: {
  "timestamp": "2025-03-18T21:45:30.752Z",
  "exists": false
}
[2025-03-18T21:45:30.776Z] FRONTEND:AUTH - DEBUG: Auth Flow - Authentication needed - not authenticated
  Details: {
  "timestamp": "2025-03-18T21:45:30.776Z",
  "address": "0xA1E82F804D00d7CDe0dc591fBa2AD5A8A22C45b4",
  "is_connected": true
}
[2025-03-18T21:45:30.777Z] FRONTEND:AUTH - DEBUG: Auth Flow - Authentication needed - not authenticated
  Details: {
  "timestamp": "2025-03-18T21:45:30.777Z",
  "address": "0xA1E82F804D00d7CDe0dc591fBa2AD5A8A22C45b4",
  "is_connected": true
}
[2025-03-18T21:45:30.777Z] FRONTEND:AUTH - DEBUG: Auth Flow - HeaderConnect Render
  Details: {
  "timestamp": "2025-03-18T21:45:30.777Z",
  "wallet_address": "0xA1E82F804D00d7CDe0dc591fBa2AD5A8A22C45b4",
  "is_connected": true,
  "is_authenticated": false,
  "is_authenticating": false
}
[2025-03-18T21:45:30.778Z] FRONTEND:AUTH - DEBUG: Auth Flow - HeaderConnect Render
  Details: {
  "timestamp": "2025-03-18T21:45:30.778Z",
  "wallet_address": "0xA1E82F804D00d7CDe0dc591fBa2AD5A8A22C45b4",
  "is_connected": true,
  "is_authenticated": false,
  "is_authenticating": false
}
[2025-03-18T21:45:30.821Z] FRONTEND:AUTH - DEBUG: Auth Flow - Auth Check
  Details: {
  "timestamp": "2025-03-18T21:45:30.821Z",
  "has_token": false,
  "has_user": false
}
[2025-03-18T21:45:30.821Z] FRONTEND:AUTH - DEBUG: Auth Flow - Starting authentication
  Details: {
  "timestamp": "2025-03-18T21:45:30.821Z",
  "wallet_address": "0xA1E82F804D00d7CDe0dc591fBa2AD5A8A22C45b4",
  "is_connected": true,
  "initial_check_done": true
}
[2025-03-18T21:45:30.822Z] FRONTEND:AUTH - DEBUG: Auth Flow - Request Signature
  Details: {
  "timestamp": "2025-03-18T21:45:30.822Z",
  "walletAddress": "0xA1E82F804D00d7CDe0dc591fBa2AD5A8A22C45b4"
}
[2025-03-18T21:45:30.822Z] FRONTEND:AUTH - DEBUG: Auth Flow - Auth state updated
  Details: {
  "timestamp": "2025-03-18T21:45:30.822Z",
  "is_connected": true,
  "is_authenticated": false,
  "wallet_address": "0xA1E82F804D00d7CDe0dc591fBa2AD5A8A22C45b4",
  "is_authenticating": false,
  "initial_check_done": true,
  "needs_reauthentication": true,
  "last_authenticated_address": null
}
[2025-03-18T21:45:30.823Z] FRONTEND:CS2 - INFO: Market navbar mounted with enhanced Skinport style and animations
  Details: {
  "categoriesCount": 4,
  "currentCategory": "none",
  "style": "text-only-enhanced-animated",
  "log_destination": "market",
  "timestamp": "2025-03-18T21:45:30.823Z"
}
[2025-03-18T21:45:30.823Z] FRONTEND:AUTH - DEBUG: Auth Flow - Starting authentication
  Details: {
  "timestamp": "2025-03-18T21:45:30.823Z",
  "wallet_address": "0xA1E82F804D00d7CDe0dc591fBa2AD5A8A22C45b4",
  "is_connected": true,
  "initial_check_done": true
}
[2025-03-18T21:45:30.824Z] FRONTEND:AUTH - DEBUG: Auth Flow - Request Signature
  Details: {
  "timestamp": "2025-03-18T21:45:30.824Z",
  "walletAddress": "0xA1E82F804D00d7CDe0dc591fBa2AD5A8A22C45b4"
}
[2025-03-18T21:45:30.824Z] FRONTEND:AUTH - DEBUG: Auth Flow - Auth state updated
  Details: {
  "timestamp": "2025-03-18T21:45:30.824Z",
  "is_connected": true,
  "is_authenticated": false,
  "wallet_address": "0xA1E82F804D00d7CDe0dc591fBa2AD5A8A22C45b4",
  "is_authenticating": false,
  "initial_check_done": true,
  "needs_reauthentication": true,
  "last_authenticated_address": null
}
[2025-03-18T21:45:30.833Z] FRONTEND:AUTH - DEBUG: Auth Flow - HeaderConnect Render
  Details: {
  "timestamp": "2025-03-18T21:45:30.833Z",
  "wallet_address": "0xA1E82F804D00d7CDe0dc591fBa2AD5A8A22C45b4",
  "is_connected": true,
  "is_authenticated": false,
  "is_authenticating": true
}
[2025-03-18T21:45:30.834Z] FRONTEND:AUTH - DEBUG: Auth Flow - HeaderConnect Render
  Details: {
  "timestamp": "2025-03-18T21:45:30.834Z",
  "wallet_address": "0xA1E82F804D00d7CDe0dc591fBa2AD5A8A22C45b4",
  "is_connected": true,
  "is_authenticated": false,
  "is_authenticating": true
}
[2025-03-18T21:45:30.842Z] FRONTEND:AUTH - DEBUG: Auth Flow - Auth state updated
  Details: {
  "timestamp": "2025-03-18T21:45:30.842Z",
  "is_connected": true,
  "is_authenticated": false,
  "wallet_address": "0xA1E82F804D00d7CDe0dc591fBa2AD5A8A22C45b4",
  "is_authenticating": true,
  "initial_check_done": true,
  "needs_reauthentication": true,
  "last_authenticated_address": null
}
[2025-03-18T21:45:30.843Z] FRONTEND:AUTH - DEBUG: Auth Flow - Auth state restoration failed - triggering authentication
  Details: {
  "timestamp": "2025-03-18T21:45:30.843Z",
  "address": "0xA1E82F804D00d7CDe0dc591fBa2AD5A8A22C45b4",
  "is_connected": true
}
[2025-03-18T21:45:30.843Z] FRONTEND:AUTH - DEBUG: Auth Flow - Token Retrieval
  Details: {
  "timestamp": "2025-03-18T21:45:30.843Z",
  "exists": false
}
[2025-03-18T21:45:30.843Z] FRONTEND:AUTH - DEBUG: Auth Flow - Token Retrieval
  Details: {
  "timestamp": "2025-03-18T21:45:30.843Z",
  "exists": false
}
[2025-03-18T21:45:30.856Z] FRONTEND:AUTH - DEBUG: Auth Flow - Signature Requested
  Details: {
  "timestamp": "2025-03-18T21:45:30.856Z",
  "nonce": "dabf02050d74e601bbcdee689b3ae1e387b704be7f6b78ab80d8f1bb87719b3e"
}
[2025-03-18T21:45:30.857Z] FRONTEND:AUTH - DEBUG: Auth Flow - Signature Requested
  Details: {
  "timestamp": "2025-03-18T21:45:30.857Z",
  "nonce": "66277967f1480aa6719c6f0efe8dc4eec205744d3af16ed937f98d9cfaf0ec51"
}
[2025-03-18T21:45:30.916Z] FRONTEND:AUTH - DEBUG: Auth Flow - Signature Requested
  Details: {
  "timestamp": "2025-03-18T21:45:30.916Z",
  "nonce": "71f16a3ce48df38db3f48f56da7225f62643463ae5f6c3e7952bace69cc346ce"
}
[2025-03-18T21:45:30.917Z] FRONTEND:AUTH - DEBUG: Auth Flow - Signature Requested
  Details: {
  "timestamp": "2025-03-18T21:45:30.917Z",
  "nonce": "cf4d1deabca83b403826ac8db3febc0284d845c597a8806cc93c08fb069b082f"
}
[2025-03-18T21:45:30.983Z] FRONTEND:AUTH - DEBUG: Auth Flow - HeaderConnect Render
  Details: {
  "timestamp": "2025-03-18T21:45:30.983Z",
  "wallet_address": "0xA1E82F804D00d7CDe0dc591fBa2AD5A8A22C45b4",
  "is_connected": true,
  "is_authenticated": false,
  "is_authenticating": true
}
[2025-03-18T21:45:30.984Z] FRONTEND:AUTH - DEBUG: Auth Flow - HeaderConnect Render
  Details: {
  "timestamp": "2025-03-18T21:45:30.984Z",
  "wallet_address": "0xA1E82F804D00d7CDe0dc591fBa2AD5A8A22C45b4",
  "is_connected": true,
  "is_authenticated": false,
  "is_authenticating": true
}
[2025-03-18T21:45:33.653Z] FRONTEND:AUTH - DEBUG: Auth Flow - Verify Signature
  Details: {
  "timestamp": "2025-03-18T21:45:33.653Z",
  "walletAddress": "0xA1E82F804D00d7CDe0dc591fBa2AD5A8A22C45b4",
  "nonce": "dabf02050d74e601bbcdee689b3ae1e387b704be7f6b78ab80d8f1bb87719b3e"
}
[2025-03-18T21:45:33.653Z] FRONTEND:AUTH - DEBUG: Auth Flow - Token Retrieval
  Details: {
  "timestamp": "2025-03-18T21:45:33.653Z",
  "exists": false
}
[2025-03-18T21:45:33.675Z] FRONTEND:AUTH - ERROR: Auth API Response Error
  Details: {
  "status": 500,
  "url": "/verify?nonce=dabf02050d74e601bbcdee689b3ae1e387b704be7f6b78ab80d8f1bb87719b3e",
  "method": "post",
  "has_retry": false
}
[2025-03-18T21:45:33.676Z] FRONTEND:AUTH - ERROR: Auth Error - Verify Signature
  Details: {
  "timestamp": "2025-03-18T21:45:33.676Z",
  "error": "Request failed with status code 500",
  "code": "ERR_BAD_RESPONSE",
  "stack": "AxiosError: Request failed with status code 500\n    at settle (webpack-internal:///(app-pages-browser)/./node_modules/axios/lib/core/settle.js:24:12)\n    at XMLHttpRequest.onloadend (webpack-internal:///(app-pages-browser)/./node_modules/axios/lib/adapters/xhr.js:73:66)\n    at Axios.request (webpack-internal:///(app-pages-browser)/./node_modules/axios/lib/core/Axios.js:57:41)\n    at async verifySignature (webpack-internal:///(app-pages-browser)/./src/api/auth.ts:130:26)\n    at async useWalletAuth.useCallback[authenticate] (webpack-internal:///(app-pages-browser)/./src/hooks/useWalletAuth.ts:128:40)"
}
[2025-03-18T21:45:33.677Z] FRONTEND:AUTH - ERROR: Auth Error - Authentication failed
  Details: {
  "timestamp": "2025-03-18T21:45:33.677Z",
  "error": "Request failed with status code 500",
  "code": "ERR_BAD_RESPONSE",
  "stack": "AxiosError: Request failed with status code 500\n    at settle (webpack-internal:///(app-pages-browser)/./node_modules/axios/lib/core/settle.js:24:12)\n    at XMLHttpRequest.onloadend (webpack-internal:///(app-pages-browser)/./node_modules/axios/lib/adapters/xhr.js:73:66)\n    at Axios.request (webpack-internal:///(app-pages-browser)/./node_modules/axios/lib/core/Axios.js:57:41)\n    at async verifySignature (webpack-internal:///(app-pages-browser)/./src/api/auth.ts:130:26)\n    at async useWalletAuth.useCallback[authenticate] (webpack-internal:///(app-pages-browser)/./src/hooks/useWalletAuth.ts:128:40)"
}
[2025-03-18T21:45:33.677Z] FRONTEND:AUTH - DEBUG: Auth Flow - Logout
  Details: {
  "timestamp": "2025-03-18T21:45:33.677Z"
}
[2025-03-18T21:45:33.680Z] FRONTEND:AUTH - DEBUG: Auth Flow - HeaderConnect Render
  Details: {
  "timestamp": "2025-03-18T21:45:33.679Z",
  "wallet_address": "0xA1E82F804D00d7CDe0dc591fBa2AD5A8A22C45b4",
  "is_connected": true,
  "is_authenticated": false,
  "is_authenticating": true
}
[2025-03-18T21:45:33.680Z] FRONTEND:AUTH - DEBUG: Auth Flow - HeaderConnect Render
  Details: {
  "timestamp": "2025-03-18T21:45:33.680Z",
  "wallet_address": "0xA1E82F804D00d7CDe0dc591fBa2AD5A8A22C45b4",
  "is_connected": true,
  "is_authenticated": false,
  "is_authenticating": true
}
[2025-03-18T21:45:33.966Z] FRONTEND:AUTH - DEBUG: Auth Flow - Verify Signature
  Details: {
  "timestamp": "2025-03-18T21:45:33.966Z",
  "walletAddress": "0xA1E82F804D00d7CDe0dc591fBa2AD5A8A22C45b4",
  "nonce": "66277967f1480aa6719c6f0efe8dc4eec205744d3af16ed937f98d9cfaf0ec51"
}
[2025-03-18T21:45:33.966Z] FRONTEND:AUTH - DEBUG: Auth Flow - Token Retrieval
  Details: {
  "timestamp": "2025-03-18T21:45:33.966Z",
  "exists": false
}
[2025-03-18T21:45:33.988Z] FRONTEND:AUTH - ERROR: Auth API Response Error
  Details: {
  "status": 500,
  "url": "/verify?nonce=66277967f1480aa6719c6f0efe8dc4eec205744d3af16ed937f98d9cfaf0ec51",
  "method": "post",
  "has_retry": false
}
[2025-03-18T21:45:33.990Z] FRONTEND:AUTH - ERROR: Auth Error - Verify Signature
  Details: {
  "timestamp": "2025-03-18T21:45:33.990Z",
  "error": "Request failed with status code 500",
  "code": "ERR_BAD_RESPONSE",
  "stack": "AxiosError: Request failed with status code 500\n    at settle (webpack-internal:///(app-pages-browser)/./node_modules/axios/lib/core/settle.js:24:12)\n    at XMLHttpRequest.onloadend (webpack-internal:///(app-pages-browser)/./node_modules/axios/lib/adapters/xhr.js:73:66)\n    at Axios.request (webpack-internal:///(app-pages-browser)/./node_modules/axios/lib/core/Axios.js:57:41)\n    at async verifySignature (webpack-internal:///(app-pages-browser)/./src/api/auth.ts:130:26)\n    at async useWalletAuth.useCallback[authenticate] (webpack-internal:///(app-pages-browser)/./src/hooks/useWalletAuth.ts:128:40)"
}
[2025-03-18T21:45:33.991Z] FRONTEND:AUTH - ERROR: Auth Error - Authentication failed
  Details: {
  "timestamp": "2025-03-18T21:45:33.991Z",
  "error": "Request failed with status code 500",
  "code": "ERR_BAD_RESPONSE",
  "stack": "AxiosError: Request failed with status code 500\n    at settle (webpack-internal:///(app-pages-browser)/./node_modules/axios/lib/core/settle.js:24:12)\n    at XMLHttpRequest.onloadend (webpack-internal:///(app-pages-browser)/./node_modules/axios/lib/adapters/xhr.js:73:66)\n    at Axios.request (webpack-internal:///(app-pages-browser)/./node_modules/axios/lib/core/Axios.js:57:41)\n    at async verifySignature (webpack-internal:///(app-pages-browser)/./src/api/auth.ts:130:26)\n    at async useWalletAuth.useCallback[authenticate] (webpack-internal:///(app-pages-browser)/./src/hooks/useWalletAuth.ts:128:40)"
}
[2025-03-18T21:45:33.991Z] FRONTEND:AUTH - DEBUG: Auth Flow - Logout
  Details: {
  "timestamp": "2025-03-18T21:45:33.991Z"
}
[2025-03-18T21:45:33.993Z] FRONTEND:AUTH - DEBUG: Auth Flow - HeaderConnect Render
  Details: {
  "timestamp": "2025-03-18T21:45:33.993Z",
  "wallet_address": "0xA1E82F804D00d7CDe0dc591fBa2AD5A8A22C45b4",
  "is_connected": true,
  "is_authenticated": false,
  "is_authenticating": true
}
[2025-03-18T21:45:33.994Z] FRONTEND:AUTH - DEBUG: Auth Flow - HeaderConnect Render
  Details: {
  "timestamp": "2025-03-18T21:45:33.994Z",
  "wallet_address": "0xA1E82F804D00d7CDe0dc591fBa2AD5A8A22C45b4",
  "is_connected": true,
  "is_authenticated": false,
  "is_authenticating": true
}
[2025-03-18T21:45:34.395Z] FRONTEND:AUTH - DEBUG: Auth Flow - Verify Signature
  Details: {
  "timestamp": "2025-03-18T21:45:34.395Z",
  "walletAddress": "0xA1E82F804D00d7CDe0dc591fBa2AD5A8A22C45b4",
  "nonce": "71f16a3ce48df38db3f48f56da7225f62643463ae5f6c3e7952bace69cc346ce"
}
[2025-03-18T21:45:34.395Z] FRONTEND:AUTH - DEBUG: Auth Flow - Token Retrieval
  Details: {
  "timestamp": "2025-03-18T21:45:34.395Z",
  "exists": false
}
[2025-03-18T21:45:34.409Z] FRONTEND:AUTH - ERROR: Auth API Response Error
  Details: {
  "status": 500,
  "url": "/verify?nonce=71f16a3ce48df38db3f48f56da7225f62643463ae5f6c3e7952bace69cc346ce",
  "method": "post",
  "has_retry": false
}
[2025-03-18T21:45:34.410Z] FRONTEND:AUTH - ERROR: Auth Error - Verify Signature
  Details: {
  "timestamp": "2025-03-18T21:45:34.410Z",
  "error": "Request failed with status code 500",
  "code": "ERR_BAD_RESPONSE",
  "stack": "AxiosError: Request failed with status code 500\n    at settle (webpack-internal:///(app-pages-browser)/./node_modules/axios/lib/core/settle.js:24:12)\n    at XMLHttpRequest.onloadend (webpack-internal:///(app-pages-browser)/./node_modules/axios/lib/adapters/xhr.js:73:66)\n    at Axios.request (webpack-internal:///(app-pages-browser)/./node_modules/axios/lib/core/Axios.js:57:41)\n    at async verifySignature (webpack-internal:///(app-pages-browser)/./src/api/auth.ts:130:26)\n    at async useWalletAuth.useCallback[authenticate] (webpack-internal:///(app-pages-browser)/./src/hooks/useWalletAuth.ts:128:40)"
}
[2025-03-18T21:45:34.412Z] FRONTEND:AUTH - ERROR: Auth Error - Authentication failed
  Details: {
  "timestamp": "2025-03-18T21:45:34.412Z",
  "error": "Request failed with status code 500",
  "code": "ERR_BAD_RESPONSE",
  "stack": "AxiosError: Request failed with status code 500\n    at settle (webpack-internal:///(app-pages-browser)/./node_modules/axios/lib/core/settle.js:24:12)\n    at XMLHttpRequest.onloadend (webpack-internal:///(app-pages-browser)/./node_modules/axios/lib/adapters/xhr.js:73:66)\n    at Axios.request (webpack-internal:///(app-pages-browser)/./node_modules/axios/lib/core/Axios.js:57:41)\n    at async verifySignature (webpack-internal:///(app-pages-browser)/./src/api/auth.ts:130:26)\n    at async useWalletAuth.useCallback[authenticate] (webpack-internal:///(app-pages-browser)/./src/hooks/useWalletAuth.ts:128:40)"
}
[2025-03-18T21:45:34.412Z] FRONTEND:AUTH - DEBUG: Auth Flow - Logout
  Details: {
  "timestamp": "2025-03-18T21:45:34.412Z"
}
[2025-03-18T21:45:34.414Z] FRONTEND:AUTH - DEBUG: Auth Flow - HeaderConnect Render
  Details: {
  "timestamp": "2025-03-18T21:45:34.414Z",
  "wallet_address": "0xA1E82F804D00d7CDe0dc591fBa2AD5A8A22C45b4",
  "is_connected": true,
  "is_authenticated": false,
  "is_authenticating": false
}
[2025-03-18T21:45:34.415Z] FRONTEND:AUTH - DEBUG: Auth Flow - HeaderConnect Render
  Details: {
  "timestamp": "2025-03-18T21:45:34.415Z",
  "wallet_address": "0xA1E82F804D00d7CDe0dc591fBa2AD5A8A22C45b4",
  "is_connected": true,
  "is_authenticated": false,
  "is_authenticating": false
}
[2025-03-18T21:45:34.440Z] FRONTEND:AUTH - DEBUG: Auth Flow - Auth state updated
  Details: {
  "timestamp": "2025-03-18T21:45:34.440Z",
  "is_connected": true,
  "is_authenticated": false,
  "wallet_address": "0xA1E82F804D00d7CDe0dc591fBa2AD5A8A22C45b4",
  "is_authenticating": false,
  "initial_check_done": true,
  "needs_reauthentication": true,
  "last_authenticated_address": null
}
[2025-03-18T21:45:34.943Z] FRONTEND:AUTH - DEBUG: Auth Flow - Verify Signature
  Details: {
  "timestamp": "2025-03-18T21:45:34.943Z",
  "walletAddress": "0xA1E82F804D00d7CDe0dc591fBa2AD5A8A22C45b4",
  "nonce": "cf4d1deabca83b403826ac8db3febc0284d845c597a8806cc93c08fb069b082f"
}
[2025-03-18T21:45:34.944Z] FRONTEND:AUTH - DEBUG: Auth Flow - Token Retrieval
  Details: {
  "timestamp": "2025-03-18T21:45:34.944Z",
  "exists": false
}
[2025-03-18T21:45:34.944Z] FRONTEND:AUTH - DEBUG: Auth Flow - HeaderConnect Render
  Details: {
  "timestamp": "2025-03-18T21:45:34.944Z",
  "wallet_address": "0xA1E82F804D00d7CDe0dc591fBa2AD5A8A22C45b4",
  "is_connected": true,
  "is_authenticated": false,
  "is_authenticating": false
}
[2025-03-18T21:45:34.945Z] FRONTEND:AUTH - DEBUG: Auth Flow - HeaderConnect Render
  Details: {
  "timestamp": "2025-03-18T21:45:34.945Z",
  "wallet_address": "0xA1E82F804D00d7CDe0dc591fBa2AD5A8A22C45b4",
  "is_connected": true,
  "is_authenticated": false,
  "is_authenticating": false
}
[2025-03-18T21:45:35.089Z] FRONTEND:AUTH - INFO: Token Operation - store
  Details: {
  "timestamp": "2025-03-18T21:45:35.089Z",
  "success": true
}
[2025-03-18T21:45:35.089Z] FRONTEND:AUTH - DEBUG: Auth Flow - Signature Verified
  Details: {
  "timestamp": "2025-03-18T21:45:35.089Z",
  "success": true
}
[2025-03-18T21:45:35.089Z] FRONTEND:AUTH - DEBUG: Auth Flow - Login
  Details: {
  "timestamp": "2025-03-18T21:45:35.089Z",
  "wallet_address": "0xA1E82F804D00d7CDe0dc591fBa2AD5A8A22C45b4",
  "token_length": 188
}
[2025-03-18T21:45:35.090Z] FRONTEND:AUTH - DEBUG: Auth Flow - Authentication successful
  Details: {
  "timestamp": "2025-03-18T21:45:35.090Z",
  "wallet_address": "0xA1E82F804D00d7CDe0dc591fBa2AD5A8A22C45b4"
}
[2025-03-18T21:45:35.090Z] FRONTEND:AUTH - DEBUG: Auth Flow - HeaderConnect Render
  Details: {
  "timestamp": "2025-03-18T21:45:35.090Z",
  "wallet_address": "0xA1E82F804D00d7CDe0dc591fBa2AD5A8A22C45b4",
  "is_connected": true,
  "is_authenticated": true,
  "is_authenticating": false
}
[2025-03-18T21:45:35.091Z] FRONTEND:AUTH - DEBUG: Auth Flow - HeaderConnect Render
  Details: {
  "timestamp": "2025-03-18T21:45:35.091Z",
  "wallet_address": "0xA1E82F804D00d7CDe0dc591fBa2AD5A8A22C45b4",
  "is_connected": true,
  "is_authenticated": true,
  "is_authenticating": false
}
[2025-03-18T21:45:35.093Z] FRONTEND:AUTH - DEBUG: Auth Flow - Auth state updated
  Details: {
  "timestamp": "2025-03-18T21:45:35.093Z",
  "is_connected": true,
  "is_authenticated": true,
  "wallet_address": "0xA1E82F804D00d7CDe0dc591fBa2AD5A8A22C45b4",
  "auth_wallet_address": "0xA1E82F804D00d7CDe0dc591fBa2AD5A8A22C45b4",
  "is_authenticating": false,
  "initial_check_done": true,
  "needs_reauthentication": false,
  "last_authenticated_address": "0xA1E82F804D00d7CDe0dc591fBa2AD5A8A22C45b4"
}
[2025-03-18T21:45:37.830Z] FRONTEND:AUTH - DEBUG: Auth Flow - HeaderConnect Render
  Details: {
  "timestamp": "2025-03-18T21:45:37.830Z",
  "is_connected": false,
  "is_authenticated": true,
  "is_authenticating": false
}
[2025-03-18T21:45:37.831Z] FRONTEND:AUTH - DEBUG: Auth Flow - HeaderConnect Render
  Details: {
  "timestamp": "2025-03-18T21:45:37.831Z",
  "is_connected": false,
  "is_authenticated": true,
  "is_authenticating": false
}
[2025-03-18T21:45:37.834Z] FRONTEND:AUTH - DEBUG: Auth Flow - HeaderConnect Render
  Details: {
  "timestamp": "2025-03-18T21:45:37.834Z",
  "is_connected": false,
  "is_authenticated": false,
  "is_authenticating": false
}
[2025-03-18T21:45:37.836Z] FRONTEND:AUTH - DEBUG: Auth Flow - Auth state updated
  Details: {
  "timestamp": "2025-03-18T21:45:37.836Z",
  "is_connected": false,
  "is_authenticated": true,
  "auth_wallet_address": "0xA1E82F804D00d7CDe0dc591fBa2AD5A8A22C45b4",
  "is_authenticating": false,
  "initial_check_done": false,
  "needs_reauthentication": false,
  "last_authenticated_address": null
}
[2025-03-18T21:45:37.837Z] FRONTEND:AUTH - DEBUG: Auth Flow - HeaderConnect - Wallet Disconnected while Authenticated
  Details: {
  "timestamp": "2025-03-18T21:45:37.837Z"
}
[2025-03-18T21:45:37.837Z] FRONTEND:AUTH - DEBUG: Auth Flow - Logout
  Details: {
  "timestamp": "2025-03-18T21:45:37.837Z",
  "wallet_address": "0xA1E82F804D00d7CDe0dc591fBa2AD5A8A22C45b4"
}
[2025-03-18T21:45:37.836Z] FRONTEND:AUTH - DEBUG: Auth Flow - HeaderConnect Render
  Details: {
  "timestamp": "2025-03-18T21:45:37.836Z",
  "is_connected": false,
  "is_authenticated": false,
  "is_authenticating": false
}
[2025-03-18T21:45:37.847Z] FRONTEND:AUTH - DEBUG: Auth Flow - HeaderConnect Render
  Details: {
  "timestamp": "2025-03-18T21:45:37.847Z",
  "is_connected": false,
  "is_authenticated": false,
  "is_authenticating": false
}
[2025-03-18T21:45:37.849Z] FRONTEND:AUTH - DEBUG: Auth Flow - Auth state updated
  Details: {
  "timestamp": "2025-03-18T21:45:37.849Z",
  "is_connected": false,
  "is_authenticated": false,
  "is_authenticating": false,
  "initial_check_done": false,
  "needs_reauthentication": false,
  "last_authenticated_address": null
}
[2025-03-18T21:45:37.847Z] FRONTEND:AUTH - DEBUG: Auth Flow - HeaderConnect Render
  Details: {
  "timestamp": "2025-03-18T21:45:37.847Z",
  "is_connected": false,
  "is_authenticated": false,
  "is_authenticating": false
}
[2025-03-18T21:45:37.849Z] FRONTEND:AUTH - DEBUG: Auth Flow - Auth state updated
  Details: {
  "timestamp": "2025-03-18T21:45:37.849Z",
  "is_connected": false,
  "is_authenticated": false,
  "is_authenticating": false,
  "initial_check_done": false,
  "needs_reauthentication": false,
  "last_authenticated_address": null
}
[2025-03-18T21:45:49.888Z] FRONTEND:AUTH - DEBUG: Auth Flow - Authentication needed - not authenticated
  Details: {
  "timestamp": "2025-03-18T21:45:49.888Z",
  "address": "0xA1E82F804D00d7CDe0dc591fBa2AD5A8A22C45b4",
  "is_connected": true
}
[2025-03-18T21:45:49.889Z] FRONTEND:AUTH - DEBUG: Auth Flow - Authentication needed - not authenticated
  Details: {
  "timestamp": "2025-03-18T21:45:49.889Z",
  "address": "0xA1E82F804D00d7CDe0dc591fBa2AD5A8A22C45b4",
  "is_connected": true
}
[2025-03-18T21:45:49.889Z] FRONTEND:AUTH - DEBUG: Auth Flow - HeaderConnect Render
  Details: {
  "timestamp": "2025-03-18T21:45:49.889Z",
  "wallet_address": "0xA1E82F804D00d7CDe0dc591fBa2AD5A8A22C45b4",
  "is_connected": true,
  "is_authenticated": false,
  "is_authenticating": false
}
[2025-03-18T21:45:49.890Z] FRONTEND:AUTH - DEBUG: Auth Flow - HeaderConnect Render
  Details: {
  "timestamp": "2025-03-18T21:45:49.890Z",
  "wallet_address": "0xA1E82F804D00d7CDe0dc591fBa2AD5A8A22C45b4",
  "is_connected": true,
  "is_authenticated": false,
  "is_authenticating": false
}
[2025-03-18T21:45:49.891Z] FRONTEND:AUTH - DEBUG: Auth Flow - Authentication needed - not authenticated
  Details: {
  "timestamp": "2025-03-18T21:45:49.891Z",
  "address": "0xA1E82F804D00d7CDe0dc591fBa2AD5A8A22C45b4",
  "is_connected": true
}
[2025-03-18T21:45:49.892Z] FRONTEND:AUTH - DEBUG: Auth Flow - Authentication needed - not authenticated
  Details: {
  "timestamp": "2025-03-18T21:45:49.892Z",
  "address": "0xA1E82F804D00d7CDe0dc591fBa2AD5A8A22C45b4",
  "is_connected": true
}
[2025-03-18T21:45:49.893Z] FRONTEND:AUTH - DEBUG: Auth Flow - HeaderConnect Render
  Details: {
  "timestamp": "2025-03-18T21:45:49.893Z",
  "wallet_address": "0xA1E82F804D00d7CDe0dc591fBa2AD5A8A22C45b4",
  "is_connected": true,
  "is_authenticated": false,
  "is_authenticating": false
}
[2025-03-18T21:45:49.894Z] FRONTEND:AUTH - DEBUG: Auth Flow - HeaderConnect Render
  Details: {
  "timestamp": "2025-03-18T21:45:49.894Z",
  "wallet_address": "0xA1E82F804D00d7CDe0dc591fBa2AD5A8A22C45b4",
  "is_connected": true,
  "is_authenticated": false,
  "is_authenticating": false
}
[2025-03-18T21:45:49.899Z] FRONTEND:AUTH - DEBUG: Auth Flow - Auth Check
  Details: {
  "timestamp": "2025-03-18T21:45:49.899Z",
  "has_token": false,
  "has_user": false
}
[2025-03-18T21:45:49.899Z] FRONTEND:AUTH - DEBUG: Auth Flow - Starting authentication
  Details: {
  "timestamp": "2025-03-18T21:45:49.899Z",
  "wallet_address": "0xA1E82F804D00d7CDe0dc591fBa2AD5A8A22C45b4",
  "is_connected": true,
  "initial_check_done": true
}
[2025-03-18T21:45:49.926Z] FRONTEND:AUTH - DEBUG: Auth Flow - Auth Check
  Details: {
  "timestamp": "2025-03-18T21:45:49.926Z",
  "has_token": false,
  "has_user": false
}
[2025-03-18T21:45:49.927Z] FRONTEND:AUTH - DEBUG: Auth Flow - Starting authentication
  Details: {
  "timestamp": "2025-03-18T21:45:49.927Z",
  "wallet_address": "0xA1E82F804D00d7CDe0dc591fBa2AD5A8A22C45b4",
  "is_connected": true,
  "initial_check_done": true
}
[2025-03-18T21:45:49.900Z] FRONTEND:AUTH - DEBUG: Auth Flow - Request Signature
  Details: {
  "timestamp": "2025-03-18T21:45:49.900Z",
  "walletAddress": "0xA1E82F804D00d7CDe0dc591fBa2AD5A8A22C45b4"
}
[2025-03-18T21:45:49.901Z] FRONTEND:AUTH - DEBUG: Auth Flow - Auth state updated
  Details: {
  "timestamp": "2025-03-18T21:45:49.901Z",
  "is_connected": true,
  "is_authenticated": false,
  "wallet_address": "0xA1E82F804D00d7CDe0dc591fBa2AD5A8A22C45b4",
  "is_authenticating": false,
  "initial_check_done": true,
  "needs_reauthentication": true,
  "last_authenticated_address": null
}
[2025-03-18T21:45:49.914Z] FRONTEND:AUTH - DEBUG: Auth Flow - Auth state restoration failed - triggering authentication
  Details: {
  "timestamp": "2025-03-18T21:45:49.914Z",
  "address": "0xA1E82F804D00d7CDe0dc591fBa2AD5A8A22C45b4",
  "is_connected": true
}
[2025-03-18T21:45:49.914Z] FRONTEND:AUTH - DEBUG: Auth Flow - Token Retrieval
  Details: {
  "timestamp": "2025-03-18T21:45:49.914Z",
  "exists": false
}
[2025-03-18T21:45:49.927Z] FRONTEND:AUTH - DEBUG: Auth Flow - Request Signature
  Details: {
  "timestamp": "2025-03-18T21:45:49.927Z",
  "walletAddress": "0xA1E82F804D00d7CDe0dc591fBa2AD5A8A22C45b4"
}
[2025-03-18T21:45:49.932Z] FRONTEND:AUTH - DEBUG: Auth Flow - Auth state updated
  Details: {
  "timestamp": "2025-03-18T21:45:49.932Z",
  "is_connected": true,
  "is_authenticated": false,
  "wallet_address": "0xA1E82F804D00d7CDe0dc591fBa2AD5A8A22C45b4",
  "is_authenticating": false,
  "initial_check_done": true,
  "needs_reauthentication": true,
  "last_authenticated_address": null
}
[2025-03-18T21:45:49.915Z] FRONTEND:AUTH - DEBUG: Auth Flow - HeaderConnect Render
  Details: {
  "timestamp": "2025-03-18T21:45:49.915Z",
  "wallet_address": "0xA1E82F804D00d7CDe0dc591fBa2AD5A8A22C45b4",
  "is_connected": true,
  "is_authenticated": false,
  "is_authenticating": true
}
[2025-03-18T21:45:49.916Z] FRONTEND:AUTH - DEBUG: Auth Flow - HeaderConnect Render
  Details: {
  "timestamp": "2025-03-18T21:45:49.916Z",
  "wallet_address": "0xA1E82F804D00d7CDe0dc591fBa2AD5A8A22C45b4",
  "is_connected": true,
  "is_authenticated": false,
  "is_authenticating": true
}
[2025-03-18T21:45:49.928Z] FRONTEND:AUTH - DEBUG: Auth Flow - Auth state updated
  Details: {
  "timestamp": "2025-03-18T21:45:49.928Z",
  "is_connected": true,
  "is_authenticated": false,
  "wallet_address": "0xA1E82F804D00d7CDe0dc591fBa2AD5A8A22C45b4",
  "is_authenticating": true,
  "initial_check_done": true,
  "needs_reauthentication": true,
  "last_authenticated_address": null
}
[2025-03-18T21:45:50.107Z] FRONTEND:AUTH - DEBUG: Auth Flow - Auth state restoration failed - triggering authentication
  Details: {
  "timestamp": "2025-03-18T21:45:50.107Z",
  "address": "0xA1E82F804D00d7CDe0dc591fBa2AD5A8A22C45b4",
  "is_connected": true
}
[2025-03-18T21:45:50.109Z] FRONTEND:AUTH - DEBUG: Auth Flow - Token Retrieval
  Details: {
  "timestamp": "2025-03-18T21:45:50.109Z",
  "exists": false
}
[2025-03-18T21:45:50.114Z] FRONTEND:AUTH - DEBUG: Auth Flow - HeaderConnect Render
  Details: {
  "timestamp": "2025-03-18T21:45:50.114Z",
  "wallet_address": "0xA1E82F804D00d7CDe0dc591fBa2AD5A8A22C45b4",
  "is_connected": true,
  "is_authenticated": false,
  "is_authenticating": true
}
[2025-03-18T21:45:50.116Z] FRONTEND:AUTH - DEBUG: Auth Flow - HeaderConnect Render
  Details: {
  "timestamp": "2025-03-18T21:45:50.115Z",
  "wallet_address": "0xA1E82F804D00d7CDe0dc591fBa2AD5A8A22C45b4",
  "is_connected": true,
  "is_authenticated": false,
  "is_authenticating": true
}
[2025-03-18T21:45:49.930Z] FRONTEND:AUTH - DEBUG: Auth Flow - Signature Requested
  Details: {
  "timestamp": "2025-03-18T21:45:49.930Z",
  "nonce": "c40f380bae7248f459bea1dd10b50238de4998137e50fdc2f1be0ab506c1ec06"
}
[2025-03-18T21:45:49.932Z] FRONTEND:AUTH - DEBUG: Auth Flow - HeaderConnect Render
  Details: {
  "timestamp": "2025-03-18T21:45:49.932Z",
  "wallet_address": "0xA1E82F804D00d7CDe0dc591fBa2AD5A8A22C45b4",
  "is_connected": true,
  "is_authenticated": false,
  "is_authenticating": true
}
[2025-03-18T21:45:49.932Z] FRONTEND:AUTH - DEBUG: Auth Flow - HeaderConnect Render
  Details: {
  "timestamp": "2025-03-18T21:45:49.932Z",
  "wallet_address": "0xA1E82F804D00d7CDe0dc591fBa2AD5A8A22C45b4",
  "is_connected": true,
  "is_authenticated": false,
  "is_authenticating": true
}
[2025-03-18T21:45:50.136Z] FRONTEND:AUTH - DEBUG: Auth Flow - Signature Requested
  Details: {
  "timestamp": "2025-03-18T21:45:50.136Z",
  "nonce": "ead9a0b8ee15c684216f6aceece5b67f60a8059d933977f205048fb1b527314a"
}
[2025-03-18T21:45:50.139Z] FRONTEND:AUTH - DEBUG: Auth Flow - Auth state updated
  Details: {
  "timestamp": "2025-03-18T21:45:50.139Z",
  "is_connected": true,
  "is_authenticated": false,
  "wallet_address": "0xA1E82F804D00d7CDe0dc591fBa2AD5A8A22C45b4",
  "is_authenticating": true,
  "initial_check_done": true,
  "needs_reauthentication": true,
  "last_authenticated_address": null
}
[2025-03-18T21:45:50.140Z] FRONTEND:AUTH - DEBUG: Auth Flow - HeaderConnect Render
  Details: {
  "timestamp": "2025-03-18T21:45:50.140Z",
  "wallet_address": "0xA1E82F804D00d7CDe0dc591fBa2AD5A8A22C45b4",
  "is_connected": true,
  "is_authenticated": false,
  "is_authenticating": true
}
[2025-03-18T21:45:50.141Z] FRONTEND:AUTH - DEBUG: Auth Flow - HeaderConnect Render
  Details: {
  "timestamp": "2025-03-18T21:45:50.141Z",
  "wallet_address": "0xA1E82F804D00d7CDe0dc591fBa2AD5A8A22C45b4",
  "is_connected": true,
  "is_authenticated": false,
  "is_authenticating": true
}
[2025-03-18T21:45:51.574Z] FRONTEND:AUTH - DEBUG: Auth Flow - Verify Signature
  Details: {
  "timestamp": "2025-03-18T21:45:51.574Z",
  "walletAddress": "0xA1E82F804D00d7CDe0dc591fBa2AD5A8A22C45b4",
  "nonce": "c40f380bae7248f459bea1dd10b50238de4998137e50fdc2f1be0ab506c1ec06"
}
[2025-03-18T21:45:51.575Z] FRONTEND:AUTH - DEBUG: Auth Flow - Token Retrieval
  Details: {
  "timestamp": "2025-03-18T21:45:51.575Z",
  "exists": false
}
[2025-03-18T21:45:51.577Z] FRONTEND:AUTH - DEBUG: Auth Flow - HeaderConnect Render
  Details: {
  "timestamp": "2025-03-18T21:45:51.577Z",
  "wallet_address": "0xA1E82F804D00d7CDe0dc591fBa2AD5A8A22C45b4",
  "is_connected": true,
  "is_authenticated": false,
  "is_authenticating": true
}
[2025-03-18T21:45:51.578Z] FRONTEND:AUTH - DEBUG: Auth Flow - HeaderConnect Render
  Details: {
  "timestamp": "2025-03-18T21:45:51.578Z",
  "wallet_address": "0xA1E82F804D00d7CDe0dc591fBa2AD5A8A22C45b4",
  "is_connected": true,
  "is_authenticated": false,
  "is_authenticating": true
}
[2025-03-18T21:45:51.600Z] FRONTEND:AUTH - ERROR: Auth API Response Error
  Details: {
  "status": 500,
  "url": "/verify?nonce=c40f380bae7248f459bea1dd10b50238de4998137e50fdc2f1be0ab506c1ec06",
  "method": "post",
  "has_retry": false
}
[2025-03-18T21:45:51.602Z] FRONTEND:AUTH - ERROR: Auth Error - Verify Signature
  Details: {
  "timestamp": "2025-03-18T21:45:51.602Z",
  "error": "Request failed with status code 500",
  "code": "ERR_BAD_RESPONSE",
  "stack": "AxiosError: Request failed with status code 500\n    at settle (webpack-internal:///(app-pages-browser)/./node_modules/axios/lib/core/settle.js:24:12)\n    at XMLHttpRequest.onloadend (webpack-internal:///(app-pages-browser)/./node_modules/axios/lib/adapters/xhr.js:73:66)\n    at Axios.request (webpack-internal:///(app-pages-browser)/./node_modules/axios/lib/core/Axios.js:57:41)\n    at async verifySignature (webpack-internal:///(app-pages-browser)/./src/api/auth.ts:130:26)\n    at async useWalletAuth.useCallback[authenticate] (webpack-internal:///(app-pages-browser)/./src/hooks/useWalletAuth.ts:128:40)"
}
[2025-03-18T21:45:51.602Z] FRONTEND:AUTH - ERROR: Auth Error - Authentication failed
  Details: {
  "timestamp": "2025-03-18T21:45:51.602Z",
  "error": "Request failed with status code 500",
  "code": "ERR_BAD_RESPONSE",
  "stack": "AxiosError: Request failed with status code 500\n    at settle (webpack-internal:///(app-pages-browser)/./node_modules/axios/lib/core/settle.js:24:12)\n    at XMLHttpRequest.onloadend (webpack-internal:///(app-pages-browser)/./node_modules/axios/lib/adapters/xhr.js:73:66)\n    at Axios.request (webpack-internal:///(app-pages-browser)/./node_modules/axios/lib/core/Axios.js:57:41)\n    at async verifySignature (webpack-internal:///(app-pages-browser)/./src/api/auth.ts:130:26)\n    at async useWalletAuth.useCallback[authenticate] (webpack-internal:///(app-pages-browser)/./src/hooks/useWalletAuth.ts:128:40)"
}
[2025-03-18T21:45:51.603Z] FRONTEND:AUTH - DEBUG: Auth Flow - Logout
  Details: {
  "timestamp": "2025-03-18T21:45:51.603Z"
}
[2025-03-18T21:45:51.605Z] FRONTEND:AUTH - DEBUG: Auth Flow - HeaderConnect Render
  Details: {
  "timestamp": "2025-03-18T21:45:51.605Z",
  "wallet_address": "0xA1E82F804D00d7CDe0dc591fBa2AD5A8A22C45b4",
  "is_connected": true,
  "is_authenticated": false,
  "is_authenticating": false
}
[2025-03-18T21:45:51.606Z] FRONTEND:AUTH - DEBUG: Auth Flow - HeaderConnect Render
  Details: {
  "timestamp": "2025-03-18T21:45:51.606Z",
  "wallet_address": "0xA1E82F804D00d7CDe0dc591fBa2AD5A8A22C45b4",
  "is_connected": true,
  "is_authenticated": false,
  "is_authenticating": false
}
[2025-03-18T21:45:51.628Z] FRONTEND:AUTH - DEBUG: Auth Flow - Auth state updated
  Details: {
  "timestamp": "2025-03-18T21:45:51.628Z",
  "is_connected": true,
  "is_authenticated": false,
  "wallet_address": "0xA1E82F804D00d7CDe0dc591fBa2AD5A8A22C45b4",
  "is_authenticating": false,
  "initial_check_done": true,
  "needs_reauthentication": true,
  "last_authenticated_address": null
}
[2025-03-18T21:45:51.829Z] FRONTEND:AUTH - DEBUG: Auth Flow - Verify Signature
  Details: {
  "timestamp": "2025-03-18T21:45:51.829Z",
  "walletAddress": "0xA1E82F804D00d7CDe0dc591fBa2AD5A8A22C45b4",
  "nonce": "ead9a0b8ee15c684216f6aceece5b67f60a8059d933977f205048fb1b527314a"
}
[2025-03-18T21:45:51.829Z] FRONTEND:AUTH - DEBUG: Auth Flow - Token Retrieval
  Details: {
  "timestamp": "2025-03-18T21:45:51.829Z",
  "exists": false
}
[2025-03-18T21:45:51.831Z] FRONTEND:AUTH - DEBUG: Auth Flow - HeaderConnect Render
  Details: {
  "timestamp": "2025-03-18T21:45:51.831Z",
  "wallet_address": "0xA1E82F804D00d7CDe0dc591fBa2AD5A8A22C45b4",
  "is_connected": true,
  "is_authenticated": false,
  "is_authenticating": true
}
[2025-03-18T21:45:51.833Z] FRONTEND:AUTH - DEBUG: Auth Flow - HeaderConnect Render
  Details: {
  "timestamp": "2025-03-18T21:45:51.833Z",
  "wallet_address": "0xA1E82F804D00d7CDe0dc591fBa2AD5A8A22C45b4",
  "is_connected": true,
  "is_authenticated": false,
  "is_authenticating": true
}
[2025-03-18T21:45:51.889Z] FRONTEND:AUTH - INFO: Token Operation - store
  Details: {
  "timestamp": "2025-03-18T21:45:51.889Z",
  "success": true
}
[2025-03-18T21:45:51.890Z] FRONTEND:AUTH - DEBUG: Auth Flow - Signature Verified
  Details: {
  "timestamp": "2025-03-18T21:45:51.890Z",
  "success": true
}
[2025-03-18T21:45:51.892Z] FRONTEND:AUTH - DEBUG: Auth Flow - Login
  Details: {
  "timestamp": "2025-03-18T21:45:51.892Z",
  "wallet_address": "0xA1E82F804D00d7CDe0dc591fBa2AD5A8A22C45b4",
  "token_length": 188
}
[2025-03-18T21:45:51.893Z] FRONTEND:AUTH - DEBUG: Auth Flow - Authentication successful
  Details: {
  "timestamp": "2025-03-18T21:45:51.893Z",
  "wallet_address": "0xA1E82F804D00d7CDe0dc591fBa2AD5A8A22C45b4"
}
[2025-03-18T21:45:51.896Z] FRONTEND:AUTH - DEBUG: Auth Flow - HeaderConnect Render
  Details: {
  "timestamp": "2025-03-18T21:45:51.896Z",
  "wallet_address": "0xA1E82F804D00d7CDe0dc591fBa2AD5A8A22C45b4",
  "is_connected": true,
  "is_authenticated": true,
  "is_authenticating": false
}
[2025-03-18T21:45:51.897Z] FRONTEND:AUTH - DEBUG: Auth Flow - HeaderConnect Render
  Details: {
  "timestamp": "2025-03-18T21:45:51.897Z",
  "wallet_address": "0xA1E82F804D00d7CDe0dc591fBa2AD5A8A22C45b4",
  "is_connected": true,
  "is_authenticated": true,
  "is_authenticating": false
}
[2025-03-18T21:45:51.913Z] FRONTEND:AUTH - DEBUG: Auth Flow - Auth state updated
  Details: {
  "timestamp": "2025-03-18T21:45:51.913Z",
  "is_connected": true,
  "is_authenticated": true,
  "wallet_address": "0xA1E82F804D00d7CDe0dc591fBa2AD5A8A22C45b4",
  "auth_wallet_address": "0xA1E82F804D00d7CDe0dc591fBa2AD5A8A22C45b4",
  "is_authenticating": false,
  "initial_check_done": true,
  "needs_reauthentication": false,
  "last_authenticated_address": "0xA1E82F804D00d7CDe0dc591fBa2AD5A8A22C45b4"
}
[2025-03-18T21:46:40.885Z] FRONTEND:AUTH - DEBUG: Auth Flow - Initial Auth State Check
  Details: {
  "timestamp": "2025-03-18T21:46:40.885Z",
  "has_token": false,
  "has_user": false
}
[2025-03-18T21:46:54.877Z] FRONTEND:AUTH - DEBUG: Auth Flow - HeaderConnect Render
  Details: {
  "timestamp": "2025-03-18T21:46:54.877Z",
  "wallet_address": "0xA1E82F804D00d7CDe0dc591fBa2AD5A8A22C45b4",
  "is_connected": false,
  "is_authenticated": false,
  "is_authenticating": false
}
[2025-03-18T21:46:54.882Z] FRONTEND:AUTH - DEBUG: Auth Flow - HeaderConnect Render
  Details: {
  "timestamp": "2025-03-18T21:46:54.882Z",
  "wallet_address": "0xA1E82F804D00d7CDe0dc591fBa2AD5A8A22C45b4",
  "is_connected": false,
  "is_authenticated": false,
  "is_authenticating": false
}
[2025-03-18T21:47:03.250Z] FRONTEND:AUTH - DEBUG: Auth Flow - HeaderConnect Render
  Details: {
  "timestamp": "2025-03-18T21:47:03.250Z",
  "wallet_address": "0xA1E82F804D00d7CDe0dc591fBa2AD5A8A22C45b4",
  "is_connected": false,
  "is_authenticated": false,
  "is_authenticating": false
}
[2025-03-18T21:47:03.252Z] FRONTEND:AUTH - DEBUG: Auth Flow - HeaderConnect Render
  Details: {
  "timestamp": "2025-03-18T21:47:03.252Z",
  "wallet_address": "0xA1E82F804D00d7CDe0dc591fBa2AD5A8A22C45b4",
  "is_connected": false,
  "is_authenticated": false,
  "is_authenticating": false
}
[2025-03-18T21:47:03.925Z] FRONTEND:AUTH - DEBUG: Auth Flow - Auth state updated
  Details: {
  "timestamp": "2025-03-18T21:47:03.924Z",
  "is_connected": false,
  "is_authenticated": false,
  "wallet_address": "0xA1E82F804D00d7CDe0dc591fBa2AD5A8A22C45b4",
  "is_authenticating": false,
  "initial_check_done": false,
  "needs_reauthentication": false,
  "last_authenticated_address": null
}
[2025-03-18T21:47:03.972Z] FRONTEND:USER - INFO: Wallet readiness state updated
  Details: {
  "stable_connection": false,
  "has_valid_address": true,
  "is_ready": false,
  "wallet_address": "0xA1E82F804D00d7CDe0dc591fBa2AD5A8A22C45b4"
}
[2025-03-18T21:47:03.973Z] FRONTEND:USER - INFO: Wallet state updated
  Details: {
  "is_connected": false,
  "is_connecting": true,
  "is_disconnected": false,
  "status": "connecting",
  "chain_id": 137,
  "has_address": true,
  "is_authenticated": false,
  "has_auth_wallet": false,
  "has_effective_address": true,
  "is_using_auth_wallet": false
}
[2025-03-18T21:47:03.974Z] FRONTEND:USER - INFO: Wallet hook initialized
  Details: {
  "is_connected": false,
  "is_connecting": true,
  "is_disconnected": false,
  "status": "connecting",
  "chain_id": 137,
  "has_address": true,
  "is_authenticated": false,
  "has_auth_wallet": false
}
[2025-03-18T21:47:03.982Z] FRONTEND:USER - INFO: Wallet readiness state updated
  Details: {
  "stable_connection": false,
  "has_valid_address": true,
  "is_ready": false,
  "wallet_address": "0xA1E82F804D00d7CDe0dc591fBa2AD5A8A22C45b4"
}
[2025-03-18T21:47:03.984Z] FRONTEND:USER - INFO: Wallet state updated
  Details: {
  "is_connected": false,
  "is_connecting": true,
  "is_disconnected": false,
  "status": "connecting",
  "chain_id": 137,
  "has_address": true,
  "is_authenticated": false,
  "has_auth_wallet": false,
  "has_effective_address": true,
  "is_using_auth_wallet": false
}
[2025-03-18T21:47:03.985Z] FRONTEND:USER - INFO: Wallet hook initialized
  Details: {
  "is_connected": false,
  "is_connecting": true,
  "is_disconnected": false,
  "status": "connecting",
  "chain_id": 137,
  "has_address": true,
  "is_authenticated": false,
  "has_auth_wallet": false
}
[2025-03-18T21:47:04.030Z] FRONTEND:AUTH - DEBUG: Auth Flow - Auth state updated
  Details: {
  "timestamp": "2025-03-18T21:47:04.030Z",
  "is_connected": false,
  "is_authenticated": false,
  "wallet_address": "0xA1E82F804D00d7CDe0dc591fBa2AD5A8A22C45b4",
  "is_authenticating": false,
  "initial_check_done": false,
  "needs_reauthentication": false,
  "last_authenticated_address": null
}
[2025-03-18T21:47:04.032Z] FRONTEND:USER - INFO: Wallet readiness state updated
  Details: {
  "stable_connection": false,
  "has_valid_address": true,
  "is_ready": false,
  "wallet_address": "0xA1E82F804D00d7CDe0dc591fBa2AD5A8A22C45b4"
}
[2025-03-18T21:47:04.034Z] FRONTEND:USER - INFO: Wallet state updated
  Details: {
  "is_connected": false,
  "is_connecting": true,
  "is_disconnected": false,
  "status": "connecting",
  "chain_id": 137,
  "has_address": true,
  "is_authenticated": false,
  "has_auth_wallet": false,
  "has_effective_address": true,
  "is_using_auth_wallet": false
}
[2025-03-18T21:47:04.035Z] FRONTEND:USER - INFO: Wallet hook initialized
  Details: {
  "is_connected": false,
  "is_connecting": true,
  "is_disconnected": false,
  "status": "connecting",
  "chain_id": 137,
  "has_address": true,
  "is_authenticated": false,
  "has_auth_wallet": false
}
[2025-03-18T21:47:04.045Z] FRONTEND:USER - INFO: Wallet readiness state updated
  Details: {
  "stable_connection": false,
  "has_valid_address": true,
  "is_ready": false,
  "wallet_address": "0xA1E82F804D00d7CDe0dc591fBa2AD5A8A22C45b4"
}
[2025-03-18T21:47:04.046Z] FRONTEND:USER - INFO: Wallet state updated
  Details: {
  "is_connected": false,
  "is_connecting": true,
  "is_disconnected": false,
  "status": "connecting",
  "chain_id": 137,
  "has_address": true,
  "is_authenticated": false,
  "has_auth_wallet": false,
  "has_effective_address": true,
  "is_using_auth_wallet": false
}
[2025-03-18T21:47:04.059Z] FRONTEND:USER - INFO: Wallet hook initialized
  Details: {
  "is_connected": false,
  "is_connecting": true,
  "is_disconnected": false,
  "status": "connecting",
  "chain_id": 137,
  "has_address": true,
  "is_authenticated": false,
  "has_auth_wallet": false
}
[2025-03-18T21:47:05.155Z] FRONTEND:AUTH - DEBUG: Auth Flow - Authentication needed - not authenticated
  Details: {
  "timestamp": "2025-03-18T21:47:05.155Z",
  "address": "0xA1E82F804D00d7CDe0dc591fBa2AD5A8A22C45b4",
  "is_connected": true
}
[2025-03-18T21:47:05.156Z] FRONTEND:AUTH - DEBUG: Auth Flow - Authentication needed - not authenticated
  Details: {
  "timestamp": "2025-03-18T21:47:05.156Z",
  "address": "0xA1E82F804D00d7CDe0dc591fBa2AD5A8A22C45b4",
  "is_connected": true
}
[2025-03-18T21:47:05.156Z] FRONTEND:AUTH - DEBUG: Auth Flow - HeaderConnect Render
  Details: {
  "timestamp": "2025-03-18T21:47:05.156Z",
  "wallet_address": "0xA1E82F804D00d7CDe0dc591fBa2AD5A8A22C45b4",
  "is_connected": true,
  "is_authenticated": false,
  "is_authenticating": false
}
[2025-03-18T21:47:05.157Z] FRONTEND:AUTH - DEBUG: Auth Flow - HeaderConnect Render
  Details: {
  "timestamp": "2025-03-18T21:47:05.157Z",
  "wallet_address": "0xA1E82F804D00d7CDe0dc591fBa2AD5A8A22C45b4",
  "is_connected": true,
  "is_authenticated": false,
  "is_authenticating": false
}
[2025-03-18T21:47:05.222Z] FRONTEND:AUTH - DEBUG: Auth Flow - Auth Check
  Details: {
  "timestamp": "2025-03-18T21:47:05.222Z",
  "has_token": false,
  "has_user": false
}
[2025-03-18T21:47:05.223Z] FRONTEND:AUTH - DEBUG: Auth Flow - Starting authentication
  Details: {
  "timestamp": "2025-03-18T21:47:05.223Z",
  "wallet_address": "0xA1E82F804D00d7CDe0dc591fBa2AD5A8A22C45b4",
  "is_connected": true,
  "initial_check_done": true
}
[2025-03-18T21:47:05.224Z] FRONTEND:AUTH - DEBUG: Auth Flow - Request Signature
  Details: {
  "timestamp": "2025-03-18T21:47:05.224Z",
  "walletAddress": "0xA1E82F804D00d7CDe0dc591fBa2AD5A8A22C45b4"
}
[2025-03-18T21:47:05.225Z] FRONTEND:AUTH - DEBUG: Auth Flow - Auth state updated
  Details: {
  "timestamp": "2025-03-18T21:47:05.225Z",
  "is_connected": true,
  "is_authenticated": false,
  "wallet_address": "0xA1E82F804D00d7CDe0dc591fBa2AD5A8A22C45b4",
  "is_authenticating": false,
  "initial_check_done": true,
  "needs_reauthentication": true,
  "last_authenticated_address": null
}
[2025-03-18T21:47:05.226Z] FRONTEND:USER - INFO: Wallet readiness state updated
  Details: {
  "stable_connection": true,
  "has_valid_address": true,
  "is_ready": true,
  "wallet_address": "0xA1E82F804D00d7CDe0dc591fBa2AD5A8A22C45b4"
}
[2025-03-18T21:47:05.227Z] FRONTEND:USER - INFO: Wallet state updated
  Details: {
  "is_connected": true,
  "is_connecting": false,
  "is_disconnected": false,
  "status": "connected",
  "chain_id": 137,
  "has_address": true,
  "is_authenticated": false,
  "has_auth_wallet": false,
  "has_effective_address": true,
  "is_using_auth_wallet": false
}
[2025-03-18T21:47:05.228Z] FRONTEND:USER - INFO: Wallet readiness state updated
  Details: {
  "stable_connection": true,
  "has_valid_address": true,
  "is_ready": true,
  "wallet_address": "0xA1E82F804D00d7CDe0dc591fBa2AD5A8A22C45b4"
}
[2025-03-18T21:47:05.230Z] FRONTEND:USER - INFO: Wallet state updated
  Details: {
  "is_connected": true,
  "is_connecting": false,
  "is_disconnected": false,
  "status": "connected",
  "chain_id": 137,
  "has_address": true,
  "is_authenticated": false,
  "has_auth_wallet": false,
  "has_effective_address": true,
  "is_using_auth_wallet": false
}
[2025-03-18T21:47:05.238Z] FRONTEND:AUTH - DEBUG: Auth Flow - Token Retrieval
  Details: {
  "timestamp": "2025-03-18T21:47:05.238Z",
  "exists": false
}
[2025-03-18T21:47:05.237Z] FRONTEND:AUTH - DEBUG: Auth Flow - Auth state restoration failed - triggering authentication
  Details: {
  "timestamp": "2025-03-18T21:47:05.237Z",
  "address": "0xA1E82F804D00d7CDe0dc591fBa2AD5A8A22C45b4",
  "is_connected": true
}
[2025-03-18T21:47:05.244Z] FRONTEND:AUTH - DEBUG: Auth Flow - HeaderConnect Render
  Details: {
  "timestamp": "2025-03-18T21:47:05.244Z",
  "wallet_address": "0xA1E82F804D00d7CDe0dc591fBa2AD5A8A22C45b4",
  "is_connected": true,
  "is_authenticated": false,
  "is_authenticating": true
}
[2025-03-18T21:47:05.245Z] FRONTEND:AUTH - DEBUG: Auth Flow - HeaderConnect Render
  Details: {
  "timestamp": "2025-03-18T21:47:05.245Z",
  "wallet_address": "0xA1E82F804D00d7CDe0dc591fBa2AD5A8A22C45b4",
  "is_connected": true,
  "is_authenticated": false,
  "is_authenticating": true
}
[2025-03-18T21:47:05.573Z] FRONTEND:AUTH - DEBUG: Auth Flow - Signature Requested
  Details: {
  "timestamp": "2025-03-18T21:47:05.573Z",
  "nonce": "7bc32dcfd5dd39429c3eacff76ec3f7c204dafa8a276b41aabf78ff2d7254ea3"
}
[2025-03-18T21:47:05.577Z] FRONTEND:AUTH - DEBUG: Auth Flow - Auth state updated
  Details: {
  "timestamp": "2025-03-18T21:47:05.577Z",
  "is_connected": true,
  "is_authenticated": false,
  "wallet_address": "0xA1E82F804D00d7CDe0dc591fBa2AD5A8A22C45b4",
  "is_authenticating": true,
  "initial_check_done": true,
  "needs_reauthentication": true,
  "last_authenticated_address": null
}
[2025-03-18T21:47:05.579Z] FRONTEND:USER - INFO: Wallet readiness state updated
  Details: {
  "stable_connection": true,
  "has_valid_address": true,
  "is_ready": true,
  "wallet_address": "0xA1E82F804D00d7CDe0dc591fBa2AD5A8A22C45b4"
}
[2025-03-18T21:47:05.580Z] FRONTEND:USER - INFO: Wallet state updated
  Details: {
  "is_connected": true,
  "is_connecting": false,
  "is_disconnected": false,
  "status": "connected",
  "chain_id": 137,
  "has_address": true,
  "is_authenticated": false,
  "has_auth_wallet": false,
  "has_effective_address": true,
  "is_using_auth_wallet": false
}
[2025-03-18T21:47:05.581Z] FRONTEND:USER - INFO: Wallet hook initialized
  Details: {
  "is_connected": true,
  "is_connecting": false,
  "is_disconnected": false,
  "status": "connected",
  "chain_id": 137,
  "has_address": true,
  "is_authenticated": false,
  "has_auth_wallet": false
}
[2025-03-18T21:47:05.582Z] FRONTEND:AUTH - DEBUG: Auth Flow - Route Protection Check
  Details: {
  "timestamp": "2025-03-18T21:47:05.582Z",
  "is_authenticated": false,
  "has_token": false,
  "is_connected": true,
  "has_address": true
}
[2025-03-18T21:47:05.583Z] FRONTEND:AUTH - DEBUG: Auth Flow - Auth Check
  Details: {
  "timestamp": "2025-03-18T21:47:05.583Z",
  "has_token": false,
  "has_user": false
}
[2025-03-18T21:47:05.585Z] FRONTEND:USER - INFO: Wallet readiness state updated
  Details: {
  "stable_connection": true,
  "has_valid_address": true,
  "is_ready": true,
  "wallet_address": "0xA1E82F804D00d7CDe0dc591fBa2AD5A8A22C45b4"
}
[2025-03-18T21:47:05.585Z] FRONTEND:USER - INFO: Wallet state updated
  Details: {
  "is_connected": true,
  "is_connecting": false,
  "is_disconnected": false,
  "status": "connected",
  "chain_id": 137,
  "has_address": true,
  "is_authenticated": false,
  "has_auth_wallet": false,
  "has_effective_address": true,
  "is_using_auth_wallet": false
}
[2025-03-18T21:47:05.586Z] FRONTEND:USER - INFO: Wallet hook initialized
  Details: {
  "is_connected": true,
  "is_connecting": false,
  "is_disconnected": false,
  "status": "connected",
  "chain_id": 137,
  "has_address": true,
  "is_authenticated": false,
  "has_auth_wallet": false
}
[2025-03-18T21:47:05.587Z] FRONTEND:AUTH - DEBUG: Auth Flow - Route Protection Check
  Details: {
  "timestamp": "2025-03-18T21:47:05.587Z",
  "is_authenticated": false,
  "has_token": false,
  "is_connected": true,
  "has_address": true
}
[2025-03-18T21:47:05.587Z] FRONTEND:AUTH - DEBUG: Auth Flow - Auth Check
  Details: {
  "timestamp": "2025-03-18T21:47:05.587Z",
  "has_token": false,
  "has_user": false
}
[2025-03-18T21:47:05.591Z] FRONTEND:AUTH - DEBUG: Auth Flow - HeaderConnect Render
  Details: {
  "timestamp": "2025-03-18T21:47:05.591Z",
  "wallet_address": "0xA1E82F804D00d7CDe0dc591fBa2AD5A8A22C45b4",
  "is_connected": true,
  "is_authenticated": false,
  "is_authenticating": true
}
[2025-03-18T21:47:05.593Z] FRONTEND:AUTH - DEBUG: Auth Flow - HeaderConnect Render
  Details: {
  "timestamp": "2025-03-18T21:47:05.593Z",
  "wallet_address": "0xA1E82F804D00d7CDe0dc591fBa2AD5A8A22C45b4",
  "is_connected": true,
  "is_authenticated": false,
  "is_authenticating": true
}
[2025-03-18T21:47:05.627Z] FRONTEND:AUTH - DEBUG: Auth Flow - Route Protection Failed
  Details: {
  "timestamp": "2025-03-18T21:47:05.627Z",
  "reason": "Not authenticated",
  "redirect_to": "/"
}
[2025-03-18T21:47:05.632Z] FRONTEND:AUTH - DEBUG: Auth Flow - Route Protection Failed
  Details: {
  "timestamp": "2025-03-18T21:47:05.632Z",
  "reason": "Not authenticated",
  "redirect_to": "/"
}
[2025-03-18T21:47:06.367Z] FRONTEND:AUTH - DEBUG: Auth Flow - Authentication needed - not authenticated
  Details: {
  "timestamp": "2025-03-18T21:47:06.367Z",
  "address": "0xA1E82F804D00d7CDe0dc591fBa2AD5A8A22C45b4",
  "is_connected": true
}
[2025-03-18T21:47:06.368Z] FRONTEND:AUTH - DEBUG: Auth Flow - Authentication needed - not authenticated
  Details: {
  "timestamp": "2025-03-18T21:47:06.368Z",
  "address": "0xA1E82F804D00d7CDe0dc591fBa2AD5A8A22C45b4",
  "is_connected": true
}
[2025-03-18T21:47:06.369Z] FRONTEND:AUTH - DEBUG: Auth Flow - HeaderConnect Render
  Details: {
  "timestamp": "2025-03-18T21:47:06.369Z",
  "wallet_address": "0xA1E82F804D00d7CDe0dc591fBa2AD5A8A22C45b4",
  "is_connected": true,
  "is_authenticated": false,
  "is_authenticating": false
}
[2025-03-18T21:47:06.372Z] FRONTEND:AUTH - DEBUG: Auth Flow - HeaderConnect Render
  Details: {
  "timestamp": "2025-03-18T21:47:06.372Z",
  "wallet_address": "0xA1E82F804D00d7CDe0dc591fBa2AD5A8A22C45b4",
  "is_connected": true,
  "is_authenticated": false,
  "is_authenticating": false
}
[2025-03-18T21:47:09.117Z] FRONTEND:AUTH - DEBUG: Auth Flow - Auth Check
  Details: {
  "timestamp": "2025-03-18T21:47:09.117Z",
  "has_token": false,
  "has_user": false
}
[2025-03-18T21:47:09.118Z] FRONTEND:AUTH - DEBUG: Auth Flow - Starting authentication
  Details: {
  "timestamp": "2025-03-18T21:47:09.118Z",
  "wallet_address": "0xA1E82F804D00d7CDe0dc591fBa2AD5A8A22C45b4",
  "is_connected": true,
  "initial_check_done": true
}
[2025-03-18T21:47:09.118Z] FRONTEND:AUTH - DEBUG: Auth Flow - Request Signature
  Details: {
  "timestamp": "2025-03-18T21:47:09.118Z",
  "walletAddress": "0xA1E82F804D00d7CDe0dc591fBa2AD5A8A22C45b4"
}
[2025-03-18T21:47:09.119Z] FRONTEND:AUTH - DEBUG: Auth Flow - Auth state updated
  Details: {
  "timestamp": "2025-03-18T21:47:09.119Z",
  "is_connected": true,
  "is_authenticated": false,
  "wallet_address": "0xA1E82F804D00d7CDe0dc591fBa2AD5A8A22C45b4",
  "is_authenticating": false,
  "initial_check_done": true,
  "needs_reauthentication": true,
  "last_authenticated_address": null
}
[2025-03-18T21:47:09.151Z] FRONTEND:AUTH - DEBUG: Auth Flow - Starting authentication
  Details: {
  "timestamp": "2025-03-18T21:47:09.151Z",
  "wallet_address": "0xA1E82F804D00d7CDe0dc591fBa2AD5A8A22C45b4",
  "is_connected": true,
  "initial_check_done": true
}
[2025-03-18T21:47:09.152Z] FRONTEND:AUTH - DEBUG: Auth Flow - Request Signature
  Details: {
  "timestamp": "2025-03-18T21:47:09.152Z",
  "walletAddress": "0xA1E82F804D00d7CDe0dc591fBa2AD5A8A22C45b4"
}
[2025-03-18T21:47:09.153Z] FRONTEND:AUTH - DEBUG: Auth Flow - Auth state updated
  Details: {
  "timestamp": "2025-03-18T21:47:09.153Z",
  "is_connected": true,
  "is_authenticated": false,
  "wallet_address": "0xA1E82F804D00d7CDe0dc591fBa2AD5A8A22C45b4",
  "is_authenticating": false,
  "initial_check_done": true,
  "needs_reauthentication": true,
  "last_authenticated_address": null
}
[2025-03-18T21:47:09.207Z] FRONTEND:AUTH - DEBUG: Auth Flow - HeaderConnect Render
  Details: {
  "timestamp": "2025-03-18T21:47:09.207Z",
  "wallet_address": "0xA1E82F804D00d7CDe0dc591fBa2AD5A8A22C45b4",
  "is_connected": true,
  "is_authenticated": false,
  "is_authenticating": true
}
[2025-03-18T21:47:09.208Z] FRONTEND:AUTH - DEBUG: Auth Flow - HeaderConnect Render
  Details: {
  "timestamp": "2025-03-18T21:47:09.208Z",
  "wallet_address": "0xA1E82F804D00d7CDe0dc591fBa2AD5A8A22C45b4",
  "is_connected": true,
  "is_authenticated": false,
  "is_authenticating": true
}
[2025-03-18T21:47:09.278Z] FRONTEND:AUTH - DEBUG: Auth Flow - Auth state updated
  Details: {
  "timestamp": "2025-03-18T21:47:09.278Z",
  "is_connected": true,
  "is_authenticated": false,
  "wallet_address": "0xA1E82F804D00d7CDe0dc591fBa2AD5A8A22C45b4",
  "is_authenticating": true,
  "initial_check_done": true,
  "needs_reauthentication": true,
  "last_authenticated_address": null
}
[2025-03-18T21:47:09.304Z] FRONTEND:AUTH - DEBUG: Auth Flow - Auth state restoration failed - triggering authentication
  Details: {
  "timestamp": "2025-03-18T21:47:09.304Z",
  "address": "0xA1E82F804D00d7CDe0dc591fBa2AD5A8A22C45b4",
  "is_connected": true
}
[2025-03-18T21:47:09.304Z] FRONTEND:AUTH - DEBUG: Auth Flow - Token Retrieval
  Details: {
  "timestamp": "2025-03-18T21:47:09.304Z",
  "exists": false
}
[2025-03-18T21:47:09.305Z] FRONTEND:AUTH - DEBUG: Auth Flow - Token Retrieval
  Details: {
  "timestamp": "2025-03-18T21:47:09.305Z",
  "exists": false
}
[2025-03-18T21:47:09.378Z] FRONTEND:AUTH - DEBUG: Auth Flow - Signature Requested
  Details: {
  "timestamp": "2025-03-18T21:47:09.378Z",
  "nonce": "7249f09482bf521a095ea099a78e2670d1c11badb729066e76aeb88e7c0d8551"
}
[2025-03-18T21:47:09.380Z] FRONTEND:AUTH - DEBUG: Auth Flow - Signature Requested
  Details: {
  "timestamp": "2025-03-18T21:47:09.380Z",
  "nonce": "248d108946fc4aebd467a38748e2fac602a3a55a4f5c41745afa1e3e46effd63"
}
[2025-03-18T21:47:09.384Z] FRONTEND:AUTH - DEBUG: Auth Flow - HeaderConnect Render
  Details: {
  "timestamp": "2025-03-18T21:47:09.384Z",
  "wallet_address": "0xA1E82F804D00d7CDe0dc591fBa2AD5A8A22C45b4",
  "is_connected": true,
  "is_authenticated": false,
  "is_authenticating": true
}
[2025-03-18T21:47:09.385Z] FRONTEND:AUTH - DEBUG: Auth Flow - HeaderConnect Render
  Details: {
  "timestamp": "2025-03-18T21:47:09.385Z",
  "wallet_address": "0xA1E82F804D00d7CDe0dc591fBa2AD5A8A22C45b4",
  "is_connected": true,
  "is_authenticated": false,
  "is_authenticating": true
}
[2025-03-18T22:18:03.543Z] FRONTEND:AUTH - DEBUG: Auth Flow - Initial Auth State Check
  Details: {
  "timestamp": "2025-03-18T22:18:03.543Z",
  "has_token": true,
  "has_user": true
}
[2025-03-18T22:18:03.744Z] FRONTEND:AUTH - DEBUG: Auth Flow - HeaderConnect Render
  Details: {
  "timestamp": "2025-03-18T22:18:03.744Z",
  "is_connected": false,
  "is_authenticated": false,
  "is_authenticating": false
}
[2025-03-18T22:18:03.746Z] FRONTEND:AUTH - DEBUG: Auth Flow - HeaderConnect Render
  Details: {
  "timestamp": "2025-03-18T22:18:03.746Z",
  "is_connected": false,
  "is_authenticated": false,
  "is_authenticating": false
}
[2025-03-18T22:18:03.865Z] FRONTEND:AUTH - DEBUG: Auth Flow - HeaderConnect Render
  Details: {
  "timestamp": "2025-03-18T22:18:03.865Z",
  "is_connected": false,
  "is_authenticated": false,
  "is_authenticating": false
}
[2025-03-18T22:18:03.866Z] FRONTEND:AUTH - DEBUG: Auth Flow - HeaderConnect Render
  Details: {
  "timestamp": "2025-03-18T22:18:03.866Z",
  "is_connected": false,
  "is_authenticated": false,
  "is_authenticating": false
}
[2025-03-18T22:18:05.250Z] FRONTEND:AUTH - DEBUG: Auth Flow - Auth state updated
  Details: {
  "timestamp": "2025-03-18T22:18:05.250Z",
  "is_connected": false,
  "is_authenticated": false,
  "is_authenticating": false,
  "initial_check_done": false,
  "needs_reauthentication": false,
  "last_authenticated_address": null
}
[2025-03-18T22:18:05.314Z] FRONTEND:AUTH - DEBUG: Auth Flow - HeaderConnect Render
  Details: {
  "timestamp": "2025-03-18T22:18:05.314Z",
  "is_connected": false,
  "is_authenticated": false,
  "is_authenticating": false
}
[2025-03-18T22:18:05.422Z] FRONTEND:AUTH - DEBUG: Auth Flow - Auth state updated
  Details: {
  "timestamp": "2025-03-18T22:18:05.422Z",
  "is_connected": false,
  "is_authenticated": false,
  "is_authenticating": false,
  "initial_check_done": false,
  "needs_reauthentication": false,
  "last_authenticated_address": null
}
[2025-03-18T22:18:05.475Z] FRONTEND:AUTH - DEBUG: Auth Flow - HeaderConnect Render
  Details: {
  "timestamp": "2025-03-18T22:18:05.475Z",
  "is_connected": false,
  "is_authenticated": true,
  "is_authenticating": false
}
[2025-03-18T22:18:05.477Z] FRONTEND:AUTH - DEBUG: Auth Flow - HeaderConnect Render
  Details: {
  "timestamp": "2025-03-18T22:18:05.477Z",
  "is_connected": false,
  "is_authenticated": true,
  "is_authenticating": false
}
[2025-03-18T22:18:03.406Z] FRONTEND:AUTH - DEBUG: Auth Flow - Initial Auth State Check
  Details: {
  "timestamp": "2025-03-18T22:18:03.405Z",
  "has_token": false,
  "has_user": false
}
[2025-03-18T22:18:05.546Z] FRONTEND:AUTH - DEBUG: Auth Flow - HeaderConnect Render
  Details: {
  "timestamp": "2025-03-18T22:18:05.546Z",
  "is_connected": false,
  "is_authenticated": true,
  "is_authenticating": false
}
[2025-03-18T22:18:05.315Z] FRONTEND:AUTH - DEBUG: Auth Flow - HeaderConnect Render
  Details: {
  "timestamp": "2025-03-18T22:18:05.315Z",
  "is_connected": false,
  "is_authenticated": false,
  "is_authenticating": false
}
[2025-03-18T22:18:05.391Z] FRONTEND:AUTH - DEBUG: Auth Flow - HeaderConnect Render
  Details: {
  "timestamp": "2025-03-18T22:18:05.391Z",
  "is_connected": false,
  "is_authenticated": false,
  "is_authenticating": false
}
[2025-03-18T22:18:05.548Z] FRONTEND:AUTH - DEBUG: Auth Flow - HeaderConnect Render
  Details: {
  "timestamp": "2025-03-18T22:18:05.548Z",
  "is_connected": false,
  "is_authenticated": true,
  "is_authenticating": false
}
[2025-03-18T22:18:05.648Z] FRONTEND:AUTH - DEBUG: Auth Flow - HeaderConnect Render
  Details: {
  "timestamp": "2025-03-18T22:18:05.648Z",
  "is_connected": false,
  "is_authenticated": true,
  "is_authenticating": false
}
[2025-03-18T22:18:05.394Z] FRONTEND:AUTH - DEBUG: Auth Flow - HeaderConnect Render
  Details: {
  "timestamp": "2025-03-18T22:18:05.394Z",
  "is_connected": false,
  "is_authenticated": false,
  "is_authenticating": false
}
[2025-03-18T22:18:05.473Z] FRONTEND:AUTH - DEBUG: Auth Flow - HeaderConnect Render
  Details: {
  "timestamp": "2025-03-18T22:18:05.473Z",
  "is_connected": false,
  "is_authenticated": false,
  "is_authenticating": false
}
[2025-03-18T22:18:05.657Z] FRONTEND:AUTH - DEBUG: Auth Flow - HeaderConnect Render
  Details: {
  "timestamp": "2025-03-18T22:18:05.657Z",
  "is_connected": false,
  "is_authenticated": true,
  "is_authenticating": false
}
[2025-03-18T22:18:05.788Z] FRONTEND:AUTH - DEBUG: Auth Flow - Auth state updated
  Details: {
  "timestamp": "2025-03-18T22:18:05.788Z",
  "is_connected": false,
  "is_authenticated": true,
  "auth_wallet_address": "0xA1E82F804D00d7CDe0dc591fBa2AD5A8A22C45b4",
  "is_authenticating": false,
  "initial_check_done": false,
  "needs_reauthentication": false,
  "last_authenticated_address": null
}
[2025-03-18T22:18:05.788Z] FRONTEND:AUTH - DEBUG: Auth Flow - HeaderConnect - Wallet Disconnected while Authenticated
  Details: {
  "timestamp": "2025-03-18T22:18:05.788Z"
}
[2025-03-18T22:18:05.475Z] FRONTEND:AUTH - DEBUG: Auth Flow - HeaderConnect Render
  Details: {
  "timestamp": "2025-03-18T22:18:05.475Z",
  "is_connected": false,
  "is_authenticated": false,
  "is_authenticating": false
}
[2025-03-18T22:18:05.791Z] FRONTEND:AUTH - DEBUG: Auth Flow - Logout
  Details: {
  "timestamp": "2025-03-18T22:18:05.791Z",
  "wallet_address": "0xA1E82F804D00d7CDe0dc591fBa2AD5A8A22C45b4"
}
[2025-03-18T22:18:06.079Z] FRONTEND:AUTH - DEBUG: Auth Flow - HeaderConnect Render
  Details: {
  "timestamp": "2025-03-18T22:18:06.079Z",
  "is_connected": false,
  "is_authenticated": false,
  "is_authenticating": false
}
[2025-03-18T22:18:06.082Z] FRONTEND:AUTH - DEBUG: Auth Flow - HeaderConnect Render
  Details: {
  "timestamp": "2025-03-18T22:18:06.082Z",
  "is_connected": false,
  "is_authenticated": false,
  "is_authenticating": false
}
[2025-03-18T22:18:06.155Z] FRONTEND:AUTH - DEBUG: Auth Flow - Auth state updated
  Details: {
  "timestamp": "2025-03-18T22:18:06.155Z",
  "is_connected": false,
  "is_authenticated": false,
  "is_authenticating": false,
  "initial_check_done": false,
  "needs_reauthentication": false,
  "last_authenticated_address": null
}
[2025-03-18T22:23:47.123Z] FRONTEND:AUTH - DEBUG: Auth Flow - HeaderConnect Render
  Details: {
  "timestamp": "2025-03-18T22:23:47.123Z",
  "is_connected": false,
  "is_authenticated": false,
  "is_authenticating": false
}
[2025-03-18T22:23:47.270Z] FRONTEND:AUTH - DEBUG: Auth Flow - HeaderConnect Render
  Details: {
  "timestamp": "2025-03-18T22:23:47.270Z",
  "is_connected": false,
  "is_authenticated": false,
  "is_authenticating": false
}
[2025-03-18T22:23:47.125Z] FRONTEND:AUTH - DEBUG: Auth Flow - HeaderConnect Render
  Details: {
  "timestamp": "2025-03-18T22:23:47.125Z",
  "is_connected": false,
  "is_authenticated": false,
  "is_authenticating": false
}
[2025-03-18T22:23:47.271Z] FRONTEND:AUTH - DEBUG: Auth Flow - HeaderConnect Render
  Details: {
  "timestamp": "2025-03-18T22:23:47.271Z",
  "is_connected": false,
  "is_authenticated": false,
  "is_authenticating": false
}
[2025-03-18T22:24:00.942Z] FRONTEND:AUTH - DEBUG: Auth Flow - HeaderConnect Render
  Details: {
  "timestamp": "2025-03-18T22:24:00.942Z",
  "is_connected": false,
  "is_authenticated": false,
  "is_authenticating": false
}
[2025-03-18T22:24:00.949Z] FRONTEND:AUTH - DEBUG: Auth Flow - HeaderConnect Render
  Details: {
  "timestamp": "2025-03-18T22:24:00.949Z",
  "is_connected": false,
  "is_authenticated": false,
  "is_authenticating": false
}
[2025-03-18T22:24:01.199Z] FRONTEND:AUTH - DEBUG: Auth Flow - Auth state updated
  Details: {
  "timestamp": "2025-03-18T22:24:01.199Z",
  "is_connected": false,
  "is_authenticated": false,
  "is_authenticating": false,
  "initial_check_done": false,
  "needs_reauthentication": false,
  "last_authenticated_address": null
}
[2025-03-18T22:24:01.216Z] FRONTEND:USER - INFO: Wallet readiness state updated
  Details: {
  "stable_connection": false,
  "has_valid_address": false,
  "is_ready": false
}
[2025-03-18T22:24:01.217Z] FRONTEND:USER - INFO: Wallet state updated
  Details: {
  "is_connected": false,
  "is_connecting": false,
  "is_disconnected": true,
  "status": "disconnected",
  "chain_id": 137,
  "has_address": false,
  "is_authenticated": false,
  "has_auth_wallet": false,
  "has_effective_address": false,
  "is_using_auth_wallet": false
}
[2025-03-18T22:24:01.219Z] FRONTEND:USER - INFO: Wallet hook initialized
  Details: {
  "is_connected": false,
  "is_connecting": false,
  "is_disconnected": true,
  "status": "disconnected",
  "chain_id": 137,
  "has_address": false,
  "is_authenticated": false,
  "has_auth_wallet": false
}
[2025-03-18T22:24:01.222Z] FRONTEND:USER - INFO: Wallet readiness state updated
  Details: {
  "stable_connection": false,
  "has_valid_address": false,
  "is_ready": false
}
[2025-03-18T22:24:01.223Z] FRONTEND:USER - INFO: Wallet state updated
  Details: {
  "is_connected": false,
  "is_connecting": false,
  "is_disconnected": true,
  "status": "disconnected",
  "chain_id": 137,
  "has_address": false,
  "is_authenticated": false,
  "has_auth_wallet": false,
  "has_effective_address": false,
  "is_using_auth_wallet": false
}
[2025-03-18T22:24:01.225Z] FRONTEND:USER - INFO: Wallet hook initialized
  Details: {
  "is_connected": false,
  "is_connecting": false,
  "is_disconnected": true,
  "status": "disconnected",
  "chain_id": 137,
  "has_address": false,
  "is_authenticated": false,
  "has_auth_wallet": false
}
[2025-03-18T22:24:01.240Z] FRONTEND:AUTH - DEBUG: Auth Flow - Auth state updated
  Details: {
  "timestamp": "2025-03-18T22:24:01.240Z",
  "is_connected": false,
  "is_authenticated": false,
  "is_authenticating": false,
  "initial_check_done": false,
  "needs_reauthentication": false,
  "last_authenticated_address": null
}
[2025-03-18T22:24:01.243Z] FRONTEND:USER - INFO: Wallet readiness state updated
  Details: {
  "stable_connection": false,
  "has_valid_address": false,
  "is_ready": false
}
[2025-03-18T22:24:01.245Z] FRONTEND:USER - INFO: Wallet state updated
  Details: {
  "is_connected": false,
  "is_connecting": false,
  "is_disconnected": true,
  "status": "disconnected",
  "chain_id": 137,
  "has_address": false,
  "is_authenticated": false,
  "has_auth_wallet": false,
  "has_effective_address": false,
  "is_using_auth_wallet": false
}
[2025-03-18T22:24:01.248Z] FRONTEND:USER - INFO: Wallet hook initialized
  Details: {
  "is_connected": false,
  "is_connecting": false,
  "is_disconnected": true,
  "status": "disconnected",
  "chain_id": 137,
  "has_address": false,
  "is_authenticated": false,
  "has_auth_wallet": false
}
[2025-03-18T22:24:01.250Z] FRONTEND:USER - INFO: Wallet readiness state updated
  Details: {
  "stable_connection": false,
  "has_valid_address": false,
  "is_ready": false
}
[2025-03-18T22:24:01.255Z] FRONTEND:USER - INFO: Wallet state updated
  Details: {
  "is_connected": false,
  "is_connecting": false,
  "is_disconnected": true,
  "status": "disconnected",
  "chain_id": 137,
  "has_address": false,
  "is_authenticated": false,
  "has_auth_wallet": false,
  "has_effective_address": false,
  "is_using_auth_wallet": false
}
[2025-03-18T22:24:01.259Z] FRONTEND:USER - INFO: Wallet hook initialized
  Details: {
  "is_connected": false,
  "is_connecting": false,
  "is_disconnected": true,
  "status": "disconnected",
  "chain_id": 137,
  "has_address": false,
  "is_authenticated": false,
  "has_auth_wallet": false
}
[2025-03-18T22:24:07.918Z] FRONTEND:USER - INFO: Wallet readiness state updated
  Details: {
  "stable_connection": false,
  "has_valid_address": false,
  "is_ready": false
}
[2025-03-18T22:24:07.919Z] FRONTEND:USER - INFO: Wallet readiness state updated
  Details: {
  "stable_connection": false,
  "has_valid_address": false,
  "is_ready": false
}
[2025-03-18T22:24:12.833Z] FRONTEND:AUTH - DEBUG: Auth Flow - Authentication needed - not authenticated
  Details: {
  "timestamp": "2025-03-18T22:24:12.833Z",
  "address": "0xA1E82F804D00d7CDe0dc591fBa2AD5A8A22C45b4",
  "is_connected": true
}
[2025-03-18T22:24:12.835Z] FRONTEND:AUTH - DEBUG: Auth Flow - Authentication needed - not authenticated
  Details: {
  "timestamp": "2025-03-18T22:24:12.834Z",
  "address": "0xA1E82F804D00d7CDe0dc591fBa2AD5A8A22C45b4",
  "is_connected": true
}
[2025-03-18T22:24:12.835Z] FRONTEND:AUTH - DEBUG: Auth Flow - HeaderConnect Render
  Details: {
  "timestamp": "2025-03-18T22:24:12.835Z",
  "wallet_address": "0xA1E82F804D00d7CDe0dc591fBa2AD5A8A22C45b4",
  "is_connected": true,
  "is_authenticated": false,
  "is_authenticating": false
}
[2025-03-18T22:24:12.837Z] FRONTEND:AUTH - DEBUG: Auth Flow - HeaderConnect Render
  Details: {
  "timestamp": "2025-03-18T22:24:12.837Z",
  "wallet_address": "0xA1E82F804D00d7CDe0dc591fBa2AD5A8A22C45b4",
  "is_connected": true,
  "is_authenticated": false,
  "is_authenticating": false
}
[2025-03-18T22:24:12.890Z] FRONTEND:AUTH - DEBUG: Auth Flow - Auth state updated
  Details: {
  "timestamp": "2025-03-18T22:24:12.890Z",
  "is_connected": true,
  "is_authenticated": false,
  "wallet_address": "0xA1E82F804D00d7CDe0dc591fBa2AD5A8A22C45b4",
  "is_authenticating": false,
  "initial_check_done": true,
  "needs_reauthentication": true,
  "last_authenticated_address": null
}
[2025-03-18T22:24:12.888Z] FRONTEND:AUTH - DEBUG: Auth Flow - Request Signature
  Details: {
  "timestamp": "2025-03-18T22:24:12.888Z",
  "walletAddress": "0xA1E82F804D00d7CDe0dc591fBa2AD5A8A22C45b4"
}
[2025-03-18T22:24:12.884Z] FRONTEND:AUTH - DEBUG: Auth Flow - Auth Check
  Details: {
  "timestamp": "2025-03-18T22:24:12.884Z",
  "has_token": false,
  "has_user": false
}
[2025-03-18T22:24:12.887Z] FRONTEND:AUTH - DEBUG: Auth Flow - Starting authentication
  Details: {
  "timestamp": "2025-03-18T22:24:12.887Z",
  "wallet_address": "0xA1E82F804D00d7CDe0dc591fBa2AD5A8A22C45b4",
  "is_connected": true,
  "initial_check_done": true
}
[2025-03-18T22:24:13.101Z] FRONTEND:AUTH - DEBUG: Auth Flow - Auth state restoration failed - triggering authentication
  Details: {
  "timestamp": "2025-03-18T22:24:13.101Z",
  "address": "0xA1E82F804D00d7CDe0dc591fBa2AD5A8A22C45b4",
  "is_connected": true
}
[2025-03-18T22:24:13.102Z] FRONTEND:AUTH - DEBUG: Auth Flow - Token Retrieval
  Details: {
  "timestamp": "2025-03-18T22:24:13.102Z",
  "exists": false
}
[2025-03-18T22:24:13.107Z] FRONTEND:AUTH - DEBUG: Auth Flow - HeaderConnect Render
  Details: {
  "timestamp": "2025-03-18T22:24:13.107Z",
  "wallet_address": "0xA1E82F804D00d7CDe0dc591fBa2AD5A8A22C45b4",
  "is_connected": true,
  "is_authenticated": false,
  "is_authenticating": true
}
[2025-03-18T22:24:13.108Z] FRONTEND:AUTH - DEBUG: Auth Flow - HeaderConnect Render
  Details: {
  "timestamp": "2025-03-18T22:24:13.108Z",
  "wallet_address": "0xA1E82F804D00d7CDe0dc591fBa2AD5A8A22C45b4",
  "is_connected": true,
  "is_authenticated": false,
  "is_authenticating": true
}
[2025-03-18T22:24:13.122Z] FRONTEND:AUTH - DEBUG: Auth Flow - Auth state updated
  Details: {
  "timestamp": "2025-03-18T22:24:13.122Z",
  "is_connected": true,
  "is_authenticated": false,
  "wallet_address": "0xA1E82F804D00d7CDe0dc591fBa2AD5A8A22C45b4",
  "is_authenticating": true,
  "initial_check_done": true,
  "needs_reauthentication": true,
  "last_authenticated_address": null
}
[2025-03-18T22:24:13.147Z] FRONTEND:AUTH - DEBUG: Auth Flow - Signature Requested
  Details: {
  "timestamp": "2025-03-18T22:24:13.147Z",
  "nonce": "455d7ed62f5f161a31d629987a5fdec3c30abb2f4fd05c00d72c83a6a1959fd1"
}
[2025-03-18T22:24:13.151Z] FRONTEND:AUTH - DEBUG: Auth Flow - HeaderConnect Render
  Details: {
  "timestamp": "2025-03-18T22:24:13.151Z",
  "wallet_address": "0xA1E82F804D00d7CDe0dc591fBa2AD5A8A22C45b4",
  "is_connected": true,
  "is_authenticated": false,
  "is_authenticating": true
}
[2025-03-18T22:24:13.152Z] FRONTEND:AUTH - DEBUG: Auth Flow - HeaderConnect Render
  Details: {
  "timestamp": "2025-03-18T22:24:13.152Z",
  "wallet_address": "0xA1E82F804D00d7CDe0dc591fBa2AD5A8A22C45b4",
  "is_connected": true,
  "is_authenticated": false,
  "is_authenticating": true
}
[2025-03-18T22:24:14.122Z] FRONTEND:AUTH - DEBUG: Auth Flow - Authentication needed - not authenticated
  Details: {
  "timestamp": "2025-03-18T22:24:14.122Z",
  "address": "0xA1E82F804D00d7CDe0dc591fBa2AD5A8A22C45b4",
  "is_connected": true
}
[2025-03-18T22:24:14.122Z] FRONTEND:AUTH - DEBUG: Auth Flow - Authentication needed - not authenticated
  Details: {
  "timestamp": "2025-03-18T22:24:14.122Z",
  "address": "0xA1E82F804D00d7CDe0dc591fBa2AD5A8A22C45b4",
  "is_connected": true
}
[2025-03-18T22:24:14.122Z] FRONTEND:AUTH - DEBUG: Auth Flow - HeaderConnect Render
  Details: {
  "timestamp": "2025-03-18T22:24:14.122Z",
  "wallet_address": "0xA1E82F804D00d7CDe0dc591fBa2AD5A8A22C45b4",
  "is_connected": true,
  "is_authenticated": false,
  "is_authenticating": false
}
[2025-03-18T22:24:14.123Z] FRONTEND:AUTH - DEBUG: Auth Flow - HeaderConnect Render
  Details: {
  "timestamp": "2025-03-18T22:24:14.123Z",
  "wallet_address": "0xA1E82F804D00d7CDe0dc591fBa2AD5A8A22C45b4",
  "is_connected": true,
  "is_authenticated": false,
  "is_authenticating": false
}
[2025-03-18T22:24:14.146Z] FRONTEND:AUTH - DEBUG: Auth Flow - Auth Check
  Details: {
  "timestamp": "2025-03-18T22:24:14.146Z",
  "has_token": false,
  "has_user": false
}
[2025-03-18T22:24:14.147Z] FRONTEND:AUTH - DEBUG: Auth Flow - Starting authentication
  Details: {
  "timestamp": "2025-03-18T22:24:14.147Z",
  "wallet_address": "0xA1E82F804D00d7CDe0dc591fBa2AD5A8A22C45b4",
  "is_connected": true,
  "initial_check_done": true
}
[2025-03-18T22:24:14.147Z] FRONTEND:AUTH - DEBUG: Auth Flow - Request Signature
  Details: {
  "timestamp": "2025-03-18T22:24:14.147Z",
  "walletAddress": "0xA1E82F804D00d7CDe0dc591fBa2AD5A8A22C45b4"
}
[2025-03-18T22:24:14.149Z] FRONTEND:AUTH - DEBUG: Auth Flow - Auth state updated
  Details: {
  "timestamp": "2025-03-18T22:24:14.149Z",
  "is_connected": true,
  "is_authenticated": false,
  "wallet_address": "0xA1E82F804D00d7CDe0dc591fBa2AD5A8A22C45b4",
  "is_authenticating": false,
  "initial_check_done": true,
  "needs_reauthentication": true,
  "last_authenticated_address": null
}
[2025-03-18T22:24:14.152Z] FRONTEND:USER - INFO: Wallet readiness state updated
  Details: {
  "stable_connection": true,
  "has_valid_address": true,
  "is_ready": true,
  "wallet_address": "0xA1E82F804D00d7CDe0dc591fBa2AD5A8A22C45b4"
}
[2025-03-18T22:24:14.153Z] FRONTEND:USER - INFO: Wallet state updated
  Details: {
  "is_connected": true,
  "is_connecting": false,
  "is_disconnected": false,
  "status": "connected",
  "chain_id": 137,
  "has_address": true,
  "is_authenticated": false,
  "has_auth_wallet": false,
  "has_effective_address": true,
  "is_using_auth_wallet": false
}
[2025-03-18T22:24:14.156Z] FRONTEND:USER - INFO: Wallet readiness state updated
  Details: {
  "stable_connection": true,
  "has_valid_address": true,
  "is_ready": true,
  "wallet_address": "0xA1E82F804D00d7CDe0dc591fBa2AD5A8A22C45b4"
}
[2025-03-18T22:24:14.156Z] FRONTEND:USER - INFO: Wallet state updated
  Details: {
  "is_connected": true,
  "is_connecting": false,
  "is_disconnected": false,
  "status": "connected",
  "chain_id": 137,
  "has_address": true,
  "is_authenticated": false,
  "has_auth_wallet": false,
  "has_effective_address": true,
  "is_using_auth_wallet": false
}
[2025-03-18T22:24:14.173Z] FRONTEND:AUTH - DEBUG: Auth Flow - Auth state restoration failed - triggering authentication
  Details: {
  "timestamp": "2025-03-18T22:24:14.173Z",
  "address": "0xA1E82F804D00d7CDe0dc591fBa2AD5A8A22C45b4",
  "is_connected": true
}
[2025-03-18T22:24:14.174Z] FRONTEND:AUTH - DEBUG: Auth Flow - Token Retrieval
  Details: {
  "timestamp": "2025-03-18T22:24:14.174Z",
  "exists": false
}
[2025-03-18T22:24:14.193Z] FRONTEND:AUTH - DEBUG: Auth Flow - HeaderConnect Render
  Details: {
  "timestamp": "2025-03-18T22:24:14.193Z",
  "wallet_address": "0xA1E82F804D00d7CDe0dc591fBa2AD5A8A22C45b4",
  "is_connected": true,
  "is_authenticated": false,
  "is_authenticating": true
}
[2025-03-18T22:24:14.194Z] FRONTEND:AUTH - DEBUG: Auth Flow - HeaderConnect Render
  Details: {
  "timestamp": "2025-03-18T22:24:14.194Z",
  "wallet_address": "0xA1E82F804D00d7CDe0dc591fBa2AD5A8A22C45b4",
  "is_connected": true,
  "is_authenticated": false,
  "is_authenticating": true
}
[2025-03-18T22:24:14.217Z] FRONTEND:AUTH - DEBUG: Auth Flow - Auth state updated
  Details: {
  "timestamp": "2025-03-18T22:24:14.217Z",
  "is_connected": true,
  "is_authenticated": false,
  "wallet_address": "0xA1E82F804D00d7CDe0dc591fBa2AD5A8A22C45b4",
  "is_authenticating": true,
  "initial_check_done": true,
  "needs_reauthentication": true,
  "last_authenticated_address": null
}
[2025-03-18T22:24:15.185Z] FRONTEND:USER - INFO: Wallet readiness state updated
  Details: {
  "stable_connection": true,
  "has_valid_address": true,
  "is_ready": true,
  "wallet_address": "0xA1E82F804D00d7CDe0dc591fBa2AD5A8A22C45b4"
}
[2025-03-18T22:24:15.186Z] FRONTEND:USER - INFO: Wallet state updated
  Details: {
  "is_connected": true,
  "is_connecting": false,
  "is_disconnected": false,
  "status": "connected",
  "chain_id": 137,
  "has_address": true,
  "is_authenticated": false,
  "has_auth_wallet": false,
  "has_effective_address": true,
  "is_using_auth_wallet": false
}
[2025-03-18T22:24:15.186Z] FRONTEND:USER - INFO: Wallet hook initialized
  Details: {
  "is_connected": true,
  "is_connecting": false,
  "is_disconnected": false,
  "status": "connected",
  "chain_id": 137,
  "has_address": true,
  "is_authenticated": false,
  "has_auth_wallet": false
}
[2025-03-18T22:24:15.187Z] FRONTEND:AUTH - DEBUG: Auth Flow - Route Protection Check
  Details: {
  "timestamp": "2025-03-18T22:24:15.187Z",
  "is_authenticated": false,
  "has_token": false,
  "is_connected": true,
  "has_address": true
}
[2025-03-18T22:24:15.188Z] FRONTEND:AUTH - DEBUG: Auth Flow - Auth Check
  Details: {
  "timestamp": "2025-03-18T22:24:15.188Z",
  "has_token": false,
  "has_user": false
}
[2025-03-18T22:24:15.190Z] FRONTEND:USER - INFO: Wallet readiness state updated
  Details: {
  "stable_connection": true,
  "has_valid_address": true,
  "is_ready": true,
  "wallet_address": "0xA1E82F804D00d7CDe0dc591fBa2AD5A8A22C45b4"
}
[2025-03-18T22:24:15.190Z] FRONTEND:USER - INFO: Wallet state updated
  Details: {
  "is_connected": true,
  "is_connecting": false,
  "is_disconnected": false,
  "status": "connected",
  "chain_id": 137,
  "has_address": true,
  "is_authenticated": false,
  "has_auth_wallet": false,
  "has_effective_address": true,
  "is_using_auth_wallet": false
}
[2025-03-18T22:24:15.191Z] FRONTEND:USER - INFO: Wallet hook initialized
  Details: {
  "is_connected": true,
  "is_connecting": false,
  "is_disconnected": false,
  "status": "connected",
  "chain_id": 137,
  "has_address": true,
  "is_authenticated": false,
  "has_auth_wallet": false
}
[2025-03-18T22:24:15.192Z] FRONTEND:AUTH - DEBUG: Auth Flow - Route Protection Check
  Details: {
  "timestamp": "2025-03-18T22:24:15.192Z",
  "is_authenticated": false,
  "has_token": false,
  "is_connected": true,
  "has_address": true
}
[2025-03-18T22:24:15.193Z] FRONTEND:AUTH - DEBUG: Auth Flow - Auth Check
  Details: {
  "timestamp": "2025-03-18T22:24:15.193Z",
  "has_token": false,
  "has_user": false
}
[2025-03-18T22:24:15.195Z] FRONTEND:AUTH - DEBUG: Auth Flow - HeaderConnect Render
  Details: {
  "timestamp": "2025-03-18T22:24:15.195Z",
  "wallet_address": "0xA1E82F804D00d7CDe0dc591fBa2AD5A8A22C45b4",
  "is_connected": true,
  "is_authenticated": false,
  "is_authenticating": true
}
[2025-03-18T22:24:15.196Z] FRONTEND:AUTH - DEBUG: Auth Flow - HeaderConnect Render
  Details: {
  "timestamp": "2025-03-18T22:24:15.196Z",
  "wallet_address": "0xA1E82F804D00d7CDe0dc591fBa2AD5A8A22C45b4",
  "is_connected": true,
  "is_authenticated": false,
  "is_authenticating": true
}
[2025-03-18T22:24:15.214Z] FRONTEND:AUTH - DEBUG: Auth Flow - Route Protection Failed
  Details: {
  "timestamp": "2025-03-18T22:24:15.214Z",
  "reason": "Not authenticated",
  "redirect_to": "/"
}
[2025-03-18T22:24:15.216Z] FRONTEND:AUTH - DEBUG: Auth Flow - Route Protection Failed
  Details: {
  "timestamp": "2025-03-18T22:24:15.216Z",
  "reason": "Not authenticated",
  "redirect_to": "/"
}
[2025-03-18T22:24:15.237Z] FRONTEND:AUTH - DEBUG: Auth Flow - Signature Requested
  Details: {
  "timestamp": "2025-03-18T22:24:15.237Z",
  "nonce": "137f6d3b5129ac689793d8b1d684da58787b16e10dadbb26e2966df155173850"
}
[2025-03-18T22:24:15.239Z] FRONTEND:AUTH - DEBUG: Auth Flow - HeaderConnect Render
  Details: {
  "timestamp": "2025-03-18T22:24:15.239Z",
  "wallet_address": "0xA1E82F804D00d7CDe0dc591fBa2AD5A8A22C45b4",
  "is_connected": true,
  "is_authenticated": false,
  "is_authenticating": true
}
[2025-03-18T22:24:15.240Z] FRONTEND:AUTH - DEBUG: Auth Flow - HeaderConnect Render
  Details: {
  "timestamp": "2025-03-18T22:24:15.240Z",
  "wallet_address": "0xA1E82F804D00d7CDe0dc591fBa2AD5A8A22C45b4",
  "is_connected": true,
  "is_authenticated": false,
  "is_authenticating": true
}
[2025-03-18T22:24:16.534Z] FRONTEND:AUTH - DEBUG: Auth Flow - Authentication needed - not authenticated
  Details: {
  "timestamp": "2025-03-18T22:24:16.534Z",
  "address": "0xA1E82F804D00d7CDe0dc591fBa2AD5A8A22C45b4",
  "is_connected": true
}
[2025-03-18T22:24:16.534Z] FRONTEND:AUTH - DEBUG: Auth Flow - Authentication needed - not authenticated
  Details: {
  "timestamp": "2025-03-18T22:24:16.534Z",
  "address": "0xA1E82F804D00d7CDe0dc591fBa2AD5A8A22C45b4",
  "is_connected": true
}
[2025-03-18T22:24:16.534Z] FRONTEND:AUTH - DEBUG: Auth Flow - HeaderConnect Render
  Details: {
  "timestamp": "2025-03-18T22:24:16.534Z",
  "wallet_address": "0xA1E82F804D00d7CDe0dc591fBa2AD5A8A22C45b4",
  "is_connected": true,
  "is_authenticated": false,
  "is_authenticating": false
}
[2025-03-18T22:24:16.534Z] FRONTEND:AUTH - DEBUG: Auth Flow - HeaderConnect Render
  Details: {
  "timestamp": "2025-03-18T22:24:16.534Z",
  "wallet_address": "0xA1E82F804D00d7CDe0dc591fBa2AD5A8A22C45b4",
  "is_connected": true,
  "is_authenticated": false,
  "is_authenticating": false
}
[2025-03-18T22:24:16.797Z] FRONTEND:AUTH - DEBUG: Auth Flow - Verify Signature
  Details: {
  "timestamp": "2025-03-18T22:24:16.797Z",
  "walletAddress": "0xA1E82F804D00d7CDe0dc591fBa2AD5A8A22C45b4",
  "nonce": "455d7ed62f5f161a31d629987a5fdec3c30abb2f4fd05c00d72c83a6a1959fd1"
}
[2025-03-18T22:24:16.798Z] FRONTEND:AUTH - DEBUG: Auth Flow - Token Retrieval
  Details: {
  "timestamp": "2025-03-18T22:24:16.798Z",
  "exists": false
}
[2025-03-18T22:24:16.802Z] FRONTEND:AUTH - DEBUG: Auth Flow - HeaderConnect Render
  Details: {
  "timestamp": "2025-03-18T22:24:16.802Z",
  "wallet_address": "0xA1E82F804D00d7CDe0dc591fBa2AD5A8A22C45b4",
  "is_connected": true,
  "is_authenticated": false,
  "is_authenticating": true
}
[2025-03-18T22:24:16.805Z] FRONTEND:AUTH - DEBUG: Auth Flow - HeaderConnect Render
  Details: {
  "timestamp": "2025-03-18T22:24:16.805Z",
  "wallet_address": "0xA1E82F804D00d7CDe0dc591fBa2AD5A8A22C45b4",
  "is_connected": true,
  "is_authenticated": false,
  "is_authenticating": true
}
[2025-03-18T22:24:16.824Z] FRONTEND:AUTH - ERROR: Auth API Response Error
  Details: {
  "status": 500,
  "url": "/verify?nonce=455d7ed62f5f161a31d629987a5fdec3c30abb2f4fd05c00d72c83a6a1959fd1",
  "method": "post",
  "has_retry": false
}
[2025-03-18T22:24:16.831Z] FRONTEND:AUTH - ERROR: Auth Error - Verify Signature
  Details: {
  "timestamp": "2025-03-18T22:24:16.831Z",
  "error": "Request failed with status code 500",
  "code": "ERR_BAD_RESPONSE",
  "stack": "AxiosError: Request failed with status code 500\n    at settle (webpack-internal:///(app-pages-browser)/./node_modules/axios/lib/core/settle.js:24:12)\n    at XMLHttpRequest.onloadend (webpack-internal:///(app-pages-browser)/./node_modules/axios/lib/adapters/xhr.js:73:66)\n    at Axios.request (webpack-internal:///(app-pages-browser)/./node_modules/axios/lib/core/Axios.js:57:41)\n    at async verifySignature (webpack-internal:///(app-pages-browser)/./src/api/auth.ts:130:26)\n    at async useWalletAuth.useCallback[authenticate] (webpack-internal:///(app-pages-browser)/./src/hooks/useWalletAuth.ts:128:40)"
}
[2025-03-18T22:24:16.833Z] FRONTEND:AUTH - ERROR: Auth Error - Authentication failed
  Details: {
  "timestamp": "2025-03-18T22:24:16.833Z",
  "error": "Request failed with status code 500",
  "code": "ERR_BAD_RESPONSE",
  "stack": "AxiosError: Request failed with status code 500\n    at settle (webpack-internal:///(app-pages-browser)/./node_modules/axios/lib/core/settle.js:24:12)\n    at XMLHttpRequest.onloadend (webpack-internal:///(app-pages-browser)/./node_modules/axios/lib/adapters/xhr.js:73:66)\n    at Axios.request (webpack-internal:///(app-pages-browser)/./node_modules/axios/lib/core/Axios.js:57:41)\n    at async verifySignature (webpack-internal:///(app-pages-browser)/./src/api/auth.ts:130:26)\n    at async useWalletAuth.useCallback[authenticate] (webpack-internal:///(app-pages-browser)/./src/hooks/useWalletAuth.ts:128:40)"
}
[2025-03-18T22:24:16.836Z] FRONTEND:AUTH - DEBUG: Auth Flow - Logout
  Details: {
  "timestamp": "2025-03-18T22:24:16.836Z"
}
[2025-03-18T22:24:16.841Z] FRONTEND:AUTH - DEBUG: Auth Flow - HeaderConnect Render
  Details: {
  "timestamp": "2025-03-18T22:24:16.841Z",
  "wallet_address": "0xA1E82F804D00d7CDe0dc591fBa2AD5A8A22C45b4",
  "is_connected": true,
  "is_authenticated": false,
  "is_authenticating": false
}
[2025-03-18T22:24:16.844Z] FRONTEND:AUTH - DEBUG: Auth Flow - HeaderConnect Render
  Details: {
  "timestamp": "2025-03-18T22:24:16.844Z",
  "wallet_address": "0xA1E82F804D00d7CDe0dc591fBa2AD5A8A22C45b4",
  "is_connected": true,
  "is_authenticated": false,
  "is_authenticating": false
}
[2025-03-18T22:24:16.906Z] FRONTEND:AUTH - DEBUG: Auth Flow - Auth Check
  Details: {
  "timestamp": "2025-03-18T22:24:16.906Z",
  "has_token": false,
  "has_user": false
}
[2025-03-18T22:24:16.907Z] FRONTEND:AUTH - DEBUG: Auth Flow - Starting authentication
  Details: {
  "timestamp": "2025-03-18T22:24:16.907Z",
  "wallet_address": "0xA1E82F804D00d7CDe0dc591fBa2AD5A8A22C45b4",
  "is_connected": true,
  "initial_check_done": true
}
[2025-03-18T22:24:16.907Z] FRONTEND:AUTH - DEBUG: Auth Flow - Request Signature
  Details: {
  "timestamp": "2025-03-18T22:24:16.907Z",
  "walletAddress": "0xA1E82F804D00d7CDe0dc591fBa2AD5A8A22C45b4"
}
[2025-03-18T22:24:16.908Z] FRONTEND:AUTH - DEBUG: Auth Flow - Auth state updated
  Details: {
  "timestamp": "2025-03-18T22:24:16.908Z",
  "is_connected": true,
  "is_authenticated": false,
  "wallet_address": "0xA1E82F804D00d7CDe0dc591fBa2AD5A8A22C45b4",
  "is_authenticating": false,
  "initial_check_done": true,
  "needs_reauthentication": true,
  "last_authenticated_address": null
}
[2025-03-18T22:24:16.915Z] FRONTEND:AUTH - DEBUG: Auth Flow - Auth state updated
  Details: {
  "timestamp": "2025-03-18T22:24:16.915Z",
  "is_connected": true,
  "is_authenticated": false,
  "wallet_address": "0xA1E82F804D00d7CDe0dc591fBa2AD5A8A22C45b4",
  "is_authenticating": false,
  "initial_check_done": true,
  "needs_reauthentication": true,
  "last_authenticated_address": null
}
[2025-03-18T22:24:16.924Z] FRONTEND:AUTH - DEBUG: Auth Flow - Starting authentication
  Details: {
  "timestamp": "2025-03-18T22:24:16.924Z",
  "wallet_address": "0xA1E82F804D00d7CDe0dc591fBa2AD5A8A22C45b4",
  "is_connected": true,
  "initial_check_done": true
}
[2025-03-18T22:24:16.925Z] FRONTEND:AUTH - DEBUG: Auth Flow - Request Signature
  Details: {
  "timestamp": "2025-03-18T22:24:16.925Z",
  "walletAddress": "0xA1E82F804D00d7CDe0dc591fBa2AD5A8A22C45b4"
}
[2025-03-18T22:24:16.925Z] FRONTEND:AUTH - DEBUG: Auth Flow - Auth state updated
  Details: {
  "timestamp": "2025-03-18T22:24:16.925Z",
  "is_connected": true,
  "is_authenticated": false,
  "wallet_address": "0xA1E82F804D00d7CDe0dc591fBa2AD5A8A22C45b4",
  "is_authenticating": false,
  "initial_check_done": true,
  "needs_reauthentication": true,
  "last_authenticated_address": null
}
[2025-03-18T22:24:16.942Z] FRONTEND:AUTH - DEBUG: Auth Flow - HeaderConnect Render
  Details: {
  "timestamp": "2025-03-18T22:24:16.942Z",
  "wallet_address": "0xA1E82F804D00d7CDe0dc591fBa2AD5A8A22C45b4",
  "is_connected": true,
  "is_authenticated": false,
  "is_authenticating": true
}
[2025-03-18T22:24:16.943Z] FRONTEND:AUTH - DEBUG: Auth Flow - HeaderConnect Render
  Details: {
  "timestamp": "2025-03-18T22:24:16.943Z",
  "wallet_address": "0xA1E82F804D00d7CDe0dc591fBa2AD5A8A22C45b4",
  "is_connected": true,
  "is_authenticated": false,
  "is_authenticating": true
}
[2025-03-18T22:24:16.964Z] FRONTEND:AUTH - DEBUG: Auth Flow - Auth state updated
  Details: {
  "timestamp": "2025-03-18T22:24:16.964Z",
  "is_connected": true,
  "is_authenticated": false,
  "wallet_address": "0xA1E82F804D00d7CDe0dc591fBa2AD5A8A22C45b4",
  "is_authenticating": true,
  "initial_check_done": true,
  "needs_reauthentication": true,
  "last_authenticated_address": null
}
[2025-03-18T22:24:16.966Z] FRONTEND:AUTH - DEBUG: Auth Flow - Auth state restoration failed - triggering authentication
  Details: {
  "timestamp": "2025-03-18T22:24:16.966Z",
  "address": "0xA1E82F804D00d7CDe0dc591fBa2AD5A8A22C45b4",
  "is_connected": true
}
[2025-03-18T22:24:16.966Z] FRONTEND:AUTH - DEBUG: Auth Flow - Token Retrieval
  Details: {
  "timestamp": "2025-03-18T22:24:16.966Z",
  "exists": false
}
[2025-03-18T22:24:16.967Z] FRONTEND:AUTH - DEBUG: Auth Flow - Token Retrieval
  Details: {
  "timestamp": "2025-03-18T22:24:16.967Z",
  "exists": false
}
[2025-03-18T22:24:17.004Z] FRONTEND:AUTH - DEBUG: Auth Flow - Signature Requested
  Details: {
  "timestamp": "2025-03-18T22:24:17.004Z",
  "nonce": "0932276fe950ad86372262db60fbfb8fa961f898f317f62e9401fb6aa72bad38"
}
[2025-03-18T22:24:17.006Z] FRONTEND:AUTH - DEBUG: Auth Flow - Signature Requested
  Details: {
  "timestamp": "2025-03-18T22:24:17.006Z",
  "nonce": "869fea09c866f3d49b0acac3f2c24fcd572ec13708fe0267ea8797091c07e840"
}
[2025-03-18T22:24:17.012Z] FRONTEND:AUTH - DEBUG: Auth Flow - HeaderConnect Render
  Details: {
  "timestamp": "2025-03-18T22:24:17.012Z",
  "wallet_address": "0xA1E82F804D00d7CDe0dc591fBa2AD5A8A22C45b4",
  "is_connected": true,
  "is_authenticated": false,
  "is_authenticating": true
}
[2025-03-18T22:24:17.013Z] FRONTEND:AUTH - DEBUG: Auth Flow - HeaderConnect Render
  Details: {
  "timestamp": "2025-03-18T22:24:17.013Z",
  "wallet_address": "0xA1E82F804D00d7CDe0dc591fBa2AD5A8A22C45b4",
  "is_connected": true,
  "is_authenticated": false,
  "is_authenticating": true
}
[2025-03-18T22:24:17.796Z] FRONTEND:AUTH - DEBUG: Auth Flow - Verify Signature
  Details: {
  "timestamp": "2025-03-18T22:24:17.796Z",
  "walletAddress": "0xA1E82F804D00d7CDe0dc591fBa2AD5A8A22C45b4",
  "nonce": "137f6d3b5129ac689793d8b1d684da58787b16e10dadbb26e2966df155173850"
}
[2025-03-18T22:24:17.796Z] FRONTEND:AUTH - DEBUG: Auth Flow - Token Retrieval
  Details: {
  "timestamp": "2025-03-18T22:24:17.796Z",
  "exists": false
}
[2025-03-18T22:24:17.813Z] FRONTEND:AUTH - ERROR: Auth API Response Error
  Details: {
  "status": 500,
  "url": "/verify?nonce=137f6d3b5129ac689793d8b1d684da58787b16e10dadbb26e2966df155173850",
  "method": "post",
  "has_retry": false
}
[2025-03-18T22:24:17.814Z] FRONTEND:AUTH - ERROR: Auth Error - Verify Signature
  Details: {
  "timestamp": "2025-03-18T22:24:17.814Z",
  "error": "Request failed with status code 500",
  "code": "ERR_BAD_RESPONSE",
  "stack": "AxiosError: Request failed with status code 500\n    at settle (webpack-internal:///(app-pages-browser)/./node_modules/axios/lib/core/settle.js:24:12)\n    at XMLHttpRequest.onloadend (webpack-internal:///(app-pages-browser)/./node_modules/axios/lib/adapters/xhr.js:73:66)\n    at Axios.request (webpack-internal:///(app-pages-browser)/./node_modules/axios/lib/core/Axios.js:57:41)\n    at async verifySignature (webpack-internal:///(app-pages-browser)/./src/api/auth.ts:130:26)\n    at async useWalletAuth.useCallback[authenticate] (webpack-internal:///(app-pages-browser)/./src/hooks/useWalletAuth.ts:128:40)"
}
[2025-03-18T22:24:17.815Z] FRONTEND:AUTH - ERROR: Auth Error - Authentication failed
  Details: {
  "timestamp": "2025-03-18T22:24:17.815Z",
  "error": "Request failed with status code 500",
  "code": "ERR_BAD_RESPONSE",
  "stack": "AxiosError: Request failed with status code 500\n    at settle (webpack-internal:///(app-pages-browser)/./node_modules/axios/lib/core/settle.js:24:12)\n    at XMLHttpRequest.onloadend (webpack-internal:///(app-pages-browser)/./node_modules/axios/lib/adapters/xhr.js:73:66)\n    at Axios.request (webpack-internal:///(app-pages-browser)/./node_modules/axios/lib/core/Axios.js:57:41)\n    at async verifySignature (webpack-internal:///(app-pages-browser)/./src/api/auth.ts:130:26)\n    at async useWalletAuth.useCallback[authenticate] (webpack-internal:///(app-pages-browser)/./src/hooks/useWalletAuth.ts:128:40)"
}
[2025-03-18T22:24:17.815Z] FRONTEND:AUTH - DEBUG: Auth Flow - Logout
  Details: {
  "timestamp": "2025-03-18T22:24:17.815Z"
}
[2025-03-18T22:24:17.818Z] FRONTEND:AUTH - DEBUG: Auth Flow - HeaderConnect Render
  Details: {
  "timestamp": "2025-03-18T22:24:17.818Z",
  "wallet_address": "0xA1E82F804D00d7CDe0dc591fBa2AD5A8A22C45b4",
  "is_connected": true,
  "is_authenticated": false,
  "is_authenticating": true
}
[2025-03-18T22:24:17.819Z] FRONTEND:AUTH - DEBUG: Auth Flow - HeaderConnect Render
  Details: {
  "timestamp": "2025-03-18T22:24:17.819Z",
  "wallet_address": "0xA1E82F804D00d7CDe0dc591fBa2AD5A8A22C45b4",
  "is_connected": true,
  "is_authenticated": false,
  "is_authenticating": true
}
[2025-03-18T22:24:18.364Z] FRONTEND:AUTH - DEBUG: Auth Flow - Verify Signature
  Details: {
  "timestamp": "2025-03-18T22:24:18.364Z",
  "walletAddress": "0xA1E82F804D00d7CDe0dc591fBa2AD5A8A22C45b4",
  "nonce": "0932276fe950ad86372262db60fbfb8fa961f898f317f62e9401fb6aa72bad38"
}
[2025-03-18T22:24:18.365Z] FRONTEND:AUTH - DEBUG: Auth Flow - Token Retrieval
  Details: {
  "timestamp": "2025-03-18T22:24:18.365Z",
  "exists": false
}
[2025-03-18T22:24:18.398Z] FRONTEND:AUTH - ERROR: Auth API Response Error
  Details: {
  "status": 500,
  "url": "/verify?nonce=0932276fe950ad86372262db60fbfb8fa961f898f317f62e9401fb6aa72bad38",
  "method": "post",
  "has_retry": false
}
[2025-03-18T22:24:18.400Z] FRONTEND:AUTH - ERROR: Auth Error - Verify Signature
  Details: {
  "timestamp": "2025-03-18T22:24:18.400Z",
  "error": "Request failed with status code 500",
  "code": "ERR_BAD_RESPONSE",
  "stack": "AxiosError: Request failed with status code 500\n    at settle (webpack-internal:///(app-pages-browser)/./node_modules/axios/lib/core/settle.js:24:12)\n    at XMLHttpRequest.onloadend (webpack-internal:///(app-pages-browser)/./node_modules/axios/lib/adapters/xhr.js:73:66)\n    at Axios.request (webpack-internal:///(app-pages-browser)/./node_modules/axios/lib/core/Axios.js:57:41)\n    at async verifySignature (webpack-internal:///(app-pages-browser)/./src/api/auth.ts:130:26)\n    at async useWalletAuth.useCallback[authenticate] (webpack-internal:///(app-pages-browser)/./src/hooks/useWalletAuth.ts:128:40)"
}
[2025-03-18T22:24:18.401Z] FRONTEND:AUTH - ERROR: Auth Error - Authentication failed
  Details: {
  "timestamp": "2025-03-18T22:24:18.401Z",
  "error": "Request failed with status code 500",
  "code": "ERR_BAD_RESPONSE",
  "stack": "AxiosError: Request failed with status code 500\n    at settle (webpack-internal:///(app-pages-browser)/./node_modules/axios/lib/core/settle.js:24:12)\n    at XMLHttpRequest.onloadend (webpack-internal:///(app-pages-browser)/./node_modules/axios/lib/adapters/xhr.js:73:66)\n    at Axios.request (webpack-internal:///(app-pages-browser)/./node_modules/axios/lib/core/Axios.js:57:41)\n    at async verifySignature (webpack-internal:///(app-pages-browser)/./src/api/auth.ts:130:26)\n    at async useWalletAuth.useCallback[authenticate] (webpack-internal:///(app-pages-browser)/./src/hooks/useWalletAuth.ts:128:40)"
}
[2025-03-18T22:24:18.402Z] FRONTEND:AUTH - DEBUG: Auth Flow - Logout
  Details: {
  "timestamp": "2025-03-18T22:24:18.402Z"
}
[2025-03-18T22:24:18.404Z] FRONTEND:AUTH - DEBUG: Auth Flow - HeaderConnect Render
  Details: {
  "timestamp": "2025-03-18T22:24:18.404Z",
  "wallet_address": "0xA1E82F804D00d7CDe0dc591fBa2AD5A8A22C45b4",
  "is_connected": true,
  "is_authenticated": false,
  "is_authenticating": false
}
[2025-03-18T22:24:18.405Z] FRONTEND:AUTH - DEBUG: Auth Flow - HeaderConnect Render
  Details: {
  "timestamp": "2025-03-18T22:24:18.405Z",
  "wallet_address": "0xA1E82F804D00d7CDe0dc591fBa2AD5A8A22C45b4",
  "is_connected": true,
  "is_authenticated": false,
  "is_authenticating": false
}
[2025-03-18T22:24:18.432Z] FRONTEND:AUTH - DEBUG: Auth Flow - Auth state updated
  Details: {
  "timestamp": "2025-03-18T22:24:18.432Z",
  "is_connected": true,
  "is_authenticated": false,
  "wallet_address": "0xA1E82F804D00d7CDe0dc591fBa2AD5A8A22C45b4",
  "is_authenticating": false,
  "initial_check_done": true,
  "needs_reauthentication": true,
  "last_authenticated_address": null
}
[2025-03-18T22:24:18.657Z] FRONTEND:AUTH - DEBUG: Auth Flow - Verify Signature
  Details: {
  "timestamp": "2025-03-18T22:24:18.657Z",
  "walletAddress": "0xA1E82F804D00d7CDe0dc591fBa2AD5A8A22C45b4",
  "nonce": "869fea09c866f3d49b0acac3f2c24fcd572ec13708fe0267ea8797091c07e840"
}
[2025-03-18T22:24:18.657Z] FRONTEND:AUTH - DEBUG: Auth Flow - Token Retrieval
  Details: {
  "timestamp": "2025-03-18T22:24:18.657Z",
  "exists": false
}
[2025-03-18T22:24:18.658Z] FRONTEND:AUTH - DEBUG: Auth Flow - HeaderConnect Render
  Details: {
  "timestamp": "2025-03-18T22:24:18.658Z",
  "wallet_address": "0xA1E82F804D00d7CDe0dc591fBa2AD5A8A22C45b4",
  "is_connected": true,
  "is_authenticated": false,
  "is_authenticating": false
}
[2025-03-18T22:24:18.659Z] FRONTEND:AUTH - DEBUG: Auth Flow - HeaderConnect Render
  Details: {
  "timestamp": "2025-03-18T22:24:18.659Z",
  "wallet_address": "0xA1E82F804D00d7CDe0dc591fBa2AD5A8A22C45b4",
  "is_connected": true,
  "is_authenticated": false,
  "is_authenticating": false
}
[2025-03-18T22:24:18.783Z] FRONTEND:AUTH - INFO: Token Operation - store
  Details: {
  "timestamp": "2025-03-18T22:24:18.783Z",
  "success": true
}
[2025-03-18T22:24:18.783Z] FRONTEND:AUTH - DEBUG: Auth Flow - Signature Verified
  Details: {
  "timestamp": "2025-03-18T22:24:18.783Z",
  "success": true
}
[2025-03-18T22:24:18.784Z] FRONTEND:AUTH - DEBUG: Auth Flow - Login
  Details: {
  "timestamp": "2025-03-18T22:24:18.784Z",
  "wallet_address": "0xA1E82F804D00d7CDe0dc591fBa2AD5A8A22C45b4",
  "token_length": 188
}
[2025-03-18T22:24:18.784Z] FRONTEND:AUTH - DEBUG: Auth Flow - Authentication successful
  Details: {
  "timestamp": "2025-03-18T22:24:18.784Z",
  "wallet_address": "0xA1E82F804D00d7CDe0dc591fBa2AD5A8A22C45b4"
}
[2025-03-18T22:24:18.784Z] FRONTEND:AUTH - DEBUG: Auth Flow - HeaderConnect Render
  Details: {
  "timestamp": "2025-03-18T22:24:18.784Z",
  "wallet_address": "0xA1E82F804D00d7CDe0dc591fBa2AD5A8A22C45b4",
  "is_connected": true,
  "is_authenticated": true,
  "is_authenticating": false
}
[2025-03-18T22:24:18.785Z] FRONTEND:AUTH - DEBUG: Auth Flow - HeaderConnect Render
  Details: {
  "timestamp": "2025-03-18T22:24:18.785Z",
  "wallet_address": "0xA1E82F804D00d7CDe0dc591fBa2AD5A8A22C45b4",
  "is_connected": true,
  "is_authenticated": true,
  "is_authenticating": false
}
[2025-03-18T22:24:18.789Z] FRONTEND:AUTH - DEBUG: Auth Flow - Auth state updated
  Details: {
  "timestamp": "2025-03-18T22:24:18.789Z",
  "is_connected": true,
  "is_authenticated": true,
  "wallet_address": "0xA1E82F804D00d7CDe0dc591fBa2AD5A8A22C45b4",
  "auth_wallet_address": "0xA1E82F804D00d7CDe0dc591fBa2AD5A8A22C45b4",
  "is_authenticating": false,
  "initial_check_done": true,
  "needs_reauthentication": false,
  "last_authenticated_address": "0xA1E82F804D00d7CDe0dc591fBa2AD5A8A22C45b4"
}
[2025-03-18T22:24:20.854Z] FRONTEND:AUTH - DEBUG: Auth Flow - HeaderConnect Render
  Details: {
  "timestamp": "2025-03-18T22:24:20.854Z",
  "wallet_address": "0xA1E82F804D00d7CDe0dc591fBa2AD5A8A22C45b4",
  "is_connected": true,
  "is_authenticated": true,
  "is_authenticating": false
}
[2025-03-18T22:24:20.854Z] FRONTEND:AUTH - DEBUG: Auth Flow - HeaderConnect Render
  Details: {
  "timestamp": "2025-03-18T22:24:20.854Z",
  "wallet_address": "0xA1E82F804D00d7CDe0dc591fBa2AD5A8A22C45b4",
  "is_connected": true,
  "is_authenticated": true,
  "is_authenticating": false
}
[2025-03-18T22:24:20.920Z] FRONTEND:AUTH - DEBUG: Auth Flow - Auth Check
  Details: {
  "timestamp": "2025-03-18T22:24:20.920Z",
  "has_token": true,
  "has_user": true
}
[2025-03-18T22:24:20.921Z] FRONTEND:AUTH - DEBUG: Auth Flow - Auth state updated
  Details: {
  "timestamp": "2025-03-18T22:24:20.921Z",
  "is_connected": true,
  "is_authenticated": true,
  "wallet_address": "0xA1E82F804D00d7CDe0dc591fBa2AD5A8A22C45b4",
  "auth_wallet_address": "0xA1E82F804D00d7CDe0dc591fBa2AD5A8A22C45b4",
  "is_authenticating": false,
  "initial_check_done": true,
  "needs_reauthentication": false,
  "last_authenticated_address": null
}
[2025-03-18T22:24:20.922Z] FRONTEND:USER - INFO: Wallet readiness state updated
  Details: {
  "stable_connection": true,
  "has_valid_address": true,
  "is_ready": true,
  "wallet_address": "0xA1E82F804D00d7CDe0dc591fBa2AD5A8A22C45b4",
  "authenticated_address": "0xA1E82F804D00d7CDe0dc591fBa2AD5A8A22C45b4"
}
[2025-03-18T22:24:20.922Z] FRONTEND:USER - INFO: Wallet state updated
  Details: {
  "is_connected": true,
  "is_connecting": false,
  "is_disconnected": false,
  "status": "connected",
  "chain_id": 137,
  "has_address": true,
  "is_authenticated": true,
  "has_auth_wallet": true,
  "has_effective_address": true,
  "is_using_auth_wallet": false
}
[2025-03-18T22:24:20.922Z] FRONTEND:USER - INFO: Wallet hook initialized
  Details: {
  "is_connected": true,
  "is_connecting": false,
  "is_disconnected": false,
  "status": "connected",
  "chain_id": 137,
  "has_address": true,
  "is_authenticated": true,
  "has_auth_wallet": true
}
[2025-03-18T22:24:20.923Z] FRONTEND:USER - INFO: Wallet readiness state updated
  Details: {
  "stable_connection": true,
  "has_valid_address": true,
  "is_ready": true,
  "wallet_address": "0xA1E82F804D00d7CDe0dc591fBa2AD5A8A22C45b4",
  "authenticated_address": "0xA1E82F804D00d7CDe0dc591fBa2AD5A8A22C45b4"
}
[2025-03-18T22:24:20.923Z] FRONTEND:USER - INFO: Wallet state updated
  Details: {
  "is_connected": true,
  "is_connecting": false,
  "is_disconnected": false,
  "status": "connected",
  "chain_id": 137,
  "has_address": true,
  "is_authenticated": true,
  "has_auth_wallet": true,
  "has_effective_address": true,
  "is_using_auth_wallet": false
}
[2025-03-18T22:24:20.923Z] FRONTEND:USER - INFO: Wallet hook initialized
  Details: {
  "is_connected": true,
  "is_connecting": false,
  "is_disconnected": false,
  "status": "connected",
  "chain_id": 137,
  "has_address": true,
  "is_authenticated": true,
  "has_auth_wallet": true
}
[2025-03-18T22:24:20.930Z] FRONTEND:AUTH - DEBUG: Auth Flow - Auth state updated
  Details: {
  "timestamp": "2025-03-18T22:24:20.930Z",
  "is_connected": true,
  "is_authenticated": true,
  "wallet_address": "0xA1E82F804D00d7CDe0dc591fBa2AD5A8A22C45b4",
  "auth_wallet_address": "0xA1E82F804D00d7CDe0dc591fBa2AD5A8A22C45b4",
  "is_authenticating": false,
  "initial_check_done": true,
  "needs_reauthentication": false,
  "last_authenticated_address": null
}
[2025-03-18T22:24:20.931Z] FRONTEND:USER - INFO: Wallet readiness state updated
  Details: {
  "stable_connection": true,
  "has_valid_address": true,
  "is_ready": true,
  "wallet_address": "0xA1E82F804D00d7CDe0dc591fBa2AD5A8A22C45b4",
  "authenticated_address": "0xA1E82F804D00d7CDe0dc591fBa2AD5A8A22C45b4"
}
[2025-03-18T22:24:20.931Z] FRONTEND:USER - INFO: Wallet state updated
  Details: {
  "is_connected": true,
  "is_connecting": false,
  "is_disconnected": false,
  "status": "connected",
  "chain_id": 137,
  "has_address": true,
  "is_authenticated": true,
  "has_auth_wallet": true,
  "has_effective_address": true,
  "is_using_auth_wallet": false
}
[2025-03-18T22:24:20.932Z] FRONTEND:USER - INFO: Wallet hook initialized
  Details: {
  "is_connected": true,
  "is_connecting": false,
  "is_disconnected": false,
  "status": "connected",
  "chain_id": 137,
  "has_address": true,
  "is_authenticated": true,
  "has_auth_wallet": true
}
[2025-03-18T22:24:20.933Z] FRONTEND:USER - INFO: Wallet readiness state updated
  Details: {
  "stable_connection": true,
  "has_valid_address": true,
  "is_ready": true,
  "wallet_address": "0xA1E82F804D00d7CDe0dc591fBa2AD5A8A22C45b4",
  "authenticated_address": "0xA1E82F804D00d7CDe0dc591fBa2AD5A8A22C45b4"
}
[2025-03-18T22:24:20.934Z] FRONTEND:USER - INFO: Wallet state updated
  Details: {
  "is_connected": true,
  "is_connecting": false,
  "is_disconnected": false,
  "status": "connected",
  "chain_id": 137,
  "has_address": true,
  "is_authenticated": true,
  "has_auth_wallet": true,
  "has_effective_address": true,
  "is_using_auth_wallet": false
}
[2025-03-18T22:24:20.934Z] FRONTEND:USER - INFO: Wallet hook initialized
  Details: {
  "is_connected": true,
  "is_connecting": false,
  "is_disconnected": false,
  "status": "connected",
  "chain_id": 137,
  "has_address": true,
  "is_authenticated": true,
  "has_auth_wallet": true
}
[2025-03-18T22:24:20.950Z] FRONTEND:AUTH - DEBUG: Auth Flow - HeaderConnect Render
  Details: {
  "timestamp": "2025-03-18T22:24:20.950Z",
  "wallet_address": "0xA1E82F804D00d7CDe0dc591fBa2AD5A8A22C45b4",
  "is_connected": true,
  "is_authenticated": true,
  "is_authenticating": false
}
[2025-03-18T22:24:20.951Z] FRONTEND:AUTH - DEBUG: Auth Flow - HeaderConnect Render
  Details: {
  "timestamp": "2025-03-18T22:24:20.951Z",
  "wallet_address": "0xA1E82F804D00d7CDe0dc591fBa2AD5A8A22C45b4",
  "is_connected": true,
  "is_authenticated": true,
  "is_authenticating": false
}
[2025-03-18T22:24:20.971Z] FRONTEND:USER - INFO: Wallet readiness state updated
  Details: {
  "stable_connection": true,
  "has_valid_address": true,
  "is_ready": true,
  "wallet_address": "0xA1E82F804D00d7CDe0dc591fBa2AD5A8A22C45b4",
  "authenticated_address": "0xA1E82F804D00d7CDe0dc591fBa2AD5A8A22C45b4"
}
[2025-03-18T22:24:20.972Z] FRONTEND:USER - INFO: Wallet state updated
  Details: {
  "is_connected": true,
  "is_connecting": false,
  "is_disconnected": false,
  "status": "connected",
  "chain_id": 137,
  "has_address": true,
  "is_authenticated": true,
  "has_auth_wallet": true,
  "has_effective_address": true,
  "is_using_auth_wallet": false
}
[2025-03-18T22:24:20.972Z] FRONTEND:USER - INFO: Wallet hook initialized
  Details: {
  "is_connected": true,
  "is_connecting": false,
  "is_disconnected": false,
  "status": "connected",
  "chain_id": 137,
  "has_address": true,
  "is_authenticated": true,
  "has_auth_wallet": true
}
[2025-03-18T22:24:20.972Z] FRONTEND:AUTH - DEBUG: Auth Flow - Route Protection Check
  Details: {
  "timestamp": "2025-03-18T22:24:20.972Z",
  "is_authenticated": true,
  "has_token": true,
  "wallet_address": "0xA1E82F804D00d7CDe0dc591fBa2AD5A8A22C45b4",
  "is_connected": true,
  "has_address": true
}
[2025-03-18T22:24:20.973Z] FRONTEND:USER - INFO: Wallet readiness state updated
  Details: {
  "stable_connection": true,
  "has_valid_address": true,
  "is_ready": true,
  "wallet_address": "0xA1E82F804D00d7CDe0dc591fBa2AD5A8A22C45b4",
  "authenticated_address": "0xA1E82F804D00d7CDe0dc591fBa2AD5A8A22C45b4"
}
[2025-03-18T22:24:20.973Z] FRONTEND:USER - INFO: Wallet state updated
  Details: {
  "is_connected": true,
  "is_connecting": false,
  "is_disconnected": false,
  "status": "connected",
  "chain_id": 137,
  "has_address": true,
  "is_authenticated": true,
  "has_auth_wallet": true,
  "has_effective_address": true,
  "is_using_auth_wallet": false
}
[2025-03-18T22:24:20.974Z] FRONTEND:USER - INFO: Wallet hook initialized
  Details: {
  "is_connected": true,
  "is_connecting": false,
  "is_disconnected": false,
  "status": "connected",
  "chain_id": 137,
  "has_address": true,
  "is_authenticated": true,
  "has_auth_wallet": true
}
[2025-03-18T22:24:20.974Z] FRONTEND:AUTH - DEBUG: Auth Flow - Route Protection Check
  Details: {
  "timestamp": "2025-03-18T22:24:20.974Z",
  "is_authenticated": true,
  "has_token": true,
  "wallet_address": "0xA1E82F804D00d7CDe0dc591fBa2AD5A8A22C45b4",
  "is_connected": true,
  "has_address": true
}
[2025-03-18T22:24:20.993Z] FRONTEND:AUTH - DEBUG: Auth Flow - Route Protection Render
  Details: {
  "timestamp": "2025-03-18T22:24:20.993Z",
  "status": "allowed",
  "wallet_address": "0xA1E82F804D00d7CDe0dc591fBa2AD5A8A22C45b4"
}
[2025-03-18T22:24:20.994Z] FRONTEND:AUTH - DEBUG: Auth Flow - Route Protection Render
  Details: {
  "timestamp": "2025-03-18T22:24:20.994Z",
  "status": "allowed",
  "wallet_address": "0xA1E82F804D00d7CDe0dc591fBa2AD5A8A22C45b4"
}
[2025-03-18T22:24:25.454Z] FRONTEND:USER - INFO: Wallet readiness state updated
  Details: {
  "stable_connection": true,
  "has_valid_address": true,
  "is_ready": true,
  "wallet_address": "0xA1E82F804D00d7CDe0dc591fBa2AD5A8A22C45b4",
  "authenticated_address": "0xA1E82F804D00d7CDe0dc591fBa2AD5A8A22C45b4"
}
[2025-03-18T22:24:25.454Z] FRONTEND:USER - INFO: Wallet state updated
  Details: {
  "is_connected": true,
  "is_connecting": false,
  "is_disconnected": false,
  "status": "connected",
  "chain_id": 137,
  "has_address": true,
  "is_authenticated": true,
  "has_auth_wallet": true,
  "has_effective_address": true,
  "is_using_auth_wallet": false
}
[2025-03-18T22:24:25.454Z] FRONTEND:USER - INFO: Wallet hook initialized
  Details: {
  "is_connected": true,
  "is_connecting": false,
  "is_disconnected": false,
  "status": "connected",
  "chain_id": 137,
  "has_address": true,
  "is_authenticated": true,
  "has_auth_wallet": true
}
[2025-03-18T22:24:25.454Z] FRONTEND:AUTH - DEBUG: Auth Flow - Route Protection Check
  Details: {
  "timestamp": "2025-03-18T22:24:25.454Z",
  "is_authenticated": true,
  "has_token": true,
  "wallet_address": "0xA1E82F804D00d7CDe0dc591fBa2AD5A8A22C45b4",
  "is_connected": true,
  "has_address": true
}
[2025-03-18T22:24:25.455Z] FRONTEND:USER - INFO: Wallet readiness state updated
  Details: {
  "stable_connection": true,
  "has_valid_address": true,
  "is_ready": true,
  "wallet_address": "0xA1E82F804D00d7CDe0dc591fBa2AD5A8A22C45b4",
  "authenticated_address": "0xA1E82F804D00d7CDe0dc591fBa2AD5A8A22C45b4"
}
[2025-03-18T22:24:25.455Z] FRONTEND:USER - INFO: Wallet state updated
  Details: {
  "is_connected": true,
  "is_connecting": false,
  "is_disconnected": false,
  "status": "connected",
  "chain_id": 137,
  "has_address": true,
  "is_authenticated": true,
  "has_auth_wallet": true,
  "has_effective_address": true,
  "is_using_auth_wallet": false
}
[2025-03-18T22:24:25.456Z] FRONTEND:USER - INFO: Wallet hook initialized
  Details: {
  "is_connected": true,
  "is_connecting": false,
  "is_disconnected": false,
  "status": "connected",
  "chain_id": 137,
  "has_address": true,
  "is_authenticated": true,
  "has_auth_wallet": true
}
[2025-03-18T22:24:25.456Z] FRONTEND:AUTH - DEBUG: Auth Flow - Route Protection Check
  Details: {
  "timestamp": "2025-03-18T22:24:25.456Z",
  "is_authenticated": true,
  "has_token": true,
  "wallet_address": "0xA1E82F804D00d7CDe0dc591fBa2AD5A8A22C45b4",
  "is_connected": true,
  "has_address": true
}
[2025-03-18T22:24:25.457Z] FRONTEND:AUTH - DEBUG: Auth Flow - Route Protection Render
  Details: {
  "timestamp": "2025-03-18T22:24:25.457Z",
  "status": "allowed",
  "wallet_address": "0xA1E82F804D00d7CDe0dc591fBa2AD5A8A22C45b4"
}
[2025-03-18T22:24:25.458Z] FRONTEND:AUTH - DEBUG: Auth Flow - Route Protection Render
  Details: {
  "timestamp": "2025-03-18T22:24:25.458Z",
  "status": "allowed",
  "wallet_address": "0xA1E82F804D00d7CDe0dc591fBa2AD5A8A22C45b4"
}
[2025-03-18T22:24:26.561Z] FRONTEND:AUTH - DEBUG: Auth Flow - Route Protection Render
  Details: {
  "timestamp": "2025-03-18T22:24:26.561Z",
  "status": "allowed",
  "wallet_address": "0xA1E82F804D00d7CDe0dc591fBa2AD5A8A22C45b4"
}
[2025-03-18T22:24:26.562Z] FRONTEND:AUTH - DEBUG: Auth Flow - Route Protection Render
  Details: {
  "timestamp": "2025-03-18T22:24:26.562Z",
  "status": "allowed",
  "wallet_address": "0xA1E82F804D00d7CDe0dc591fBa2AD5A8A22C45b4"
}
[2025-03-18T22:24:29.274Z] FRONTEND:AUTH - DEBUG: Auth Flow - HeaderConnect Render
  Details: {
  "timestamp": "2025-03-18T22:24:29.274Z",
  "is_connected": false,
  "is_authenticated": true,
  "is_authenticating": false
}
[2025-03-18T22:24:29.275Z] FRONTEND:AUTH - DEBUG: Auth Flow - HeaderConnect Render
  Details: {
  "timestamp": "2025-03-18T22:24:29.275Z",
  "is_connected": false,
  "is_authenticated": true,
  "is_authenticating": false
}
[2025-03-18T22:24:29.281Z] FRONTEND:AUTH - DEBUG: Auth Flow - HeaderConnect Render
  Details: {
  "timestamp": "2025-03-18T22:24:29.281Z",
  "is_connected": false,
  "is_authenticated": false,
  "is_authenticating": false
}
[2025-03-18T22:24:29.283Z] FRONTEND:AUTH - DEBUG: Auth Flow - Route Protection Render
  Details: {
  "timestamp": "2025-03-18T22:24:29.283Z",
  "status": "allowed",
  "reason": "Using authenticated wallet address",
  "wallet_address": "0xA1E82F804D00d7CDe0dc591fBa2AD5A8A22C45b4"
}
[2025-03-18T22:24:29.283Z] FRONTEND:AUTH - DEBUG: Auth Flow - Route Protection Render
  Details: {
  "timestamp": "2025-03-18T22:24:29.283Z",
  "status": "allowed",
  "reason": "Using authenticated wallet address",
  "wallet_address": "0xA1E82F804D00d7CDe0dc591fBa2AD5A8A22C45b4"
}
[2025-03-18T22:24:29.284Z] FRONTEND:AUTH - DEBUG: Auth Flow - HeaderConnect Render
  Details: {
  "timestamp": "2025-03-18T22:24:29.283Z",
  "is_connected": false,
  "is_authenticated": false,
  "is_authenticating": false
}
[2025-03-18T22:24:29.298Z] FRONTEND:AUTH - DEBUG: Auth Flow - Auth state updated
  Details: {
  "timestamp": "2025-03-18T22:24:29.298Z",
  "is_connected": false,
  "is_authenticated": true,
  "auth_wallet_address": "0xA1E82F804D00d7CDe0dc591fBa2AD5A8A22C45b4",
  "is_authenticating": false,
  "initial_check_done": false,
  "needs_reauthentication": false,
  "last_authenticated_address": null
}
[2025-03-18T22:24:29.299Z] FRONTEND:AUTH - DEBUG: Auth Flow - HeaderConnect - Wallet Disconnected while Authenticated
  Details: {
  "timestamp": "2025-03-18T22:24:29.299Z"
}
[2025-03-18T22:24:29.298Z] FRONTEND:AUTH - DEBUG: Auth Flow - Auth state updated
  Details: {
  "timestamp": "2025-03-18T22:24:29.298Z",
  "is_connected": false,
  "is_authenticated": false,
  "is_authenticating": false,
  "initial_check_done": false,
  "needs_reauthentication": false,
  "last_authenticated_address": null
}
[2025-03-18T22:24:29.300Z] FRONTEND:AUTH - DEBUG: Auth Flow - Logout
  Details: {
  "timestamp": "2025-03-18T22:24:29.300Z",
  "wallet_address": "0xA1E82F804D00d7CDe0dc591fBa2AD5A8A22C45b4"
}
[2025-03-18T22:24:29.301Z] FRONTEND:USER - INFO: Wallet readiness state updated
  Details: {
  "stable_connection": false,
  "has_valid_address": true,
  "is_ready": false,
  "authenticated_address": "0xA1E82F804D00d7CDe0dc591fBa2AD5A8A22C45b4"
}
[2025-03-18T22:24:29.302Z] FRONTEND:USER - INFO: Wallet state updated
  Details: {
  "is_connected": false,
  "is_connecting": false,
  "is_disconnected": true,
  "status": "disconnected",
  "chain_id": 137,
  "has_address": false,
  "is_authenticated": true,
  "has_auth_wallet": true,
  "has_effective_address": true,
  "is_using_auth_wallet": true
}
[2025-03-18T22:24:29.302Z] FRONTEND:USER - INFO: Wallet readiness state updated
  Details: {
  "stable_connection": false,
  "has_valid_address": true,
  "is_ready": false,
  "authenticated_address": "0xA1E82F804D00d7CDe0dc591fBa2AD5A8A22C45b4"
}
[2025-03-18T22:24:29.303Z] FRONTEND:USER - INFO: Wallet state updated
  Details: {
  "is_connected": false,
  "is_connecting": false,
  "is_disconnected": true,
  "status": "disconnected",
  "chain_id": 137,
  "has_address": false,
  "is_authenticated": true,
  "has_auth_wallet": true,
  "has_effective_address": true,
  "is_using_auth_wallet": true
}
[2025-03-18T22:24:29.303Z] FRONTEND:AUTH - DEBUG: Auth Flow - Route Protection Check
  Details: {
  "timestamp": "2025-03-18T22:24:29.303Z",
  "is_authenticated": true,
  "has_token": true,
  "wallet_address": "0xA1E82F804D00d7CDe0dc591fBa2AD5A8A22C45b4",
  "is_connected": false,
  "has_address": false
}
[2025-03-18T22:24:29.304Z] FRONTEND:USER - INFO: Wallet readiness state updated
  Details: {
  "stable_connection": false,
  "has_valid_address": true,
  "is_ready": false,
  "authenticated_address": "0xA1E82F804D00d7CDe0dc591fBa2AD5A8A22C45b4"
}
[2025-03-18T22:24:29.304Z] FRONTEND:USER - INFO: Wallet state updated
  Details: {
  "is_connected": false,
  "is_connecting": false,
  "is_disconnected": true,
  "status": "disconnected",
  "chain_id": 137,
  "has_address": false,
  "is_authenticated": true,
  "has_auth_wallet": true,
  "has_effective_address": true,
  "is_using_auth_wallet": true
}
[2025-03-18T22:24:29.316Z] FRONTEND:AUTH - DEBUG: Auth Flow - HeaderConnect Render
  Details: {
  "timestamp": "2025-03-18T22:24:29.316Z",
  "is_connected": false,
  "is_authenticated": false,
  "is_authenticating": false
}
[2025-03-18T22:24:29.317Z] FRONTEND:AUTH - DEBUG: Auth Flow - HeaderConnect Render
  Details: {
  "timestamp": "2025-03-18T22:24:29.317Z",
  "is_connected": false,
  "is_authenticated": false,
  "is_authenticating": false
}
[2025-03-18T22:24:29.328Z] FRONTEND:AUTH - DEBUG: Auth Flow - Auth state updated
  Details: {
  "timestamp": "2025-03-18T22:24:29.328Z",
  "is_connected": false,
  "is_authenticated": false,
  "is_authenticating": false,
  "initial_check_done": false,
  "needs_reauthentication": false,
  "last_authenticated_address": null
}
[2025-03-18T22:24:29.329Z] FRONTEND:USER - INFO: Wallet readiness state updated
  Details: {
  "stable_connection": false,
  "has_valid_address": false,
  "is_ready": false
}
[2025-03-18T22:24:29.330Z] FRONTEND:USER - INFO: Wallet state updated
  Details: {
  "is_connected": false,
  "is_connecting": false,
  "is_disconnected": true,
  "status": "disconnected",
  "chain_id": 137,
  "has_address": false,
  "is_authenticated": false,
  "has_auth_wallet": false,
  "has_effective_address": false,
  "is_using_auth_wallet": false
}
[2025-03-18T22:24:29.330Z] FRONTEND:USER - INFO: Wallet readiness state updated
  Details: {
  "stable_connection": false,
  "has_valid_address": false,
  "is_ready": false
}
[2025-03-18T22:24:29.330Z] FRONTEND:USER - INFO: Wallet state updated
  Details: {
  "is_connected": false,
  "is_connecting": false,
  "is_disconnected": true,
  "status": "disconnected",
  "chain_id": 137,
  "has_address": false,
  "is_authenticated": false,
  "has_auth_wallet": false,
  "has_effective_address": false,
  "is_using_auth_wallet": false
}
[2025-03-18T22:24:38.546Z] FRONTEND:USER - INFO: Wallet readiness state updated
  Details: {
  "stable_connection": false,
  "has_valid_address": false,
  "is_ready": false
}
[2025-03-18T22:24:38.547Z] FRONTEND:USER - INFO: Wallet readiness state updated
  Details: {
  "stable_connection": false,
  "has_valid_address": false,
  "is_ready": false
}
[2025-03-18T22:24:40.806Z] FRONTEND:AUTH - DEBUG: Auth Flow - Authentication needed - not authenticated
  Details: {
  "timestamp": "2025-03-18T22:24:40.806Z",
  "address": "0x0300B70e40F138927e3a988ce4A9a069Ff875336",
  "is_connected": true
}
[2025-03-18T22:24:40.807Z] FRONTEND:AUTH - DEBUG: Auth Flow - Authentication needed - not authenticated
  Details: {
  "timestamp": "2025-03-18T22:24:40.807Z",
  "address": "0x0300B70e40F138927e3a988ce4A9a069Ff875336",
  "is_connected": true
}
[2025-03-18T22:24:40.807Z] FRONTEND:AUTH - DEBUG: Auth Flow - HeaderConnect Render
  Details: {
  "timestamp": "2025-03-18T22:24:40.807Z",
  "wallet_address": "0x0300B70e40F138927e3a988ce4A9a069Ff875336",
  "is_connected": true,
  "is_authenticated": false,
  "is_authenticating": false
}
[2025-03-18T22:24:40.809Z] FRONTEND:AUTH - DEBUG: Auth Flow - HeaderConnect Render
  Details: {
  "timestamp": "2025-03-18T22:24:40.809Z",
  "wallet_address": "0x0300B70e40F138927e3a988ce4A9a069Ff875336",
  "is_connected": true,
  "is_authenticated": false,
  "is_authenticating": false
}
[2025-03-18T22:24:40.811Z] FRONTEND:AUTH - DEBUG: Auth Flow - Authentication needed - not authenticated
  Details: {
  "timestamp": "2025-03-18T22:24:40.811Z",
  "address": "0x0300B70e40F138927e3a988ce4A9a069Ff875336",
  "is_connected": true
}
[2025-03-18T22:24:40.812Z] FRONTEND:AUTH - DEBUG: Auth Flow - Authentication needed - not authenticated
  Details: {
  "timestamp": "2025-03-18T22:24:40.812Z",
  "address": "0x0300B70e40F138927e3a988ce4A9a069Ff875336",
  "is_connected": true
}
[2025-03-18T22:24:40.812Z] FRONTEND:AUTH - DEBUG: Auth Flow - HeaderConnect Render
  Details: {
  "timestamp": "2025-03-18T22:24:40.812Z",
  "wallet_address": "0x0300B70e40F138927e3a988ce4A9a069Ff875336",
  "is_connected": true,
  "is_authenticated": false,
  "is_authenticating": false
}
[2025-03-18T22:24:40.813Z] FRONTEND:AUTH - DEBUG: Auth Flow - HeaderConnect Render
  Details: {
  "timestamp": "2025-03-18T22:24:40.813Z",
  "wallet_address": "0x0300B70e40F138927e3a988ce4A9a069Ff875336",
  "is_connected": true,
  "is_authenticated": false,
  "is_authenticating": false
}
[2025-03-18T22:24:40.824Z] FRONTEND:AUTH - DEBUG: Auth Flow - Auth Check
  Details: {
  "timestamp": "2025-03-18T22:24:40.824Z",
  "has_token": false,
  "has_user": false
}
[2025-03-18T22:24:40.824Z] FRONTEND:AUTH - DEBUG: Auth Flow - Starting authentication
  Details: {
  "timestamp": "2025-03-18T22:24:40.824Z",
  "wallet_address": "0x0300B70e40F138927e3a988ce4A9a069Ff875336",
  "is_connected": true,
  "initial_check_done": true
}
[2025-03-18T22:24:40.831Z] FRONTEND:AUTH - DEBUG: Auth Flow - Auth Check
  Details: {
  "timestamp": "2025-03-18T22:24:40.831Z",
  "has_token": false,
  "has_user": false
}
[2025-03-18T22:24:40.834Z] FRONTEND:AUTH - DEBUG: Auth Flow - Starting authentication
  Details: {
  "timestamp": "2025-03-18T22:24:40.834Z",
  "wallet_address": "0x0300B70e40F138927e3a988ce4A9a069Ff875336",
  "is_connected": true,
  "initial_check_done": true
}
[2025-03-18T22:24:40.835Z] FRONTEND:AUTH - DEBUG: Auth Flow - Request Signature
  Details: {
  "timestamp": "2025-03-18T22:24:40.835Z",
  "walletAddress": "0x0300B70e40F138927e3a988ce4A9a069Ff875336"
}
[2025-03-18T22:24:40.837Z] FRONTEND:AUTH - DEBUG: Auth Flow - Auth state updated
  Details: {
  "timestamp": "2025-03-18T22:24:40.837Z",
  "is_connected": true,
  "is_authenticated": false,
  "wallet_address": "0x0300B70e40F138927e3a988ce4A9a069Ff875336",
  "is_authenticating": false,
  "initial_check_done": true,
  "needs_reauthentication": true,
  "last_authenticated_address": null
}
[2025-03-18T22:24:40.824Z] FRONTEND:AUTH - DEBUG: Auth Flow - Request Signature
  Details: {
  "timestamp": "2025-03-18T22:24:40.824Z",
  "walletAddress": "0x0300B70e40F138927e3a988ce4A9a069Ff875336"
}
[2025-03-18T22:24:40.825Z] FRONTEND:AUTH - DEBUG: Auth Flow - Auth state updated
  Details: {
  "timestamp": "2025-03-18T22:24:40.825Z",
  "is_connected": true,
  "is_authenticated": false,
  "wallet_address": "0x0300B70e40F138927e3a988ce4A9a069Ff875336",
  "is_authenticating": false,
  "initial_check_done": true,
  "needs_reauthentication": true,
  "last_authenticated_address": null
}
[2025-03-18T22:24:40.827Z] FRONTEND:USER - INFO: Wallet readiness state updated
  Details: {
  "stable_connection": true,
  "has_valid_address": true,
  "is_ready": true,
  "wallet_address": "0x0300B70e40F138927e3a988ce4A9a069Ff875336"
}
[2025-03-18T22:24:40.827Z] FRONTEND:USER - INFO: Wallet state updated
  Details: {
  "is_connected": true,
  "is_connecting": false,
  "is_disconnected": false,
  "status": "connected",
  "chain_id": 137,
  "has_address": true,
  "is_authenticated": false,
  "has_auth_wallet": false,
  "has_effective_address": true,
  "is_using_auth_wallet": false
}
[2025-03-18T22:24:40.829Z] FRONTEND:USER - INFO: Wallet readiness state updated
  Details: {
  "stable_connection": true,
  "has_valid_address": true,
  "is_ready": true,
  "wallet_address": "0x0300B70e40F138927e3a988ce4A9a069Ff875336"
}
[2025-03-18T22:24:40.970Z] FRONTEND:AUTH - DEBUG: Auth Flow - Auth state restoration failed - triggering authentication
  Details: {
  "timestamp": "2025-03-18T22:24:40.970Z",
  "address": "0x0300B70e40F138927e3a988ce4A9a069Ff875336",
  "is_connected": true
}
[2025-03-18T22:24:40.973Z] FRONTEND:AUTH - DEBUG: Auth Flow - Token Retrieval
  Details: {
  "timestamp": "2025-03-18T22:24:40.973Z",
  "exists": false
}
[2025-03-18T22:24:40.981Z] FRONTEND:AUTH - DEBUG: Auth Flow - HeaderConnect Render
  Details: {
  "timestamp": "2025-03-18T22:24:40.981Z",
  "wallet_address": "0x0300B70e40F138927e3a988ce4A9a069Ff875336",
  "is_connected": true,
  "is_authenticated": false,
  "is_authenticating": true
}
[2025-03-18T22:24:40.982Z] FRONTEND:AUTH - DEBUG: Auth Flow - HeaderConnect Render
  Details: {
  "timestamp": "2025-03-18T22:24:40.982Z",
  "wallet_address": "0x0300B70e40F138927e3a988ce4A9a069Ff875336",
  "is_connected": true,
  "is_authenticated": false,
  "is_authenticating": true
}
[2025-03-18T22:24:40.830Z] FRONTEND:USER - INFO: Wallet state updated
  Details: {
  "is_connected": true,
  "is_connecting": false,
  "is_disconnected": false,
  "status": "connected",
  "chain_id": 137,
  "has_address": true,
  "is_authenticated": false,
  "has_auth_wallet": false,
  "has_effective_address": true,
  "is_using_auth_wallet": false
}
[2025-03-18T22:24:41.013Z] FRONTEND:AUTH - DEBUG: Auth Flow - Auth state updated
  Details: {
  "timestamp": "2025-03-18T22:24:41.013Z",
  "is_connected": true,
  "is_authenticated": false,
  "wallet_address": "0x0300B70e40F138927e3a988ce4A9a069Ff875336",
  "is_authenticating": true,
  "initial_check_done": true,
  "needs_reauthentication": true,
  "last_authenticated_address": null
}
[2025-03-18T22:24:40.840Z] FRONTEND:AUTH - DEBUG: Auth Flow - Auth state restoration failed - triggering authentication
  Details: {
  "timestamp": "2025-03-18T22:24:40.840Z",
  "address": "0x0300B70e40F138927e3a988ce4A9a069Ff875336",
  "is_connected": true
}
[2025-03-18T22:24:40.840Z] FRONTEND:AUTH - DEBUG: Auth Flow - Token Retrieval
  Details: {
  "timestamp": "2025-03-18T22:24:40.840Z",
  "exists": false
}
[2025-03-18T22:24:40.849Z] FRONTEND:AUTH - DEBUG: Auth Flow - HeaderConnect Render
  Details: {
  "timestamp": "2025-03-18T22:24:40.849Z",
  "wallet_address": "0x0300B70e40F138927e3a988ce4A9a069Ff875336",
  "is_connected": true,
  "is_authenticated": false,
  "is_authenticating": true
}
[2025-03-18T22:24:40.850Z] FRONTEND:AUTH - DEBUG: Auth Flow - HeaderConnect Render
  Details: {
  "timestamp": "2025-03-18T22:24:40.850Z",
  "wallet_address": "0x0300B70e40F138927e3a988ce4A9a069Ff875336",
  "is_connected": true,
  "is_authenticated": false,
  "is_authenticating": true
}
[2025-03-18T22:24:40.863Z] FRONTEND:AUTH - DEBUG: Auth Flow - Auth state updated
  Details: {
  "timestamp": "2025-03-18T22:24:40.863Z",
  "is_connected": true,
  "is_authenticated": false,
  "wallet_address": "0x0300B70e40F138927e3a988ce4A9a069Ff875336",
  "is_authenticating": true,
  "initial_check_done": true,
  "needs_reauthentication": true,
  "last_authenticated_address": null
}
[2025-03-18T22:24:41.333Z] FRONTEND:USER - INFO: Wallet readiness state updated
  Details: {
  "stable_connection": true,
  "has_valid_address": true,
  "is_ready": true,
  "wallet_address": "0x0300B70e40F138927e3a988ce4A9a069Ff875336"
}
[2025-03-18T22:24:41.334Z] FRONTEND:USER - INFO: Wallet state updated
  Details: {
  "is_connected": true,
  "is_connecting": false,
  "is_disconnected": false,
  "status": "connected",
  "chain_id": 137,
  "has_address": true,
  "is_authenticated": false,
  "has_auth_wallet": false,
  "has_effective_address": true,
  "is_using_auth_wallet": false
}
[2025-03-18T22:24:41.335Z] FRONTEND:USER - INFO: Wallet hook initialized
  Details: {
  "is_connected": true,
  "is_connecting": false,
  "is_disconnected": false,
  "status": "connected",
  "chain_id": 137,
  "has_address": true,
  "is_authenticated": false,
  "has_auth_wallet": false
}
[2025-03-18T22:24:41.335Z] FRONTEND:AUTH - DEBUG: Auth Flow - Route Protection Check
  Details: {
  "timestamp": "2025-03-18T22:24:41.335Z",
  "is_authenticated": false,
  "has_token": false,
  "is_connected": true,
  "has_address": true
}
[2025-03-18T22:24:41.353Z] FRONTEND:AUTH - DEBUG: Auth Flow - Signature Requested
  Details: {
  "timestamp": "2025-03-18T22:24:41.353Z",
  "nonce": "6533ce96d2cfbce07f5310bdfcf236bedad93319aa680d4ebebc9dd48e83f3a8"
}
[2025-03-18T22:24:41.363Z] FRONTEND:AUTH - DEBUG: Auth Flow - HeaderConnect Render
  Details: {
  "timestamp": "2025-03-18T22:24:41.363Z",
  "wallet_address": "0x0300B70e40F138927e3a988ce4A9a069Ff875336",
  "is_connected": true,
  "is_authenticated": false,
  "is_authenticating": true
}
[2025-03-18T22:24:41.365Z] FRONTEND:AUTH - DEBUG: Auth Flow - HeaderConnect Render
  Details: {
  "timestamp": "2025-03-18T22:24:41.365Z",
  "wallet_address": "0x0300B70e40F138927e3a988ce4A9a069Ff875336",
  "is_connected": true,
  "is_authenticated": false,
  "is_authenticating": true
}
[2025-03-18T22:24:41.336Z] FRONTEND:AUTH - DEBUG: Auth Flow - Auth Check
  Details: {
  "timestamp": "2025-03-18T22:24:41.336Z",
  "has_token": false,
  "has_user": false
}
[2025-03-18T22:24:41.338Z] FRONTEND:USER - INFO: Wallet readiness state updated
  Details: {
  "stable_connection": true,
  "has_valid_address": true,
  "is_ready": true,
  "wallet_address": "0x0300B70e40F138927e3a988ce4A9a069Ff875336"
}
[2025-03-18T22:24:41.338Z] FRONTEND:USER - INFO: Wallet state updated
  Details: {
  "is_connected": true,
  "is_connecting": false,
  "is_disconnected": false,
  "status": "connected",
  "chain_id": 137,
  "has_address": true,
  "is_authenticated": false,
  "has_auth_wallet": false,
  "has_effective_address": true,
  "is_using_auth_wallet": false
}
[2025-03-18T22:24:41.339Z] FRONTEND:USER - INFO: Wallet hook initialized
  Details: {
  "is_connected": true,
  "is_connecting": false,
  "is_disconnected": false,
  "status": "connected",
  "chain_id": 137,
  "has_address": true,
  "is_authenticated": false,
  "has_auth_wallet": false
}
[2025-03-18T22:24:41.339Z] FRONTEND:AUTH - DEBUG: Auth Flow - Route Protection Check
  Details: {
  "timestamp": "2025-03-18T22:24:41.339Z",
  "is_authenticated": false,
  "has_token": false,
  "is_connected": true,
  "has_address": true
}
[2025-03-18T22:24:41.340Z] FRONTEND:AUTH - DEBUG: Auth Flow - Auth Check
  Details: {
  "timestamp": "2025-03-18T22:24:41.340Z",
  "has_token": false,
  "has_user": false
}
[2025-03-18T22:24:41.344Z] FRONTEND:AUTH - DEBUG: Auth Flow - HeaderConnect Render
  Details: {
  "timestamp": "2025-03-18T22:24:41.344Z",
  "wallet_address": "0x0300B70e40F138927e3a988ce4A9a069Ff875336",
  "is_connected": true,
  "is_authenticated": false,
  "is_authenticating": true
}
[2025-03-18T22:24:41.345Z] FRONTEND:AUTH - DEBUG: Auth Flow - HeaderConnect Render
  Details: {
  "timestamp": "2025-03-18T22:24:41.345Z",
  "wallet_address": "0x0300B70e40F138927e3a988ce4A9a069Ff875336",
  "is_connected": true,
  "is_authenticated": false,
  "is_authenticating": true
}
[2025-03-18T22:24:41.368Z] FRONTEND:AUTH - DEBUG: Auth Flow - Route Protection Failed
  Details: {
  "timestamp": "2025-03-18T22:24:41.368Z",
  "reason": "Not authenticated",
  "redirect_to": "/"
}
[2025-03-18T22:24:41.369Z] FRONTEND:AUTH - DEBUG: Auth Flow - Route Protection Failed
  Details: {
  "timestamp": "2025-03-18T22:24:41.369Z",
  "reason": "Not authenticated",
  "redirect_to": "/"
}
[2025-03-18T22:24:41.404Z] FRONTEND:AUTH - DEBUG: Auth Flow - Signature Requested
  Details: {
  "timestamp": "2025-03-18T22:24:41.404Z",
  "nonce": "bb95e64bb4bc02a0638adc4bffe478dff94c3f73780e0895ba5fa8b255d60433"
}
[2025-03-18T22:24:41.407Z] FRONTEND:AUTH - DEBUG: Auth Flow - HeaderConnect Render
  Details: {
  "timestamp": "2025-03-18T22:24:41.407Z",
  "wallet_address": "0x0300B70e40F138927e3a988ce4A9a069Ff875336",
  "is_connected": true,
  "is_authenticated": false,
  "is_authenticating": true
}
[2025-03-18T22:24:41.409Z] FRONTEND:AUTH - DEBUG: Auth Flow - HeaderConnect Render
  Details: {
  "timestamp": "2025-03-18T22:24:41.409Z",
  "wallet_address": "0x0300B70e40F138927e3a988ce4A9a069Ff875336",
  "is_connected": true,
  "is_authenticated": false,
  "is_authenticating": true
}
[2025-03-18T22:24:42.086Z] FRONTEND:AUTH - DEBUG: Auth Flow - Authentication needed - not authenticated
  Details: {
  "timestamp": "2025-03-18T22:24:42.086Z",
  "address": "0x0300B70e40F138927e3a988ce4A9a069Ff875336",
  "is_connected": true
}
[2025-03-18T22:24:42.087Z] FRONTEND:AUTH - DEBUG: Auth Flow - Authentication needed - not authenticated
  Details: {
  "timestamp": "2025-03-18T22:24:42.087Z",
  "address": "0x0300B70e40F138927e3a988ce4A9a069Ff875336",
  "is_connected": true
}
[2025-03-18T22:24:42.087Z] FRONTEND:AUTH - DEBUG: Auth Flow - HeaderConnect Render
  Details: {
  "timestamp": "2025-03-18T22:24:42.087Z",
  "wallet_address": "0x0300B70e40F138927e3a988ce4A9a069Ff875336",
  "is_connected": true,
  "is_authenticated": false,
  "is_authenticating": false
}
[2025-03-18T22:24:42.087Z] FRONTEND:AUTH - DEBUG: Auth Flow - HeaderConnect Render
  Details: {
  "timestamp": "2025-03-18T22:24:42.087Z",
  "wallet_address": "0x0300B70e40F138927e3a988ce4A9a069Ff875336",
  "is_connected": true,
  "is_authenticated": false,
  "is_authenticating": false
}
[2025-03-18T22:24:42.408Z] FRONTEND:AUTH - DEBUG: Auth Flow - Auth Check
  Details: {
  "timestamp": "2025-03-18T22:24:42.408Z",
  "has_token": false,
  "has_user": false
}
[2025-03-18T22:24:42.409Z] FRONTEND:AUTH - DEBUG: Auth Flow - Starting authentication
  Details: {
  "timestamp": "2025-03-18T22:24:42.409Z",
  "wallet_address": "0x0300B70e40F138927e3a988ce4A9a069Ff875336",
  "is_connected": true,
  "initial_check_done": true
}
[2025-03-18T22:24:42.410Z] FRONTEND:AUTH - DEBUG: Auth Flow - Request Signature
  Details: {
  "timestamp": "2025-03-18T22:24:42.410Z",
  "walletAddress": "0x0300B70e40F138927e3a988ce4A9a069Ff875336"
}
[2025-03-18T22:24:42.410Z] FRONTEND:AUTH - DEBUG: Auth Flow - Auth state updated
  Details: {
  "timestamp": "2025-03-18T22:24:42.410Z",
  "is_connected": true,
  "is_authenticated": false,
  "wallet_address": "0x0300B70e40F138927e3a988ce4A9a069Ff875336",
  "is_authenticating": false,
  "initial_check_done": true,
  "needs_reauthentication": true,
  "last_authenticated_address": null
}
[2025-03-18T22:24:42.425Z] FRONTEND:AUTH - DEBUG: Auth Flow - Starting authentication
  Details: {
  "timestamp": "2025-03-18T22:24:42.425Z",
  "wallet_address": "0x0300B70e40F138927e3a988ce4A9a069Ff875336",
  "is_connected": true,
  "initial_check_done": true
}
[2025-03-18T22:24:42.425Z] FRONTEND:AUTH - DEBUG: Auth Flow - Request Signature
  Details: {
  "timestamp": "2025-03-18T22:24:42.425Z",
  "walletAddress": "0x0300B70e40F138927e3a988ce4A9a069Ff875336"
}
[2025-03-18T22:24:42.426Z] FRONTEND:AUTH - DEBUG: Auth Flow - Auth state updated
  Details: {
  "timestamp": "2025-03-18T22:24:42.426Z",
  "is_connected": true,
  "is_authenticated": false,
  "wallet_address": "0x0300B70e40F138927e3a988ce4A9a069Ff875336",
  "is_authenticating": false,
  "initial_check_done": true,
  "needs_reauthentication": true,
  "last_authenticated_address": null
}
[2025-03-18T22:24:42.450Z] FRONTEND:AUTH - DEBUG: Auth Flow - HeaderConnect Render
  Details: {
  "timestamp": "2025-03-18T22:24:42.450Z",
  "wallet_address": "0x0300B70e40F138927e3a988ce4A9a069Ff875336",
  "is_connected": true,
  "is_authenticated": false,
  "is_authenticating": true
}
[2025-03-18T22:24:42.451Z] FRONTEND:AUTH - DEBUG: Auth Flow - HeaderConnect Render
  Details: {
  "timestamp": "2025-03-18T22:24:42.451Z",
  "wallet_address": "0x0300B70e40F138927e3a988ce4A9a069Ff875336",
  "is_connected": true,
  "is_authenticated": false,
  "is_authenticating": true
}
[2025-03-18T22:24:42.475Z] FRONTEND:AUTH - DEBUG: Auth Flow - Auth state updated
  Details: {
  "timestamp": "2025-03-18T22:24:42.475Z",
  "is_connected": true,
  "is_authenticated": false,
  "wallet_address": "0x0300B70e40F138927e3a988ce4A9a069Ff875336",
  "is_authenticating": true,
  "initial_check_done": true,
  "needs_reauthentication": true,
  "last_authenticated_address": null
}
[2025-03-18T22:24:42.479Z] FRONTEND:AUTH - DEBUG: Auth Flow - Auth state restoration failed - triggering authentication
  Details: {
  "timestamp": "2025-03-18T22:24:42.479Z",
  "address": "0x0300B70e40F138927e3a988ce4A9a069Ff875336",
  "is_connected": true
}
[2025-03-18T22:24:42.479Z] FRONTEND:AUTH - DEBUG: Auth Flow - Token Retrieval
  Details: {
  "timestamp": "2025-03-18T22:24:42.479Z",
  "exists": false
}
[2025-03-18T22:24:42.480Z] FRONTEND:AUTH - DEBUG: Auth Flow - Token Retrieval
  Details: {
  "timestamp": "2025-03-18T22:24:42.480Z",
  "exists": false
}
[2025-03-18T22:24:42.521Z] FRONTEND:AUTH - DEBUG: Auth Flow - Signature Requested
  Details: {
  "timestamp": "2025-03-18T22:24:42.521Z",
  "nonce": "3b67fddfce3f0d5d4b48ea3d2763958a4daa6b4249a083ea451805ca53bd2843"
}
[2025-03-18T22:24:42.522Z] FRONTEND:AUTH - DEBUG: Auth Flow - Signature Requested
  Details: {
  "timestamp": "2025-03-18T22:24:42.522Z",
  "nonce": "c4d50ae0185d1f4f04287cdf514214167575d43f6e413e1b950b219ee7e65361"
}
[2025-03-18T22:24:42.527Z] FRONTEND:AUTH - DEBUG: Auth Flow - HeaderConnect Render
  Details: {
  "timestamp": "2025-03-18T22:24:42.527Z",
  "wallet_address": "0x0300B70e40F138927e3a988ce4A9a069Ff875336",
  "is_connected": true,
  "is_authenticated": false,
  "is_authenticating": true
}
[2025-03-18T22:24:42.528Z] FRONTEND:AUTH - DEBUG: Auth Flow - HeaderConnect Render
  Details: {
  "timestamp": "2025-03-18T22:24:42.528Z",
  "wallet_address": "0x0300B70e40F138927e3a988ce4A9a069Ff875336",
  "is_connected": true,
  "is_authenticated": false,
  "is_authenticating": true
}
[2025-03-18T22:24:43.305Z] FRONTEND:AUTH - DEBUG: Auth Flow - Verify Signature
  Details: {
  "timestamp": "2025-03-18T22:24:43.305Z",
  "walletAddress": "0x0300B70e40F138927e3a988ce4A9a069Ff875336",
  "nonce": "6533ce96d2cfbce07f5310bdfcf236bedad93319aa680d4ebebc9dd48e83f3a8"
}
[2025-03-18T22:24:43.306Z] FRONTEND:AUTH - DEBUG: Auth Flow - Token Retrieval
  Details: {
  "timestamp": "2025-03-18T22:24:43.306Z",
  "exists": false
}
[2025-03-18T22:24:43.312Z] FRONTEND:AUTH - DEBUG: Auth Flow - HeaderConnect Render
  Details: {
  "timestamp": "2025-03-18T22:24:43.312Z",
  "wallet_address": "0x0300B70e40F138927e3a988ce4A9a069Ff875336",
  "is_connected": true,
  "is_authenticated": false,
  "is_authenticating": true
}
[2025-03-18T22:24:43.313Z] FRONTEND:AUTH - DEBUG: Auth Flow - HeaderConnect Render
  Details: {
  "timestamp": "2025-03-18T22:24:43.313Z",
  "wallet_address": "0x0300B70e40F138927e3a988ce4A9a069Ff875336",
  "is_connected": true,
  "is_authenticated": false,
  "is_authenticating": true
}
[2025-03-18T22:24:43.334Z] FRONTEND:AUTH - ERROR: Auth API Response Error
  Details: {
  "status": 500,
  "url": "/verify?nonce=6533ce96d2cfbce07f5310bdfcf236bedad93319aa680d4ebebc9dd48e83f3a8",
  "method": "post",
  "has_retry": false
}
[2025-03-18T22:24:43.337Z] FRONTEND:AUTH - ERROR: Auth Error - Verify Signature
  Details: {
  "timestamp": "2025-03-18T22:24:43.337Z",
  "error": "Request failed with status code 500",
  "code": "ERR_BAD_RESPONSE",
  "stack": "AxiosError: Request failed with status code 500\n    at settle (webpack-internal:///(app-pages-browser)/./node_modules/axios/lib/core/settle.js:24:12)\n    at XMLHttpRequest.onloadend (webpack-internal:///(app-pages-browser)/./node_modules/axios/lib/adapters/xhr.js:73:66)\n    at Axios.request (webpack-internal:///(app-pages-browser)/./node_modules/axios/lib/core/Axios.js:57:41)\n    at async verifySignature (webpack-internal:///(app-pages-browser)/./src/api/auth.ts:130:26)\n    at async useWalletAuth.useCallback[authenticate] (webpack-internal:///(app-pages-browser)/./src/hooks/useWalletAuth.ts:128:40)"
}
[2025-03-18T22:24:43.338Z] FRONTEND:AUTH - ERROR: Auth Error - Authentication failed
  Details: {
  "timestamp": "2025-03-18T22:24:43.338Z",
  "error": "Request failed with status code 500",
  "code": "ERR_BAD_RESPONSE",
  "stack": "AxiosError: Request failed with status code 500\n    at settle (webpack-internal:///(app-pages-browser)/./node_modules/axios/lib/core/settle.js:24:12)\n    at XMLHttpRequest.onloadend (webpack-internal:///(app-pages-browser)/./node_modules/axios/lib/adapters/xhr.js:73:66)\n    at Axios.request (webpack-internal:///(app-pages-browser)/./node_modules/axios/lib/core/Axios.js:57:41)\n    at async verifySignature (webpack-internal:///(app-pages-browser)/./src/api/auth.ts:130:26)\n    at async useWalletAuth.useCallback[authenticate] (webpack-internal:///(app-pages-browser)/./src/hooks/useWalletAuth.ts:128:40)"
}
[2025-03-18T22:24:43.340Z] FRONTEND:AUTH - DEBUG: Auth Flow - Logout
  Details: {
  "timestamp": "2025-03-18T22:24:43.340Z"
}
[2025-03-18T22:24:43.347Z] FRONTEND:AUTH - DEBUG: Auth Flow - HeaderConnect Render
  Details: {
  "timestamp": "2025-03-18T22:24:43.347Z",
  "wallet_address": "0x0300B70e40F138927e3a988ce4A9a069Ff875336",
  "is_connected": true,
  "is_authenticated": false,
  "is_authenticating": false
}
[2025-03-18T22:24:43.348Z] FRONTEND:AUTH - DEBUG: Auth Flow - HeaderConnect Render
  Details: {
  "timestamp": "2025-03-18T22:24:43.348Z",
  "wallet_address": "0x0300B70e40F138927e3a988ce4A9a069Ff875336",
  "is_connected": true,
  "is_authenticated": false,
  "is_authenticating": false
}
[2025-03-18T22:24:43.388Z] FRONTEND:AUTH - DEBUG: Auth Flow - Auth state updated
  Details: {
  "timestamp": "2025-03-18T22:24:43.388Z",
  "is_connected": true,
  "is_authenticated": false,
  "wallet_address": "0x0300B70e40F138927e3a988ce4A9a069Ff875336",
  "is_authenticating": false,
  "initial_check_done": true,
  "needs_reauthentication": true,
  "last_authenticated_address": null
}
[2025-03-18T22:24:44.219Z] FRONTEND:AUTH - DEBUG: Auth Flow - Verify Signature
  Details: {
  "timestamp": "2025-03-18T22:24:44.219Z",
  "walletAddress": "0x0300B70e40F138927e3a988ce4A9a069Ff875336",
  "nonce": "bb95e64bb4bc02a0638adc4bffe478dff94c3f73780e0895ba5fa8b255d60433"
}
[2025-03-18T22:24:44.220Z] FRONTEND:AUTH - DEBUG: Auth Flow - Token Retrieval
  Details: {
  "timestamp": "2025-03-18T22:24:44.220Z",
  "exists": false
}
[2025-03-18T22:24:44.241Z] FRONTEND:AUTH - ERROR: Auth API Response Error
  Details: {
  "status": 500,
  "url": "/verify?nonce=bb95e64bb4bc02a0638adc4bffe478dff94c3f73780e0895ba5fa8b255d60433",
  "method": "post",
  "has_retry": false
}
[2025-03-18T22:24:44.243Z] FRONTEND:AUTH - ERROR: Auth Error - Verify Signature
  Details: {
  "timestamp": "2025-03-18T22:24:44.243Z",
  "error": "Request failed with status code 500",
  "code": "ERR_BAD_RESPONSE",
  "stack": "AxiosError: Request failed with status code 500\n    at settle (webpack-internal:///(app-pages-browser)/./node_modules/axios/lib/core/settle.js:24:12)\n    at XMLHttpRequest.onloadend (webpack-internal:///(app-pages-browser)/./node_modules/axios/lib/adapters/xhr.js:73:66)\n    at Axios.request (webpack-internal:///(app-pages-browser)/./node_modules/axios/lib/core/Axios.js:57:41)\n    at async verifySignature (webpack-internal:///(app-pages-browser)/./src/api/auth.ts:130:26)\n    at async useWalletAuth.useCallback[authenticate] (webpack-internal:///(app-pages-browser)/./src/hooks/useWalletAuth.ts:128:40)"
}
[2025-03-18T22:24:44.244Z] FRONTEND:AUTH - ERROR: Auth Error - Authentication failed
  Details: {
  "timestamp": "2025-03-18T22:24:44.244Z",
  "error": "Request failed with status code 500",
  "code": "ERR_BAD_RESPONSE",
  "stack": "AxiosError: Request failed with status code 500\n    at settle (webpack-internal:///(app-pages-browser)/./node_modules/axios/lib/core/settle.js:24:12)\n    at XMLHttpRequest.onloadend (webpack-internal:///(app-pages-browser)/./node_modules/axios/lib/adapters/xhr.js:73:66)\n    at Axios.request (webpack-internal:///(app-pages-browser)/./node_modules/axios/lib/core/Axios.js:57:41)\n    at async verifySignature (webpack-internal:///(app-pages-browser)/./src/api/auth.ts:130:26)\n    at async useWalletAuth.useCallback[authenticate] (webpack-internal:///(app-pages-browser)/./src/hooks/useWalletAuth.ts:128:40)"
}
[2025-03-18T22:24:44.245Z] FRONTEND:AUTH - DEBUG: Auth Flow - Logout
  Details: {
  "timestamp": "2025-03-18T22:24:44.245Z"
}
[2025-03-18T22:24:44.249Z] FRONTEND:AUTH - DEBUG: Auth Flow - HeaderConnect Render
  Details: {
  "timestamp": "2025-03-18T22:24:44.249Z",
  "wallet_address": "0x0300B70e40F138927e3a988ce4A9a069Ff875336",
  "is_connected": true,
  "is_authenticated": false,
  "is_authenticating": true
}
[2025-03-18T22:24:44.250Z] FRONTEND:AUTH - DEBUG: Auth Flow - HeaderConnect Render
  Details: {
  "timestamp": "2025-03-18T22:24:44.250Z",
  "wallet_address": "0x0300B70e40F138927e3a988ce4A9a069Ff875336",
  "is_connected": true,
  "is_authenticated": false,
  "is_authenticating": true
}
[2025-03-18T22:24:45.288Z] FRONTEND:AUTH - DEBUG: Auth Flow - Verify Signature
  Details: {
  "timestamp": "2025-03-18T22:24:45.288Z",
  "walletAddress": "0x0300B70e40F138927e3a988ce4A9a069Ff875336",
  "nonce": "3b67fddfce3f0d5d4b48ea3d2763958a4daa6b4249a083ea451805ca53bd2843"
}
[2025-03-18T22:24:45.288Z] FRONTEND:AUTH - DEBUG: Auth Flow - Token Retrieval
  Details: {
  "timestamp": "2025-03-18T22:24:45.288Z",
  "exists": false
}
[2025-03-18T22:24:45.304Z] FRONTEND:AUTH - ERROR: Auth API Response Error
  Details: {
  "status": 500,
  "url": "/verify?nonce=3b67fddfce3f0d5d4b48ea3d2763958a4daa6b4249a083ea451805ca53bd2843",
  "method": "post",
  "has_retry": false
}
[2025-03-18T22:24:45.305Z] FRONTEND:AUTH - ERROR: Auth Error - Verify Signature
  Details: {
  "timestamp": "2025-03-18T22:24:45.305Z",
  "error": "Request failed with status code 500",
  "code": "ERR_BAD_RESPONSE",
  "stack": "AxiosError: Request failed with status code 500\n    at settle (webpack-internal:///(app-pages-browser)/./node_modules/axios/lib/core/settle.js:24:12)\n    at XMLHttpRequest.onloadend (webpack-internal:///(app-pages-browser)/./node_modules/axios/lib/adapters/xhr.js:73:66)\n    at Axios.request (webpack-internal:///(app-pages-browser)/./node_modules/axios/lib/core/Axios.js:57:41)\n    at async verifySignature (webpack-internal:///(app-pages-browser)/./src/api/auth.ts:130:26)\n    at async useWalletAuth.useCallback[authenticate] (webpack-internal:///(app-pages-browser)/./src/hooks/useWalletAuth.ts:128:40)"
}
[2025-03-18T22:24:45.306Z] FRONTEND:AUTH - ERROR: Auth Error - Authentication failed
  Details: {
  "timestamp": "2025-03-18T22:24:45.306Z",
  "error": "Request failed with status code 500",
  "code": "ERR_BAD_RESPONSE",
  "stack": "AxiosError: Request failed with status code 500\n    at settle (webpack-internal:///(app-pages-browser)/./node_modules/axios/lib/core/settle.js:24:12)\n    at XMLHttpRequest.onloadend (webpack-internal:///(app-pages-browser)/./node_modules/axios/lib/adapters/xhr.js:73:66)\n    at Axios.request (webpack-internal:///(app-pages-browser)/./node_modules/axios/lib/core/Axios.js:57:41)\n    at async verifySignature (webpack-internal:///(app-pages-browser)/./src/api/auth.ts:130:26)\n    at async useWalletAuth.useCallback[authenticate] (webpack-internal:///(app-pages-browser)/./src/hooks/useWalletAuth.ts:128:40)"
}
[2025-03-18T22:24:45.306Z] FRONTEND:AUTH - DEBUG: Auth Flow - Logout
  Details: {
  "timestamp": "2025-03-18T22:24:45.306Z"
}
[2025-03-18T22:24:45.310Z] FRONTEND:AUTH - DEBUG: Auth Flow - HeaderConnect Render
  Details: {
  "timestamp": "2025-03-18T22:24:45.310Z",
  "wallet_address": "0x0300B70e40F138927e3a988ce4A9a069Ff875336",
  "is_connected": true,
  "is_authenticated": false,
  "is_authenticating": false
}
[2025-03-18T22:24:45.311Z] FRONTEND:AUTH - DEBUG: Auth Flow - HeaderConnect Render
  Details: {
  "timestamp": "2025-03-18T22:24:45.311Z",
  "wallet_address": "0x0300B70e40F138927e3a988ce4A9a069Ff875336",
  "is_connected": true,
  "is_authenticated": false,
  "is_authenticating": false
}
[2025-03-18T22:24:45.341Z] FRONTEND:AUTH - DEBUG: Auth Flow - Auth state updated
  Details: {
  "timestamp": "2025-03-18T22:24:45.341Z",
  "is_connected": true,
  "is_authenticated": false,
  "wallet_address": "0x0300B70e40F138927e3a988ce4A9a069Ff875336",
  "is_authenticating": false,
  "initial_check_done": true,
  "needs_reauthentication": true,
  "last_authenticated_address": null
}
[2025-03-18T22:24:45.831Z] FRONTEND:AUTH - DEBUG: Auth Flow - Verify Signature
  Details: {
  "timestamp": "2025-03-18T22:24:45.831Z",
  "walletAddress": "0x0300B70e40F138927e3a988ce4A9a069Ff875336",
  "nonce": "c4d50ae0185d1f4f04287cdf514214167575d43f6e413e1b950b219ee7e65361"
}
[2025-03-18T22:24:45.832Z] FRONTEND:AUTH - DEBUG: Auth Flow - Token Retrieval
  Details: {
  "timestamp": "2025-03-18T22:24:45.832Z",
  "exists": false
}
[2025-03-18T22:24:45.832Z] FRONTEND:AUTH - DEBUG: Auth Flow - HeaderConnect Render
  Details: {
  "timestamp": "2025-03-18T22:24:45.832Z",
  "wallet_address": "0x0300B70e40F138927e3a988ce4A9a069Ff875336",
  "is_connected": true,
  "is_authenticated": false,
  "is_authenticating": false
}
[2025-03-18T22:24:45.833Z] FRONTEND:AUTH - DEBUG: Auth Flow - HeaderConnect Render
  Details: {
  "timestamp": "2025-03-18T22:24:45.833Z",
  "wallet_address": "0x0300B70e40F138927e3a988ce4A9a069Ff875336",
  "is_connected": true,
  "is_authenticated": false,
  "is_authenticating": false
}
[2025-03-18T22:24:45.907Z] FRONTEND:AUTH - INFO: Token Operation - store
  Details: {
  "timestamp": "2025-03-18T22:24:45.907Z",
  "success": true
}
[2025-03-18T22:24:45.908Z] FRONTEND:AUTH - DEBUG: Auth Flow - Signature Verified
  Details: {
  "timestamp": "2025-03-18T22:24:45.908Z",
  "success": true
}
[2025-03-18T22:24:45.909Z] FRONTEND:AUTH - DEBUG: Auth Flow - Login
  Details: {
  "timestamp": "2025-03-18T22:24:45.909Z",
  "wallet_address": "0x0300B70e40F138927e3a988ce4A9a069Ff875336",
  "token_length": 188
}
[2025-03-18T22:24:45.909Z] FRONTEND:AUTH - DEBUG: Auth Flow - Authentication successful
  Details: {
  "timestamp": "2025-03-18T22:24:45.909Z",
  "wallet_address": "0x0300B70e40F138927e3a988ce4A9a069Ff875336"
}
[2025-03-18T22:24:45.912Z] FRONTEND:AUTH - DEBUG: Auth Flow - HeaderConnect Render
  Details: {
  "timestamp": "2025-03-18T22:24:45.912Z",
  "wallet_address": "0x0300B70e40F138927e3a988ce4A9a069Ff875336",
  "is_connected": true,
  "is_authenticated": true,
  "is_authenticating": false
}
[2025-03-18T22:24:45.913Z] FRONTEND:AUTH - DEBUG: Auth Flow - HeaderConnect Render
  Details: {
  "timestamp": "2025-03-18T22:24:45.913Z",
  "wallet_address": "0x0300B70e40F138927e3a988ce4A9a069Ff875336",
  "is_connected": true,
  "is_authenticated": true,
  "is_authenticating": false
}
[2025-03-18T22:24:45.917Z] FRONTEND:AUTH - DEBUG: Auth Flow - Auth state updated
  Details: {
  "timestamp": "2025-03-18T22:24:45.917Z",
  "is_connected": true,
  "is_authenticated": true,
  "wallet_address": "0x0300B70e40F138927e3a988ce4A9a069Ff875336",
  "auth_wallet_address": "0x0300B70e40F138927e3a988ce4A9a069Ff875336",
  "is_authenticating": false,
  "initial_check_done": true,
  "needs_reauthentication": false,
  "last_authenticated_address": "0x0300B70e40F138927e3a988ce4A9a069Ff875336"
}
[2025-03-18T22:24:47.537Z] FRONTEND:AUTH - DEBUG: Auth Flow - HeaderConnect Render
  Details: {
  "timestamp": "2025-03-18T22:24:47.537Z",
  "wallet_address": "0x0300B70e40F138927e3a988ce4A9a069Ff875336",
  "is_connected": true,
  "is_authenticated": true,
  "is_authenticating": false
}
[2025-03-18T22:24:47.538Z] FRONTEND:AUTH - DEBUG: Auth Flow - HeaderConnect Render
  Details: {
  "timestamp": "2025-03-18T22:24:47.538Z",
  "wallet_address": "0x0300B70e40F138927e3a988ce4A9a069Ff875336",
  "is_connected": true,
  "is_authenticated": true,
  "is_authenticating": false
}
[2025-03-18T22:24:47.589Z] FRONTEND:AUTH - DEBUG: Auth Flow - Auth Check
  Details: {
  "timestamp": "2025-03-18T22:24:47.589Z",
  "has_token": true,
  "has_user": true
}
[2025-03-18T22:24:47.590Z] FRONTEND:AUTH - DEBUG: Auth Flow - Auth state updated
  Details: {
  "timestamp": "2025-03-18T22:24:47.590Z",
  "is_connected": true,
  "is_authenticated": true,
  "wallet_address": "0x0300B70e40F138927e3a988ce4A9a069Ff875336",
  "auth_wallet_address": "0x0300B70e40F138927e3a988ce4A9a069Ff875336",
  "is_authenticating": false,
  "initial_check_done": true,
  "needs_reauthentication": false,
  "last_authenticated_address": null
}
[2025-03-18T22:24:47.591Z] FRONTEND:USER - INFO: Wallet readiness state updated
  Details: {
  "stable_connection": true,
  "has_valid_address": true,
  "is_ready": true,
  "wallet_address": "0x0300B70e40F138927e3a988ce4A9a069Ff875336",
  "authenticated_address": "0x0300B70e40F138927e3a988ce4A9a069Ff875336"
}
[2025-03-18T22:24:47.591Z] FRONTEND:USER - INFO: Wallet state updated
  Details: {
  "is_connected": true,
  "is_connecting": false,
  "is_disconnected": false,
  "status": "connected",
  "chain_id": 137,
  "has_address": true,
  "is_authenticated": true,
  "has_auth_wallet": true,
  "has_effective_address": true,
  "is_using_auth_wallet": false
}
[2025-03-18T22:24:47.592Z] FRONTEND:USER - INFO: Wallet hook initialized
  Details: {
  "is_connected": true,
  "is_connecting": false,
  "is_disconnected": false,
  "status": "connected",
  "chain_id": 137,
  "has_address": true,
  "is_authenticated": true,
  "has_auth_wallet": true
}
[2025-03-18T22:24:47.592Z] FRONTEND:USER - INFO: Wallet readiness state updated
  Details: {
  "stable_connection": true,
  "has_valid_address": true,
  "is_ready": true,
  "wallet_address": "0x0300B70e40F138927e3a988ce4A9a069Ff875336",
  "authenticated_address": "0x0300B70e40F138927e3a988ce4A9a069Ff875336"
}
[2025-03-18T22:24:47.593Z] FRONTEND:USER - INFO: Wallet state updated
  Details: {
  "is_connected": true,
  "is_connecting": false,
  "is_disconnected": false,
  "status": "connected",
  "chain_id": 137,
  "has_address": true,
  "is_authenticated": true,
  "has_auth_wallet": true,
  "has_effective_address": true,
  "is_using_auth_wallet": false
}
[2025-03-18T22:24:47.593Z] FRONTEND:USER - INFO: Wallet hook initialized
  Details: {
  "is_connected": true,
  "is_connecting": false,
  "is_disconnected": false,
  "status": "connected",
  "chain_id": 137,
  "has_address": true,
  "is_authenticated": true,
  "has_auth_wallet": true
}
[2025-03-18T22:24:47.595Z] FRONTEND:AUTH - DEBUG: Auth Flow - Auth state updated
  Details: {
  "timestamp": "2025-03-18T22:24:47.595Z",
  "is_connected": true,
  "is_authenticated": true,
  "wallet_address": "0x0300B70e40F138927e3a988ce4A9a069Ff875336",
  "auth_wallet_address": "0x0300B70e40F138927e3a988ce4A9a069Ff875336",
  "is_authenticating": false,
  "initial_check_done": true,
  "needs_reauthentication": false,
  "last_authenticated_address": null
}
[2025-03-18T22:24:47.595Z] FRONTEND:USER - INFO: Wallet readiness state updated
  Details: {
  "stable_connection": true,
  "has_valid_address": true,
  "is_ready": true,
  "wallet_address": "0x0300B70e40F138927e3a988ce4A9a069Ff875336",
  "authenticated_address": "0x0300B70e40F138927e3a988ce4A9a069Ff875336"
}
[2025-03-18T22:24:47.595Z] FRONTEND:USER - INFO: Wallet state updated
  Details: {
  "is_connected": true,
  "is_connecting": false,
  "is_disconnected": false,
  "status": "connected",
  "chain_id": 137,
  "has_address": true,
  "is_authenticated": true,
  "has_auth_wallet": true,
  "has_effective_address": true,
  "is_using_auth_wallet": false
}
[2025-03-18T22:24:47.596Z] FRONTEND:USER - INFO: Wallet hook initialized
  Details: {
  "is_connected": true,
  "is_connecting": false,
  "is_disconnected": false,
  "status": "connected",
  "chain_id": 137,
  "has_address": true,
  "is_authenticated": true,
  "has_auth_wallet": true
}
[2025-03-18T22:24:47.596Z] FRONTEND:USER - INFO: Wallet readiness state updated
  Details: {
  "stable_connection": true,
  "has_valid_address": true,
  "is_ready": true,
  "wallet_address": "0x0300B70e40F138927e3a988ce4A9a069Ff875336",
  "authenticated_address": "0x0300B70e40F138927e3a988ce4A9a069Ff875336"
}
[2025-03-18T22:24:47.596Z] FRONTEND:USER - INFO: Wallet state updated
  Details: {
  "is_connected": true,
  "is_connecting": false,
  "is_disconnected": false,
  "status": "connected",
  "chain_id": 137,
  "has_address": true,
  "is_authenticated": true,
  "has_auth_wallet": true,
  "has_effective_address": true,
  "is_using_auth_wallet": false
}
[2025-03-18T22:24:47.596Z] FRONTEND:USER - INFO: Wallet hook initialized
  Details: {
  "is_connected": true,
  "is_connecting": false,
  "is_disconnected": false,
  "status": "connected",
  "chain_id": 137,
  "has_address": true,
  "is_authenticated": true,
  "has_auth_wallet": true
}
[2025-03-18T22:24:47.607Z] FRONTEND:AUTH - DEBUG: Auth Flow - HeaderConnect Render
  Details: {
  "timestamp": "2025-03-18T22:24:47.607Z",
  "wallet_address": "0x0300B70e40F138927e3a988ce4A9a069Ff875336",
  "is_connected": true,
  "is_authenticated": true,
  "is_authenticating": false
}
[2025-03-18T22:24:47.608Z] FRONTEND:AUTH - DEBUG: Auth Flow - HeaderConnect Render
  Details: {
  "timestamp": "2025-03-18T22:24:47.608Z",
  "wallet_address": "0x0300B70e40F138927e3a988ce4A9a069Ff875336",
  "is_connected": true,
  "is_authenticated": true,
  "is_authenticating": false
}
[2025-03-18T22:24:47.619Z] FRONTEND:USER - INFO: Wallet readiness state updated
  Details: {
  "stable_connection": true,
  "has_valid_address": true,
  "is_ready": true,
  "wallet_address": "0x0300B70e40F138927e3a988ce4A9a069Ff875336",
  "authenticated_address": "0x0300B70e40F138927e3a988ce4A9a069Ff875336"
}
[2025-03-18T22:24:47.620Z] FRONTEND:USER - INFO: Wallet state updated
  Details: {
  "is_connected": true,
  "is_connecting": false,
  "is_disconnected": false,
  "status": "connected",
  "chain_id": 137,
  "has_address": true,
  "is_authenticated": true,
  "has_auth_wallet": true,
  "has_effective_address": true,
  "is_using_auth_wallet": false
}
[2025-03-18T22:24:47.620Z] FRONTEND:USER - INFO: Wallet hook initialized
  Details: {
  "is_connected": true,
  "is_connecting": false,
  "is_disconnected": false,
  "status": "connected",
  "chain_id": 137,
  "has_address": true,
  "is_authenticated": true,
  "has_auth_wallet": true
}
[2025-03-18T22:24:47.620Z] FRONTEND:AUTH - DEBUG: Auth Flow - Route Protection Check
  Details: {
  "timestamp": "2025-03-18T22:24:47.620Z",
  "is_authenticated": true,
  "has_token": true,
  "wallet_address": "0x0300B70e40F138927e3a988ce4A9a069Ff875336",
  "is_connected": true,
  "has_address": true
}
[2025-03-18T22:24:47.621Z] FRONTEND:USER - INFO: Wallet readiness state updated
  Details: {
  "stable_connection": true,
  "has_valid_address": true,
  "is_ready": true,
  "wallet_address": "0x0300B70e40F138927e3a988ce4A9a069Ff875336",
  "authenticated_address": "0x0300B70e40F138927e3a988ce4A9a069Ff875336"
}
[2025-03-18T22:24:47.621Z] FRONTEND:USER - INFO: Wallet state updated
  Details: {
  "is_connected": true,
  "is_connecting": false,
  "is_disconnected": false,
  "status": "connected",
  "chain_id": 137,
  "has_address": true,
  "is_authenticated": true,
  "has_auth_wallet": true,
  "has_effective_address": true,
  "is_using_auth_wallet": false
}
[2025-03-18T22:24:47.621Z] FRONTEND:USER - INFO: Wallet hook initialized
  Details: {
  "is_connected": true,
  "is_connecting": false,
  "is_disconnected": false,
  "status": "connected",
  "chain_id": 137,
  "has_address": true,
  "is_authenticated": true,
  "has_auth_wallet": true
}
[2025-03-18T22:24:47.621Z] FRONTEND:AUTH - DEBUG: Auth Flow - Route Protection Check
  Details: {
  "timestamp": "2025-03-18T22:24:47.621Z",
  "is_authenticated": true,
  "has_token": true,
  "wallet_address": "0x0300B70e40F138927e3a988ce4A9a069Ff875336",
  "is_connected": true,
  "has_address": true
}
[2025-03-18T22:24:47.637Z] FRONTEND:AUTH - DEBUG: Auth Flow - Route Protection Render
  Details: {
  "timestamp": "2025-03-18T22:24:47.637Z",
  "status": "allowed",
  "wallet_address": "0x0300B70e40F138927e3a988ce4A9a069Ff875336"
}
[2025-03-18T22:24:47.637Z] FRONTEND:AUTH - DEBUG: Auth Flow - Route Protection Render
  Details: {
  "timestamp": "2025-03-18T22:24:47.637Z",
  "status": "allowed",
  "wallet_address": "0x0300B70e40F138927e3a988ce4A9a069Ff875336"
}
[2025-03-18T22:25:10.779Z] FRONTEND:AUTH - DEBUG: Auth Flow - HeaderConnect Render
  Details: {
  "timestamp": "2025-03-18T22:25:10.779Z",
  "wallet_address": "0x0300B70e40F138927e3a988ce4A9a069Ff875336",
  "is_connected": true,
  "is_authenticated": true,
  "is_authenticating": false
}
[2025-03-18T22:25:10.780Z] FRONTEND:AUTH - DEBUG: Auth Flow - HeaderConnect Render
  Details: {
  "timestamp": "2025-03-18T22:25:10.780Z",
  "wallet_address": "0x0300B70e40F138927e3a988ce4A9a069Ff875336",
  "is_connected": true,
  "is_authenticated": true,
  "is_authenticating": false
}
[2025-03-18T22:25:10.947Z] FRONTEND:AUTH - DEBUG: Auth Flow - HeaderConnect Render
  Details: {
  "timestamp": "2025-03-18T22:25:10.947Z",
  "wallet_address": "0x0300B70e40F138927e3a988ce4A9a069Ff875336",
  "is_connected": true,
  "is_authenticated": true,
  "is_authenticating": false
}
[2025-03-18T22:25:10.948Z] FRONTEND:AUTH - DEBUG: Auth Flow - HeaderConnect Render
  Details: {
  "timestamp": "2025-03-18T22:25:10.948Z",
  "wallet_address": "0x0300B70e40F138927e3a988ce4A9a069Ff875336",
  "is_connected": true,
  "is_authenticated": true,
  "is_authenticating": false
}
[2025-03-18T22:25:11.027Z] FRONTEND:AUTH - DEBUG: Auth Flow - Auth Check
  Details: {
  "timestamp": "2025-03-18T22:25:11.027Z",
  "has_token": true,
  "has_user": true
}
[2025-03-18T22:25:11.028Z] FRONTEND:AUTH - DEBUG: Auth Flow - Auth state updated
  Details: {
  "timestamp": "2025-03-18T22:25:11.028Z",
  "is_connected": true,
  "is_authenticated": true,
  "wallet_address": "0x0300B70e40F138927e3a988ce4A9a069Ff875336",
  "auth_wallet_address": "0x0300B70e40F138927e3a988ce4A9a069Ff875336",
  "is_authenticating": false,
  "initial_check_done": true,
  "needs_reauthentication": false,
  "last_authenticated_address": null
}
[2025-03-18T22:25:11.028Z] FRONTEND:CS2 - INFO: Market navbar mounted with enhanced Skinport style and animations
  Details: {
  "categoriesCount": 4,
  "currentCategory": "none",
  "style": "text-only-enhanced-animated",
  "log_destination": "market",
  "timestamp": "2025-03-18T22:25:11.028Z"
}
[2025-03-18T22:25:11.040Z] FRONTEND:CS2 - INFO: Rendering 5 products with enhanced staggered animation
  Details: {
  "productCount": 5,
  "productIds": [
    "cs2-awp-crakow-minimal-wear",
    "cs2-ak47-asiimov-factory-new",
    "cs2-m4a4-howl-field-tested",
    "cs2-deagle-printstream-minimal-wear",
    "cs2-butterfly-doppler-factory-new"
  ],
  "animationEnabled": true,
  "staggerType": "wave",
  "baseDelay": "35ms",
  "log_destination": "market",
  "timestamp": "2025-03-18T22:25:11.040Z"
}
[2025-03-18T22:25:11.041Z] FRONTEND:CS2 - INFO: MarketPageView mounted with 5 products and enhanced animations
  Details: {
  "page": 1,
  "pageSize": 20,
  "totalProducts": 5,
  "productIds": [
    "cs2-awp-crakow-minimal-wear",
    "cs2-ak47-asiimov-factory-new",
    "cs2-m4a4-howl-field-tested",
    "cs2-deagle-printstream-minimal-wear",
    "cs2-butterfly-doppler-factory-new"
  ],
  "transitionType": "initial-mount",
  "animationsEnabled": true,
  "log_destination": "market",
  "timestamp": "2025-03-18T22:25:11.041Z"
}
[2025-03-18T22:25:11.043Z] FRONTEND:CS2 - DEBUG: MarketPageView unmounted
  Details: {
  "page": 1,
  "log_destination": "market",
  "timestamp": "2025-03-18T22:25:11.043Z"
}
[2025-03-18T22:25:11.044Z] FRONTEND:AUTH - DEBUG: Auth Flow - Auth state updated
  Details: {
  "timestamp": "2025-03-18T22:25:11.044Z",
  "is_connected": true,
  "is_authenticated": true,
  "wallet_address": "0x0300B70e40F138927e3a988ce4A9a069Ff875336",
  "auth_wallet_address": "0x0300B70e40F138927e3a988ce4A9a069Ff875336",
  "is_authenticating": false,
  "initial_check_done": true,
  "needs_reauthentication": false,
  "last_authenticated_address": null
}
[2025-03-18T22:25:11.045Z] FRONTEND:CS2 - INFO: Rendering 5 products with enhanced staggered animation
  Details: {
  "productCount": 5,
  "productIds": [
    "cs2-awp-crakow-minimal-wear",
    "cs2-ak47-asiimov-factory-new",
    "cs2-m4a4-howl-field-tested",
    "cs2-deagle-printstream-minimal-wear",
    "cs2-butterfly-doppler-factory-new"
  ],
  "animationEnabled": true,
  "staggerType": "wave",
  "baseDelay": "35ms",
  "log_destination": "market",
  "timestamp": "2025-03-18T22:25:11.045Z"
}
[2025-03-18T22:25:11.074Z] FRONTEND:AUTH - DEBUG: Auth Flow - HeaderConnect Render
  Details: {
  "timestamp": "2025-03-18T22:25:11.074Z",
  "wallet_address": "0x0300B70e40F138927e3a988ce4A9a069Ff875336",
  "is_connected": true,
  "is_authenticated": true,
  "is_authenticating": false
}
[2025-03-18T22:25:11.075Z] FRONTEND:AUTH - DEBUG: Auth Flow - HeaderConnect Render
  Details: {
  "timestamp": "2025-03-18T22:25:11.075Z",
  "wallet_address": "0x0300B70e40F138927e3a988ce4A9a069Ff875336",
  "is_connected": true,
  "is_authenticated": true,
  "is_authenticating": false
}
[2025-03-18T22:25:11.185Z] FRONTEND:AUTH - DEBUG: Auth Flow - HeaderConnect Render
  Details: {
  "timestamp": "2025-03-18T22:25:11.185Z",
  "wallet_address": "0x0300B70e40F138927e3a988ce4A9a069Ff875336",
  "is_connected": true,
  "is_authenticated": true,
  "is_authenticating": false
}
[2025-03-18T22:25:11.185Z] FRONTEND:AUTH - DEBUG: Auth Flow - HeaderConnect Render
  Details: {
  "timestamp": "2025-03-18T22:25:11.185Z",
  "wallet_address": "0x0300B70e40F138927e3a988ce4A9a069Ff875336",
  "is_connected": true,
  "is_authenticated": true,
  "is_authenticating": false
}
[2025-03-18T22:25:11.283Z] FRONTEND:AUTH - DEBUG: Auth Flow - Auth Check
  Details: {
  "timestamp": "2025-03-18T22:25:11.283Z",
  "has_token": true,
  "has_user": true
}
[2025-03-18T22:25:11.283Z] FRONTEND:AUTH - DEBUG: Auth Flow - Auth state updated
  Details: {
  "timestamp": "2025-03-18T22:25:11.283Z",
  "is_connected": true,
  "is_authenticated": true,
  "wallet_address": "0x0300B70e40F138927e3a988ce4A9a069Ff875336",
  "auth_wallet_address": "0x0300B70e40F138927e3a988ce4A9a069Ff875336",
  "is_authenticating": false,
  "initial_check_done": true,
  "needs_reauthentication": false,
  "last_authenticated_address": null
}
[2025-03-18T22:25:11.284Z] FRONTEND:CS2 - INFO: Market navbar mounted with enhanced Skinport style and animations
  Details: {
  "categoriesCount": 4,
  "currentCategory": "none",
  "style": "text-only-enhanced-animated",
  "log_destination": "market",
  "timestamp": "2025-03-18T22:25:11.284Z"
}
[2025-03-18T22:25:11.285Z] FRONTEND:AUTH - DEBUG: Auth Flow - Auth state updated
  Details: {
  "timestamp": "2025-03-18T22:25:11.285Z",
  "is_connected": true,
  "is_authenticated": true,
  "wallet_address": "0x0300B70e40F138927e3a988ce4A9a069Ff875336",
  "auth_wallet_address": "0x0300B70e40F138927e3a988ce4A9a069Ff875336",
  "is_authenticating": false,
  "initial_check_done": true,
  "needs_reauthentication": false,
  "last_authenticated_address": null
}
[2025-03-18T22:25:11.316Z] FRONTEND:AUTH - DEBUG: Auth Flow - HeaderConnect Render
  Details: {
  "timestamp": "2025-03-18T22:25:11.316Z",
  "wallet_address": "0x0300B70e40F138927e3a988ce4A9a069Ff875336",
  "is_connected": true,
  "is_authenticated": true,
  "is_authenticating": false
}
[2025-03-18T22:25:11.319Z] FRONTEND:AUTH - DEBUG: Auth Flow - HeaderConnect Render
  Details: {
  "timestamp": "2025-03-18T22:25:11.319Z",
  "wallet_address": "0x0300B70e40F138927e3a988ce4A9a069Ff875336",
  "is_connected": true,
  "is_authenticated": true,
  "is_authenticating": false
}
[2025-03-18T22:27:37.483Z] FRONTEND:CS2 - INFO: Navigation: none → cs2-knives
  Details: {
  "component": "MarketNavbar",
  "interactionType": "select",
  "transitionDuration": 300,
  "operation": "navigation",
  "from": "none",
  "to": "cs2-knives",
  "log_destination": "market",
  "timestamp": "2025-03-18T22:27:37.483Z"
}
[2025-03-18T22:27:47.391Z] FRONTEND:AUTH - DEBUG: Auth Flow - HeaderConnect Render
  Details: {
  "timestamp": "2025-03-18T22:27:47.391Z",
  "wallet_address": "0x0300B70e40F138927e3a988ce4A9a069Ff875336",
  "is_connected": true,
  "is_authenticated": true,
  "is_authenticating": false
}
[2025-03-18T22:27:47.392Z] FRONTEND:AUTH - DEBUG: Auth Flow - HeaderConnect Render
  Details: {
  "timestamp": "2025-03-18T22:27:47.392Z",
  "wallet_address": "0x0300B70e40F138927e3a988ce4A9a069Ff875336",
  "is_connected": true,
  "is_authenticated": true,
  "is_authenticating": false
}
[2025-03-18T22:27:47.967Z] FRONTEND:AUTH - DEBUG: Auth Flow - HeaderConnect Render
  Details: {
  "timestamp": "2025-03-18T22:27:47.967Z",
  "wallet_address": "0x0300B70e40F138927e3a988ce4A9a069Ff875336",
  "is_connected": true,
  "is_authenticated": true,
  "is_authenticating": false
}
[2025-03-18T22:27:47.968Z] FRONTEND:AUTH - DEBUG: Auth Flow - HeaderConnect Render
  Details: {
  "timestamp": "2025-03-18T22:27:47.968Z",
  "wallet_address": "0x0300B70e40F138927e3a988ce4A9a069Ff875336",
  "is_connected": true,
  "is_authenticated": true,
  "is_authenticating": false
}
[2025-03-18T22:27:48.460Z] FRONTEND:CS2 - INFO: Category indicator animation
  Details: {
  "fromCategory": "none",
  "toCategory": "cs2-knives",
  "indicatorWidth": 112.30000305175781,
  "transitionType": "indicator-animation",
  "log_destination": "market",
  "timestamp": "2025-03-18T22:27:48.460Z"
}
[2025-03-18T22:27:48.461Z] FRONTEND:CS2 - INFO: Rendering 1 products with enhanced staggered animation
  Details: {
  "productCount": 1,
  "productIds": [
    "cs2-butterfly-doppler-factory-new"
  ],
  "animationEnabled": true,
  "staggerType": "wave",
  "baseDelay": "35ms",
  "log_destination": "market",
  "timestamp": "2025-03-18T22:27:48.461Z"
}
[2025-03-18T22:27:48.462Z] FRONTEND:CS2 - INFO: MarketPageView mounted with 1 products and enhanced animations
  Details: {
  "page": 1,
  "pageSize": 20,
  "totalProducts": 1,
  "productIds": [
    "cs2-butterfly-doppler-factory-new"
  ],
  "transitionType": "initial-mount",
  "animationsEnabled": true,
  "log_destination": "market",
  "timestamp": "2025-03-18T22:27:48.462Z"
}
[2025-03-18T22:27:48.463Z] FRONTEND:CS2 - DEBUG: MarketPageView unmounted
  Details: {
  "page": 1,
  "log_destination": "market",
  "timestamp": "2025-03-18T22:27:48.463Z"
}
[2025-03-18T22:27:48.468Z] FRONTEND:CS2 - INFO: Rendering 1 products with enhanced staggered animation
  Details: {
  "productCount": 1,
  "productIds": [
    "cs2-butterfly-doppler-factory-new"
  ],
  "animationEnabled": true,
  "staggerType": "wave",
  "baseDelay": "35ms",
  "log_destination": "market",
  "timestamp": "2025-03-18T22:27:48.468Z"
}
[2025-03-18T22:27:51.786Z] FRONTEND:CS2 - INFO: Category indicator animation
  Details: {
  "fromCategory": "none",
  "toCategory": "cs2-knives",
  "indicatorWidth": 124.875,
  "transitionType": "indicator-animation",
  "log_destination": "market",
  "timestamp": "2025-03-18T22:27:51.786Z"
}
[2025-03-18T22:27:50.975Z] FRONTEND:CS2 - INFO: Navigation: cs2-knives → cs2-rifles
  Details: {
  "component": "MarketNavbar",
  "interactionType": "select",
  "transitionDuration": 300,
  "operation": "navigation",
  "from": "cs2-knives",
  "to": "cs2-rifles",
  "log_destination": "market",
  "timestamp": "2025-03-18T22:27:50.975Z"
}
[2025-03-18T22:27:50.990Z] FRONTEND:CS2 - INFO: Category indicator animation
  Details: {
  "fromCategory": "cs2-rifles",
  "toCategory": "cs2-knives",
  "indicatorWidth": 124.875,
  "transitionType": "indicator-animation",
  "log_destination": "market",
  "timestamp": "2025-03-18T22:27:50.990Z"
}
[2025-03-18T22:28:01.048Z] FRONTEND:AUTH - DEBUG: Auth Flow - HeaderConnect Render
  Details: {
  "timestamp": "2025-03-18T22:28:01.048Z",
  "wallet_address": "0x0300B70e40F138927e3a988ce4A9a069Ff875336",
  "is_connected": true,
  "is_authenticated": true,
  "is_authenticating": false
}
[2025-03-18T22:28:01.048Z] FRONTEND:AUTH - DEBUG: Auth Flow - HeaderConnect Render
  Details: {
  "timestamp": "2025-03-18T22:28:01.048Z",
  "wallet_address": "0x0300B70e40F138927e3a988ce4A9a069Ff875336",
  "is_connected": true,
  "is_authenticated": true,
  "is_authenticating": false
}
[2025-03-18T22:28:01.082Z] FRONTEND:CS2 - INFO: Category indicator animation
  Details: {
  "fromCategory": "none",
  "toCategory": "cs2-rifles",
  "indicatorWidth": 108.45000457763672,
  "transitionType": "indicator-animation",
  "log_destination": "market",
  "timestamp": "2025-03-18T22:28:01.082Z"
}
[2025-03-18T22:28:01.083Z] FRONTEND:CS2 - INFO: Rendering 3 products with enhanced staggered animation
  Details: {
  "productCount": 3,
  "productIds": [
    "cs2-awp-crakow-minimal-wear",
    "cs2-ak47-asiimov-factory-new",
    "cs2-m4a4-howl-field-tested"
  ],
  "animationEnabled": true,
  "staggerType": "wave",
  "baseDelay": "35ms",
  "log_destination": "market",
  "timestamp": "2025-03-18T22:28:01.083Z"
}
[2025-03-18T22:28:01.083Z] FRONTEND:CS2 - INFO: MarketPageView mounted with 3 products and enhanced animations
  Details: {
  "page": 1,
  "pageSize": 20,
  "totalProducts": 3,
  "productIds": [
    "cs2-awp-crakow-minimal-wear",
    "cs2-ak47-asiimov-factory-new",
    "cs2-m4a4-howl-field-tested"
  ],
  "transitionType": "initial-mount",
  "animationsEnabled": true,
  "log_destination": "market",
  "timestamp": "2025-03-18T22:28:01.083Z"
}
[2025-03-18T22:28:01.083Z] FRONTEND:CS2 - DEBUG: MarketPageView unmounted
  Details: {
  "page": 1,
  "log_destination": "market",
  "timestamp": "2025-03-18T22:28:01.083Z"
}
[2025-03-18T22:28:01.083Z] FRONTEND:CS2 - INFO: Rendering 3 products with enhanced staggered animation
  Details: {
  "productCount": 3,
  "productIds": [
    "cs2-awp-crakow-minimal-wear",
    "cs2-ak47-asiimov-factory-new",
    "cs2-m4a4-howl-field-tested"
  ],
  "animationEnabled": true,
  "staggerType": "wave",
  "baseDelay": "35ms",
  "log_destination": "market",
  "timestamp": "2025-03-18T22:28:01.083Z"
}
[2025-03-18T22:28:04.645Z] FRONTEND:AUTH - DEBUG: Auth Flow - HeaderConnect Render
  Details: {
  "timestamp": "2025-03-18T22:28:04.645Z",
  "wallet_address": "0x0300B70e40F138927e3a988ce4A9a069Ff875336",
  "is_connected": true,
  "is_authenticated": true,
  "is_authenticating": false
}
[2025-03-18T22:28:04.645Z] FRONTEND:AUTH - DEBUG: Auth Flow - HeaderConnect Render
  Details: {
  "timestamp": "2025-03-18T22:28:04.645Z",
  "wallet_address": "0x0300B70e40F138927e3a988ce4A9a069Ff875336",
  "is_connected": true,
  "is_authenticated": true,
  "is_authenticating": false
}
[2025-03-18T22:28:04.677Z] FRONTEND:CS2 - INFO: MarketPageView mounted with 5 products and enhanced animations
  Details: {
  "page": 1,
  "pageSize": 20,
  "totalProducts": 5,
  "productIds": [
    "cs2-awp-crakow-minimal-wear",
    "cs2-ak47-asiimov-factory-new",
    "cs2-m4a4-howl-field-tested",
    "cs2-deagle-printstream-minimal-wear",
    "cs2-butterfly-doppler-factory-new"
  ],
  "transitionType": "initial-mount",
  "animationsEnabled": true,
  "log_destination": "market",
  "timestamp": "2025-03-18T22:28:04.677Z"
}
[2025-03-18T22:28:04.677Z] FRONTEND:CS2 - INFO: Rendering 5 products with enhanced staggered animation
  Details: {
  "productCount": 5,
  "productIds": [
    "cs2-awp-crakow-minimal-wear",
    "cs2-ak47-asiimov-factory-new",
    "cs2-m4a4-howl-field-tested",
    "cs2-deagle-printstream-minimal-wear",
    "cs2-butterfly-doppler-factory-new"
  ],
  "animationEnabled": true,
  "staggerType": "wave",
  "baseDelay": "35ms",
  "log_destination": "market",
  "timestamp": "2025-03-18T22:28:04.677Z"
}
[2025-03-18T22:28:04.678Z] FRONTEND:CS2 - DEBUG: MarketPageView unmounted
  Details: {
  "page": 1,
  "log_destination": "market",
  "timestamp": "2025-03-18T22:28:04.678Z"
}
[2025-03-18T22:28:04.678Z] FRONTEND:CS2 - INFO: Rendering 5 products with enhanced staggered animation
  Details: {
  "productCount": 5,
  "productIds": [
    "cs2-awp-crakow-minimal-wear",
    "cs2-ak47-asiimov-factory-new",
    "cs2-m4a4-howl-field-tested",
    "cs2-deagle-printstream-minimal-wear",
    "cs2-butterfly-doppler-factory-new"
  ],
  "animationEnabled": true,
  "staggerType": "wave",
  "baseDelay": "35ms",
  "log_destination": "market",
  "timestamp": "2025-03-18T22:28:04.678Z"
}
[2025-03-18T22:28:11.773Z] FRONTEND:AUTH - DEBUG: Auth Flow - HeaderConnect Render
  Details: {
  "timestamp": "2025-03-18T22:28:11.773Z",
  "wallet_address": "0x0300B70e40F138927e3a988ce4A9a069Ff875336",
  "is_connected": true,
  "is_authenticated": true,
  "is_authenticating": false
}
[2025-03-18T22:28:11.774Z] FRONTEND:AUTH - DEBUG: Auth Flow - HeaderConnect Render
  Details: {
  "timestamp": "2025-03-18T22:28:11.774Z",
  "wallet_address": "0x0300B70e40F138927e3a988ce4A9a069Ff875336",
  "is_connected": true,
  "is_authenticated": true,
  "is_authenticating": false
}
[2025-03-18T22:28:12.084Z] FRONTEND:AUTH - DEBUG: Auth Flow - Auth Check
  Details: {
  "timestamp": "2025-03-18T22:28:12.084Z",
  "has_token": true,
  "has_user": true
}
[2025-03-18T22:28:12.085Z] FRONTEND:AUTH - DEBUG: Auth Flow - Auth state updated
  Details: {
  "timestamp": "2025-03-18T22:28:12.085Z",
  "is_connected": true,
  "is_authenticated": true,
  "wallet_address": "0x0300B70e40F138927e3a988ce4A9a069Ff875336",
  "auth_wallet_address": "0x0300B70e40F138927e3a988ce4A9a069Ff875336",
  "is_authenticating": false,
  "initial_check_done": true,
  "needs_reauthentication": false,
  "last_authenticated_address": null
}
[2025-03-18T22:28:12.092Z] FRONTEND:AUTH - DEBUG: Auth Flow - Auth state updated
  Details: {
  "timestamp": "2025-03-18T22:28:12.092Z",
  "is_connected": true,
  "is_authenticated": true,
  "wallet_address": "0x0300B70e40F138927e3a988ce4A9a069Ff875336",
  "auth_wallet_address": "0x0300B70e40F138927e3a988ce4A9a069Ff875336",
  "is_authenticating": false,
  "initial_check_done": true,
  "needs_reauthentication": false,
  "last_authenticated_address": null
}
[2025-03-18T22:28:12.102Z] FRONTEND:AUTH - DEBUG: Auth Flow - HeaderConnect Render
  Details: {
  "timestamp": "2025-03-18T22:28:12.102Z",
  "wallet_address": "0x0300B70e40F138927e3a988ce4A9a069Ff875336",
  "is_connected": true,
  "is_authenticated": true,
  "is_authenticating": false
}
[2025-03-18T22:28:12.102Z] FRONTEND:AUTH - DEBUG: Auth Flow - HeaderConnect Render
  Details: {
  "timestamp": "2025-03-18T22:28:12.102Z",
  "wallet_address": "0x0300B70e40F138927e3a988ce4A9a069Ff875336",
  "is_connected": true,
  "is_authenticated": true,
  "is_authenticating": false
}
[2025-03-18T23:30:31.298Z] FRONTEND:AUTH - DEBUG: Auth Flow - HeaderConnect Render
  Details: {
  "timestamp": "2025-03-18T23:30:31.298Z",
  "is_connected": false,
  "is_authenticated": false,
  "is_authenticating": false
}
[2025-03-18T23:30:31.300Z] FRONTEND:AUTH - DEBUG: Auth Flow - HeaderConnect Render
  Details: {
  "timestamp": "2025-03-18T23:30:31.300Z",
  "is_connected": false,
  "is_authenticated": false,
  "is_authenticating": false
}
[2025-03-18T23:30:33.650Z] FRONTEND:AUTH - DEBUG: Auth Flow - Auth state updated
  Details: {
  "timestamp": "2025-03-18T23:30:33.650Z",
  "is_connected": false,
  "is_authenticated": false,
  "is_authenticating": false,
  "initial_check_done": false,
  "needs_reauthentication": false,
  "last_authenticated_address": null
}
[2025-03-18T23:30:33.764Z] FRONTEND:AUTH - DEBUG: Auth Flow - HeaderConnect Render
  Details: {
  "timestamp": "2025-03-18T23:30:33.764Z",
  "is_connected": false,
  "is_authenticated": true,
  "is_authenticating": false
}
[2025-03-18T23:30:31.102Z] FRONTEND:AUTH - DEBUG: Auth Flow - Initial Auth State Check
  Details: {
  "timestamp": "2025-03-18T23:30:31.101Z",
  "has_token": true,
  "has_user": true
}
[2025-03-18T23:30:33.766Z] FRONTEND:AUTH - DEBUG: Auth Flow - HeaderConnect Render
  Details: {
  "timestamp": "2025-03-18T23:30:33.766Z",
  "is_connected": false,
  "is_authenticated": true,
  "is_authenticating": false
}
[2025-03-18T23:30:33.942Z] FRONTEND:AUTH - DEBUG: Auth Flow - HeaderConnect Render
  Details: {
  "timestamp": "2025-03-18T23:30:33.942Z",
  "is_connected": false,
  "is_authenticated": true,
  "is_authenticating": false
}
[2025-03-18T23:30:33.943Z] FRONTEND:AUTH - DEBUG: Auth Flow - HeaderConnect Render
  Details: {
  "timestamp": "2025-03-18T23:30:33.943Z",
  "is_connected": false,
  "is_authenticated": true,
  "is_authenticating": false
}
[2025-03-18T23:30:34.039Z] FRONTEND:AUTH - DEBUG: Auth Flow - HeaderConnect Render
  Details: {
  "timestamp": "2025-03-18T23:30:34.039Z",
  "is_connected": false,
  "is_authenticated": true,
  "is_authenticating": false
}
[2025-03-18T23:30:34.041Z] FRONTEND:AUTH - DEBUG: Auth Flow - HeaderConnect Render
  Details: {
  "timestamp": "2025-03-18T23:30:34.041Z",
  "is_connected": false,
  "is_authenticated": true,
  "is_authenticating": false
}
[2025-03-18T23:30:34.167Z] FRONTEND:AUTH - DEBUG: Auth Flow - Auth state updated
  Details: {
  "timestamp": "2025-03-18T23:30:34.167Z",
  "is_connected": false,
  "is_authenticated": true,
  "auth_wallet_address": "0x0300B70e40F138927e3a988ce4A9a069Ff875336",
  "is_authenticating": false,
  "initial_check_done": false,
  "needs_reauthentication": false,
  "last_authenticated_address": null
}
[2025-03-18T23:30:34.168Z] FRONTEND:AUTH - DEBUG: Auth Flow - HeaderConnect - Wallet Disconnected while Authenticated
  Details: {
  "timestamp": "2025-03-18T23:30:34.168Z"
}
[2025-03-18T23:30:34.169Z] FRONTEND:AUTH - DEBUG: Auth Flow - Logout
  Details: {
  "timestamp": "2025-03-18T23:30:34.169Z",
  "wallet_address": "0x0300B70e40F138927e3a988ce4A9a069Ff875336"
}
[2025-03-18T23:30:34.219Z] FRONTEND:AUTH - DEBUG: Auth Flow - HeaderConnect Render
  Details: {
  "timestamp": "2025-03-18T23:30:34.219Z",
  "is_connected": false,
  "is_authenticated": false,
  "is_authenticating": false
}
[2025-03-18T23:30:34.221Z] FRONTEND:AUTH - DEBUG: Auth Flow - HeaderConnect Render
  Details: {
  "timestamp": "2025-03-18T23:30:34.221Z",
  "is_connected": false,
  "is_authenticated": false,
  "is_authenticating": false
}
[2025-03-18T23:30:34.265Z] FRONTEND:AUTH - DEBUG: Auth Flow - Auth state updated
  Details: {
  "timestamp": "2025-03-18T23:30:34.265Z",
  "is_connected": false,
  "is_authenticated": false,
  "is_authenticating": false,
  "initial_check_done": false,
  "needs_reauthentication": false,
  "last_authenticated_address": null
}
[2025-03-18T23:30:34.694Z] FRONTEND:AUTH - DEBUG: Auth Flow - HeaderConnect Render
  Details: {
  "timestamp": "2025-03-18T23:30:34.694Z",
  "wallet_address": "0x0300B70e40F138927e3a988ce4A9a069Ff875336",
  "is_connected": false,
  "is_authenticated": false,
  "is_authenticating": false
}
[2025-03-18T23:30:34.698Z] FRONTEND:AUTH - DEBUG: Auth Flow - HeaderConnect Render
  Details: {
  "timestamp": "2025-03-18T23:30:34.698Z",
  "wallet_address": "0x0300B70e40F138927e3a988ce4A9a069Ff875336",
  "is_connected": false,
  "is_authenticated": false,
  "is_authenticating": false
}
[2025-03-18T23:30:34.740Z] FRONTEND:AUTH - DEBUG: Auth Flow - Auth state updated
  Details: {
  "timestamp": "2025-03-18T23:30:34.740Z",
  "is_connected": false,
  "is_authenticated": false,
  "wallet_address": "0x0300B70e40F138927e3a988ce4A9a069Ff875336",
  "is_authenticating": false,
  "initial_check_done": false,
  "needs_reauthentication": false,
  "last_authenticated_address": null
}
[2025-03-18T23:30:36.561Z] FRONTEND:AUTH - DEBUG: Auth Flow - Authentication needed - not authenticated
  Details: {
  "timestamp": "2025-03-18T23:30:36.561Z",
  "address": "0x0300B70e40F138927e3a988ce4A9a069Ff875336",
  "is_connected": true
}
[2025-03-18T23:30:36.562Z] FRONTEND:AUTH - DEBUG: Auth Flow - Authentication needed - not authenticated
  Details: {
  "timestamp": "2025-03-18T23:30:36.562Z",
  "address": "0x0300B70e40F138927e3a988ce4A9a069Ff875336",
  "is_connected": true
}
[2025-03-18T23:30:36.562Z] FRONTEND:AUTH - DEBUG: Auth Flow - HeaderConnect Render
  Details: {
  "timestamp": "2025-03-18T23:30:36.562Z",
  "wallet_address": "0x0300B70e40F138927e3a988ce4A9a069Ff875336",
  "is_connected": true,
  "is_authenticated": false,
  "is_authenticating": false
}
[2025-03-18T23:30:36.563Z] FRONTEND:AUTH - DEBUG: Auth Flow - HeaderConnect Render
  Details: {
  "timestamp": "2025-03-18T23:30:36.563Z",
  "wallet_address": "0x0300B70e40F138927e3a988ce4A9a069Ff875336",
  "is_connected": true,
  "is_authenticated": false,
  "is_authenticating": false
}
[2025-03-18T23:30:36.584Z] FRONTEND:AUTH - DEBUG: Auth Flow - Auth Check
  Details: {
  "timestamp": "2025-03-18T23:30:36.584Z",
  "has_token": false,
  "has_user": false
}
[2025-03-18T23:30:36.585Z] FRONTEND:AUTH - DEBUG: Auth Flow - Starting authentication
  Details: {
  "timestamp": "2025-03-18T23:30:36.585Z",
  "wallet_address": "0x0300B70e40F138927e3a988ce4A9a069Ff875336",
  "is_connected": true,
  "initial_check_done": true
}
[2025-03-18T23:30:36.585Z] FRONTEND:AUTH - DEBUG: Auth Flow - Request Signature
  Details: {
  "timestamp": "2025-03-18T23:30:36.585Z",
  "walletAddress": "0x0300B70e40F138927e3a988ce4A9a069Ff875336"
}
[2025-03-18T23:30:36.587Z] FRONTEND:AUTH - DEBUG: Auth Flow - Auth state updated
  Details: {
  "timestamp": "2025-03-18T23:30:36.587Z",
  "is_connected": true,
  "is_authenticated": false,
  "wallet_address": "0x0300B70e40F138927e3a988ce4A9a069Ff875336",
  "is_authenticating": false,
  "initial_check_done": true,
  "needs_reauthentication": true,
  "last_authenticated_address": null
}
[2025-03-18T23:30:36.593Z] FRONTEND:AUTH - DEBUG: Auth Flow - Auth state restoration failed - triggering authentication
  Details: {
  "timestamp": "2025-03-18T23:30:36.593Z",
  "address": "0x0300B70e40F138927e3a988ce4A9a069Ff875336",
  "is_connected": true
}
[2025-03-18T23:30:36.593Z] FRONTEND:AUTH - DEBUG: Auth Flow - Token Retrieval
  Details: {
  "timestamp": "2025-03-18T23:30:36.593Z",
  "exists": false
}
[2025-03-18T23:30:36.599Z] FRONTEND:AUTH - DEBUG: Auth Flow - HeaderConnect Render
  Details: {
  "timestamp": "2025-03-18T23:30:36.599Z",
  "wallet_address": "0x0300B70e40F138927e3a988ce4A9a069Ff875336",
  "is_connected": true,
  "is_authenticated": false,
  "is_authenticating": true
}
[2025-03-18T23:30:36.600Z] FRONTEND:AUTH - DEBUG: Auth Flow - HeaderConnect Render
  Details: {
  "timestamp": "2025-03-18T23:30:36.600Z",
  "wallet_address": "0x0300B70e40F138927e3a988ce4A9a069Ff875336",
  "is_connected": true,
  "is_authenticated": false,
  "is_authenticating": true
}
[2025-03-18T23:30:36.671Z] FRONTEND:AUTH - DEBUG: Auth Flow - Auth state updated
  Details: {
  "timestamp": "2025-03-18T23:30:36.671Z",
  "is_connected": true,
  "is_authenticated": false,
  "wallet_address": "0x0300B70e40F138927e3a988ce4A9a069Ff875336",
  "is_authenticating": true,
  "initial_check_done": true,
  "needs_reauthentication": true,
  "last_authenticated_address": null
}
[2025-03-18T23:30:36.755Z] FRONTEND:AUTH - DEBUG: Auth Flow - Signature Requested
  Details: {
  "timestamp": "2025-03-18T23:30:36.755Z",
  "nonce": "75a9798ece9f216ad0e3efd0b4268115c85e45f89d844908583c59c2542e9ba4"
}
[2025-03-18T23:30:36.761Z] FRONTEND:AUTH - DEBUG: Auth Flow - HeaderConnect Render
  Details: {
  "timestamp": "2025-03-18T23:30:36.761Z",
  "wallet_address": "0x0300B70e40F138927e3a988ce4A9a069Ff875336",
  "is_connected": true,
  "is_authenticated": false,
  "is_authenticating": true
}
[2025-03-18T23:30:36.762Z] FRONTEND:AUTH - DEBUG: Auth Flow - HeaderConnect Render
  Details: {
  "timestamp": "2025-03-18T23:30:36.762Z",
  "wallet_address": "0x0300B70e40F138927e3a988ce4A9a069Ff875336",
  "is_connected": true,
  "is_authenticated": false,
  "is_authenticating": true
}
[2025-03-18T23:30:40.186Z] FRONTEND:AUTH - DEBUG: Auth Flow - Verify Signature
  Details: {
  "timestamp": "2025-03-18T23:30:40.186Z",
  "walletAddress": "0x0300B70e40F138927e3a988ce4A9a069Ff875336",
  "nonce": "75a9798ece9f216ad0e3efd0b4268115c85e45f89d844908583c59c2542e9ba4"
}
[2025-03-18T23:30:40.188Z] FRONTEND:AUTH - DEBUG: Auth Flow - Token Retrieval
  Details: {
  "timestamp": "2025-03-18T23:30:40.188Z",
  "exists": false
}
[2025-03-18T23:30:40.194Z] FRONTEND:AUTH - DEBUG: Auth Flow - HeaderConnect Render
  Details: {
  "timestamp": "2025-03-18T23:30:40.194Z",
  "wallet_address": "0x0300B70e40F138927e3a988ce4A9a069Ff875336",
  "is_connected": true,
  "is_authenticated": false,
  "is_authenticating": true
}
[2025-03-18T23:30:40.199Z] FRONTEND:AUTH - DEBUG: Auth Flow - HeaderConnect Render
  Details: {
  "timestamp": "2025-03-18T23:30:40.199Z",
  "wallet_address": "0x0300B70e40F138927e3a988ce4A9a069Ff875336",
  "is_connected": true,
  "is_authenticated": false,
  "is_authenticating": true
}
[2025-03-18T23:30:40.235Z] FRONTEND:AUTH - INFO: Token Operation - store
  Details: {
  "timestamp": "2025-03-18T23:30:40.235Z",
  "success": true
}
[2025-03-18T23:30:40.235Z] FRONTEND:AUTH - DEBUG: Auth Flow - Signature Verified
  Details: {
  "timestamp": "2025-03-18T23:30:40.235Z",
  "success": true
}
[2025-03-18T23:30:40.236Z] FRONTEND:AUTH - DEBUG: Auth Flow - Login
  Details: {
  "timestamp": "2025-03-18T23:30:40.236Z",
  "wallet_address": "0x0300B70e40F138927e3a988ce4A9a069Ff875336",
  "token_length": 188
}
[2025-03-18T23:30:40.237Z] FRONTEND:AUTH - DEBUG: Auth Flow - Authentication successful
  Details: {
  "timestamp": "2025-03-18T23:30:40.237Z",
  "wallet_address": "0x0300B70e40F138927e3a988ce4A9a069Ff875336"
}
[2025-03-18T23:30:40.239Z] FRONTEND:AUTH - DEBUG: Auth Flow - HeaderConnect Render
  Details: {
  "timestamp": "2025-03-18T23:30:40.239Z",
  "wallet_address": "0x0300B70e40F138927e3a988ce4A9a069Ff875336",
  "is_connected": true,
  "is_authenticated": true,
  "is_authenticating": false
}
[2025-03-18T23:30:40.242Z] FRONTEND:AUTH - DEBUG: Auth Flow - HeaderConnect Render
  Details: {
  "timestamp": "2025-03-18T23:30:40.242Z",
  "wallet_address": "0x0300B70e40F138927e3a988ce4A9a069Ff875336",
  "is_connected": true,
  "is_authenticated": true,
  "is_authenticating": false
}
[2025-03-18T23:30:40.256Z] FRONTEND:AUTH - DEBUG: Auth Flow - Auth state updated
  Details: {
  "timestamp": "2025-03-18T23:30:40.256Z",
  "is_connected": true,
  "is_authenticated": true,
  "wallet_address": "0x0300B70e40F138927e3a988ce4A9a069Ff875336",
  "auth_wallet_address": "0x0300B70e40F138927e3a988ce4A9a069Ff875336",
  "is_authenticating": false,
  "initial_check_done": true,
  "needs_reauthentication": false,
  "last_authenticated_address": "0x0300B70e40F138927e3a988ce4A9a069Ff875336"
}
[2025-03-18T23:30:45.704Z] FRONTEND:AUTH - DEBUG: Auth Flow - HeaderConnect Render
  Details: {
  "timestamp": "2025-03-18T23:30:45.704Z",
  "is_connected": false,
  "is_authenticated": true,
  "is_authenticating": false
}
[2025-03-18T23:30:45.704Z] FRONTEND:AUTH - DEBUG: Auth Flow - HeaderConnect Render
  Details: {
  "timestamp": "2025-03-18T23:30:45.704Z",
  "is_connected": false,
  "is_authenticated": true,
  "is_authenticating": false
}
[2025-03-18T23:30:45.710Z] FRONTEND:AUTH - DEBUG: Auth Flow - Auth state updated
  Details: {
  "timestamp": "2025-03-18T23:30:45.710Z",
  "is_connected": false,
  "is_authenticated": true,
  "auth_wallet_address": "0x0300B70e40F138927e3a988ce4A9a069Ff875336",
  "is_authenticating": false,
  "initial_check_done": false,
  "needs_reauthentication": false,
  "last_authenticated_address": null
}
[2025-03-18T23:30:45.710Z] FRONTEND:AUTH - DEBUG: Auth Flow - HeaderConnect - Wallet Disconnected while Authenticated
  Details: {
  "timestamp": "2025-03-18T23:30:45.710Z"
}
[2025-03-18T23:30:45.710Z] FRONTEND:AUTH - DEBUG: Auth Flow - Logout
  Details: {
  "timestamp": "2025-03-18T23:30:45.710Z",
  "wallet_address": "0x0300B70e40F138927e3a988ce4A9a069Ff875336"
}
[2025-03-18T23:30:45.722Z] FRONTEND:AUTH - DEBUG: Auth Flow - HeaderConnect Render
  Details: {
  "timestamp": "2025-03-18T23:30:45.722Z",
  "is_connected": false,
  "is_authenticated": false,
  "is_authenticating": false
}
[2025-03-18T23:30:45.722Z] FRONTEND:AUTH - DEBUG: Auth Flow - HeaderConnect Render
  Details: {
  "timestamp": "2025-03-18T23:30:45.722Z",
  "is_connected": false,
  "is_authenticated": false,
  "is_authenticating": false
}
[2025-03-18T23:30:45.725Z] FRONTEND:AUTH - DEBUG: Auth Flow - Auth state updated
  Details: {
  "timestamp": "2025-03-18T23:30:45.725Z",
  "is_connected": false,
  "is_authenticated": false,
  "is_authenticating": false,
  "initial_check_done": false,
  "needs_reauthentication": false,
  "last_authenticated_address": null
}
[2025-03-18T23:44:55.800Z] FRONTEND:AUTH - DEBUG: Auth Flow - HeaderConnect Render
  Details: {
  "timestamp": "2025-03-18T23:44:55.800Z",
  "is_connected": false,
  "is_authenticated": false,
  "is_authenticating": false
}
[2025-03-18T23:44:55.798Z] FRONTEND:AUTH - DEBUG: Auth Flow - HeaderConnect Render
  Details: {
  "timestamp": "2025-03-18T23:44:55.798Z",
  "is_connected": false,
  "is_authenticated": false,
  "is_authenticating": false
}
[2025-03-18T23:45:10.851Z] FRONTEND:AUTH - DEBUG: Auth Flow - HeaderConnect Render
  Details: {
  "timestamp": "2025-03-18T23:45:10.851Z",
  "is_connected": false,
  "is_authenticated": false,
  "is_authenticating": false
}
[2025-03-18T23:45:10.853Z] FRONTEND:AUTH - DEBUG: Auth Flow - HeaderConnect Render
  Details: {
  "timestamp": "2025-03-18T23:45:10.853Z",
  "is_connected": false,
  "is_authenticated": false,
  "is_authenticating": false
}
[2025-03-18T23:45:28.586Z] FRONTEND:AUTH - DEBUG: Auth Flow - HeaderConnect Render
  Details: {
  "timestamp": "2025-03-18T23:45:28.586Z",
  "is_connected": false,
  "is_authenticated": false,
  "is_authenticating": false
}
[2025-03-18T23:45:28.587Z] FRONTEND:AUTH - DEBUG: Auth Flow - HeaderConnect Render
  Details: {
  "timestamp": "2025-03-18T23:45:28.587Z",
  "is_connected": false,
  "is_authenticated": false,
  "is_authenticating": false
}
[2025-03-18T23:45:29.602Z] FRONTEND:AUTH - DEBUG: Auth Flow - HeaderConnect Render
  Details: {
  "timestamp": "2025-03-18T23:45:29.602Z",
  "is_connected": false,
  "is_authenticated": false,
  "is_authenticating": false
}
[2025-03-18T23:45:30.768Z] FRONTEND:AUTH - DEBUG: Auth Flow - HeaderConnect Render
  Details: {
  "timestamp": "2025-03-18T23:45:30.768Z",
  "is_connected": false,
  "is_authenticated": false,
  "is_authenticating": false
}
[2025-03-18T23:45:30.769Z] FRONTEND:AUTH - DEBUG: Auth Flow - HeaderConnect Render
  Details: {
  "timestamp": "2025-03-18T23:45:30.769Z",
  "is_connected": false,
  "is_authenticated": false,
  "is_authenticating": false
}
[2025-03-18T23:45:31.345Z] FRONTEND:AUTH - DEBUG: Auth Flow - HeaderConnect Render
  Details: {
  "timestamp": "2025-03-18T23:45:31.345Z",
  "is_connected": false,
  "is_authenticated": false,
  "is_authenticating": false
}
[2025-03-18T23:45:29.600Z] FRONTEND:AUTH - DEBUG: Auth Flow - HeaderConnect Render
  Details: {
  "timestamp": "2025-03-18T23:45:29.600Z",
  "is_connected": false,
  "is_authenticated": false,
  "is_authenticating": false
}
[2025-03-18T23:45:31.346Z] FRONTEND:AUTH - DEBUG: Auth Flow - HeaderConnect Render
  Details: {
  "timestamp": "2025-03-18T23:45:31.346Z",
  "is_connected": false,
  "is_authenticated": false,
  "is_authenticating": false
}
[2025-03-18T23:45:33.089Z] FRONTEND:AUTH - DEBUG: Auth Flow - HeaderConnect Render
  Details: {
  "timestamp": "2025-03-18T23:45:33.089Z",
  "is_connected": false,
  "is_authenticated": false,
  "is_authenticating": false
}
[2025-03-18T23:45:33.090Z] FRONTEND:AUTH - DEBUG: Auth Flow - HeaderConnect Render
  Details: {
  "timestamp": "2025-03-18T23:45:33.090Z",
  "is_connected": false,
  "is_authenticated": false,
  "is_authenticating": false
}
[2025-03-18T23:45:33.924Z] FRONTEND:AUTH - DEBUG: Auth Flow - HeaderConnect Render
  Details: {
  "timestamp": "2025-03-18T23:45:33.924Z",
  "is_connected": false,
  "is_authenticated": false,
  "is_authenticating": false
}
[2025-03-18T23:45:33.925Z] FRONTEND:AUTH - DEBUG: Auth Flow - HeaderConnect Render
  Details: {
  "timestamp": "2025-03-18T23:45:33.925Z",
  "is_connected": false,
  "is_authenticated": false,
  "is_authenticating": false
}
[2025-03-18T23:45:35.210Z] FRONTEND:AUTH - DEBUG: Auth Flow - HeaderConnect Render
  Details: {
  "timestamp": "2025-03-18T23:45:35.210Z",
  "is_connected": false,
  "is_authenticated": false,
  "is_authenticating": false
}
[2025-03-18T23:45:35.211Z] FRONTEND:AUTH - DEBUG: Auth Flow - HeaderConnect Render
  Details: {
  "timestamp": "2025-03-18T23:45:35.211Z",
  "is_connected": false,
  "is_authenticated": false,
  "is_authenticating": false
}
[2025-03-18T23:45:36.180Z] FRONTEND:AUTH - DEBUG: Auth Flow - HeaderConnect Render
  Details: {
  "timestamp": "2025-03-18T23:45:36.180Z",
  "is_connected": false,
  "is_authenticated": false,
  "is_authenticating": false
}
[2025-03-18T23:45:36.181Z] FRONTEND:AUTH - DEBUG: Auth Flow - HeaderConnect Render
  Details: {
  "timestamp": "2025-03-18T23:45:36.181Z",
  "is_connected": false,
  "is_authenticated": false,
  "is_authenticating": false
}
[2025-03-18T23:45:37.108Z] FRONTEND:AUTH - DEBUG: Auth Flow - HeaderConnect Render
  Details: {
  "timestamp": "2025-03-18T23:45:37.108Z",
  "is_connected": false,
  "is_authenticated": false,
  "is_authenticating": false
}
[2025-03-18T23:45:37.109Z] FRONTEND:AUTH - DEBUG: Auth Flow - HeaderConnect Render
  Details: {
  "timestamp": "2025-03-18T23:45:37.109Z",
  "is_connected": false,
  "is_authenticated": false,
  "is_authenticating": false
}
[2025-03-18T23:45:37.649Z] FRONTEND:AUTH - DEBUG: Auth Flow - HeaderConnect Render
  Details: {
  "timestamp": "2025-03-18T23:45:37.649Z",
  "is_connected": false,
  "is_authenticated": false,
  "is_authenticating": false
}
[2025-03-18T23:45:37.652Z] FRONTEND:AUTH - DEBUG: Auth Flow - HeaderConnect Render
  Details: {
  "timestamp": "2025-03-18T23:45:37.652Z",
  "is_connected": false,
  "is_authenticated": false,
  "is_authenticating": false
}
[2025-03-18T23:45:38.589Z] FRONTEND:AUTH - DEBUG: Auth Flow - HeaderConnect Render
  Details: {
  "timestamp": "2025-03-18T23:45:38.589Z",
  "is_connected": false,
  "is_authenticated": false,
  "is_authenticating": false
}
[2025-03-18T23:45:38.590Z] FRONTEND:AUTH - DEBUG: Auth Flow - HeaderConnect Render
  Details: {
  "timestamp": "2025-03-18T23:45:38.590Z",
  "is_connected": false,
  "is_authenticated": false,
  "is_authenticating": false
}
[2025-03-18T23:45:39.033Z] FRONTEND:AUTH - DEBUG: Auth Flow - HeaderConnect Render
  Details: {
  "timestamp": "2025-03-18T23:45:39.033Z",
  "is_connected": false,
  "is_authenticated": false,
  "is_authenticating": false
}
[2025-03-18T23:45:39.035Z] FRONTEND:AUTH - DEBUG: Auth Flow - HeaderConnect Render
  Details: {
  "timestamp": "2025-03-18T23:45:39.035Z",
  "is_connected": false,
  "is_authenticated": false,
  "is_authenticating": false
}
[2025-03-18T23:45:39.706Z] FRONTEND:CLIENT - ERROR: Client Error: Event handlers cannot be passed to Client Component props.
  <... fill={true} alt=... sizes=... src=... onError={function onError}>
                                                     ^^^^^^^^^^^^^^^^^^
If you need interactivity, consider converting part of this to a Client Component.
  Details: {
  "stack": "Error: Event handlers cannot be passed to Client Component props.\n  <... fill={true} alt=... sizes=... src=... onError={function onError}>\n                                                     ^^^^^^^^^^^^^^^^^^\nIf you need interactivity, consider converting part of this to a Client Component.\n    at resolveErrorDev (webpack-internal:///(app-pages-browser)/./node_modules/next/dist/compiled/react-server-dom-webpack/cjs/react-server-dom-webpack-client.browser.development.js:1845:46)\n    at processFullStringRow (webpack-internal:///(app-pages-browser)/./node_modules/next/dist/compiled/react-server-dom-webpack/cjs/react-server-dom-webpack-client.browser.development.js:2225:17)\n    at processFullBinaryRow (webpack-internal:///(app-pages-browser)/./node_modules/next/dist/compiled/react-server-dom-webpack/cjs/react-server-dom-webpack-client.browser.development.js:2213:7)\n    at progress (webpack-internal:///(app-pages-browser)/./node_modules/next/dist/compiled/react-server-dom-webpack/cjs/react-server-dom-webpack-client.browser.development.js:2459:17)",
  "digest": "2984846227",
  "location": "global-error-boundary",
  "errorType": "unhandled-error"
}
[2025-03-18T23:45:39.710Z] FRONTEND:CLIENT - ERROR: Client Error: Event handlers cannot be passed to Client Component props.
  <... fill={true} alt=... sizes=... src=... onError={function onError}>
                                                     ^^^^^^^^^^^^^^^^^^
If you need interactivity, consider converting part of this to a Client Component.
  Details: {
  "stack": "Error: Event handlers cannot be passed to Client Component props.\n  <... fill={true} alt=... sizes=... src=... onError={function onError}>\n                                                     ^^^^^^^^^^^^^^^^^^\nIf you need interactivity, consider converting part of this to a Client Component.\n    at resolveErrorDev (webpack-internal:///(app-pages-browser)/./node_modules/next/dist/compiled/react-server-dom-webpack/cjs/react-server-dom-webpack-client.browser.development.js:1845:46)\n    at processFullStringRow (webpack-internal:///(app-pages-browser)/./node_modules/next/dist/compiled/react-server-dom-webpack/cjs/react-server-dom-webpack-client.browser.development.js:2225:17)\n    at processFullBinaryRow (webpack-internal:///(app-pages-browser)/./node_modules/next/dist/compiled/react-server-dom-webpack/cjs/react-server-dom-webpack-client.browser.development.js:2213:7)\n    at progress (webpack-internal:///(app-pages-browser)/./node_modules/next/dist/compiled/react-server-dom-webpack/cjs/react-server-dom-webpack-client.browser.development.js:2459:17)",
  "digest": "2984846227",
  "location": "global-error-boundary",
  "errorType": "unhandled-error"
}
[2025-03-18T23:47:32.665Z] FRONTEND:AUTH - DEBUG: Auth Flow - HeaderConnect Render
  Details: {
  "timestamp": "2025-03-18T23:47:32.665Z",
  "is_connected": false,
  "is_authenticated": false,
  "is_authenticating": false
}
[2025-03-18T23:47:32.881Z] FRONTEND:CLIENT - ERROR: Client Error: Event handlers cannot be passed to Client Component props.
  <... fill={true} alt=... sizes=... src=... onError={function onError}>
                                                     ^^^^^^^^^^^^^^^^^^
If you need interactivity, consider converting part of this to a Client Component.
  Details: {
  "stack": "Error: Event handlers cannot be passed to Client Component props.\n  <... fill={true} alt=... sizes=... src=... onError={function onError}>\n                                                     ^^^^^^^^^^^^^^^^^^\nIf you need interactivity, consider converting part of this to a Client Component.\n    at resolveErrorDev (webpack-internal:///(app-pages-browser)/./node_modules/next/dist/compiled/react-server-dom-webpack/cjs/react-server-dom-webpack-client.browser.development.js:1845:46)\n    at processFullStringRow (webpack-internal:///(app-pages-browser)/./node_modules/next/dist/compiled/react-server-dom-webpack/cjs/react-server-dom-webpack-client.browser.development.js:2225:17)\n    at processFullBinaryRow (webpack-internal:///(app-pages-browser)/./node_modules/next/dist/compiled/react-server-dom-webpack/cjs/react-server-dom-webpack-client.browser.development.js:2213:7)\n    at progress (webpack-internal:///(app-pages-browser)/./node_modules/next/dist/compiled/react-server-dom-webpack/cjs/react-server-dom-webpack-client.browser.development.js:2459:17)",
  "digest": "2984846227",
  "location": "global-error-boundary",
  "errorType": "unhandled-error"
}
[2025-03-18T23:47:32.883Z] FRONTEND:CLIENT - ERROR: Client Error: Event handlers cannot be passed to Client Component props.
  <... fill={true} alt=... sizes=... src=... onError={function onError}>
                                                     ^^^^^^^^^^^^^^^^^^
If you need interactivity, consider converting part of this to a Client Component.
  Details: {
  "stack": "Error: Event handlers cannot be passed to Client Component props.\n  <... fill={true} alt=... sizes=... src=... onError={function onError}>\n                                                     ^^^^^^^^^^^^^^^^^^\nIf you need interactivity, consider converting part of this to a Client Component.\n    at resolveErrorDev (webpack-internal:///(app-pages-browser)/./node_modules/next/dist/compiled/react-server-dom-webpack/cjs/react-server-dom-webpack-client.browser.development.js:1845:46)\n    at processFullStringRow (webpack-internal:///(app-pages-browser)/./node_modules/next/dist/compiled/react-server-dom-webpack/cjs/react-server-dom-webpack-client.browser.development.js:2225:17)\n    at processFullBinaryRow (webpack-internal:///(app-pages-browser)/./node_modules/next/dist/compiled/react-server-dom-webpack/cjs/react-server-dom-webpack-client.browser.development.js:2213:7)\n    at progress (webpack-internal:///(app-pages-browser)/./node_modules/next/dist/compiled/react-server-dom-webpack/cjs/react-server-dom-webpack-client.browser.development.js:2459:17)",
  "digest": "2984846227",
  "location": "global-error-boundary",
  "errorType": "unhandled-error"
}
[2025-03-18T23:47:32.345Z] FRONTEND:AUTH - DEBUG: Auth Flow - Initial Auth State Check
  Details: {
  "timestamp": "2025-03-18T23:47:32.345Z",
  "has_token": false,
  "has_user": false
}
[2025-03-18T23:47:32.664Z] FRONTEND:AUTH - DEBUG: Auth Flow - HeaderConnect Render
  Details: {
  "timestamp": "2025-03-18T23:47:32.664Z",
  "is_connected": false,
  "is_authenticated": false,
  "is_authenticating": false
}
