[2025-03-14T14:20:37.809Z] FRONTEND:AUTH - DEBUG: Auth Flow - HeaderConnect Render
  Details: {
  "timestamp": "2025-03-14T14:20:37.809Z",
  "is_connected": false,
  "is_authenticated": false,
  "is_authenticating": false
}
[2025-03-14T14:20:37.809Z] FRONTEND:AUTH - DEBUG: Auth Flow - HeaderConnect Render
  Details: {
  "timestamp": "2025-03-14T14:20:37.809Z",
  "is_connected": false,
  "is_authenticated": false,
  "is_authenticating": false
}
[2025-03-14T14:20:38.015Z] FRONTEND:AUTH - DEBUG: Auth Flow - Auth state updated
  Details: {
  "timestamp": "2025-03-14T14:20:38.015Z",
  "is_connected": false,
  "is_authenticated": false,
  "is_authenticating": false,
  "initial_check_done": false,
  "needs_reauthentication": false,
  "last_authenticated_address": null
}
[2025-03-14T14:20:38.020Z] FRONTEND:AUTH - DEBUG: Auth Flow - HeaderConnect Render
  Details: {
  "timestamp": "2025-03-14T14:20:38.020Z",
  "is_connected": false,
  "is_authenticated": false,
  "is_authenticating": false
}
[2025-03-14T14:20:37.734Z] FRONTEND:AUTH - DEBUG: Auth Flow - Initial Auth State Check
  Details: {
  "timestamp": "2025-03-14T14:20:37.734Z",
  "has_token": false,
  "has_user": false
}
[2025-03-14T14:20:38.021Z] FRONTEND:AUTH - DEBUG: Auth Flow - HeaderConnect Render
  Details: {
  "timestamp": "2025-03-14T14:20:38.021Z",
  "is_connected": false,
  "is_authenticated": false,
  "is_authenticating": false
}
[2025-03-14T14:20:49.264Z] FRONTEND:AUTH - DEBUG: Auth Flow - Initial Auth State Check
  Details: {
  "timestamp": "2025-03-14T14:20:49.264Z",
  "has_token": false,
  "has_user": false
}
[2025-03-14T14:20:49.328Z] FRONTEND:AUTH - DEBUG: Auth Flow - HeaderConnect Render
  Details: {
  "timestamp": "2025-03-14T14:20:49.328Z",
  "is_connected": false,
  "is_authenticated": false,
  "is_authenticating": false
}
[2025-03-14T14:20:49.328Z] FRONTEND:AUTH - DEBUG: Auth Flow - HeaderConnect Render
  Details: {
  "timestamp": "2025-03-14T14:20:49.328Z",
  "is_connected": false,
  "is_authenticated": false,
  "is_authenticating": false
}
[2025-03-14T14:20:49.369Z] FRONTEND:AUTH - DEBUG: Auth Flow - Auth state updated
  Details: {
  "timestamp": "2025-03-14T14:20:49.369Z",
  "is_connected": false,
  "is_authenticated": false,
  "is_authenticating": false,
  "initial_check_done": false,
  "needs_reauthentication": false,
  "last_authenticated_address": null
}
[2025-03-14T14:20:49.371Z] FRONTEND:AUTH - DEBUG: Auth Flow - HeaderConnect Render
  Details: {
  "timestamp": "2025-03-14T14:20:49.371Z",
  "is_connected": false,
  "is_authenticated": false,
  "is_authenticating": false
}
[2025-03-14T14:20:49.371Z] FRONTEND:AUTH - DEBUG: Auth Flow - HeaderConnect Render
  Details: {
  "timestamp": "2025-03-14T14:20:49.371Z",
  "is_connected": false,
  "is_authenticated": false,
  "is_authenticating": false
}
[2025-03-14T14:20:50.576Z] FRONTEND:AUTH - DEBUG: Auth Flow - HeaderConnect Render
  Details: {
  "timestamp": "2025-03-14T14:20:50.576Z",
  "is_connected": false,
  "is_authenticated": false,
  "is_authenticating": false
}
[2025-03-14T14:20:50.577Z] FRONTEND:AUTH - DEBUG: Auth Flow - HeaderConnect Render
  Details: {
  "timestamp": "2025-03-14T14:20:50.577Z",
  "is_connected": false,
  "is_authenticated": false,
  "is_authenticating": false
}
[2025-03-14T14:20:50.788Z] FRONTEND:AUTH - DEBUG: Auth Flow - HeaderConnect Render
  Details: {
  "timestamp": "2025-03-14T14:20:50.788Z",
  "is_connected": false,
  "is_authenticated": false,
  "is_authenticating": false
}
[2025-03-14T14:20:50.789Z] FRONTEND:AUTH - DEBUG: Auth Flow - HeaderConnect Render
  Details: {
  "timestamp": "2025-03-14T14:20:50.789Z",
  "is_connected": false,
  "is_authenticated": false,
  "is_authenticating": false
}
[2025-03-14T14:20:51.622Z] FRONTEND:AUTH - DEBUG: Auth Flow - HeaderConnect Render
  Details: {
  "timestamp": "2025-03-14T14:20:51.622Z",
  "is_connected": false,
  "is_authenticated": false,
  "is_authenticating": false
}
[2025-03-14T14:20:51.622Z] FRONTEND:AUTH - DEBUG: Auth Flow - HeaderConnect Render
  Details: {
  "timestamp": "2025-03-14T14:20:51.622Z",
  "is_connected": false,
  "is_authenticated": false,
  "is_authenticating": false
}
[2025-03-14T14:20:52.116Z] FRONTEND:AUTH - DEBUG: Auth Flow - HeaderConnect Render
  Details: {
  "timestamp": "2025-03-14T14:20:52.116Z",
  "is_connected": false,
  "is_authenticated": false,
  "is_authenticating": false
}
[2025-03-14T14:20:52.116Z] FRONTEND:AUTH - DEBUG: Auth Flow - HeaderConnect Render
  Details: {
  "timestamp": "2025-03-14T14:20:52.116Z",
  "is_connected": false,
  "is_authenticated": false,
  "is_authenticating": false
}
[2025-03-14T14:24:04.002Z] FRONTEND:AUTH - DEBUG: Auth Flow - HeaderConnect Render
  Details: {
  "timestamp": "2025-03-14T14:24:04.002Z",
  "is_connected": false,
  "is_authenticated": false,
  "is_authenticating": false
}
[2025-03-14T14:24:04.077Z] FRONTEND:AUTH - DEBUG: Auth Flow - HeaderConnect Render
  Details: {
  "timestamp": "2025-03-14T14:24:04.077Z",
  "is_connected": false,
  "is_authenticated": false,
  "is_authenticating": false
}
[2025-03-14T14:24:04.078Z] FRONTEND:AUTH - DEBUG: Auth Flow - HeaderConnect Render
  Details: {
  "timestamp": "2025-03-14T14:24:04.078Z",
  "is_connected": false,
  "is_authenticated": false,
  "is_authenticating": false
}
[2025-03-14T14:24:04.184Z] FRONTEND:AUTH - DEBUG: Auth Flow - HeaderConnect Render
  Details: {
  "timestamp": "2025-03-14T14:24:04.184Z",
  "is_connected": false,
  "is_authenticated": false,
  "is_authenticating": false
}
[2025-03-14T14:24:04.184Z] FRONTEND:AUTH - DEBUG: Auth Flow - HeaderConnect Render
  Details: {
  "timestamp": "2025-03-14T14:24:04.184Z",
  "is_connected": false,
  "is_authenticated": false,
  "is_authenticating": false
}
[2025-03-14T14:24:04.002Z] FRONTEND:AUTH - DEBUG: Auth Flow - HeaderConnect Render
  Details: {
  "timestamp": "2025-03-14T14:24:04.002Z",
  "is_connected": false,
  "is_authenticated": false,
  "is_authenticating": false
}
[2025-03-14T14:24:04.214Z] FRONTEND:AUTH - DEBUG: Auth Flow - HeaderConnect Render
  Details: {
  "timestamp": "2025-03-14T14:24:04.214Z",
  "is_connected": false,
  "is_authenticated": false,
  "is_authenticating": false
}
[2025-03-14T14:24:04.215Z] FRONTEND:AUTH - DEBUG: Auth Flow - HeaderConnect Render
  Details: {
  "timestamp": "2025-03-14T14:24:04.215Z",
  "is_connected": false,
  "is_authenticated": false,
  "is_authenticating": false
}
[2025-03-14T14:24:04.237Z] FRONTEND:CLIENT - ERROR: Client Error: Element type is invalid: expected a string (for built-in components) or a class/function (for composite components) but got: undefined. You likely forgot to export your component from the file it's defined in, or you might have mixed up default and named imports.

Check the render method of `IconComponent`.
  Details: {
  "stack": "Error: Element type is invalid: expected a string (for built-in components) or a class/function (for composite components) but got: undefined. You likely forgot to export your component from the file it's defined in, or you might have mixed up default and named imports.\n\nCheck the render method of `IconComponent`.\n    at createFiberFromTypeAndProps (webpack-internal:///(app-pages-browser)/./node_modules/next/dist/compiled/react-dom/cjs/react-dom-client.development.js:13366:28)\n    at createFiberFromElement (webpack-internal:///(app-pages-browser)/./node_modules/next/dist/compiled/react-dom/cjs/react-dom-client.development.js:13380:14)\n    at reconcileChildFibersImpl (webpack-internal:///(app-pages-browser)/./node_modules/next/dist/compiled/react-dom/cjs/react-dom-client.development.js:7012:31)\n    at eval (webpack-internal:///(app-pages-browser)/./node_modules/next/dist/compiled/react-dom/cjs/react-dom-client.development.js:7189:33)\n    at reconcileChildren (webpack-internal:///(app-pages-browser)/./node_modules/next/dist/compiled/react-dom/cjs/react-dom-client.development.js:7752:13)\n    at updateFunctionComponent (webpack-internal:///(app-pages-browser)/./node_modules/next/dist/compiled/react-dom/cjs/react-dom-client.development.js:8049:7)\n    at beginWork (webpack-internal:///(app-pages-browser)/./node_modules/next/dist/compiled/react-dom/cjs/react-dom-client.development.js:9689:18)\n    at runWithFiberInDEV (webpack-internal:///(app-pages-browser)/./node_modules/next/dist/compiled/react-dom/cjs/react-dom-client.development.js:544:16)\n    at performUnitOfWork (webpack-internal:///(app-pages-browser)/./node_modules/next/dist/compiled/react-dom/cjs/react-dom-client.development.js:15064:22)\n    at workLoopSync (webpack-internal:///(app-pages-browser)/./node_modules/next/dist/compiled/react-dom/cjs/react-dom-client.development.js:14888:41)\n    at renderRootSync (webpack-internal:///(app-pages-browser)/./node_modules/next/dist/compiled/react-dom/cjs/react-dom-client.development.js:14868:11)\n    at performWorkOnRoot (webpack-internal:///(app-pages-browser)/./node_modules/next/dist/compiled/react-dom/cjs/react-dom-client.development.js:14394:44)\n    at performWorkOnRootViaSchedulerTask (webpack-internal:///(app-pages-browser)/./node_modules/next/dist/compiled/react-dom/cjs/react-dom-client.development.js:15955:7)\n    at MessagePort.performWorkUntilDeadline (webpack-internal:///(app-pages-browser)/./node_modules/next/dist/compiled/scheduler/cjs/scheduler.development.js:44:48)",
  "location": "global-error-boundary",
  "errorType": "unhandled-error"
}
[2025-03-14T14:24:04.239Z] FRONTEND:CLIENT - ERROR: Client Error: Element type is invalid: expected a string (for built-in components) or a class/function (for composite components) but got: undefined. You likely forgot to export your component from the file it's defined in, or you might have mixed up default and named imports.

Check the render method of `IconComponent`.
  Details: {
  "stack": "Error: Element type is invalid: expected a string (for built-in components) or a class/function (for composite components) but got: undefined. You likely forgot to export your component from the file it's defined in, or you might have mixed up default and named imports.\n\nCheck the render method of `IconComponent`.\n    at createFiberFromTypeAndProps (webpack-internal:///(app-pages-browser)/./node_modules/next/dist/compiled/react-dom/cjs/react-dom-client.development.js:13366:28)\n    at createFiberFromElement (webpack-internal:///(app-pages-browser)/./node_modules/next/dist/compiled/react-dom/cjs/react-dom-client.development.js:13380:14)\n    at reconcileChildFibersImpl (webpack-internal:///(app-pages-browser)/./node_modules/next/dist/compiled/react-dom/cjs/react-dom-client.development.js:7012:31)\n    at eval (webpack-internal:///(app-pages-browser)/./node_modules/next/dist/compiled/react-dom/cjs/react-dom-client.development.js:7189:33)\n    at reconcileChildren (webpack-internal:///(app-pages-browser)/./node_modules/next/dist/compiled/react-dom/cjs/react-dom-client.development.js:7752:13)\n    at updateFunctionComponent (webpack-internal:///(app-pages-browser)/./node_modules/next/dist/compiled/react-dom/cjs/react-dom-client.development.js:8049:7)\n    at beginWork (webpack-internal:///(app-pages-browser)/./node_modules/next/dist/compiled/react-dom/cjs/react-dom-client.development.js:9689:18)\n    at runWithFiberInDEV (webpack-internal:///(app-pages-browser)/./node_modules/next/dist/compiled/react-dom/cjs/react-dom-client.development.js:544:16)\n    at performUnitOfWork (webpack-internal:///(app-pages-browser)/./node_modules/next/dist/compiled/react-dom/cjs/react-dom-client.development.js:15064:22)\n    at workLoopSync (webpack-internal:///(app-pages-browser)/./node_modules/next/dist/compiled/react-dom/cjs/react-dom-client.development.js:14888:41)\n    at renderRootSync (webpack-internal:///(app-pages-browser)/./node_modules/next/dist/compiled/react-dom/cjs/react-dom-client.development.js:14868:11)\n    at performWorkOnRoot (webpack-internal:///(app-pages-browser)/./node_modules/next/dist/compiled/react-dom/cjs/react-dom-client.development.js:14394:44)\n    at performWorkOnRootViaSchedulerTask (webpack-internal:///(app-pages-browser)/./node_modules/next/dist/compiled/react-dom/cjs/react-dom-client.development.js:15955:7)\n    at MessagePort.performWorkUntilDeadline (webpack-internal:///(app-pages-browser)/./node_modules/next/dist/compiled/scheduler/cjs/scheduler.development.js:44:48)",
  "location": "global-error-boundary",
  "errorType": "unhandled-error"
}
[2025-03-14T14:25:26.620Z] FRONTEND:AUTH - DEBUG: Auth Flow - HeaderConnect Render
  Details: {
  "timestamp": "2025-03-14T14:25:26.620Z",
  "is_connected": false,
  "is_authenticated": false,
  "is_authenticating": false
}
[2025-03-14T14:25:26.621Z] FRONTEND:AUTH - DEBUG: Auth Flow - HeaderConnect Render
  Details: {
  "timestamp": "2025-03-14T14:25:26.621Z",
  "is_connected": false,
  "is_authenticated": false,
  "is_authenticating": false
}
[2025-03-14T14:25:26.695Z] FRONTEND:AUTH - DEBUG: Auth Flow - HeaderConnect Render
  Details: {
  "timestamp": "2025-03-14T14:25:26.695Z",
  "is_connected": false,
  "is_authenticated": false,
  "is_authenticating": false
}
[2025-03-14T14:25:26.695Z] FRONTEND:AUTH - DEBUG: Auth Flow - HeaderConnect Render
  Details: {
  "timestamp": "2025-03-14T14:25:26.695Z",
  "is_connected": false,
  "is_authenticated": false,
  "is_authenticating": false
}
[2025-03-14T14:25:26.709Z] FRONTEND:CLIENT - ERROR: Client Error: Element type is invalid: expected a string (for built-in components) or a class/function (for composite components) but got: undefined. You likely forgot to export your component from the file it's defined in, or you might have mixed up default and named imports.

Check the render method of `IconComponent`.
  Details: {
  "stack": "Error: Element type is invalid: expected a string (for built-in components) or a class/function (for composite components) but got: undefined. You likely forgot to export your component from the file it's defined in, or you might have mixed up default and named imports.\n\nCheck the render method of `IconComponent`.\n    at createFiberFromTypeAndProps (webpack-internal:///(app-pages-browser)/./node_modules/next/dist/compiled/react-dom/cjs/react-dom-client.development.js:13366:28)\n    at createFiberFromElement (webpack-internal:///(app-pages-browser)/./node_modules/next/dist/compiled/react-dom/cjs/react-dom-client.development.js:13380:14)\n    at reconcileChildFibersImpl (webpack-internal:///(app-pages-browser)/./node_modules/next/dist/compiled/react-dom/cjs/react-dom-client.development.js:7012:31)\n    at eval (webpack-internal:///(app-pages-browser)/./node_modules/next/dist/compiled/react-dom/cjs/react-dom-client.development.js:7189:33)\n    at reconcileChildren (webpack-internal:///(app-pages-browser)/./node_modules/next/dist/compiled/react-dom/cjs/react-dom-client.development.js:7752:13)\n    at updateFunctionComponent (webpack-internal:///(app-pages-browser)/./node_modules/next/dist/compiled/react-dom/cjs/react-dom-client.development.js:8049:7)\n    at beginWork (webpack-internal:///(app-pages-browser)/./node_modules/next/dist/compiled/react-dom/cjs/react-dom-client.development.js:9689:18)\n    at runWithFiberInDEV (webpack-internal:///(app-pages-browser)/./node_modules/next/dist/compiled/react-dom/cjs/react-dom-client.development.js:544:16)\n    at performUnitOfWork (webpack-internal:///(app-pages-browser)/./node_modules/next/dist/compiled/react-dom/cjs/react-dom-client.development.js:15064:22)\n    at workLoopSync (webpack-internal:///(app-pages-browser)/./node_modules/next/dist/compiled/react-dom/cjs/react-dom-client.development.js:14888:41)\n    at renderRootSync (webpack-internal:///(app-pages-browser)/./node_modules/next/dist/compiled/react-dom/cjs/react-dom-client.development.js:14868:11)\n    at performWorkOnRoot (webpack-internal:///(app-pages-browser)/./node_modules/next/dist/compiled/react-dom/cjs/react-dom-client.development.js:14394:44)\n    at performSyncWorkOnRoot (webpack-internal:///(app-pages-browser)/./node_modules/next/dist/compiled/react-dom/cjs/react-dom-client.development.js:15970:7)\n    at flushSyncWorkAcrossRoots_impl (webpack-internal:///(app-pages-browser)/./node_modules/next/dist/compiled/react-dom/cjs/react-dom-client.development.js:15830:21)\n    at processRootScheduleInMicrotask (webpack-internal:///(app-pages-browser)/./node_modules/next/dist/compiled/react-dom/cjs/react-dom-client.development.js:15864:7)\n    at eval (webpack-internal:///(app-pages-browser)/./node_modules/next/dist/compiled/react-dom/cjs/react-dom-client.development.js:15986:13)",
  "location": "global-error-boundary",
  "errorType": "unhandled-error"
}
[2025-03-14T14:25:25.971Z] FRONTEND:AUTH - DEBUG: Auth Flow - Initial Auth State Check
  Details: {
  "timestamp": "2025-03-14T14:25:25.971Z",
  "has_token": false,
  "has_user": false
}
[2025-03-14T14:25:26.711Z] FRONTEND:CLIENT - ERROR: Client Error: Element type is invalid: expected a string (for built-in components) or a class/function (for composite components) but got: undefined. You likely forgot to export your component from the file it's defined in, or you might have mixed up default and named imports.

Check the render method of `IconComponent`.
  Details: {
  "stack": "Error: Element type is invalid: expected a string (for built-in components) or a class/function (for composite components) but got: undefined. You likely forgot to export your component from the file it's defined in, or you might have mixed up default and named imports.\n\nCheck the render method of `IconComponent`.\n    at createFiberFromTypeAndProps (webpack-internal:///(app-pages-browser)/./node_modules/next/dist/compiled/react-dom/cjs/react-dom-client.development.js:13366:28)\n    at createFiberFromElement (webpack-internal:///(app-pages-browser)/./node_modules/next/dist/compiled/react-dom/cjs/react-dom-client.development.js:13380:14)\n    at reconcileChildFibersImpl (webpack-internal:///(app-pages-browser)/./node_modules/next/dist/compiled/react-dom/cjs/react-dom-client.development.js:7012:31)\n    at eval (webpack-internal:///(app-pages-browser)/./node_modules/next/dist/compiled/react-dom/cjs/react-dom-client.development.js:7189:33)\n    at reconcileChildren (webpack-internal:///(app-pages-browser)/./node_modules/next/dist/compiled/react-dom/cjs/react-dom-client.development.js:7752:13)\n    at updateFunctionComponent (webpack-internal:///(app-pages-browser)/./node_modules/next/dist/compiled/react-dom/cjs/react-dom-client.development.js:8049:7)\n    at beginWork (webpack-internal:///(app-pages-browser)/./node_modules/next/dist/compiled/react-dom/cjs/react-dom-client.development.js:9689:18)\n    at runWithFiberInDEV (webpack-internal:///(app-pages-browser)/./node_modules/next/dist/compiled/react-dom/cjs/react-dom-client.development.js:544:16)\n    at performUnitOfWork (webpack-internal:///(app-pages-browser)/./node_modules/next/dist/compiled/react-dom/cjs/react-dom-client.development.js:15064:22)\n    at workLoopSync (webpack-internal:///(app-pages-browser)/./node_modules/next/dist/compiled/react-dom/cjs/react-dom-client.development.js:14888:41)\n    at renderRootSync (webpack-internal:///(app-pages-browser)/./node_modules/next/dist/compiled/react-dom/cjs/react-dom-client.development.js:14868:11)\n    at performWorkOnRoot (webpack-internal:///(app-pages-browser)/./node_modules/next/dist/compiled/react-dom/cjs/react-dom-client.development.js:14394:44)\n    at performSyncWorkOnRoot (webpack-internal:///(app-pages-browser)/./node_modules/next/dist/compiled/react-dom/cjs/react-dom-client.development.js:15970:7)\n    at flushSyncWorkAcrossRoots_impl (webpack-internal:///(app-pages-browser)/./node_modules/next/dist/compiled/react-dom/cjs/react-dom-client.development.js:15830:21)\n    at processRootScheduleInMicrotask (webpack-internal:///(app-pages-browser)/./node_modules/next/dist/compiled/react-dom/cjs/react-dom-client.development.js:15864:7)\n    at eval (webpack-internal:///(app-pages-browser)/./node_modules/next/dist/compiled/react-dom/cjs/react-dom-client.development.js:15986:13)",
  "location": "global-error-boundary",
  "errorType": "unhandled-error"
}
[2025-03-14T14:25:33.866Z] FRONTEND:AUTH - DEBUG: Auth Flow - Initial Auth State Check
  Details: {
  "timestamp": "2025-03-14T14:25:33.866Z",
  "has_token": false,
  "has_user": false
}
[2025-03-14T14:25:34.105Z] FRONTEND:AUTH - DEBUG: Auth Flow - HeaderConnect Render
  Details: {
  "timestamp": "2025-03-14T14:25:34.105Z",
  "is_connected": false,
  "is_authenticated": false,
  "is_authenticating": false
}
[2025-03-14T14:25:34.105Z] FRONTEND:AUTH - DEBUG: Auth Flow - HeaderConnect Render
  Details: {
  "timestamp": "2025-03-14T14:25:34.105Z",
  "is_connected": false,
  "is_authenticated": false,
  "is_authenticating": false
}
[2025-03-14T14:25:34.146Z] FRONTEND:AUTH - DEBUG: Auth Flow - HeaderConnect Render
  Details: {
  "timestamp": "2025-03-14T14:25:34.146Z",
  "is_connected": false,
  "is_authenticated": false,
  "is_authenticating": false
}
[2025-03-14T14:25:34.147Z] FRONTEND:AUTH - DEBUG: Auth Flow - HeaderConnect Render
  Details: {
  "timestamp": "2025-03-14T14:25:34.147Z",
  "is_connected": false,
  "is_authenticated": false,
  "is_authenticating": false
}
[2025-03-14T14:25:34.205Z] FRONTEND:AUTH - DEBUG: Auth Flow - HeaderConnect Render
  Details: {
  "timestamp": "2025-03-14T14:25:34.205Z",
  "is_connected": false,
  "is_authenticated": false,
  "is_authenticating": false
}
[2025-03-14T14:25:34.206Z] FRONTEND:AUTH - DEBUG: Auth Flow - HeaderConnect Render
  Details: {
  "timestamp": "2025-03-14T14:25:34.206Z",
  "is_connected": false,
  "is_authenticated": false,
  "is_authenticating": false
}
[2025-03-14T14:25:34.220Z] FRONTEND:CLIENT - ERROR: Client Error: Element type is invalid: expected a string (for built-in components) or a class/function (for composite components) but got: undefined. You likely forgot to export your component from the file it's defined in, or you might have mixed up default and named imports.

Check the render method of `IconComponent`.
  Details: {
  "stack": "Error: Element type is invalid: expected a string (for built-in components) or a class/function (for composite components) but got: undefined. You likely forgot to export your component from the file it's defined in, or you might have mixed up default and named imports.\n\nCheck the render method of `IconComponent`.\n    at createFiberFromTypeAndProps (webpack-internal:///(app-pages-browser)/./node_modules/next/dist/compiled/react-dom/cjs/react-dom-client.development.js:13366:28)\n    at createFiberFromElement (webpack-internal:///(app-pages-browser)/./node_modules/next/dist/compiled/react-dom/cjs/react-dom-client.development.js:13380:14)\n    at reconcileChildFibersImpl (webpack-internal:///(app-pages-browser)/./node_modules/next/dist/compiled/react-dom/cjs/react-dom-client.development.js:7012:31)\n    at eval (webpack-internal:///(app-pages-browser)/./node_modules/next/dist/compiled/react-dom/cjs/react-dom-client.development.js:7189:33)\n    at reconcileChildren (webpack-internal:///(app-pages-browser)/./node_modules/next/dist/compiled/react-dom/cjs/react-dom-client.development.js:7752:13)\n    at updateFunctionComponent (webpack-internal:///(app-pages-browser)/./node_modules/next/dist/compiled/react-dom/cjs/react-dom-client.development.js:8049:7)\n    at beginWork (webpack-internal:///(app-pages-browser)/./node_modules/next/dist/compiled/react-dom/cjs/react-dom-client.development.js:9689:18)\n    at runWithFiberInDEV (webpack-internal:///(app-pages-browser)/./node_modules/next/dist/compiled/react-dom/cjs/react-dom-client.development.js:544:16)\n    at performUnitOfWork (webpack-internal:///(app-pages-browser)/./node_modules/next/dist/compiled/react-dom/cjs/react-dom-client.development.js:15064:22)\n    at workLoopSync (webpack-internal:///(app-pages-browser)/./node_modules/next/dist/compiled/react-dom/cjs/react-dom-client.development.js:14888:41)\n    at renderRootSync (webpack-internal:///(app-pages-browser)/./node_modules/next/dist/compiled/react-dom/cjs/react-dom-client.development.js:14868:11)\n    at performWorkOnRoot (webpack-internal:///(app-pages-browser)/./node_modules/next/dist/compiled/react-dom/cjs/react-dom-client.development.js:14394:44)\n    at performSyncWorkOnRoot (webpack-internal:///(app-pages-browser)/./node_modules/next/dist/compiled/react-dom/cjs/react-dom-client.development.js:15970:7)\n    at flushSyncWorkAcrossRoots_impl (webpack-internal:///(app-pages-browser)/./node_modules/next/dist/compiled/react-dom/cjs/react-dom-client.development.js:15830:21)\n    at processRootScheduleInMicrotask (webpack-internal:///(app-pages-browser)/./node_modules/next/dist/compiled/react-dom/cjs/react-dom-client.development.js:15864:7)\n    at eval (webpack-internal:///(app-pages-browser)/./node_modules/next/dist/compiled/react-dom/cjs/react-dom-client.development.js:15986:13)",
  "location": "global-error-boundary",
  "errorType": "unhandled-error"
}
[2025-03-14T14:25:34.226Z] FRONTEND:CLIENT - ERROR: Client Error: Element type is invalid: expected a string (for built-in components) or a class/function (for composite components) but got: undefined. You likely forgot to export your component from the file it's defined in, or you might have mixed up default and named imports.

Check the render method of `IconComponent`.
  Details: {
  "stack": "Error: Element type is invalid: expected a string (for built-in components) or a class/function (for composite components) but got: undefined. You likely forgot to export your component from the file it's defined in, or you might have mixed up default and named imports.\n\nCheck the render method of `IconComponent`.\n    at createFiberFromTypeAndProps (webpack-internal:///(app-pages-browser)/./node_modules/next/dist/compiled/react-dom/cjs/react-dom-client.development.js:13366:28)\n    at createFiberFromElement (webpack-internal:///(app-pages-browser)/./node_modules/next/dist/compiled/react-dom/cjs/react-dom-client.development.js:13380:14)\n    at reconcileChildFibersImpl (webpack-internal:///(app-pages-browser)/./node_modules/next/dist/compiled/react-dom/cjs/react-dom-client.development.js:7012:31)\n    at eval (webpack-internal:///(app-pages-browser)/./node_modules/next/dist/compiled/react-dom/cjs/react-dom-client.development.js:7189:33)\n    at reconcileChildren (webpack-internal:///(app-pages-browser)/./node_modules/next/dist/compiled/react-dom/cjs/react-dom-client.development.js:7752:13)\n    at updateFunctionComponent (webpack-internal:///(app-pages-browser)/./node_modules/next/dist/compiled/react-dom/cjs/react-dom-client.development.js:8049:7)\n    at beginWork (webpack-internal:///(app-pages-browser)/./node_modules/next/dist/compiled/react-dom/cjs/react-dom-client.development.js:9689:18)\n    at runWithFiberInDEV (webpack-internal:///(app-pages-browser)/./node_modules/next/dist/compiled/react-dom/cjs/react-dom-client.development.js:544:16)\n    at performUnitOfWork (webpack-internal:///(app-pages-browser)/./node_modules/next/dist/compiled/react-dom/cjs/react-dom-client.development.js:15064:22)\n    at workLoopSync (webpack-internal:///(app-pages-browser)/./node_modules/next/dist/compiled/react-dom/cjs/react-dom-client.development.js:14888:41)\n    at renderRootSync (webpack-internal:///(app-pages-browser)/./node_modules/next/dist/compiled/react-dom/cjs/react-dom-client.development.js:14868:11)\n    at performWorkOnRoot (webpack-internal:///(app-pages-browser)/./node_modules/next/dist/compiled/react-dom/cjs/react-dom-client.development.js:14394:44)\n    at performSyncWorkOnRoot (webpack-internal:///(app-pages-browser)/./node_modules/next/dist/compiled/react-dom/cjs/react-dom-client.development.js:15970:7)\n    at flushSyncWorkAcrossRoots_impl (webpack-internal:///(app-pages-browser)/./node_modules/next/dist/compiled/react-dom/cjs/react-dom-client.development.js:15830:21)\n    at processRootScheduleInMicrotask (webpack-internal:///(app-pages-browser)/./node_modules/next/dist/compiled/react-dom/cjs/react-dom-client.development.js:15864:7)\n    at eval (webpack-internal:///(app-pages-browser)/./node_modules/next/dist/compiled/react-dom/cjs/react-dom-client.development.js:15986:13)",
  "location": "global-error-boundary",
  "errorType": "unhandled-error"
}
[2025-03-14T14:29:15.873Z] FRONTEND:AUTH - DEBUG: Auth Flow - HeaderConnect Render
  Details: {
  "timestamp": "2025-03-14T14:29:15.873Z",
  "is_connected": false,
  "is_authenticated": false,
  "is_authenticating": false
}
[2025-03-14T14:29:15.874Z] FRONTEND:AUTH - DEBUG: Auth Flow - HeaderConnect Render
  Details: {
  "timestamp": "2025-03-14T14:29:15.874Z",
  "is_connected": false,
  "is_authenticated": false,
  "is_authenticating": false
}
[2025-03-14T14:29:15.921Z] FRONTEND:AUTH - DEBUG: Auth Flow - HeaderConnect Render
  Details: {
  "timestamp": "2025-03-14T14:29:15.921Z",
  "is_connected": false,
  "is_authenticated": false,
  "is_authenticating": false
}
[2025-03-14T14:29:15.921Z] FRONTEND:AUTH - DEBUG: Auth Flow - HeaderConnect Render
  Details: {
  "timestamp": "2025-03-14T14:29:15.921Z",
  "is_connected": false,
  "is_authenticated": false,
  "is_authenticating": false
}
[2025-03-14T14:29:15.229Z] FRONTEND:AUTH - DEBUG: Auth Flow - Initial Auth State Check
  Details: {
  "timestamp": "2025-03-14T14:29:15.229Z",
  "has_token": false,
  "has_user": false
}
[2025-03-14T14:29:15.961Z] FRONTEND:AUTH - DEBUG: Auth Flow - HeaderConnect Render
  Details: {
  "timestamp": "2025-03-14T14:29:15.961Z",
  "is_connected": false,
  "is_authenticated": false,
  "is_authenticating": false
}
[2025-03-14T14:29:15.961Z] FRONTEND:AUTH - DEBUG: Auth Flow - HeaderConnect Render
  Details: {
  "timestamp": "2025-03-14T14:29:15.961Z",
  "is_connected": false,
  "is_authenticated": false,
  "is_authenticating": false
}
[2025-03-14T14:29:15.968Z] FRONTEND:CLIENT - ERROR: Client Error: Element type is invalid: expected a string (for built-in components) or a class/function (for composite components) but got: undefined. You likely forgot to export your component from the file it's defined in, or you might have mixed up default and named imports.

Check the render method of `IconComponent`.
  Details: {
  "stack": "Error: Element type is invalid: expected a string (for built-in components) or a class/function (for composite components) but got: undefined. You likely forgot to export your component from the file it's defined in, or you might have mixed up default and named imports.\n\nCheck the render method of `IconComponent`.\n    at createFiberFromTypeAndProps (webpack-internal:///(app-pages-browser)/./node_modules/next/dist/compiled/react-dom/cjs/react-dom-client.development.js:13366:28)\n    at createFiberFromElement (webpack-internal:///(app-pages-browser)/./node_modules/next/dist/compiled/react-dom/cjs/react-dom-client.development.js:13380:14)\n    at reconcileChildFibersImpl (webpack-internal:///(app-pages-browser)/./node_modules/next/dist/compiled/react-dom/cjs/react-dom-client.development.js:7012:31)\n    at eval (webpack-internal:///(app-pages-browser)/./node_modules/next/dist/compiled/react-dom/cjs/react-dom-client.development.js:7189:33)\n    at reconcileChildren (webpack-internal:///(app-pages-browser)/./node_modules/next/dist/compiled/react-dom/cjs/react-dom-client.development.js:7752:13)\n    at updateFunctionComponent (webpack-internal:///(app-pages-browser)/./node_modules/next/dist/compiled/react-dom/cjs/react-dom-client.development.js:8049:7)\n    at beginWork (webpack-internal:///(app-pages-browser)/./node_modules/next/dist/compiled/react-dom/cjs/react-dom-client.development.js:9689:18)\n    at runWithFiberInDEV (webpack-internal:///(app-pages-browser)/./node_modules/next/dist/compiled/react-dom/cjs/react-dom-client.development.js:544:16)\n    at performUnitOfWork (webpack-internal:///(app-pages-browser)/./node_modules/next/dist/compiled/react-dom/cjs/react-dom-client.development.js:15064:22)\n    at workLoopSync (webpack-internal:///(app-pages-browser)/./node_modules/next/dist/compiled/react-dom/cjs/react-dom-client.development.js:14888:41)\n    at renderRootSync (webpack-internal:///(app-pages-browser)/./node_modules/next/dist/compiled/react-dom/cjs/react-dom-client.development.js:14868:11)\n    at performWorkOnRoot (webpack-internal:///(app-pages-browser)/./node_modules/next/dist/compiled/react-dom/cjs/react-dom-client.development.js:14394:44)\n    at performSyncWorkOnRoot (webpack-internal:///(app-pages-browser)/./node_modules/next/dist/compiled/react-dom/cjs/react-dom-client.development.js:15970:7)\n    at flushSyncWorkAcrossRoots_impl (webpack-internal:///(app-pages-browser)/./node_modules/next/dist/compiled/react-dom/cjs/react-dom-client.development.js:15830:21)\n    at processRootScheduleInMicrotask (webpack-internal:///(app-pages-browser)/./node_modules/next/dist/compiled/react-dom/cjs/react-dom-client.development.js:15864:7)\n    at eval (webpack-internal:///(app-pages-browser)/./node_modules/next/dist/compiled/react-dom/cjs/react-dom-client.development.js:15986:13)",
  "location": "global-error-boundary",
  "errorType": "unhandled-error"
}
[2025-03-14T14:29:15.970Z] FRONTEND:CLIENT - ERROR: Client Error: Element type is invalid: expected a string (for built-in components) or a class/function (for composite components) but got: undefined. You likely forgot to export your component from the file it's defined in, or you might have mixed up default and named imports.

Check the render method of `IconComponent`.
  Details: {
  "stack": "Error: Element type is invalid: expected a string (for built-in components) or a class/function (for composite components) but got: undefined. You likely forgot to export your component from the file it's defined in, or you might have mixed up default and named imports.\n\nCheck the render method of `IconComponent`.\n    at createFiberFromTypeAndProps (webpack-internal:///(app-pages-browser)/./node_modules/next/dist/compiled/react-dom/cjs/react-dom-client.development.js:13366:28)\n    at createFiberFromElement (webpack-internal:///(app-pages-browser)/./node_modules/next/dist/compiled/react-dom/cjs/react-dom-client.development.js:13380:14)\n    at reconcileChildFibersImpl (webpack-internal:///(app-pages-browser)/./node_modules/next/dist/compiled/react-dom/cjs/react-dom-client.development.js:7012:31)\n    at eval (webpack-internal:///(app-pages-browser)/./node_modules/next/dist/compiled/react-dom/cjs/react-dom-client.development.js:7189:33)\n    at reconcileChildren (webpack-internal:///(app-pages-browser)/./node_modules/next/dist/compiled/react-dom/cjs/react-dom-client.development.js:7752:13)\n    at updateFunctionComponent (webpack-internal:///(app-pages-browser)/./node_modules/next/dist/compiled/react-dom/cjs/react-dom-client.development.js:8049:7)\n    at beginWork (webpack-internal:///(app-pages-browser)/./node_modules/next/dist/compiled/react-dom/cjs/react-dom-client.development.js:9689:18)\n    at runWithFiberInDEV (webpack-internal:///(app-pages-browser)/./node_modules/next/dist/compiled/react-dom/cjs/react-dom-client.development.js:544:16)\n    at performUnitOfWork (webpack-internal:///(app-pages-browser)/./node_modules/next/dist/compiled/react-dom/cjs/react-dom-client.development.js:15064:22)\n    at workLoopSync (webpack-internal:///(app-pages-browser)/./node_modules/next/dist/compiled/react-dom/cjs/react-dom-client.development.js:14888:41)\n    at renderRootSync (webpack-internal:///(app-pages-browser)/./node_modules/next/dist/compiled/react-dom/cjs/react-dom-client.development.js:14868:11)\n    at performWorkOnRoot (webpack-internal:///(app-pages-browser)/./node_modules/next/dist/compiled/react-dom/cjs/react-dom-client.development.js:14394:44)\n    at performSyncWorkOnRoot (webpack-internal:///(app-pages-browser)/./node_modules/next/dist/compiled/react-dom/cjs/react-dom-client.development.js:15970:7)\n    at flushSyncWorkAcrossRoots_impl (webpack-internal:///(app-pages-browser)/./node_modules/next/dist/compiled/react-dom/cjs/react-dom-client.development.js:15830:21)\n    at processRootScheduleInMicrotask (webpack-internal:///(app-pages-browser)/./node_modules/next/dist/compiled/react-dom/cjs/react-dom-client.development.js:15864:7)\n    at eval (webpack-internal:///(app-pages-browser)/./node_modules/next/dist/compiled/react-dom/cjs/react-dom-client.development.js:15986:13)",
  "location": "global-error-boundary",
  "errorType": "unhandled-error"
}
[2025-03-14T14:30:55.886Z] FRONTEND:AUTH - DEBUG: Auth Flow - Initial Auth State Check
  Details: {
  "timestamp": "2025-03-14T14:30:55.886Z",
  "has_token": false,
  "has_user": false
}
[2025-03-14T14:30:56.662Z] FRONTEND:CLIENT - ERROR: Client Error: Element type is invalid: expected a string (for built-in components) or a class/function (for composite components) but got: undefined. You likely forgot to export your component from the file it's defined in, or you might have mixed up default and named imports.

Check the render method of `IconComponent`.
  Details: {
  "stack": "Error: Element type is invalid: expected a string (for built-in components) or a class/function (for composite components) but got: undefined. You likely forgot to export your component from the file it's defined in, or you might have mixed up default and named imports.\n\nCheck the render method of `IconComponent`.\n    at createFiberFromTypeAndProps (webpack-internal:///(app-pages-browser)/./node_modules/next/dist/compiled/react-dom/cjs/react-dom-client.development.js:13366:28)\n    at createFiberFromElement (webpack-internal:///(app-pages-browser)/./node_modules/next/dist/compiled/react-dom/cjs/react-dom-client.development.js:13380:14)\n    at reconcileChildFibersImpl (webpack-internal:///(app-pages-browser)/./node_modules/next/dist/compiled/react-dom/cjs/react-dom-client.development.js:7012:31)\n    at eval (webpack-internal:///(app-pages-browser)/./node_modules/next/dist/compiled/react-dom/cjs/react-dom-client.development.js:7189:33)\n    at reconcileChildren (webpack-internal:///(app-pages-browser)/./node_modules/next/dist/compiled/react-dom/cjs/react-dom-client.development.js:7752:13)\n    at updateFunctionComponent (webpack-internal:///(app-pages-browser)/./node_modules/next/dist/compiled/react-dom/cjs/react-dom-client.development.js:8049:7)\n    at beginWork (webpack-internal:///(app-pages-browser)/./node_modules/next/dist/compiled/react-dom/cjs/react-dom-client.development.js:9689:18)\n    at runWithFiberInDEV (webpack-internal:///(app-pages-browser)/./node_modules/next/dist/compiled/react-dom/cjs/react-dom-client.development.js:544:16)\n    at performUnitOfWork (webpack-internal:///(app-pages-browser)/./node_modules/next/dist/compiled/react-dom/cjs/react-dom-client.development.js:15064:22)\n    at workLoopSync (webpack-internal:///(app-pages-browser)/./node_modules/next/dist/compiled/react-dom/cjs/react-dom-client.development.js:14888:41)\n    at renderRootSync (webpack-internal:///(app-pages-browser)/./node_modules/next/dist/compiled/react-dom/cjs/react-dom-client.development.js:14868:11)\n    at performWorkOnRoot (webpack-internal:///(app-pages-browser)/./node_modules/next/dist/compiled/react-dom/cjs/react-dom-client.development.js:14394:44)\n    at performSyncWorkOnRoot (webpack-internal:///(app-pages-browser)/./node_modules/next/dist/compiled/react-dom/cjs/react-dom-client.development.js:15970:7)\n    at flushSyncWorkAcrossRoots_impl (webpack-internal:///(app-pages-browser)/./node_modules/next/dist/compiled/react-dom/cjs/react-dom-client.development.js:15830:21)\n    at processRootScheduleInMicrotask (webpack-internal:///(app-pages-browser)/./node_modules/next/dist/compiled/react-dom/cjs/react-dom-client.development.js:15864:7)\n    at eval (webpack-internal:///(app-pages-browser)/./node_modules/next/dist/compiled/react-dom/cjs/react-dom-client.development.js:15986:13)",
  "location": "global-error-boundary",
  "errorType": "unhandled-error"
}
[2025-03-14T14:30:56.665Z] FRONTEND:CLIENT - ERROR: Client Error: Element type is invalid: expected a string (for built-in components) or a class/function (for composite components) but got: undefined. You likely forgot to export your component from the file it's defined in, or you might have mixed up default and named imports.

Check the render method of `IconComponent`.
  Details: {
  "stack": "Error: Element type is invalid: expected a string (for built-in components) or a class/function (for composite components) but got: undefined. You likely forgot to export your component from the file it's defined in, or you might have mixed up default and named imports.\n\nCheck the render method of `IconComponent`.\n    at createFiberFromTypeAndProps (webpack-internal:///(app-pages-browser)/./node_modules/next/dist/compiled/react-dom/cjs/react-dom-client.development.js:13366:28)\n    at createFiberFromElement (webpack-internal:///(app-pages-browser)/./node_modules/next/dist/compiled/react-dom/cjs/react-dom-client.development.js:13380:14)\n    at reconcileChildFibersImpl (webpack-internal:///(app-pages-browser)/./node_modules/next/dist/compiled/react-dom/cjs/react-dom-client.development.js:7012:31)\n    at eval (webpack-internal:///(app-pages-browser)/./node_modules/next/dist/compiled/react-dom/cjs/react-dom-client.development.js:7189:33)\n    at reconcileChildren (webpack-internal:///(app-pages-browser)/./node_modules/next/dist/compiled/react-dom/cjs/react-dom-client.development.js:7752:13)\n    at updateFunctionComponent (webpack-internal:///(app-pages-browser)/./node_modules/next/dist/compiled/react-dom/cjs/react-dom-client.development.js:8049:7)\n    at beginWork (webpack-internal:///(app-pages-browser)/./node_modules/next/dist/compiled/react-dom/cjs/react-dom-client.development.js:9689:18)\n    at runWithFiberInDEV (webpack-internal:///(app-pages-browser)/./node_modules/next/dist/compiled/react-dom/cjs/react-dom-client.development.js:544:16)\n    at performUnitOfWork (webpack-internal:///(app-pages-browser)/./node_modules/next/dist/compiled/react-dom/cjs/react-dom-client.development.js:15064:22)\n    at workLoopSync (webpack-internal:///(app-pages-browser)/./node_modules/next/dist/compiled/react-dom/cjs/react-dom-client.development.js:14888:41)\n    at renderRootSync (webpack-internal:///(app-pages-browser)/./node_modules/next/dist/compiled/react-dom/cjs/react-dom-client.development.js:14868:11)\n    at performWorkOnRoot (webpack-internal:///(app-pages-browser)/./node_modules/next/dist/compiled/react-dom/cjs/react-dom-client.development.js:14394:44)\n    at performSyncWorkOnRoot (webpack-internal:///(app-pages-browser)/./node_modules/next/dist/compiled/react-dom/cjs/react-dom-client.development.js:15970:7)\n    at flushSyncWorkAcrossRoots_impl (webpack-internal:///(app-pages-browser)/./node_modules/next/dist/compiled/react-dom/cjs/react-dom-client.development.js:15830:21)\n    at processRootScheduleInMicrotask (webpack-internal:///(app-pages-browser)/./node_modules/next/dist/compiled/react-dom/cjs/react-dom-client.development.js:15864:7)\n    at eval (webpack-internal:///(app-pages-browser)/./node_modules/next/dist/compiled/react-dom/cjs/react-dom-client.development.js:15986:13)",
  "location": "global-error-boundary",
  "errorType": "unhandled-error"
}
[2025-03-14T14:31:19.350Z] FRONTEND:AUTH - DEBUG: Auth Flow - Initial Auth State Check
  Details: {
  "timestamp": "2025-03-14T14:31:19.350Z",
  "has_token": false,
  "has_user": false
}
[2025-03-14T14:31:19.432Z] FRONTEND:CLIENT - ERROR: Client Error: Element type is invalid: expected a string (for built-in components) or a class/function (for composite components) but got: undefined. You likely forgot to export your component from the file it's defined in, or you might have mixed up default and named imports.

Check the render method of `IconComponent`.
  Details: {
  "stack": "Error: Element type is invalid: expected a string (for built-in components) or a class/function (for composite components) but got: undefined. You likely forgot to export your component from the file it's defined in, or you might have mixed up default and named imports.\n\nCheck the render method of `IconComponent`.\n    at createFiberFromTypeAndProps (webpack-internal:///(app-pages-browser)/./node_modules/next/dist/compiled/react-dom/cjs/react-dom-client.development.js:13366:28)\n    at createFiberFromElement (webpack-internal:///(app-pages-browser)/./node_modules/next/dist/compiled/react-dom/cjs/react-dom-client.development.js:13380:14)\n    at reconcileChildFibersImpl (webpack-internal:///(app-pages-browser)/./node_modules/next/dist/compiled/react-dom/cjs/react-dom-client.development.js:7012:31)\n    at eval (webpack-internal:///(app-pages-browser)/./node_modules/next/dist/compiled/react-dom/cjs/react-dom-client.development.js:7189:33)\n    at reconcileChildren (webpack-internal:///(app-pages-browser)/./node_modules/next/dist/compiled/react-dom/cjs/react-dom-client.development.js:7752:13)\n    at updateFunctionComponent (webpack-internal:///(app-pages-browser)/./node_modules/next/dist/compiled/react-dom/cjs/react-dom-client.development.js:8049:7)\n    at beginWork (webpack-internal:///(app-pages-browser)/./node_modules/next/dist/compiled/react-dom/cjs/react-dom-client.development.js:9689:18)\n    at runWithFiberInDEV (webpack-internal:///(app-pages-browser)/./node_modules/next/dist/compiled/react-dom/cjs/react-dom-client.development.js:544:16)\n    at performUnitOfWork (webpack-internal:///(app-pages-browser)/./node_modules/next/dist/compiled/react-dom/cjs/react-dom-client.development.js:15064:22)\n    at workLoopSync (webpack-internal:///(app-pages-browser)/./node_modules/next/dist/compiled/react-dom/cjs/react-dom-client.development.js:14888:41)\n    at renderRootSync (webpack-internal:///(app-pages-browser)/./node_modules/next/dist/compiled/react-dom/cjs/react-dom-client.development.js:14868:11)\n    at performWorkOnRoot (webpack-internal:///(app-pages-browser)/./node_modules/next/dist/compiled/react-dom/cjs/react-dom-client.development.js:14394:44)\n    at performSyncWorkOnRoot (webpack-internal:///(app-pages-browser)/./node_modules/next/dist/compiled/react-dom/cjs/react-dom-client.development.js:15970:7)\n    at flushSyncWorkAcrossRoots_impl (webpack-internal:///(app-pages-browser)/./node_modules/next/dist/compiled/react-dom/cjs/react-dom-client.development.js:15830:21)\n    at commitRootImpl (webpack-internal:///(app-pages-browser)/./node_modules/next/dist/compiled/react-dom/cjs/react-dom-client.development.js:15422:7)\n    at commitRoot (webpack-internal:///(app-pages-browser)/./node_modules/next/dist/compiled/react-dom/cjs/react-dom-client.development.js:15273:11)\n    at commitRootWhenReady (webpack-internal:///(app-pages-browser)/./node_modules/next/dist/compiled/react-dom/cjs/react-dom-client.development.js:14584:7)\n    at performWorkOnRoot (webpack-internal:///(app-pages-browser)/./node_modules/next/dist/compiled/react-dom/cjs/react-dom-client.development.js:14505:15)\n    at performWorkOnRootViaSchedulerTask (webpack-internal:///(app-pages-browser)/./node_modules/next/dist/compiled/react-dom/cjs/react-dom-client.development.js:15955:7)\n    at MessagePort.performWorkUntilDeadline (webpack-internal:///(app-pages-browser)/./node_modules/next/dist/compiled/scheduler/cjs/scheduler.development.js:44:48)",
  "location": "global-error-boundary",
  "errorType": "unhandled-error"
}
[2025-03-14T14:31:19.433Z] FRONTEND:CLIENT - ERROR: Client Error: Element type is invalid: expected a string (for built-in components) or a class/function (for composite components) but got: undefined. You likely forgot to export your component from the file it's defined in, or you might have mixed up default and named imports.

Check the render method of `IconComponent`.
  Details: {
  "stack": "Error: Element type is invalid: expected a string (for built-in components) or a class/function (for composite components) but got: undefined. You likely forgot to export your component from the file it's defined in, or you might have mixed up default and named imports.\n\nCheck the render method of `IconComponent`.\n    at createFiberFromTypeAndProps (webpack-internal:///(app-pages-browser)/./node_modules/next/dist/compiled/react-dom/cjs/react-dom-client.development.js:13366:28)\n    at createFiberFromElement (webpack-internal:///(app-pages-browser)/./node_modules/next/dist/compiled/react-dom/cjs/react-dom-client.development.js:13380:14)\n    at reconcileChildFibersImpl (webpack-internal:///(app-pages-browser)/./node_modules/next/dist/compiled/react-dom/cjs/react-dom-client.development.js:7012:31)\n    at eval (webpack-internal:///(app-pages-browser)/./node_modules/next/dist/compiled/react-dom/cjs/react-dom-client.development.js:7189:33)\n    at reconcileChildren (webpack-internal:///(app-pages-browser)/./node_modules/next/dist/compiled/react-dom/cjs/react-dom-client.development.js:7752:13)\n    at updateFunctionComponent (webpack-internal:///(app-pages-browser)/./node_modules/next/dist/compiled/react-dom/cjs/react-dom-client.development.js:8049:7)\n    at beginWork (webpack-internal:///(app-pages-browser)/./node_modules/next/dist/compiled/react-dom/cjs/react-dom-client.development.js:9689:18)\n    at runWithFiberInDEV (webpack-internal:///(app-pages-browser)/./node_modules/next/dist/compiled/react-dom/cjs/react-dom-client.development.js:544:16)\n    at performUnitOfWork (webpack-internal:///(app-pages-browser)/./node_modules/next/dist/compiled/react-dom/cjs/react-dom-client.development.js:15064:22)\n    at workLoopSync (webpack-internal:///(app-pages-browser)/./node_modules/next/dist/compiled/react-dom/cjs/react-dom-client.development.js:14888:41)\n    at renderRootSync (webpack-internal:///(app-pages-browser)/./node_modules/next/dist/compiled/react-dom/cjs/react-dom-client.development.js:14868:11)\n    at performWorkOnRoot (webpack-internal:///(app-pages-browser)/./node_modules/next/dist/compiled/react-dom/cjs/react-dom-client.development.js:14394:44)\n    at performSyncWorkOnRoot (webpack-internal:///(app-pages-browser)/./node_modules/next/dist/compiled/react-dom/cjs/react-dom-client.development.js:15970:7)\n    at flushSyncWorkAcrossRoots_impl (webpack-internal:///(app-pages-browser)/./node_modules/next/dist/compiled/react-dom/cjs/react-dom-client.development.js:15830:21)\n    at commitRootImpl (webpack-internal:///(app-pages-browser)/./node_modules/next/dist/compiled/react-dom/cjs/react-dom-client.development.js:15422:7)\n    at commitRoot (webpack-internal:///(app-pages-browser)/./node_modules/next/dist/compiled/react-dom/cjs/react-dom-client.development.js:15273:11)\n    at commitRootWhenReady (webpack-internal:///(app-pages-browser)/./node_modules/next/dist/compiled/react-dom/cjs/react-dom-client.development.js:14584:7)\n    at performWorkOnRoot (webpack-internal:///(app-pages-browser)/./node_modules/next/dist/compiled/react-dom/cjs/react-dom-client.development.js:14505:15)\n    at performWorkOnRootViaSchedulerTask (webpack-internal:///(app-pages-browser)/./node_modules/next/dist/compiled/react-dom/cjs/react-dom-client.development.js:15955:7)\n    at MessagePort.performWorkUntilDeadline (webpack-internal:///(app-pages-browser)/./node_modules/next/dist/compiled/scheduler/cjs/scheduler.development.js:44:48)",
  "location": "global-error-boundary",
  "errorType": "unhandled-error"
}
[2025-03-14T14:33:23.334Z] FRONTEND:AUTH - DEBUG: Auth Flow - Initial Auth State Check
  Details: {
  "timestamp": "2025-03-14T14:33:23.334Z",
  "has_token": false,
  "has_user": false
}
[2025-03-14T14:33:23.531Z] FRONTEND:CLIENT - ERROR: Client Error: Element type is invalid: expected a string (for built-in components) or a class/function (for composite components) but got: undefined. You likely forgot to export your component from the file it's defined in, or you might have mixed up default and named imports.

Check the render method of `IconComponent`.
  Details: {
  "stack": "Error: Element type is invalid: expected a string (for built-in components) or a class/function (for composite components) but got: undefined. You likely forgot to export your component from the file it's defined in, or you might have mixed up default and named imports.\n\nCheck the render method of `IconComponent`.\n    at createFiberFromTypeAndProps (webpack-internal:///(app-pages-browser)/./node_modules/next/dist/compiled/react-dom/cjs/react-dom-client.development.js:13366:28)\n    at createFiberFromElement (webpack-internal:///(app-pages-browser)/./node_modules/next/dist/compiled/react-dom/cjs/react-dom-client.development.js:13380:14)\n    at reconcileChildFibersImpl (webpack-internal:///(app-pages-browser)/./node_modules/next/dist/compiled/react-dom/cjs/react-dom-client.development.js:7012:31)\n    at eval (webpack-internal:///(app-pages-browser)/./node_modules/next/dist/compiled/react-dom/cjs/react-dom-client.development.js:7189:33)\n    at reconcileChildren (webpack-internal:///(app-pages-browser)/./node_modules/next/dist/compiled/react-dom/cjs/react-dom-client.development.js:7752:13)\n    at updateFunctionComponent (webpack-internal:///(app-pages-browser)/./node_modules/next/dist/compiled/react-dom/cjs/react-dom-client.development.js:8049:7)\n    at beginWork (webpack-internal:///(app-pages-browser)/./node_modules/next/dist/compiled/react-dom/cjs/react-dom-client.development.js:9689:18)\n    at runWithFiberInDEV (webpack-internal:///(app-pages-browser)/./node_modules/next/dist/compiled/react-dom/cjs/react-dom-client.development.js:544:16)\n    at performUnitOfWork (webpack-internal:///(app-pages-browser)/./node_modules/next/dist/compiled/react-dom/cjs/react-dom-client.development.js:15064:22)\n    at workLoopSync (webpack-internal:///(app-pages-browser)/./node_modules/next/dist/compiled/react-dom/cjs/react-dom-client.development.js:14888:41)\n    at renderRootSync (webpack-internal:///(app-pages-browser)/./node_modules/next/dist/compiled/react-dom/cjs/react-dom-client.development.js:14868:11)\n    at performWorkOnRoot (webpack-internal:///(app-pages-browser)/./node_modules/next/dist/compiled/react-dom/cjs/react-dom-client.development.js:14394:44)\n    at performSyncWorkOnRoot (webpack-internal:///(app-pages-browser)/./node_modules/next/dist/compiled/react-dom/cjs/react-dom-client.development.js:15970:7)\n    at flushSyncWorkAcrossRoots_impl (webpack-internal:///(app-pages-browser)/./node_modules/next/dist/compiled/react-dom/cjs/react-dom-client.development.js:15830:21)\n    at processRootScheduleInMicrotask (webpack-internal:///(app-pages-browser)/./node_modules/next/dist/compiled/react-dom/cjs/react-dom-client.development.js:15864:7)\n    at eval (webpack-internal:///(app-pages-browser)/./node_modules/next/dist/compiled/react-dom/cjs/react-dom-client.development.js:15986:13)",
  "location": "global-error-boundary",
  "errorType": "unhandled-error"
}
[2025-03-14T14:33:23.532Z] FRONTEND:CLIENT - ERROR: Client Error: Element type is invalid: expected a string (for built-in components) or a class/function (for composite components) but got: undefined. You likely forgot to export your component from the file it's defined in, or you might have mixed up default and named imports.

Check the render method of `IconComponent`.
  Details: {
  "stack": "Error: Element type is invalid: expected a string (for built-in components) or a class/function (for composite components) but got: undefined. You likely forgot to export your component from the file it's defined in, or you might have mixed up default and named imports.\n\nCheck the render method of `IconComponent`.\n    at createFiberFromTypeAndProps (webpack-internal:///(app-pages-browser)/./node_modules/next/dist/compiled/react-dom/cjs/react-dom-client.development.js:13366:28)\n    at createFiberFromElement (webpack-internal:///(app-pages-browser)/./node_modules/next/dist/compiled/react-dom/cjs/react-dom-client.development.js:13380:14)\n    at reconcileChildFibersImpl (webpack-internal:///(app-pages-browser)/./node_modules/next/dist/compiled/react-dom/cjs/react-dom-client.development.js:7012:31)\n    at eval (webpack-internal:///(app-pages-browser)/./node_modules/next/dist/compiled/react-dom/cjs/react-dom-client.development.js:7189:33)\n    at reconcileChildren (webpack-internal:///(app-pages-browser)/./node_modules/next/dist/compiled/react-dom/cjs/react-dom-client.development.js:7752:13)\n    at updateFunctionComponent (webpack-internal:///(app-pages-browser)/./node_modules/next/dist/compiled/react-dom/cjs/react-dom-client.development.js:8049:7)\n    at beginWork (webpack-internal:///(app-pages-browser)/./node_modules/next/dist/compiled/react-dom/cjs/react-dom-client.development.js:9689:18)\n    at runWithFiberInDEV (webpack-internal:///(app-pages-browser)/./node_modules/next/dist/compiled/react-dom/cjs/react-dom-client.development.js:544:16)\n    at performUnitOfWork (webpack-internal:///(app-pages-browser)/./node_modules/next/dist/compiled/react-dom/cjs/react-dom-client.development.js:15064:22)\n    at workLoopSync (webpack-internal:///(app-pages-browser)/./node_modules/next/dist/compiled/react-dom/cjs/react-dom-client.development.js:14888:41)\n    at renderRootSync (webpack-internal:///(app-pages-browser)/./node_modules/next/dist/compiled/react-dom/cjs/react-dom-client.development.js:14868:11)\n    at performWorkOnRoot (webpack-internal:///(app-pages-browser)/./node_modules/next/dist/compiled/react-dom/cjs/react-dom-client.development.js:14394:44)\n    at performSyncWorkOnRoot (webpack-internal:///(app-pages-browser)/./node_modules/next/dist/compiled/react-dom/cjs/react-dom-client.development.js:15970:7)\n    at flushSyncWorkAcrossRoots_impl (webpack-internal:///(app-pages-browser)/./node_modules/next/dist/compiled/react-dom/cjs/react-dom-client.development.js:15830:21)\n    at processRootScheduleInMicrotask (webpack-internal:///(app-pages-browser)/./node_modules/next/dist/compiled/react-dom/cjs/react-dom-client.development.js:15864:7)\n    at eval (webpack-internal:///(app-pages-browser)/./node_modules/next/dist/compiled/react-dom/cjs/react-dom-client.development.js:15986:13)",
  "location": "global-error-boundary",
  "errorType": "unhandled-error"
}
[2025-03-14T14:33:26.858Z] FRONTEND:AUTH - DEBUG: Auth Flow - Initial Auth State Check
  Details: {
  "timestamp": "2025-03-14T14:33:26.858Z",
  "has_token": false,
  "has_user": false
}
[2025-03-14T14:33:27.229Z] FRONTEND:CLIENT - ERROR: Client Error: Element type is invalid: expected a string (for built-in components) or a class/function (for composite components) but got: undefined. You likely forgot to export your component from the file it's defined in, or you might have mixed up default and named imports.

Check the render method of `IconComponent`.
  Details: {
  "stack": "Error: Element type is invalid: expected a string (for built-in components) or a class/function (for composite components) but got: undefined. You likely forgot to export your component from the file it's defined in, or you might have mixed up default and named imports.\n\nCheck the render method of `IconComponent`.\n    at createFiberFromTypeAndProps (webpack-internal:///(app-pages-browser)/./node_modules/next/dist/compiled/react-dom/cjs/react-dom-client.development.js:13366:28)\n    at createFiberFromElement (webpack-internal:///(app-pages-browser)/./node_modules/next/dist/compiled/react-dom/cjs/react-dom-client.development.js:13380:14)\n    at reconcileChildFibersImpl (webpack-internal:///(app-pages-browser)/./node_modules/next/dist/compiled/react-dom/cjs/react-dom-client.development.js:7012:31)\n    at eval (webpack-internal:///(app-pages-browser)/./node_modules/next/dist/compiled/react-dom/cjs/react-dom-client.development.js:7189:33)\n    at reconcileChildren (webpack-internal:///(app-pages-browser)/./node_modules/next/dist/compiled/react-dom/cjs/react-dom-client.development.js:7752:13)\n    at updateFunctionComponent (webpack-internal:///(app-pages-browser)/./node_modules/next/dist/compiled/react-dom/cjs/react-dom-client.development.js:8049:7)\n    at beginWork (webpack-internal:///(app-pages-browser)/./node_modules/next/dist/compiled/react-dom/cjs/react-dom-client.development.js:9689:18)\n    at runWithFiberInDEV (webpack-internal:///(app-pages-browser)/./node_modules/next/dist/compiled/react-dom/cjs/react-dom-client.development.js:544:16)\n    at performUnitOfWork (webpack-internal:///(app-pages-browser)/./node_modules/next/dist/compiled/react-dom/cjs/react-dom-client.development.js:15064:22)\n    at workLoopSync (webpack-internal:///(app-pages-browser)/./node_modules/next/dist/compiled/react-dom/cjs/react-dom-client.development.js:14888:41)\n    at renderRootSync (webpack-internal:///(app-pages-browser)/./node_modules/next/dist/compiled/react-dom/cjs/react-dom-client.development.js:14868:11)\n    at performWorkOnRoot (webpack-internal:///(app-pages-browser)/./node_modules/next/dist/compiled/react-dom/cjs/react-dom-client.development.js:14394:44)\n    at performSyncWorkOnRoot (webpack-internal:///(app-pages-browser)/./node_modules/next/dist/compiled/react-dom/cjs/react-dom-client.development.js:15970:7)\n    at flushSyncWorkAcrossRoots_impl (webpack-internal:///(app-pages-browser)/./node_modules/next/dist/compiled/react-dom/cjs/react-dom-client.development.js:15830:21)\n    at processRootScheduleInMicrotask (webpack-internal:///(app-pages-browser)/./node_modules/next/dist/compiled/react-dom/cjs/react-dom-client.development.js:15864:7)\n    at eval (webpack-internal:///(app-pages-browser)/./node_modules/next/dist/compiled/react-dom/cjs/react-dom-client.development.js:15986:13)",
  "location": "global-error-boundary",
  "errorType": "unhandled-error"
}
[2025-03-14T14:33:27.234Z] FRONTEND:CLIENT - ERROR: Client Error: Element type is invalid: expected a string (for built-in components) or a class/function (for composite components) but got: undefined. You likely forgot to export your component from the file it's defined in, or you might have mixed up default and named imports.

Check the render method of `IconComponent`.
  Details: {
  "stack": "Error: Element type is invalid: expected a string (for built-in components) or a class/function (for composite components) but got: undefined. You likely forgot to export your component from the file it's defined in, or you might have mixed up default and named imports.\n\nCheck the render method of `IconComponent`.\n    at createFiberFromTypeAndProps (webpack-internal:///(app-pages-browser)/./node_modules/next/dist/compiled/react-dom/cjs/react-dom-client.development.js:13366:28)\n    at createFiberFromElement (webpack-internal:///(app-pages-browser)/./node_modules/next/dist/compiled/react-dom/cjs/react-dom-client.development.js:13380:14)\n    at reconcileChildFibersImpl (webpack-internal:///(app-pages-browser)/./node_modules/next/dist/compiled/react-dom/cjs/react-dom-client.development.js:7012:31)\n    at eval (webpack-internal:///(app-pages-browser)/./node_modules/next/dist/compiled/react-dom/cjs/react-dom-client.development.js:7189:33)\n    at reconcileChildren (webpack-internal:///(app-pages-browser)/./node_modules/next/dist/compiled/react-dom/cjs/react-dom-client.development.js:7752:13)\n    at updateFunctionComponent (webpack-internal:///(app-pages-browser)/./node_modules/next/dist/compiled/react-dom/cjs/react-dom-client.development.js:8049:7)\n    at beginWork (webpack-internal:///(app-pages-browser)/./node_modules/next/dist/compiled/react-dom/cjs/react-dom-client.development.js:9689:18)\n    at runWithFiberInDEV (webpack-internal:///(app-pages-browser)/./node_modules/next/dist/compiled/react-dom/cjs/react-dom-client.development.js:544:16)\n    at performUnitOfWork (webpack-internal:///(app-pages-browser)/./node_modules/next/dist/compiled/react-dom/cjs/react-dom-client.development.js:15064:22)\n    at workLoopSync (webpack-internal:///(app-pages-browser)/./node_modules/next/dist/compiled/react-dom/cjs/react-dom-client.development.js:14888:41)\n    at renderRootSync (webpack-internal:///(app-pages-browser)/./node_modules/next/dist/compiled/react-dom/cjs/react-dom-client.development.js:14868:11)\n    at performWorkOnRoot (webpack-internal:///(app-pages-browser)/./node_modules/next/dist/compiled/react-dom/cjs/react-dom-client.development.js:14394:44)\n    at performSyncWorkOnRoot (webpack-internal:///(app-pages-browser)/./node_modules/next/dist/compiled/react-dom/cjs/react-dom-client.development.js:15970:7)\n    at flushSyncWorkAcrossRoots_impl (webpack-internal:///(app-pages-browser)/./node_modules/next/dist/compiled/react-dom/cjs/react-dom-client.development.js:15830:21)\n    at processRootScheduleInMicrotask (webpack-internal:///(app-pages-browser)/./node_modules/next/dist/compiled/react-dom/cjs/react-dom-client.development.js:15864:7)\n    at eval (webpack-internal:///(app-pages-browser)/./node_modules/next/dist/compiled/react-dom/cjs/react-dom-client.development.js:15986:13)",
  "location": "global-error-boundary",
  "errorType": "unhandled-error"
}
[2025-03-14T14:35:07.391Z] FRONTEND:CLIENT - ERROR: Client Error: Element type is invalid: expected a string (for built-in components) or a class/function (for composite components) but got: undefined. You likely forgot to export your component from the file it's defined in, or you might have mixed up default and named imports.

Check the render method of `IconComponent`.
  Details: {
  "stack": "Error: Element type is invalid: expected a string (for built-in components) or a class/function (for composite components) but got: undefined. You likely forgot to export your component from the file it's defined in, or you might have mixed up default and named imports.\n\nCheck the render method of `IconComponent`.\n    at createFiberFromTypeAndProps (webpack-internal:///(app-pages-browser)/./node_modules/next/dist/compiled/react-dom/cjs/react-dom-client.development.js:13366:28)\n    at createFiberFromElement (webpack-internal:///(app-pages-browser)/./node_modules/next/dist/compiled/react-dom/cjs/react-dom-client.development.js:13380:14)\n    at reconcileChildFibersImpl (webpack-internal:///(app-pages-browser)/./node_modules/next/dist/compiled/react-dom/cjs/react-dom-client.development.js:7012:31)\n    at eval (webpack-internal:///(app-pages-browser)/./node_modules/next/dist/compiled/react-dom/cjs/react-dom-client.development.js:7189:33)\n    at reconcileChildren (webpack-internal:///(app-pages-browser)/./node_modules/next/dist/compiled/react-dom/cjs/react-dom-client.development.js:7752:13)\n    at updateFunctionComponent (webpack-internal:///(app-pages-browser)/./node_modules/next/dist/compiled/react-dom/cjs/react-dom-client.development.js:8049:7)\n    at beginWork (webpack-internal:///(app-pages-browser)/./node_modules/next/dist/compiled/react-dom/cjs/react-dom-client.development.js:9689:18)\n    at runWithFiberInDEV (webpack-internal:///(app-pages-browser)/./node_modules/next/dist/compiled/react-dom/cjs/react-dom-client.development.js:544:16)\n    at performUnitOfWork (webpack-internal:///(app-pages-browser)/./node_modules/next/dist/compiled/react-dom/cjs/react-dom-client.development.js:15064:22)\n    at workLoopSync (webpack-internal:///(app-pages-browser)/./node_modules/next/dist/compiled/react-dom/cjs/react-dom-client.development.js:14888:41)\n    at renderRootSync (webpack-internal:///(app-pages-browser)/./node_modules/next/dist/compiled/react-dom/cjs/react-dom-client.development.js:14868:11)\n    at performWorkOnRoot (webpack-internal:///(app-pages-browser)/./node_modules/next/dist/compiled/react-dom/cjs/react-dom-client.development.js:14394:44)\n    at performSyncWorkOnRoot (webpack-internal:///(app-pages-browser)/./node_modules/next/dist/compiled/react-dom/cjs/react-dom-client.development.js:15970:7)\n    at flushSyncWorkAcrossRoots_impl (webpack-internal:///(app-pages-browser)/./node_modules/next/dist/compiled/react-dom/cjs/react-dom-client.development.js:15830:21)\n    at processRootScheduleInMicrotask (webpack-internal:///(app-pages-browser)/./node_modules/next/dist/compiled/react-dom/cjs/react-dom-client.development.js:15864:7)\n    at eval (webpack-internal:///(app-pages-browser)/./node_modules/next/dist/compiled/react-dom/cjs/react-dom-client.development.js:15986:13)",
  "location": "global-error-boundary",
  "errorType": "unhandled-error"
}
[2025-03-14T14:35:07.394Z] FRONTEND:CLIENT - ERROR: Client Error: Element type is invalid: expected a string (for built-in components) or a class/function (for composite components) but got: undefined. You likely forgot to export your component from the file it's defined in, or you might have mixed up default and named imports.

Check the render method of `IconComponent`.
  Details: {
  "stack": "Error: Element type is invalid: expected a string (for built-in components) or a class/function (for composite components) but got: undefined. You likely forgot to export your component from the file it's defined in, or you might have mixed up default and named imports.\n\nCheck the render method of `IconComponent`.\n    at createFiberFromTypeAndProps (webpack-internal:///(app-pages-browser)/./node_modules/next/dist/compiled/react-dom/cjs/react-dom-client.development.js:13366:28)\n    at createFiberFromElement (webpack-internal:///(app-pages-browser)/./node_modules/next/dist/compiled/react-dom/cjs/react-dom-client.development.js:13380:14)\n    at reconcileChildFibersImpl (webpack-internal:///(app-pages-browser)/./node_modules/next/dist/compiled/react-dom/cjs/react-dom-client.development.js:7012:31)\n    at eval (webpack-internal:///(app-pages-browser)/./node_modules/next/dist/compiled/react-dom/cjs/react-dom-client.development.js:7189:33)\n    at reconcileChildren (webpack-internal:///(app-pages-browser)/./node_modules/next/dist/compiled/react-dom/cjs/react-dom-client.development.js:7752:13)\n    at updateFunctionComponent (webpack-internal:///(app-pages-browser)/./node_modules/next/dist/compiled/react-dom/cjs/react-dom-client.development.js:8049:7)\n    at beginWork (webpack-internal:///(app-pages-browser)/./node_modules/next/dist/compiled/react-dom/cjs/react-dom-client.development.js:9689:18)\n    at runWithFiberInDEV (webpack-internal:///(app-pages-browser)/./node_modules/next/dist/compiled/react-dom/cjs/react-dom-client.development.js:544:16)\n    at performUnitOfWork (webpack-internal:///(app-pages-browser)/./node_modules/next/dist/compiled/react-dom/cjs/react-dom-client.development.js:15064:22)\n    at workLoopSync (webpack-internal:///(app-pages-browser)/./node_modules/next/dist/compiled/react-dom/cjs/react-dom-client.development.js:14888:41)\n    at renderRootSync (webpack-internal:///(app-pages-browser)/./node_modules/next/dist/compiled/react-dom/cjs/react-dom-client.development.js:14868:11)\n    at performWorkOnRoot (webpack-internal:///(app-pages-browser)/./node_modules/next/dist/compiled/react-dom/cjs/react-dom-client.development.js:14394:44)\n    at performSyncWorkOnRoot (webpack-internal:///(app-pages-browser)/./node_modules/next/dist/compiled/react-dom/cjs/react-dom-client.development.js:15970:7)\n    at flushSyncWorkAcrossRoots_impl (webpack-internal:///(app-pages-browser)/./node_modules/next/dist/compiled/react-dom/cjs/react-dom-client.development.js:15830:21)\n    at processRootScheduleInMicrotask (webpack-internal:///(app-pages-browser)/./node_modules/next/dist/compiled/react-dom/cjs/react-dom-client.development.js:15864:7)\n    at eval (webpack-internal:///(app-pages-browser)/./node_modules/next/dist/compiled/react-dom/cjs/react-dom-client.development.js:15986:13)",
  "location": "global-error-boundary",
  "errorType": "unhandled-error"
}
[2025-03-14T14:35:05.796Z] FRONTEND:AUTH - DEBUG: Auth Flow - Initial Auth State Check
  Details: {
  "timestamp": "2025-03-14T14:35:05.796Z",
  "has_token": false,
  "has_user": false
}
[2025-03-14T14:35:26.311Z] FRONTEND:AUTH - DEBUG: Auth Flow - Initial Auth State Check
  Details: {
  "timestamp": "2025-03-14T14:35:26.311Z",
  "has_token": false,
  "has_user": false
}
[2025-03-14T14:35:26.567Z] FRONTEND:CLIENT - ERROR: Client Error: Element type is invalid: expected a string (for built-in components) or a class/function (for composite components) but got: undefined. You likely forgot to export your component from the file it's defined in, or you might have mixed up default and named imports.

Check the render method of `IconComponent`.
  Details: {
  "stack": "Error: Element type is invalid: expected a string (for built-in components) or a class/function (for composite components) but got: undefined. You likely forgot to export your component from the file it's defined in, or you might have mixed up default and named imports.\n\nCheck the render method of `IconComponent`.\n    at createFiberFromTypeAndProps (webpack-internal:///(app-pages-browser)/./node_modules/next/dist/compiled/react-dom/cjs/react-dom-client.development.js:13366:28)\n    at createFiberFromElement (webpack-internal:///(app-pages-browser)/./node_modules/next/dist/compiled/react-dom/cjs/react-dom-client.development.js:13380:14)\n    at reconcileChildFibersImpl (webpack-internal:///(app-pages-browser)/./node_modules/next/dist/compiled/react-dom/cjs/react-dom-client.development.js:7012:31)\n    at eval (webpack-internal:///(app-pages-browser)/./node_modules/next/dist/compiled/react-dom/cjs/react-dom-client.development.js:7189:33)\n    at reconcileChildren (webpack-internal:///(app-pages-browser)/./node_modules/next/dist/compiled/react-dom/cjs/react-dom-client.development.js:7752:13)\n    at updateFunctionComponent (webpack-internal:///(app-pages-browser)/./node_modules/next/dist/compiled/react-dom/cjs/react-dom-client.development.js:8049:7)\n    at beginWork (webpack-internal:///(app-pages-browser)/./node_modules/next/dist/compiled/react-dom/cjs/react-dom-client.development.js:9689:18)\n    at runWithFiberInDEV (webpack-internal:///(app-pages-browser)/./node_modules/next/dist/compiled/react-dom/cjs/react-dom-client.development.js:544:16)\n    at performUnitOfWork (webpack-internal:///(app-pages-browser)/./node_modules/next/dist/compiled/react-dom/cjs/react-dom-client.development.js:15064:22)\n    at workLoopSync (webpack-internal:///(app-pages-browser)/./node_modules/next/dist/compiled/react-dom/cjs/react-dom-client.development.js:14888:41)\n    at renderRootSync (webpack-internal:///(app-pages-browser)/./node_modules/next/dist/compiled/react-dom/cjs/react-dom-client.development.js:14868:11)\n    at performWorkOnRoot (webpack-internal:///(app-pages-browser)/./node_modules/next/dist/compiled/react-dom/cjs/react-dom-client.development.js:14394:44)\n    at performSyncWorkOnRoot (webpack-internal:///(app-pages-browser)/./node_modules/next/dist/compiled/react-dom/cjs/react-dom-client.development.js:15970:7)\n    at flushSyncWorkAcrossRoots_impl (webpack-internal:///(app-pages-browser)/./node_modules/next/dist/compiled/react-dom/cjs/react-dom-client.development.js:15830:21)\n    at processRootScheduleInMicrotask (webpack-internal:///(app-pages-browser)/./node_modules/next/dist/compiled/react-dom/cjs/react-dom-client.development.js:15864:7)\n    at eval (webpack-internal:///(app-pages-browser)/./node_modules/next/dist/compiled/react-dom/cjs/react-dom-client.development.js:15986:13)",
  "location": "global-error-boundary",
  "errorType": "unhandled-error"
}
[2025-03-14T14:35:26.568Z] FRONTEND:CLIENT - ERROR: Client Error: Element type is invalid: expected a string (for built-in components) or a class/function (for composite components) but got: undefined. You likely forgot to export your component from the file it's defined in, or you might have mixed up default and named imports.

Check the render method of `IconComponent`.
  Details: {
  "stack": "Error: Element type is invalid: expected a string (for built-in components) or a class/function (for composite components) but got: undefined. You likely forgot to export your component from the file it's defined in, or you might have mixed up default and named imports.\n\nCheck the render method of `IconComponent`.\n    at createFiberFromTypeAndProps (webpack-internal:///(app-pages-browser)/./node_modules/next/dist/compiled/react-dom/cjs/react-dom-client.development.js:13366:28)\n    at createFiberFromElement (webpack-internal:///(app-pages-browser)/./node_modules/next/dist/compiled/react-dom/cjs/react-dom-client.development.js:13380:14)\n    at reconcileChildFibersImpl (webpack-internal:///(app-pages-browser)/./node_modules/next/dist/compiled/react-dom/cjs/react-dom-client.development.js:7012:31)\n    at eval (webpack-internal:///(app-pages-browser)/./node_modules/next/dist/compiled/react-dom/cjs/react-dom-client.development.js:7189:33)\n    at reconcileChildren (webpack-internal:///(app-pages-browser)/./node_modules/next/dist/compiled/react-dom/cjs/react-dom-client.development.js:7752:13)\n    at updateFunctionComponent (webpack-internal:///(app-pages-browser)/./node_modules/next/dist/compiled/react-dom/cjs/react-dom-client.development.js:8049:7)\n    at beginWork (webpack-internal:///(app-pages-browser)/./node_modules/next/dist/compiled/react-dom/cjs/react-dom-client.development.js:9689:18)\n    at runWithFiberInDEV (webpack-internal:///(app-pages-browser)/./node_modules/next/dist/compiled/react-dom/cjs/react-dom-client.development.js:544:16)\n    at performUnitOfWork (webpack-internal:///(app-pages-browser)/./node_modules/next/dist/compiled/react-dom/cjs/react-dom-client.development.js:15064:22)\n    at workLoopSync (webpack-internal:///(app-pages-browser)/./node_modules/next/dist/compiled/react-dom/cjs/react-dom-client.development.js:14888:41)\n    at renderRootSync (webpack-internal:///(app-pages-browser)/./node_modules/next/dist/compiled/react-dom/cjs/react-dom-client.development.js:14868:11)\n    at performWorkOnRoot (webpack-internal:///(app-pages-browser)/./node_modules/next/dist/compiled/react-dom/cjs/react-dom-client.development.js:14394:44)\n    at performSyncWorkOnRoot (webpack-internal:///(app-pages-browser)/./node_modules/next/dist/compiled/react-dom/cjs/react-dom-client.development.js:15970:7)\n    at flushSyncWorkAcrossRoots_impl (webpack-internal:///(app-pages-browser)/./node_modules/next/dist/compiled/react-dom/cjs/react-dom-client.development.js:15830:21)\n    at processRootScheduleInMicrotask (webpack-internal:///(app-pages-browser)/./node_modules/next/dist/compiled/react-dom/cjs/react-dom-client.development.js:15864:7)\n    at eval (webpack-internal:///(app-pages-browser)/./node_modules/next/dist/compiled/react-dom/cjs/react-dom-client.development.js:15986:13)",
  "location": "global-error-boundary",
  "errorType": "unhandled-error"
}
[2025-03-14T14:37:54.954Z] FRONTEND:AUTH - DEBUG: Auth Flow - Initial Auth State Check
  Details: {
  "timestamp": "2025-03-14T14:37:54.954Z",
  "has_token": false,
  "has_user": false
}
[2025-03-14T14:38:24.200Z] FRONTEND:AUTH - DEBUG: Auth Flow - HeaderConnect Render
  Details: {
  "timestamp": "2025-03-14T14:38:24.200Z",
  "is_connected": false,
  "is_authenticated": false,
  "is_authenticating": false
}
[2025-03-14T14:38:24.200Z] FRONTEND:AUTH - DEBUG: Auth Flow - HeaderConnect Render
  Details: {
  "timestamp": "2025-03-14T14:38:24.200Z",
  "is_connected": false,
  "is_authenticated": false,
  "is_authenticating": false
}
[2025-03-14T14:38:50.306Z] FRONTEND:AUTH - DEBUG: Auth Flow - Initial Auth State Check
  Details: {
  "timestamp": "2025-03-14T14:38:50.306Z",
  "has_token": false,
  "has_user": false
}
[2025-03-14T14:38:50.749Z] FRONTEND:AUTH - DEBUG: Auth Flow - HeaderConnect Render
  Details: {
  "timestamp": "2025-03-14T14:38:50.749Z",
  "is_connected": false,
  "is_authenticated": false,
  "is_authenticating": false
}
[2025-03-14T14:38:50.750Z] FRONTEND:AUTH - DEBUG: Auth Flow - HeaderConnect Render
  Details: {
  "timestamp": "2025-03-14T14:38:50.750Z",
  "is_connected": false,
  "is_authenticated": false,
  "is_authenticating": false
}
[2025-03-14T14:38:51.109Z] FRONTEND:AUTH - DEBUG: Auth Flow - HeaderConnect Render
  Details: {
  "timestamp": "2025-03-14T14:38:51.109Z",
  "is_connected": false,
  "is_authenticated": false,
  "is_authenticating": false
}
[2025-03-14T14:38:51.110Z] FRONTEND:AUTH - DEBUG: Auth Flow - HeaderConnect Render
  Details: {
  "timestamp": "2025-03-14T14:38:51.110Z",
  "is_connected": false,
  "is_authenticated": false,
  "is_authenticating": false
}
[2025-03-14T14:38:51.163Z] FRONTEND:CLIENT - ERROR: Client Error: (0 , utils_api_related_products__WEBPACK_IMPORTED_MODULE_4__.getRelatedProducts) is not a function
  Details: {
  "stack": "Error: (0 , utils_api_related_products__WEBPACK_IMPORTED_MODULE_4__.getRelatedProducts) is not a function\n    at ProductDetails (rsc://React/Server/webpack-internal:///(rsc)/./src/app/products/%5Bslug%5D/page.tsx?12:44:87)\n    at resolveErrorDev (webpack-internal:///(app-pages-browser)/./node_modules/next/dist/compiled/react-server-dom-webpack/cjs/react-server-dom-webpack-client.browser.development.js:1792:63)\n    at processFullStringRow (webpack-internal:///(app-pages-browser)/./node_modules/next/dist/compiled/react-server-dom-webpack/cjs/react-server-dom-webpack-client.browser.development.js:2071:17)\n    at processFullBinaryRow (webpack-internal:///(app-pages-browser)/./node_modules/next/dist/compiled/react-server-dom-webpack/cjs/react-server-dom-webpack-client.browser.development.js:2059:7)\n    at progress (webpack-internal:///(app-pages-browser)/./node_modules/next/dist/compiled/react-server-dom-webpack/cjs/react-server-dom-webpack-client.browser.development.js:2262:17)",
  "digest": "1942328104",
  "location": "global-error-boundary",
  "errorType": "unhandled-error"
}
[2025-03-14T14:38:51.174Z] FRONTEND:CLIENT - ERROR: Client Error: (0 , utils_api_related_products__WEBPACK_IMPORTED_MODULE_4__.getRelatedProducts) is not a function
  Details: {
  "stack": "Error: (0 , utils_api_related_products__WEBPACK_IMPORTED_MODULE_4__.getRelatedProducts) is not a function\n    at ProductDetails (rsc://React/Server/webpack-internal:///(rsc)/./src/app/products/%5Bslug%5D/page.tsx?12:44:87)\n    at resolveErrorDev (webpack-internal:///(app-pages-browser)/./node_modules/next/dist/compiled/react-server-dom-webpack/cjs/react-server-dom-webpack-client.browser.development.js:1792:63)\n    at processFullStringRow (webpack-internal:///(app-pages-browser)/./node_modules/next/dist/compiled/react-server-dom-webpack/cjs/react-server-dom-webpack-client.browser.development.js:2071:17)\n    at processFullBinaryRow (webpack-internal:///(app-pages-browser)/./node_modules/next/dist/compiled/react-server-dom-webpack/cjs/react-server-dom-webpack-client.browser.development.js:2059:7)\n    at progress (webpack-internal:///(app-pages-browser)/./node_modules/next/dist/compiled/react-server-dom-webpack/cjs/react-server-dom-webpack-client.browser.development.js:2262:17)",
  "digest": "1942328104",
  "location": "global-error-boundary",
  "errorType": "unhandled-error"
}
[2025-03-14T14:40:02.082Z] FRONTEND:AUTH - DEBUG: Auth Flow - Initial Auth State Check
  Details: {
  "timestamp": "2025-03-14T14:40:02.082Z",
  "has_token": false,
  "has_user": false
}
[2025-03-14T14:40:02.160Z] FRONTEND:AUTH - DEBUG: Auth Flow - HeaderConnect Render
  Details: {
  "timestamp": "2025-03-14T14:40:02.160Z",
  "is_connected": false,
  "is_authenticated": false,
  "is_authenticating": false
}
[2025-03-14T14:40:02.161Z] FRONTEND:AUTH - DEBUG: Auth Flow - HeaderConnect Render
  Details: {
  "timestamp": "2025-03-14T14:40:02.161Z",
  "is_connected": false,
  "is_authenticated": false,
  "is_authenticating": false
}
[2025-03-14T14:40:02.231Z] FRONTEND:AUTH - DEBUG: Auth Flow - HeaderConnect Render
  Details: {
  "timestamp": "2025-03-14T14:40:02.231Z",
  "is_connected": false,
  "is_authenticated": false,
  "is_authenticating": false
}
[2025-03-14T14:40:02.231Z] FRONTEND:AUTH - DEBUG: Auth Flow - HeaderConnect Render
  Details: {
  "timestamp": "2025-03-14T14:40:02.231Z",
  "is_connected": false,
  "is_authenticated": false,
  "is_authenticating": false
}
[2025-03-14T14:40:02.241Z] FRONTEND:CLIENT - ERROR: Client Error: (0 , utils_api_related_products__WEBPACK_IMPORTED_MODULE_4__.getRelatedProducts) is not a function
  Details: {
  "stack": "Error: (0 , utils_api_related_products__WEBPACK_IMPORTED_MODULE_4__.getRelatedProducts) is not a function\n    at ProductDetails (rsc://React/Server/webpack-internal:///(rsc)/./src/app/products/%5Bslug%5D/page.tsx?12:44:87)\n    at resolveErrorDev (webpack-internal:///(app-pages-browser)/./node_modules/next/dist/compiled/react-server-dom-webpack/cjs/react-server-dom-webpack-client.browser.development.js:1792:63)\n    at processFullStringRow (webpack-internal:///(app-pages-browser)/./node_modules/next/dist/compiled/react-server-dom-webpack/cjs/react-server-dom-webpack-client.browser.development.js:2071:17)\n    at processFullBinaryRow (webpack-internal:///(app-pages-browser)/./node_modules/next/dist/compiled/react-server-dom-webpack/cjs/react-server-dom-webpack-client.browser.development.js:2059:7)\n    at progress (webpack-internal:///(app-pages-browser)/./node_modules/next/dist/compiled/react-server-dom-webpack/cjs/react-server-dom-webpack-client.browser.development.js:2262:17)",
  "digest": "1942328104",
  "location": "global-error-boundary",
  "errorType": "unhandled-error"
}
[2025-03-14T14:40:02.246Z] FRONTEND:CLIENT - ERROR: Client Error: (0 , utils_api_related_products__WEBPACK_IMPORTED_MODULE_4__.getRelatedProducts) is not a function
  Details: {
  "stack": "Error: (0 , utils_api_related_products__WEBPACK_IMPORTED_MODULE_4__.getRelatedProducts) is not a function\n    at ProductDetails (rsc://React/Server/webpack-internal:///(rsc)/./src/app/products/%5Bslug%5D/page.tsx?12:44:87)\n    at resolveErrorDev (webpack-internal:///(app-pages-browser)/./node_modules/next/dist/compiled/react-server-dom-webpack/cjs/react-server-dom-webpack-client.browser.development.js:1792:63)\n    at processFullStringRow (webpack-internal:///(app-pages-browser)/./node_modules/next/dist/compiled/react-server-dom-webpack/cjs/react-server-dom-webpack-client.browser.development.js:2071:17)\n    at processFullBinaryRow (webpack-internal:///(app-pages-browser)/./node_modules/next/dist/compiled/react-server-dom-webpack/cjs/react-server-dom-webpack-client.browser.development.js:2059:7)\n    at progress (webpack-internal:///(app-pages-browser)/./node_modules/next/dist/compiled/react-server-dom-webpack/cjs/react-server-dom-webpack-client.browser.development.js:2262:17)",
  "digest": "1942328104",
  "location": "global-error-boundary",
  "errorType": "unhandled-error"
}
[2025-03-14T14:40:05.153Z] FRONTEND:AUTH - DEBUG: Auth Flow - Initial Auth State Check
  Details: {
  "timestamp": "2025-03-14T14:40:05.153Z",
  "has_token": false,
  "has_user": false
}
[2025-03-14T14:40:09.848Z] FRONTEND:AUTH - DEBUG: Auth Flow - Initial Auth State Check
  Details: {
  "timestamp": "2025-03-14T14:40:09.848Z",
  "has_token": false,
  "has_user": false
}
[2025-03-14T14:40:10.115Z] FRONTEND:AUTH - DEBUG: Auth Flow - HeaderConnect Render
  Details: {
  "timestamp": "2025-03-14T14:40:10.115Z",
  "is_connected": false,
  "is_authenticated": false,
  "is_authenticating": false
}
[2025-03-14T14:40:10.115Z] FRONTEND:AUTH - DEBUG: Auth Flow - HeaderConnect Render
  Details: {
  "timestamp": "2025-03-14T14:40:10.115Z",
  "is_connected": false,
  "is_authenticated": false,
  "is_authenticating": false
}
[2025-03-14T14:40:10.173Z] FRONTEND:AUTH - DEBUG: Auth Flow - Auth state updated
  Details: {
  "timestamp": "2025-03-14T14:40:10.173Z",
  "is_connected": false,
  "is_authenticated": false,
  "is_authenticating": false,
  "initial_check_done": false,
  "needs_reauthentication": false,
  "last_authenticated_address": null
}
[2025-03-14T14:40:44.103Z] FRONTEND:AUTH - DEBUG: Auth Flow - HeaderConnect Render
  Details: {
  "timestamp": "2025-03-14T14:40:44.103Z",
  "is_connected": false,
  "is_authenticated": false,
  "is_authenticating": false
}
[2025-03-14T14:40:44.104Z] FRONTEND:AUTH - DEBUG: Auth Flow - HeaderConnect Render
  Details: {
  "timestamp": "2025-03-14T14:40:44.104Z",
  "is_connected": false,
  "is_authenticated": false,
  "is_authenticating": false
}
[2025-03-14T14:40:44.972Z] FRONTEND:AUTH - DEBUG: Auth Flow - HeaderConnect Render
  Details: {
  "timestamp": "2025-03-14T14:40:44.972Z",
  "is_connected": false,
  "is_authenticated": false,
  "is_authenticating": false
}
[2025-03-14T14:40:44.972Z] FRONTEND:AUTH - DEBUG: Auth Flow - HeaderConnect Render
  Details: {
  "timestamp": "2025-03-14T14:40:44.972Z",
  "is_connected": false,
  "is_authenticated": false,
  "is_authenticating": false
}
[2025-03-14T14:40:45.273Z] FRONTEND:AUTH - DEBUG: Auth Flow - HeaderConnect Render
  Details: {
  "timestamp": "2025-03-14T14:40:45.273Z",
  "is_connected": false,
  "is_authenticated": false,
  "is_authenticating": false
}
[2025-03-14T14:40:45.273Z] FRONTEND:AUTH - DEBUG: Auth Flow - HeaderConnect Render
  Details: {
  "timestamp": "2025-03-14T14:40:45.273Z",
  "is_connected": false,
  "is_authenticated": false,
  "is_authenticating": false
}
[2025-03-14T14:40:45.956Z] FRONTEND:AUTH - DEBUG: Auth Flow - HeaderConnect Render
  Details: {
  "timestamp": "2025-03-14T14:40:45.956Z",
  "is_connected": false,
  "is_authenticated": false,
  "is_authenticating": false
}
[2025-03-14T14:40:45.956Z] FRONTEND:AUTH - DEBUG: Auth Flow - HeaderConnect Render
  Details: {
  "timestamp": "2025-03-14T14:40:45.956Z",
  "is_connected": false,
  "is_authenticated": false,
  "is_authenticating": false
}
[2025-03-14T14:44:28.792Z] FRONTEND:AUTH - DEBUG: Auth Flow - Initial Auth State Check
  Details: {
  "timestamp": "2025-03-14T14:44:28.792Z",
  "has_token": false,
  "has_user": false
}
[2025-03-14T14:44:29.383Z] FRONTEND:AUTH - DEBUG: Auth Flow - HeaderConnect Render
  Details: {
  "timestamp": "2025-03-14T14:44:29.383Z",
  "is_connected": false,
  "is_authenticated": false,
  "is_authenticating": false
}
[2025-03-14T14:44:29.390Z] FRONTEND:AUTH - DEBUG: Auth Flow - HeaderConnect Render
  Details: {
  "timestamp": "2025-03-14T14:44:29.390Z",
  "is_connected": false,
  "is_authenticated": false,
  "is_authenticating": false
}
[2025-03-14T14:44:29.667Z] FRONTEND:AUTH - DEBUG: Auth Flow - Auth state updated
  Details: {
  "timestamp": "2025-03-14T14:44:29.667Z",
  "is_connected": false,
  "is_authenticated": false,
  "is_authenticating": false,
  "initial_check_done": false,
  "needs_reauthentication": false,
  "last_authenticated_address": null
}
[2025-03-14T14:44:29.711Z] FRONTEND:AUTH - DEBUG: Auth Flow - HeaderConnect Render
  Details: {
  "timestamp": "2025-03-14T14:44:29.711Z",
  "is_connected": false,
  "is_authenticated": false,
  "is_authenticating": false
}
[2025-03-14T14:44:29.713Z] FRONTEND:AUTH - DEBUG: Auth Flow - HeaderConnect Render
  Details: {
  "timestamp": "2025-03-14T14:44:29.713Z",
  "is_connected": false,
  "is_authenticated": false,
  "is_authenticating": false
}
[2025-03-14T14:44:52.225Z] FRONTEND:AUTH - DEBUG: Auth Flow - HeaderConnect Render
  Details: {
  "timestamp": "2025-03-14T14:44:52.224Z",
  "is_connected": false,
  "is_authenticated": false,
  "is_authenticating": false
}
[2025-03-14T14:44:52.226Z] FRONTEND:AUTH - DEBUG: Auth Flow - HeaderConnect Render
  Details: {
  "timestamp": "2025-03-14T14:44:52.225Z",
  "is_connected": false,
  "is_authenticated": false,
  "is_authenticating": false
}
[2025-03-14T14:44:58.825Z] FRONTEND:AUTH - DEBUG: Auth Flow - HeaderConnect Render
  Details: {
  "timestamp": "2025-03-14T14:44:58.825Z",
  "is_connected": false,
  "is_authenticated": false,
  "is_authenticating": false
}
[2025-03-14T14:44:58.827Z] FRONTEND:AUTH - DEBUG: Auth Flow - HeaderConnect Render
  Details: {
  "timestamp": "2025-03-14T14:44:58.827Z",
  "is_connected": false,
  "is_authenticated": false,
  "is_authenticating": false
}
[2025-03-14T14:45:24.414Z] FRONTEND:AUTH - DEBUG: Auth Flow - Initial Auth State Check
  Details: {
  "timestamp": "2025-03-14T14:45:24.414Z",
  "has_token": false,
  "has_user": false
}
[2025-03-14T14:45:24.861Z] FRONTEND:AUTH - DEBUG: Auth Flow - HeaderConnect Render
  Details: {
  "timestamp": "2025-03-14T14:45:24.861Z",
  "is_connected": false,
  "is_authenticated": false,
  "is_authenticating": false
}
[2025-03-14T14:45:24.863Z] FRONTEND:AUTH - DEBUG: Auth Flow - HeaderConnect Render
  Details: {
  "timestamp": "2025-03-14T14:45:24.863Z",
  "is_connected": false,
  "is_authenticated": false,
  "is_authenticating": false
}
[2025-03-14T14:45:25.183Z] FRONTEND:AUTH - DEBUG: Auth Flow - Auth state updated
  Details: {
  "timestamp": "2025-03-14T14:45:25.183Z",
  "is_connected": false,
  "is_authenticated": false,
  "is_authenticating": false,
  "initial_check_done": false,
  "needs_reauthentication": false,
  "last_authenticated_address": null
}
[2025-03-14T14:45:25.193Z] FRONTEND:AUTH - DEBUG: Auth Flow - HeaderConnect Render
  Details: {
  "timestamp": "2025-03-14T14:45:25.193Z",
  "is_connected": false,
  "is_authenticated": false,
  "is_authenticating": false
}
[2025-03-14T14:45:25.195Z] FRONTEND:AUTH - DEBUG: Auth Flow - HeaderConnect Render
  Details: {
  "timestamp": "2025-03-14T14:45:25.195Z",
  "is_connected": false,
  "is_authenticated": false,
  "is_authenticating": false
}
[2025-03-14T14:45:39.470Z] FRONTEND:AUTH - DEBUG: Auth Flow - HeaderConnect Render
  Details: {
  "timestamp": "2025-03-14T14:45:39.470Z",
  "is_connected": false,
  "is_authenticated": false,
  "is_authenticating": false
}
[2025-03-14T14:45:39.471Z] FRONTEND:AUTH - DEBUG: Auth Flow - HeaderConnect Render
  Details: {
  "timestamp": "2025-03-14T14:45:39.471Z",
  "is_connected": false,
  "is_authenticated": false,
  "is_authenticating": false
}
[2025-03-14T14:45:50.247Z] FRONTEND:AUTH - DEBUG: Auth Flow - HeaderConnect Render
  Details: {
  "timestamp": "2025-03-14T14:45:50.247Z",
  "is_connected": false,
  "is_authenticated": false,
  "is_authenticating": false
}
[2025-03-14T14:45:50.248Z] FRONTEND:AUTH - DEBUG: Auth Flow - HeaderConnect Render
  Details: {
  "timestamp": "2025-03-14T14:45:50.248Z",
  "is_connected": false,
  "is_authenticated": false,
  "is_authenticating": false
}
[2025-03-14T14:46:00.448Z] FRONTEND:AUTH - DEBUG: Auth Flow - HeaderConnect Render
  Details: {
  "timestamp": "2025-03-14T14:46:00.447Z",
  "is_connected": false,
  "is_authenticated": false,
  "is_authenticating": false
}
[2025-03-14T14:46:00.449Z] FRONTEND:AUTH - DEBUG: Auth Flow - HeaderConnect Render
  Details: {
  "timestamp": "2025-03-14T14:46:00.449Z",
  "is_connected": false,
  "is_authenticated": false,
  "is_authenticating": false
}
[2025-03-14T14:46:17.801Z] FRONTEND:AUTH - DEBUG: Auth Flow - HeaderConnect Render
  Details: {
  "timestamp": "2025-03-14T14:46:17.801Z",
  "is_connected": false,
  "is_authenticated": false,
  "is_authenticating": false
}
[2025-03-14T14:46:17.802Z] FRONTEND:AUTH - DEBUG: Auth Flow - HeaderConnect Render
  Details: {
  "timestamp": "2025-03-14T14:46:17.802Z",
  "is_connected": false,
  "is_authenticated": false,
  "is_authenticating": false
}
[2025-03-14T14:46:24.119Z] FRONTEND:AUTH - DEBUG: Auth Flow - HeaderConnect Render
  Details: {
  "timestamp": "2025-03-14T14:46:24.119Z",
  "is_connected": false,
  "is_authenticated": false,
  "is_authenticating": false
}
[2025-03-14T14:46:24.120Z] FRONTEND:AUTH - DEBUG: Auth Flow - HeaderConnect Render
  Details: {
  "timestamp": "2025-03-14T14:46:24.120Z",
  "is_connected": false,
  "is_authenticated": false,
  "is_authenticating": false
}
[2025-03-14T14:47:07.747Z] FRONTEND:AUTH - DEBUG: Auth Flow - Initial Auth State Check
  Details: {
  "timestamp": "2025-03-14T14:47:07.747Z",
  "has_token": false,
  "has_user": false
}
[2025-03-14T14:47:07.882Z] FRONTEND:AUTH - DEBUG: Auth Flow - HeaderConnect Render
  Details: {
  "timestamp": "2025-03-14T14:47:07.882Z",
  "is_connected": false,
  "is_authenticated": false,
  "is_authenticating": false
}
[2025-03-14T14:47:07.883Z] FRONTEND:AUTH - DEBUG: Auth Flow - HeaderConnect Render
  Details: {
  "timestamp": "2025-03-14T14:47:07.883Z",
  "is_connected": false,
  "is_authenticated": false,
  "is_authenticating": false
}
[2025-03-14T14:47:07.933Z] FRONTEND:AUTH - DEBUG: Auth Flow - Auth state updated
  Details: {
  "timestamp": "2025-03-14T14:47:07.933Z",
  "is_connected": false,
  "is_authenticated": false,
  "is_authenticating": false,
  "initial_check_done": false,
  "needs_reauthentication": false,
  "last_authenticated_address": null
}
[2025-03-14T14:47:12.271Z] FRONTEND:AUTH - DEBUG: Auth Flow - HeaderConnect Render
  Details: {
  "timestamp": "2025-03-14T14:47:12.271Z",
  "is_connected": false,
  "is_authenticated": false,
  "is_authenticating": false
}
[2025-03-14T14:47:12.271Z] FRONTEND:AUTH - DEBUG: Auth Flow - HeaderConnect Render
  Details: {
  "timestamp": "2025-03-14T14:47:12.271Z",
  "is_connected": false,
  "is_authenticated": false,
  "is_authenticating": false
}
[2025-03-14T14:47:12.423Z] FRONTEND:AUTH - DEBUG: Auth Flow - HeaderConnect Render
  Details: {
  "timestamp": "2025-03-14T14:47:12.423Z",
  "is_connected": false,
  "is_authenticated": false,
  "is_authenticating": false
}
[2025-03-14T14:47:12.424Z] FRONTEND:AUTH - DEBUG: Auth Flow - HeaderConnect Render
  Details: {
  "timestamp": "2025-03-14T14:47:12.424Z",
  "is_connected": false,
  "is_authenticated": false,
  "is_authenticating": false
}
[2025-03-14T14:47:16.540Z] FRONTEND:AUTH - DEBUG: Auth Flow - Initial Auth State Check
  Details: {
  "timestamp": "2025-03-14T14:47:16.540Z",
  "has_token": false,
  "has_user": false
}
[2025-03-14T14:47:16.742Z] FRONTEND:AUTH - DEBUG: Auth Flow - HeaderConnect Render
  Details: {
  "timestamp": "2025-03-14T14:47:16.742Z",
  "is_connected": false,
  "is_authenticated": false,
  "is_authenticating": false
}
[2025-03-14T14:47:16.742Z] FRONTEND:AUTH - DEBUG: Auth Flow - HeaderConnect Render
  Details: {
  "timestamp": "2025-03-14T14:47:16.742Z",
  "is_connected": false,
  "is_authenticated": false,
  "is_authenticating": false
}
[2025-03-14T14:47:16.804Z] FRONTEND:AUTH - DEBUG: Auth Flow - Auth state updated
  Details: {
  "timestamp": "2025-03-14T14:47:16.804Z",
  "is_connected": false,
  "is_authenticated": false,
  "is_authenticating": false,
  "initial_check_done": false,
  "needs_reauthentication": false,
  "last_authenticated_address": null
}
[2025-03-14T14:47:16.934Z] FRONTEND:AUTH - DEBUG: Auth Flow - HeaderConnect Render
  Details: {
  "timestamp": "2025-03-14T14:47:16.934Z",
  "is_connected": false,
  "is_authenticated": false,
  "is_authenticating": false
}
[2025-03-14T14:47:16.934Z] FRONTEND:AUTH - DEBUG: Auth Flow - HeaderConnect Render
  Details: {
  "timestamp": "2025-03-14T14:47:16.934Z",
  "is_connected": false,
  "is_authenticated": false,
  "is_authenticating": false
}
[2025-03-14T14:47:17.126Z] FRONTEND:AUTH - DEBUG: Auth Flow - HeaderConnect Render
  Details: {
  "timestamp": "2025-03-14T14:47:17.126Z",
  "is_connected": false,
  "is_authenticated": false,
  "is_authenticating": false
}
[2025-03-14T14:47:17.126Z] FRONTEND:AUTH - DEBUG: Auth Flow - HeaderConnect Render
  Details: {
  "timestamp": "2025-03-14T14:47:17.126Z",
  "is_connected": false,
  "is_authenticated": false,
  "is_authenticating": false
}
[2025-03-14T14:48:16.952Z] FRONTEND:AUTH - DEBUG: Auth Flow - HeaderConnect Render
  Details: {
  "timestamp": "2025-03-14T14:48:16.952Z",
  "is_connected": false,
  "is_authenticated": false,
  "is_authenticating": false
}
[2025-03-14T14:48:16.952Z] FRONTEND:AUTH - DEBUG: Auth Flow - HeaderConnect Render
  Details: {
  "timestamp": "2025-03-14T14:48:16.952Z",
  "is_connected": false,
  "is_authenticated": false,
  "is_authenticating": false
}
[2025-03-14T14:48:18.149Z] FRONTEND:AUTH - DEBUG: Auth Flow - HeaderConnect Render
  Details: {
  "timestamp": "2025-03-14T14:48:18.149Z",
  "is_connected": false,
  "is_authenticated": false,
  "is_authenticating": false
}
[2025-03-14T14:48:18.149Z] FRONTEND:AUTH - DEBUG: Auth Flow - HeaderConnect Render
  Details: {
  "timestamp": "2025-03-14T14:48:18.149Z",
  "is_connected": false,
  "is_authenticated": false,
  "is_authenticating": false
}
[2025-03-14T14:49:02.490Z] FRONTEND:AUTH - DEBUG: Auth Flow - HeaderConnect Render
  Details: {
  "timestamp": "2025-03-14T14:49:02.490Z",
  "is_connected": false,
  "is_authenticated": false,
  "is_authenticating": false
}
[2025-03-14T14:49:02.491Z] FRONTEND:AUTH - DEBUG: Auth Flow - HeaderConnect Render
  Details: {
  "timestamp": "2025-03-14T14:49:02.491Z",
  "is_connected": false,
  "is_authenticated": false,
  "is_authenticating": false
}
[2025-03-14T14:49:09.916Z] FRONTEND:AUTH - DEBUG: Auth Flow - HeaderConnect Render
  Details: {
  "timestamp": "2025-03-14T14:49:09.916Z",
  "is_connected": false,
  "is_authenticated": false,
  "is_authenticating": false
}
[2025-03-14T14:49:09.918Z] FRONTEND:AUTH - DEBUG: Auth Flow - HeaderConnect Render
  Details: {
  "timestamp": "2025-03-14T14:49:09.918Z",
  "is_connected": false,
  "is_authenticated": false,
  "is_authenticating": false
}
[2025-03-14T14:49:37.545Z] FRONTEND:AUTH - DEBUG: Auth Flow - HeaderConnect Render
  Details: {
  "timestamp": "2025-03-14T14:49:37.545Z",
  "is_connected": false,
  "is_authenticated": false,
  "is_authenticating": false
}
[2025-03-14T14:49:37.548Z] FRONTEND:AUTH - DEBUG: Auth Flow - HeaderConnect Render
  Details: {
  "timestamp": "2025-03-14T14:49:37.548Z",
  "is_connected": false,
  "is_authenticated": false,
  "is_authenticating": false
}
[2025-03-14T14:49:44.362Z] FRONTEND:AUTH - DEBUG: Auth Flow - HeaderConnect Render
  Details: {
  "timestamp": "2025-03-14T14:49:44.362Z",
  "is_connected": false,
  "is_authenticated": false,
  "is_authenticating": false
}
[2025-03-14T14:49:44.363Z] FRONTEND:AUTH - DEBUG: Auth Flow - HeaderConnect Render
  Details: {
  "timestamp": "2025-03-14T14:49:44.363Z",
  "is_connected": false,
  "is_authenticated": false,
  "is_authenticating": false
}
[2025-03-14T14:49:50.642Z] FRONTEND:AUTH - DEBUG: Auth Flow - HeaderConnect Render
  Details: {
  "timestamp": "2025-03-14T14:49:50.642Z",
  "is_connected": false,
  "is_authenticated": false,
  "is_authenticating": false
}
[2025-03-14T14:49:50.643Z] FRONTEND:AUTH - DEBUG: Auth Flow - HeaderConnect Render
  Details: {
  "timestamp": "2025-03-14T14:49:50.643Z",
  "is_connected": false,
  "is_authenticated": false,
  "is_authenticating": false
}
[2025-03-14T14:50:08.709Z] FRONTEND:AUTH - DEBUG: Auth Flow - HeaderConnect Render
  Details: {
  "timestamp": "2025-03-14T14:50:08.709Z",
  "is_connected": false,
  "is_authenticated": false,
  "is_authenticating": false
}
[2025-03-14T14:50:08.710Z] FRONTEND:AUTH - DEBUG: Auth Flow - HeaderConnect Render
  Details: {
  "timestamp": "2025-03-14T14:50:08.710Z",
  "is_connected": false,
  "is_authenticated": false,
  "is_authenticating": false
}
[2025-03-14T14:50:38.348Z] FRONTEND:AUTH - DEBUG: Auth Flow - Initial Auth State Check
  Details: {
  "timestamp": "2025-03-14T14:50:38.348Z",
  "has_token": false,
  "has_user": false
}
[2025-03-14T14:50:38.638Z] FRONTEND:AUTH - DEBUG: Auth Flow - HeaderConnect Render
  Details: {
  "timestamp": "2025-03-14T14:50:38.638Z",
  "is_connected": false,
  "is_authenticated": false,
  "is_authenticating": false
}
[2025-03-14T14:50:38.638Z] FRONTEND:AUTH - DEBUG: Auth Flow - HeaderConnect Render
  Details: {
  "timestamp": "2025-03-14T14:50:38.638Z",
  "is_connected": false,
  "is_authenticated": false,
  "is_authenticating": false
}
[2025-03-14T14:50:38.855Z] FRONTEND:AUTH - DEBUG: Auth Flow - Auth state updated
  Details: {
  "timestamp": "2025-03-14T14:50:38.855Z",
  "is_connected": false,
  "is_authenticated": false,
  "is_authenticating": false,
  "initial_check_done": false,
  "needs_reauthentication": false,
  "last_authenticated_address": null
}
[2025-03-14T14:53:17.546Z] FRONTEND:AUTH - DEBUG: Auth Flow - HeaderConnect Render
  Details: {
  "timestamp": "2025-03-14T14:53:17.546Z",
  "is_connected": false,
  "is_authenticated": false,
  "is_authenticating": false
}
[2025-03-14T14:53:17.547Z] FRONTEND:AUTH - DEBUG: Auth Flow - HeaderConnect Render
  Details: {
  "timestamp": "2025-03-14T14:53:17.547Z",
  "is_connected": false,
  "is_authenticated": false,
  "is_authenticating": false
}
[2025-03-14T14:53:17.882Z] FRONTEND:AUTH - DEBUG: Auth Flow - Auth state updated
  Details: {
  "timestamp": "2025-03-14T14:53:17.882Z",
  "is_connected": false,
  "is_authenticated": false,
  "is_authenticating": false,
  "initial_check_done": false,
  "needs_reauthentication": false,
  "last_authenticated_address": null
}
[2025-03-14T14:53:13.108Z] FRONTEND:AUTH - DEBUG: Auth Flow - Initial Auth State Check
  Details: {
  "timestamp": "2025-03-14T14:53:13.108Z",
  "has_token": false,
  "has_user": false
}
[2025-03-14T14:53:44.187Z] FRONTEND:AUTH - DEBUG: Auth Flow - HeaderConnect Render
  Details: {
  "timestamp": "2025-03-14T14:53:44.187Z",
  "is_connected": false,
  "is_authenticated": false,
  "is_authenticating": false
}
[2025-03-14T14:53:44.187Z] FRONTEND:AUTH - DEBUG: Auth Flow - HeaderConnect Render
  Details: {
  "timestamp": "2025-03-14T14:53:44.187Z",
  "is_connected": false,
  "is_authenticated": false,
  "is_authenticating": false
}
[2025-03-14T14:53:44.433Z] FRONTEND:AUTH - DEBUG: Auth Flow - Auth state updated
  Details: {
  "timestamp": "2025-03-14T14:53:44.433Z",
  "is_connected": false,
  "is_authenticated": false,
  "is_authenticating": false,
  "initial_check_done": false,
  "needs_reauthentication": false,
  "last_authenticated_address": null
}
[2025-03-14T14:53:44.443Z] FRONTEND:AUTH - DEBUG: Auth Flow - Auth state updated
  Details: {
  "timestamp": "2025-03-14T14:53:44.443Z",
  "is_connected": false,
  "is_authenticated": false,
  "is_authenticating": false,
  "initial_check_done": false,
  "needs_reauthentication": false,
  "last_authenticated_address": null
}
[2025-03-14T14:53:49.347Z] FRONTEND:AUTH - DEBUG: Auth Flow - Initial Auth State Check
  Details: {
  "timestamp": "2025-03-14T14:53:49.347Z",
  "has_token": false,
  "has_user": false
}
[2025-03-14T14:53:49.583Z] FRONTEND:AUTH - DEBUG: Auth Flow - HeaderConnect Render
  Details: {
  "timestamp": "2025-03-14T14:53:49.583Z",
  "is_connected": false,
  "is_authenticated": false,
  "is_authenticating": false
}
[2025-03-14T14:53:49.584Z] FRONTEND:AUTH - DEBUG: Auth Flow - HeaderConnect Render
  Details: {
  "timestamp": "2025-03-14T14:53:49.584Z",
  "is_connected": false,
  "is_authenticated": false,
  "is_authenticating": false
}
[2025-03-14T14:53:49.752Z] FRONTEND:AUTH - DEBUG: Auth Flow - Auth state updated
  Details: {
  "timestamp": "2025-03-14T14:53:49.752Z",
  "is_connected": false,
  "is_authenticated": false,
  "is_authenticating": false,
  "initial_check_done": false,
  "needs_reauthentication": false,
  "last_authenticated_address": null
}
[2025-03-14T14:56:49.834Z] FRONTEND:AUTH - DEBUG: Auth Flow - HeaderConnect Render
  Details: {
  "timestamp": "2025-03-14T14:56:49.834Z",
  "is_connected": false,
  "is_authenticated": false,
  "is_authenticating": false
}
[2025-03-14T14:56:49.835Z] FRONTEND:AUTH - DEBUG: Auth Flow - HeaderConnect Render
  Details: {
  "timestamp": "2025-03-14T14:56:49.835Z",
  "is_connected": false,
  "is_authenticated": false,
  "is_authenticating": false
}
[2025-03-14T14:56:50.147Z] FRONTEND:AUTH - DEBUG: Auth Flow - Auth state updated
  Details: {
  "timestamp": "2025-03-14T14:56:50.147Z",
  "is_connected": false,
  "is_authenticated": false,
  "is_authenticating": false,
  "initial_check_done": false,
  "needs_reauthentication": false,
  "last_authenticated_address": null
}
[2025-03-14T14:56:50.155Z] FRONTEND:AUTH - DEBUG: Auth Flow - HeaderConnect Render
  Details: {
  "timestamp": "2025-03-14T14:56:50.155Z",
  "is_connected": false,
  "is_authenticated": false,
  "is_authenticating": false
}
[2025-03-14T14:56:50.156Z] FRONTEND:AUTH - DEBUG: Auth Flow - HeaderConnect Render
  Details: {
  "timestamp": "2025-03-14T14:56:50.156Z",
  "is_connected": false,
  "is_authenticated": false,
  "is_authenticating": false
}
[2025-03-14T14:56:49.675Z] FRONTEND:AUTH - DEBUG: Auth Flow - Initial Auth State Check
  Details: {
  "timestamp": "2025-03-14T14:56:49.675Z",
  "has_token": false,
  "has_user": false
}
[2025-03-14T14:57:24.076Z] FRONTEND:AUTH - DEBUG: Auth Flow - HeaderConnect Render
  Details: {
  "timestamp": "2025-03-14T14:57:24.076Z",
  "is_connected": false,
  "is_authenticated": false,
  "is_authenticating": false
}
[2025-03-14T14:57:24.076Z] FRONTEND:AUTH - DEBUG: Auth Flow - HeaderConnect Render
  Details: {
  "timestamp": "2025-03-14T14:57:24.076Z",
  "is_connected": false,
  "is_authenticated": false,
  "is_authenticating": false
}
[2025-03-14T14:57:47.667Z] FRONTEND:AUTH - DEBUG: Auth Flow - HeaderConnect Render
  Details: {
  "timestamp": "2025-03-14T14:57:47.667Z",
  "is_connected": false,
  "is_authenticated": false,
  "is_authenticating": false
}
[2025-03-14T14:57:47.669Z] FRONTEND:AUTH - DEBUG: Auth Flow - HeaderConnect Render
  Details: {
  "timestamp": "2025-03-14T14:57:47.669Z",
  "is_connected": false,
  "is_authenticated": false,
  "is_authenticating": false
}
[2025-03-14T14:57:59.507Z] FRONTEND:AUTH - DEBUG: Auth Flow - HeaderConnect Render
  Details: {
  "timestamp": "2025-03-14T14:57:59.507Z",
  "is_connected": false,
  "is_authenticated": false,
  "is_authenticating": false
}
[2025-03-14T14:57:59.508Z] FRONTEND:AUTH - DEBUG: Auth Flow - HeaderConnect Render
  Details: {
  "timestamp": "2025-03-14T14:57:59.508Z",
  "is_connected": false,
  "is_authenticated": false,
  "is_authenticating": false
}
[2025-03-14T14:59:37.533Z] FRONTEND:AUTH - DEBUG: Auth Flow - HeaderConnect Render
  Details: {
  "timestamp": "2025-03-14T14:59:37.533Z",
  "is_connected": false,
  "is_authenticated": false,
  "is_authenticating": false
}
[2025-03-14T14:59:37.534Z] FRONTEND:AUTH - DEBUG: Auth Flow - HeaderConnect Render
  Details: {
  "timestamp": "2025-03-14T14:59:37.534Z",
  "is_connected": false,
  "is_authenticated": false,
  "is_authenticating": false
}
[2025-03-14T14:59:45.850Z] FRONTEND:AUTH - DEBUG: Auth Flow - HeaderConnect Render
  Details: {
  "timestamp": "2025-03-14T14:59:45.850Z",
  "is_connected": false,
  "is_authenticated": false,
  "is_authenticating": false
}
[2025-03-14T14:59:45.851Z] FRONTEND:AUTH - DEBUG: Auth Flow - HeaderConnect Render
  Details: {
  "timestamp": "2025-03-14T14:59:45.851Z",
  "is_connected": false,
  "is_authenticated": false,
  "is_authenticating": false
}
[2025-03-14T15:00:14.579Z] FRONTEND:AUTH - DEBUG: Auth Flow - Initial Auth State Check
  Details: {
  "timestamp": "2025-03-14T15:00:14.579Z",
  "has_token": false,
  "has_user": false
}
[2025-03-14T15:00:14.970Z] FRONTEND:AUTH - DEBUG: Auth Flow - HeaderConnect Render
  Details: {
  "timestamp": "2025-03-14T15:00:14.970Z",
  "is_connected": false,
  "is_authenticated": false,
  "is_authenticating": false
}
[2025-03-14T15:00:14.970Z] FRONTEND:AUTH - DEBUG: Auth Flow - HeaderConnect Render
  Details: {
  "timestamp": "2025-03-14T15:00:14.970Z",
  "is_connected": false,
  "is_authenticated": false,
  "is_authenticating": false
}
[2025-03-14T15:00:15.127Z] FRONTEND:AUTH - DEBUG: Auth Flow - Auth state updated
  Details: {
  "timestamp": "2025-03-14T15:00:15.127Z",
  "is_connected": false,
  "is_authenticated": false,
  "is_authenticating": false,
  "initial_check_done": false,
  "needs_reauthentication": false,
  "last_authenticated_address": null
}
[2025-03-14T15:01:13.595Z] FRONTEND:AUTH - DEBUG: Auth Flow - Initial Auth State Check
  Details: {
  "timestamp": "2025-03-14T15:01:13.595Z",
  "has_token": false,
  "has_user": false
}
[2025-03-14T15:01:13.713Z] FRONTEND:AUTH - DEBUG: Auth Flow - HeaderConnect Render
  Details: {
  "timestamp": "2025-03-14T15:01:13.713Z",
  "is_connected": false,
  "is_authenticated": false,
  "is_authenticating": false
}
[2025-03-14T15:01:13.714Z] FRONTEND:AUTH - DEBUG: Auth Flow - HeaderConnect Render
  Details: {
  "timestamp": "2025-03-14T15:01:13.714Z",
  "is_connected": false,
  "is_authenticated": false,
  "is_authenticating": false
}
[2025-03-14T15:01:14.004Z] FRONTEND:AUTH - DEBUG: Auth Flow - Auth state updated
  Details: {
  "timestamp": "2025-03-14T15:01:14.004Z",
  "is_connected": false,
  "is_authenticated": false,
  "is_authenticating": false,
  "initial_check_done": false,
  "needs_reauthentication": false,
  "last_authenticated_address": null
}
[2025-03-14T15:01:14.015Z] FRONTEND:AUTH - DEBUG: Auth Flow - HeaderConnect Render
  Details: {
  "timestamp": "2025-03-14T15:01:14.015Z",
  "is_connected": false,
  "is_authenticated": false,
  "is_authenticating": false
}
[2025-03-14T15:01:14.017Z] FRONTEND:AUTH - DEBUG: Auth Flow - HeaderConnect Render
  Details: {
  "timestamp": "2025-03-14T15:01:14.017Z",
  "is_connected": false,
  "is_authenticated": false,
  "is_authenticating": false
}
[2025-03-14T15:02:28.771Z] FRONTEND:AUTH - DEBUG: Auth Flow - HeaderConnect Render
  Details: {
  "timestamp": "2025-03-14T15:02:28.771Z",
  "is_connected": false,
  "is_authenticated": false,
  "is_authenticating": false
}
[2025-03-14T15:02:28.771Z] FRONTEND:AUTH - DEBUG: Auth Flow - HeaderConnect Render
  Details: {
  "timestamp": "2025-03-14T15:02:28.771Z",
  "is_connected": false,
  "is_authenticated": false,
  "is_authenticating": false
}
[2025-03-14T15:02:28.988Z] FRONTEND:AUTH - DEBUG: Auth Flow - HeaderConnect Render
  Details: {
  "timestamp": "2025-03-14T15:02:28.988Z",
  "is_connected": false,
  "is_authenticated": false,
  "is_authenticating": false
}
[2025-03-14T15:02:28.989Z] FRONTEND:AUTH - DEBUG: Auth Flow - HeaderConnect Render
  Details: {
  "timestamp": "2025-03-14T15:02:28.989Z",
  "is_connected": false,
  "is_authenticated": false,
  "is_authenticating": false
}
[2025-03-14T15:02:55.218Z] FRONTEND:AUTH - DEBUG: Auth Flow - HeaderConnect Render
  Details: {
  "timestamp": "2025-03-14T15:02:55.218Z",
  "is_connected": false,
  "is_authenticated": false,
  "is_authenticating": false
}
[2025-03-14T15:02:55.218Z] FRONTEND:AUTH - DEBUG: Auth Flow - HeaderConnect Render
  Details: {
  "timestamp": "2025-03-14T15:02:55.218Z",
  "is_connected": false,
  "is_authenticated": false,
  "is_authenticating": false
}
[2025-03-14T15:02:52.639Z] FRONTEND:AUTH - DEBUG: Auth Flow - Initial Auth State Check
  Details: {
  "timestamp": "2025-03-14T15:02:52.639Z",
  "has_token": false,
  "has_user": false
}
[2025-03-14T15:03:01.516Z] FRONTEND:AUTH - DEBUG: Auth Flow - Initial Auth State Check
  Details: {
  "timestamp": "2025-03-14T15:03:01.516Z",
  "has_token": false,
  "has_user": false
}
[2025-03-14T15:03:01.934Z] FRONTEND:AUTH - DEBUG: Auth Flow - HeaderConnect Render
  Details: {
  "timestamp": "2025-03-14T15:03:01.934Z",
  "is_connected": false,
  "is_authenticated": false,
  "is_authenticating": false
}
[2025-03-14T15:03:01.941Z] FRONTEND:AUTH - DEBUG: Auth Flow - HeaderConnect Render
  Details: {
  "timestamp": "2025-03-14T15:03:01.941Z",
  "is_connected": false,
  "is_authenticated": false,
  "is_authenticating": false
}
[2025-03-14T15:03:02.178Z] FRONTEND:AUTH - DEBUG: Auth Flow - HeaderConnect Render
  Details: {
  "timestamp": "2025-03-14T15:03:02.178Z",
  "is_connected": false,
  "is_authenticated": false,
  "is_authenticating": false
}
[2025-03-14T15:03:02.179Z] FRONTEND:AUTH - DEBUG: Auth Flow - HeaderConnect Render
  Details: {
  "timestamp": "2025-03-14T15:03:02.179Z",
  "is_connected": false,
  "is_authenticated": false,
  "is_authenticating": false
}
[2025-03-14T15:03:02.190Z] FRONTEND:CLIENT - ERROR: Client Error: (0 , utils_api_related_products__WEBPACK_IMPORTED_MODULE_4__.getRelatedProducts) is not a function
  Details: {
  "stack": "Error: (0 , utils_api_related_products__WEBPACK_IMPORTED_MODULE_4__.getRelatedProducts) is not a function\n    at ProductDetails (rsc://React/Server/webpack-internal:///(rsc)/./src/app/products/%5Bslug%5D/page.tsx?12:44:87)\n    at resolveErrorDev (webpack-internal:///(app-pages-browser)/./node_modules/next/dist/compiled/react-server-dom-webpack/cjs/react-server-dom-webpack-client.browser.development.js:1792:63)\n    at processFullStringRow (webpack-internal:///(app-pages-browser)/./node_modules/next/dist/compiled/react-server-dom-webpack/cjs/react-server-dom-webpack-client.browser.development.js:2071:17)\n    at processFullBinaryRow (webpack-internal:///(app-pages-browser)/./node_modules/next/dist/compiled/react-server-dom-webpack/cjs/react-server-dom-webpack-client.browser.development.js:2059:7)\n    at progress (webpack-internal:///(app-pages-browser)/./node_modules/next/dist/compiled/react-server-dom-webpack/cjs/react-server-dom-webpack-client.browser.development.js:2262:17)",
  "digest": "1942328104",
  "location": "global-error-boundary",
  "errorType": "unhandled-error"
}
[2025-03-14T15:03:02.193Z] FRONTEND:CLIENT - ERROR: Client Error: (0 , utils_api_related_products__WEBPACK_IMPORTED_MODULE_4__.getRelatedProducts) is not a function
  Details: {
  "stack": "Error: (0 , utils_api_related_products__WEBPACK_IMPORTED_MODULE_4__.getRelatedProducts) is not a function\n    at ProductDetails (rsc://React/Server/webpack-internal:///(rsc)/./src/app/products/%5Bslug%5D/page.tsx?12:44:87)\n    at resolveErrorDev (webpack-internal:///(app-pages-browser)/./node_modules/next/dist/compiled/react-server-dom-webpack/cjs/react-server-dom-webpack-client.browser.development.js:1792:63)\n    at processFullStringRow (webpack-internal:///(app-pages-browser)/./node_modules/next/dist/compiled/react-server-dom-webpack/cjs/react-server-dom-webpack-client.browser.development.js:2071:17)\n    at processFullBinaryRow (webpack-internal:///(app-pages-browser)/./node_modules/next/dist/compiled/react-server-dom-webpack/cjs/react-server-dom-webpack-client.browser.development.js:2059:7)\n    at progress (webpack-internal:///(app-pages-browser)/./node_modules/next/dist/compiled/react-server-dom-webpack/cjs/react-server-dom-webpack-client.browser.development.js:2262:17)",
  "digest": "1942328104",
  "location": "global-error-boundary",
  "errorType": "unhandled-error"
}
[2025-03-14T15:03:10.713Z] FRONTEND:AUTH - DEBUG: Auth Flow - Initial Auth State Check
  Details: {
  "timestamp": "2025-03-14T15:03:10.713Z",
  "has_token": false,
  "has_user": false
}
[2025-03-14T15:03:10.977Z] FRONTEND:AUTH - DEBUG: Auth Flow - HeaderConnect Render
  Details: {
  "timestamp": "2025-03-14T15:03:10.977Z",
  "is_connected": false,
  "is_authenticated": false,
  "is_authenticating": false
}
[2025-03-14T15:03:10.980Z] FRONTEND:AUTH - DEBUG: Auth Flow - HeaderConnect Render
  Details: {
  "timestamp": "2025-03-14T15:03:10.980Z",
  "is_connected": false,
  "is_authenticated": false,
  "is_authenticating": false
}
[2025-03-14T15:03:11.081Z] FRONTEND:AUTH - DEBUG: Auth Flow - Auth state updated
  Details: {
  "timestamp": "2025-03-14T15:03:11.081Z",
  "is_connected": false,
  "is_authenticated": false,
  "is_authenticating": false,
  "initial_check_done": false,
  "needs_reauthentication": false,
  "last_authenticated_address": null
}
[2025-03-14T15:03:11.137Z] FRONTEND:AUTH - DEBUG: Auth Flow - HeaderConnect Render
  Details: {
  "timestamp": "2025-03-14T15:03:11.137Z",
  "is_connected": false,
  "is_authenticated": false,
  "is_authenticating": false
}
[2025-03-14T15:03:11.138Z] FRONTEND:AUTH - DEBUG: Auth Flow - HeaderConnect Render
  Details: {
  "timestamp": "2025-03-14T15:03:11.138Z",
  "is_connected": false,
  "is_authenticated": false,
  "is_authenticating": false
}
[2025-03-14T15:04:25.124Z] FRONTEND:AUTH - DEBUG: Auth Flow - HeaderConnect Render
  Details: {
  "timestamp": "2025-03-14T15:04:25.124Z",
  "is_connected": false,
  "is_authenticated": false,
  "is_authenticating": false
}
[2025-03-14T15:04:25.126Z] FRONTEND:AUTH - DEBUG: Auth Flow - HeaderConnect Render
  Details: {
  "timestamp": "2025-03-14T15:04:25.126Z",
  "is_connected": false,
  "is_authenticated": false,
  "is_authenticating": false
}
[2025-03-14T15:04:45.028Z] FRONTEND:AUTH - DEBUG: Auth Flow - HeaderConnect Render
  Details: {
  "timestamp": "2025-03-14T15:04:45.028Z",
  "is_connected": false,
  "is_authenticated": false,
  "is_authenticating": false
}
[2025-03-14T15:04:45.030Z] FRONTEND:AUTH - DEBUG: Auth Flow - HeaderConnect Render
  Details: {
  "timestamp": "2025-03-14T15:04:45.029Z",
  "is_connected": false,
  "is_authenticated": false,
  "is_authenticating": false
}
[2025-03-14T15:04:48.164Z] FRONTEND:AUTH - DEBUG: Auth Flow - HeaderConnect Render
  Details: {
  "timestamp": "2025-03-14T15:04:48.164Z",
  "is_connected": false,
  "is_authenticated": false,
  "is_authenticating": false
}
[2025-03-14T15:04:48.166Z] FRONTEND:AUTH - DEBUG: Auth Flow - HeaderConnect Render
  Details: {
  "timestamp": "2025-03-14T15:04:48.166Z",
  "is_connected": false,
  "is_authenticated": false,
  "is_authenticating": false
}
[2025-03-14T15:05:18.375Z] FRONTEND:AUTH - DEBUG: Auth Flow - HeaderConnect Render
  Details: {
  "timestamp": "2025-03-14T15:05:18.375Z",
  "is_connected": false,
  "is_authenticated": false,
  "is_authenticating": false
}
[2025-03-14T15:05:18.376Z] FRONTEND:AUTH - DEBUG: Auth Flow - HeaderConnect Render
  Details: {
  "timestamp": "2025-03-14T15:05:18.376Z",
  "is_connected": false,
  "is_authenticated": false,
  "is_authenticating": false
}
[2025-03-14T15:05:27.246Z] FRONTEND:AUTH - DEBUG: Auth Flow - HeaderConnect Render
  Details: {
  "timestamp": "2025-03-14T15:05:27.246Z",
  "is_connected": false,
  "is_authenticated": false,
  "is_authenticating": false
}
[2025-03-14T15:05:27.253Z] FRONTEND:AUTH - DEBUG: Auth Flow - HeaderConnect Render
  Details: {
  "timestamp": "2025-03-14T15:05:27.253Z",
  "is_connected": false,
  "is_authenticated": false,
  "is_authenticating": false
}
[2025-03-14T15:05:42.988Z] FRONTEND:AUTH - DEBUG: Auth Flow - HeaderConnect Render
  Details: {
  "timestamp": "2025-03-14T15:05:42.988Z",
  "is_connected": false,
  "is_authenticated": false,
  "is_authenticating": false
}
[2025-03-14T15:05:42.988Z] FRONTEND:AUTH - DEBUG: Auth Flow - HeaderConnect Render
  Details: {
  "timestamp": "2025-03-14T15:05:42.988Z",
  "is_connected": false,
  "is_authenticated": false,
  "is_authenticating": false
}
[2025-03-14T15:05:46.722Z] FRONTEND:AUTH - DEBUG: Auth Flow - HeaderConnect Render
  Details: {
  "timestamp": "2025-03-14T15:05:46.722Z",
  "is_connected": false,
  "is_authenticated": false,
  "is_authenticating": false
}
[2025-03-14T15:05:46.723Z] FRONTEND:AUTH - DEBUG: Auth Flow - HeaderConnect Render
  Details: {
  "timestamp": "2025-03-14T15:05:46.722Z",
  "is_connected": false,
  "is_authenticated": false,
  "is_authenticating": false
}
[2025-03-14T15:05:53.122Z] FRONTEND:AUTH - DEBUG: Auth Flow - HeaderConnect Render
  Details: {
  "timestamp": "2025-03-14T15:05:53.122Z",
  "is_connected": false,
  "is_authenticated": false,
  "is_authenticating": false
}
[2025-03-14T15:05:57.105Z] FRONTEND:AUTH - DEBUG: Auth Flow - HeaderConnect Render
  Details: {
  "timestamp": "2025-03-14T15:05:57.105Z",
  "is_connected": false,
  "is_authenticated": false,
  "is_authenticating": false
}
[2025-03-14T15:05:57.107Z] FRONTEND:AUTH - DEBUG: Auth Flow - HeaderConnect Render
  Details: {
  "timestamp": "2025-03-14T15:05:57.106Z",
  "is_connected": false,
  "is_authenticated": false,
  "is_authenticating": false
}
[2025-03-14T15:05:57.891Z] FRONTEND:AUTH - DEBUG: Auth Flow - HeaderConnect Render
  Details: {
  "timestamp": "2025-03-14T15:05:57.891Z",
  "is_connected": false,
  "is_authenticated": false,
  "is_authenticating": false
}
[2025-03-14T15:05:57.892Z] FRONTEND:AUTH - DEBUG: Auth Flow - HeaderConnect Render
  Details: {
  "timestamp": "2025-03-14T15:05:57.892Z",
  "is_connected": false,
  "is_authenticated": false,
  "is_authenticating": false
}
[2025-03-14T15:05:53.121Z] FRONTEND:AUTH - DEBUG: Auth Flow - HeaderConnect Render
  Details: {
  "timestamp": "2025-03-14T15:05:53.121Z",
  "is_connected": false,
  "is_authenticated": false,
  "is_authenticating": false
}
[2025-03-14T15:05:58.309Z] FRONTEND:AUTH - DEBUG: Auth Flow - HeaderConnect Render
  Details: {
  "timestamp": "2025-03-14T15:05:58.309Z",
  "is_connected": false,
  "is_authenticated": false,
  "is_authenticating": false
}
[2025-03-14T15:05:58.310Z] FRONTEND:AUTH - DEBUG: Auth Flow - HeaderConnect Render
  Details: {
  "timestamp": "2025-03-14T15:05:58.310Z",
  "is_connected": false,
  "is_authenticated": false,
  "is_authenticating": false
}
[2025-03-14T15:06:03.669Z] FRONTEND:AUTH - DEBUG: Auth Flow - HeaderConnect Render
  Details: {
  "timestamp": "2025-03-14T15:06:03.669Z",
  "is_connected": false,
  "is_authenticated": false,
  "is_authenticating": false
}
[2025-03-14T15:06:03.670Z] FRONTEND:AUTH - DEBUG: Auth Flow - HeaderConnect Render
  Details: {
  "timestamp": "2025-03-14T15:06:03.670Z",
  "is_connected": false,
  "is_authenticated": false,
  "is_authenticating": false
}
[2025-03-14T15:06:03.783Z] FRONTEND:AUTH - DEBUG: Auth Flow - HeaderConnect Render
  Details: {
  "timestamp": "2025-03-14T15:06:03.783Z",
  "is_connected": false,
  "is_authenticated": false,
  "is_authenticating": false
}
[2025-03-14T15:06:03.783Z] FRONTEND:AUTH - DEBUG: Auth Flow - HeaderConnect Render
  Details: {
  "timestamp": "2025-03-14T15:06:03.783Z",
  "is_connected": false,
  "is_authenticated": false,
  "is_authenticating": false
}
[2025-03-14T15:06:04.957Z] FRONTEND:AUTH - DEBUG: Auth Flow - HeaderConnect Render
  Details: {
  "timestamp": "2025-03-14T15:06:04.957Z",
  "is_connected": false,
  "is_authenticated": false,
  "is_authenticating": false
}
[2025-03-14T15:06:04.957Z] FRONTEND:AUTH - DEBUG: Auth Flow - HeaderConnect Render
  Details: {
  "timestamp": "2025-03-14T15:06:04.957Z",
  "is_connected": false,
  "is_authenticated": false,
  "is_authenticating": false
}
[2025-03-14T15:06:05.017Z] FRONTEND:AUTH - DEBUG: Auth Flow - HeaderConnect Render
  Details: {
  "timestamp": "2025-03-14T15:06:05.017Z",
  "is_connected": false,
  "is_authenticated": false,
  "is_authenticating": false
}
[2025-03-14T15:06:05.018Z] FRONTEND:AUTH - DEBUG: Auth Flow - HeaderConnect Render
  Details: {
  "timestamp": "2025-03-14T15:06:05.018Z",
  "is_connected": false,
  "is_authenticated": false,
  "is_authenticating": false
}
[2025-03-14T15:06:08.837Z] FRONTEND:AUTH - DEBUG: Auth Flow - HeaderConnect Render
  Details: {
  "timestamp": "2025-03-14T15:06:08.836Z",
  "is_connected": false,
  "is_authenticated": false,
  "is_authenticating": false
}
[2025-03-14T15:06:08.837Z] FRONTEND:AUTH - DEBUG: Auth Flow - HeaderConnect Render
  Details: {
  "timestamp": "2025-03-14T15:06:08.837Z",
  "is_connected": false,
  "is_authenticated": false,
  "is_authenticating": false
}
[2025-03-14T15:06:09.295Z] FRONTEND:AUTH - DEBUG: Auth Flow - HeaderConnect Render
  Details: {
  "timestamp": "2025-03-14T15:06:09.295Z",
  "is_connected": false,
  "is_authenticated": false,
  "is_authenticating": false
}
[2025-03-14T15:06:09.296Z] FRONTEND:AUTH - DEBUG: Auth Flow - HeaderConnect Render
  Details: {
  "timestamp": "2025-03-14T15:06:09.296Z",
  "is_connected": false,
  "is_authenticated": false,
  "is_authenticating": false
}
[2025-03-14T15:06:16.109Z] FRONTEND:AUTH - DEBUG: Auth Flow - HeaderConnect Render
  Details: {
  "timestamp": "2025-03-14T15:06:16.109Z",
  "is_connected": false,
  "is_authenticated": false,
  "is_authenticating": false
}
[2025-03-14T15:06:16.110Z] FRONTEND:AUTH - DEBUG: Auth Flow - HeaderConnect Render
  Details: {
  "timestamp": "2025-03-14T15:06:16.110Z",
  "is_connected": false,
  "is_authenticated": false,
  "is_authenticating": false
}
[2025-03-14T15:06:17.393Z] FRONTEND:AUTH - DEBUG: Auth Flow - HeaderConnect Render
  Details: {
  "timestamp": "2025-03-14T15:06:17.393Z",
  "is_connected": false,
  "is_authenticated": false,
  "is_authenticating": false
}
[2025-03-14T15:06:17.394Z] FRONTEND:AUTH - DEBUG: Auth Flow - HeaderConnect Render
  Details: {
  "timestamp": "2025-03-14T15:06:17.394Z",
  "is_connected": false,
  "is_authenticated": false,
  "is_authenticating": false
}
[2025-03-14T15:06:24.528Z] FRONTEND:AUTH - DEBUG: Auth Flow - HeaderConnect Render
  Details: {
  "timestamp": "2025-03-14T15:06:24.528Z",
  "is_connected": false,
  "is_authenticated": false,
  "is_authenticating": false
}
[2025-03-14T15:06:24.949Z] FRONTEND:AUTH - DEBUG: Auth Flow - HeaderConnect Render
  Details: {
  "timestamp": "2025-03-14T15:06:24.949Z",
  "is_connected": false,
  "is_authenticated": false,
  "is_authenticating": false
}
[2025-03-14T15:06:24.950Z] FRONTEND:AUTH - DEBUG: Auth Flow - HeaderConnect Render
  Details: {
  "timestamp": "2025-03-14T15:06:24.950Z",
  "is_connected": false,
  "is_authenticated": false,
  "is_authenticating": false
}
[2025-03-14T15:06:28.120Z] FRONTEND:AUTH - DEBUG: Auth Flow - HeaderConnect Render
  Details: {
  "timestamp": "2025-03-14T15:06:28.120Z",
  "is_connected": false,
  "is_authenticated": false,
  "is_authenticating": false
}
[2025-03-14T15:06:24.527Z] FRONTEND:AUTH - DEBUG: Auth Flow - HeaderConnect Render
  Details: {
  "timestamp": "2025-03-14T15:06:24.527Z",
  "is_connected": false,
  "is_authenticated": false,
  "is_authenticating": false
}
[2025-03-14T15:06:40.432Z] FRONTEND:AUTH - DEBUG: Auth Flow - Initial Auth State Check
  Details: {
  "timestamp": "2025-03-14T15:06:40.432Z",
  "has_token": false,
  "has_user": false
}
[2025-03-14T15:06:48.539Z] FRONTEND:AUTH - DEBUG: Auth Flow - HeaderConnect Render
  Details: {
  "timestamp": "2025-03-14T15:06:48.539Z",
  "is_connected": false,
  "is_authenticated": false,
  "is_authenticating": false
}
[2025-03-14T15:06:48.540Z] FRONTEND:AUTH - DEBUG: Auth Flow - HeaderConnect Render
  Details: {
  "timestamp": "2025-03-14T15:06:48.540Z",
  "is_connected": false,
  "is_authenticated": false,
  "is_authenticating": false
}
[2025-03-14T15:06:48.753Z] FRONTEND:AUTH - DEBUG: Auth Flow - Auth state updated
  Details: {
  "timestamp": "2025-03-14T15:06:48.753Z",
  "is_connected": false,
  "is_authenticated": false,
  "is_authenticating": false,
  "initial_check_done": false,
  "needs_reauthentication": false,
  "last_authenticated_address": null
}
[2025-03-14T15:06:48.785Z] FRONTEND:AUTH - DEBUG: Auth Flow - Auth state updated
  Details: {
  "timestamp": "2025-03-14T15:06:48.785Z",
  "is_connected": false,
  "is_authenticated": false,
  "is_authenticating": false,
  "initial_check_done": false,
  "needs_reauthentication": false,
  "last_authenticated_address": null
}
[2025-03-14T15:10:09.753Z] FRONTEND:AUTH - DEBUG: Auth Flow - Initial Auth State Check
  Details: {
  "timestamp": "2025-03-14T15:10:09.753Z",
  "has_token": false,
  "has_user": false
}
[2025-03-14T15:10:09.949Z] FRONTEND:AUTH - DEBUG: Auth Flow - HeaderConnect Render
  Details: {
  "timestamp": "2025-03-14T15:10:09.949Z",
  "is_connected": false,
  "is_authenticated": false,
  "is_authenticating": false
}
[2025-03-14T15:10:09.949Z] FRONTEND:AUTH - DEBUG: Auth Flow - HeaderConnect Render
  Details: {
  "timestamp": "2025-03-14T15:10:09.949Z",
  "is_connected": false,
  "is_authenticated": false,
  "is_authenticating": false
}
[2025-03-14T15:10:10.008Z] FRONTEND:AUTH - DEBUG: Auth Flow - Auth state updated
  Details: {
  "timestamp": "2025-03-14T15:10:10.008Z",
  "is_connected": false,
  "is_authenticated": false,
  "is_authenticating": false,
  "initial_check_done": false,
  "needs_reauthentication": false,
  "last_authenticated_address": null
}
[2025-03-14T15:10:10.045Z] FRONTEND:AUTH - DEBUG: Auth Flow - HeaderConnect Render
  Details: {
  "timestamp": "2025-03-14T15:10:10.045Z",
  "is_connected": false,
  "is_authenticated": false,
  "is_authenticating": false
}
[2025-03-14T15:10:10.046Z] FRONTEND:AUTH - DEBUG: Auth Flow - HeaderConnect Render
  Details: {
  "timestamp": "2025-03-14T15:10:10.046Z",
  "is_connected": false,
  "is_authenticated": false,
  "is_authenticating": false
}
[2025-03-14T15:10:12.341Z] FRONTEND:AUTH - DEBUG: Auth Flow - HeaderConnect Render
  Details: {
  "timestamp": "2025-03-14T15:10:12.341Z",
  "is_connected": false,
  "is_authenticated": false,
  "is_authenticating": false
}
[2025-03-14T15:10:12.342Z] FRONTEND:AUTH - DEBUG: Auth Flow - HeaderConnect Render
  Details: {
  "timestamp": "2025-03-14T15:10:12.342Z",
  "is_connected": false,
  "is_authenticated": false,
  "is_authenticating": false
}
[2025-03-14T15:10:13.143Z] FRONTEND:AUTH - DEBUG: Auth Flow - HeaderConnect Render
  Details: {
  "timestamp": "2025-03-14T15:10:13.143Z",
  "is_connected": false,
  "is_authenticated": false,
  "is_authenticating": false
}
[2025-03-14T15:10:13.144Z] FRONTEND:AUTH - DEBUG: Auth Flow - HeaderConnect Render
  Details: {
  "timestamp": "2025-03-14T15:10:13.144Z",
  "is_connected": false,
  "is_authenticated": false,
  "is_authenticating": false
}
[2025-03-14T15:10:14.073Z] FRONTEND:AUTH - DEBUG: Auth Flow - HeaderConnect Render
  Details: {
  "timestamp": "2025-03-14T15:10:14.073Z",
  "is_connected": false,
  "is_authenticated": false,
  "is_authenticating": false
}
[2025-03-14T15:10:14.074Z] FRONTEND:AUTH - DEBUG: Auth Flow - HeaderConnect Render
  Details: {
  "timestamp": "2025-03-14T15:10:14.074Z",
  "is_connected": false,
  "is_authenticated": false,
  "is_authenticating": false
}
[2025-03-14T15:10:16.524Z] FRONTEND:AUTH - DEBUG: Auth Flow - HeaderConnect Render
  Details: {
  "timestamp": "2025-03-14T15:10:16.524Z",
  "is_connected": false,
  "is_authenticated": false,
  "is_authenticating": false
}
[2025-03-14T15:10:16.524Z] FRONTEND:AUTH - DEBUG: Auth Flow - HeaderConnect Render
  Details: {
  "timestamp": "2025-03-14T15:10:16.524Z",
  "is_connected": false,
  "is_authenticated": false,
  "is_authenticating": false
}
[2025-03-14T15:10:16.703Z] FRONTEND:AUTH - DEBUG: Auth Flow - Auth state updated
  Details: {
  "timestamp": "2025-03-14T15:10:16.703Z",
  "is_connected": false,
  "is_authenticated": false,
  "is_authenticating": false,
  "initial_check_done": false,
  "needs_reauthentication": false,
  "last_authenticated_address": null
}
[2025-03-14T15:10:16.712Z] FRONTEND:AUTH - DEBUG: Auth Flow - Auth state updated
  Details: {
  "timestamp": "2025-03-14T15:10:16.712Z",
  "is_connected": false,
  "is_authenticated": false,
  "is_authenticating": false,
  "initial_check_done": false,
  "needs_reauthentication": false,
  "last_authenticated_address": null
}
[2025-03-14T15:10:35.037Z] FRONTEND:AUTH - DEBUG: Auth Flow - Initial Auth State Check
  Details: {
  "timestamp": "2025-03-14T15:10:35.037Z",
  "has_token": false,
  "has_user": false
}
[2025-03-14T15:10:35.241Z] FRONTEND:AUTH - DEBUG: Auth Flow - HeaderConnect Render
  Details: {
  "timestamp": "2025-03-14T15:10:35.241Z",
  "is_connected": false,
  "is_authenticated": false,
  "is_authenticating": false
}
[2025-03-14T15:10:35.241Z] FRONTEND:AUTH - DEBUG: Auth Flow - HeaderConnect Render
  Details: {
  "timestamp": "2025-03-14T15:10:35.241Z",
  "is_connected": false,
  "is_authenticated": false,
  "is_authenticating": false
}
[2025-03-14T15:10:35.414Z] FRONTEND:AUTH - DEBUG: Auth Flow - Auth state updated
  Details: {
  "timestamp": "2025-03-14T15:10:35.414Z",
  "is_connected": false,
  "is_authenticated": false,
  "is_authenticating": false,
  "initial_check_done": false,
  "needs_reauthentication": false,
  "last_authenticated_address": null
}
[2025-03-14T15:11:12.341Z] FRONTEND:AUTH - DEBUG: Auth Flow - Initial Auth State Check
  Details: {
  "timestamp": "2025-03-14T15:11:12.341Z",
  "has_token": false,
  "has_user": false
}
[2025-03-14T15:11:12.595Z] FRONTEND:AUTH - DEBUG: Auth Flow - HeaderConnect Render
  Details: {
  "timestamp": "2025-03-14T15:11:12.595Z",
  "is_connected": false,
  "is_authenticated": false,
  "is_authenticating": false
}
[2025-03-14T15:11:12.595Z] FRONTEND:AUTH - DEBUG: Auth Flow - HeaderConnect Render
  Details: {
  "timestamp": "2025-03-14T15:11:12.595Z",
  "is_connected": false,
  "is_authenticated": false,
  "is_authenticating": false
}
[2025-03-14T15:11:12.833Z] FRONTEND:AUTH - DEBUG: Auth Flow - Auth state updated
  Details: {
  "timestamp": "2025-03-14T15:11:12.833Z",
  "is_connected": false,
  "is_authenticated": false,
  "is_authenticating": false,
  "initial_check_done": false,
  "needs_reauthentication": false,
  "last_authenticated_address": null
}
[2025-03-14T15:12:23.768Z] FRONTEND:AUTH - DEBUG: Auth Flow - HeaderConnect Render
  Details: {
  "timestamp": "2025-03-14T15:12:23.768Z",
  "is_connected": false,
  "is_authenticated": false,
  "is_authenticating": false
}
[2025-03-14T15:12:23.769Z] FRONTEND:AUTH - DEBUG: Auth Flow - HeaderConnect Render
  Details: {
  "timestamp": "2025-03-14T15:12:23.769Z",
  "is_connected": false,
  "is_authenticated": false,
  "is_authenticating": false
}
[2025-03-14T15:12:24.245Z] FRONTEND:AUTH - DEBUG: Auth Flow - HeaderConnect Render
  Details: {
  "timestamp": "2025-03-14T15:12:24.245Z",
  "is_connected": false,
  "is_authenticated": false,
  "is_authenticating": false
}
[2025-03-14T15:12:24.245Z] FRONTEND:AUTH - DEBUG: Auth Flow - HeaderConnect Render
  Details: {
  "timestamp": "2025-03-14T15:12:24.245Z",
  "is_connected": false,
  "is_authenticated": false,
  "is_authenticating": false
}
[2025-03-14T15:12:51.436Z] FRONTEND:AUTH - DEBUG: Auth Flow - Initial Auth State Check
  Details: {
  "timestamp": "2025-03-14T15:12:51.436Z",
  "has_token": false,
  "has_user": false
}
[2025-03-14T15:31:03.633Z] FRONTEND:AUTH - DEBUG: Auth Flow - Initial Auth State Check
  Details: {
  "timestamp": "2025-03-14T15:31:03.633Z",
  "has_token": false,
  "has_user": false
}
[2025-03-14T15:31:03.892Z] FRONTEND:AUTH - DEBUG: Auth Flow - HeaderConnect Render
  Details: {
  "timestamp": "2025-03-14T15:31:03.892Z",
  "is_connected": false,
  "is_authenticated": false,
  "is_authenticating": false
}
[2025-03-14T15:31:03.893Z] FRONTEND:AUTH - DEBUG: Auth Flow - HeaderConnect Render
  Details: {
  "timestamp": "2025-03-14T15:31:03.893Z",
  "is_connected": false,
  "is_authenticated": false,
  "is_authenticating": false
}
[2025-03-14T15:31:04.196Z] FRONTEND:AUTH - DEBUG: Auth Flow - Auth state updated
  Details: {
  "timestamp": "2025-03-14T15:31:04.196Z",
  "is_connected": false,
  "is_authenticated": false,
  "is_authenticating": false,
  "initial_check_done": false,
  "needs_reauthentication": false,
  "last_authenticated_address": null
}
[2025-03-14T15:34:48.203Z] FRONTEND:AUTH - DEBUG: Auth Flow - HeaderConnect Render
  Details: {
  "timestamp": "2025-03-14T15:34:48.203Z",
  "is_connected": false,
  "is_authenticated": false,
  "is_authenticating": false
}
[2025-03-14T15:34:48.204Z] FRONTEND:AUTH - DEBUG: Auth Flow - HeaderConnect Render
  Details: {
  "timestamp": "2025-03-14T15:34:48.204Z",
  "is_connected": false,
  "is_authenticated": false,
  "is_authenticating": false
}
[2025-03-14T15:34:48.656Z] FRONTEND:AUTH - DEBUG: Auth Flow - Auth state updated
  Details: {
  "timestamp": "2025-03-14T15:34:48.656Z",
  "is_connected": false,
  "is_authenticated": false,
  "is_authenticating": false,
  "initial_check_done": false,
  "needs_reauthentication": false,
  "last_authenticated_address": null
}
[2025-03-14T15:34:48.660Z] FRONTEND:AUTH - DEBUG: Auth Flow - HeaderConnect Render
  Details: {
  "timestamp": "2025-03-14T15:34:48.660Z",
  "is_connected": false,
  "is_authenticated": false,
  "is_authenticating": false
}
[2025-03-14T15:34:48.068Z] FRONTEND:AUTH - DEBUG: Auth Flow - Initial Auth State Check
  Details: {
  "timestamp": "2025-03-14T15:34:48.068Z",
  "has_token": false,
  "has_user": false
}
[2025-03-14T15:34:48.661Z] FRONTEND:AUTH - DEBUG: Auth Flow - HeaderConnect Render
  Details: {
  "timestamp": "2025-03-14T15:34:48.661Z",
  "is_connected": false,
  "is_authenticated": false,
  "is_authenticating": false
}
[2025-03-14T15:35:23.421Z] FRONTEND:AUTH - DEBUG: Auth Flow - Initial Auth State Check
  Details: {
  "timestamp": "2025-03-14T15:35:23.421Z",
  "has_token": false,
  "has_user": false
}
[2025-03-14T15:35:23.771Z] FRONTEND:AUTH - DEBUG: Auth Flow - HeaderConnect Render
  Details: {
  "timestamp": "2025-03-14T15:35:23.771Z",
  "is_connected": false,
  "is_authenticated": false,
  "is_authenticating": false
}
[2025-03-14T15:35:23.772Z] FRONTEND:AUTH - DEBUG: Auth Flow - HeaderConnect Render
  Details: {
  "timestamp": "2025-03-14T15:35:23.772Z",
  "is_connected": false,
  "is_authenticated": false,
  "is_authenticating": false
}
[2025-03-14T15:35:23.965Z] FRONTEND:AUTH - DEBUG: Auth Flow - Auth state updated
  Details: {
  "timestamp": "2025-03-14T15:35:23.965Z",
  "is_connected": false,
  "is_authenticated": false,
  "is_authenticating": false,
  "initial_check_done": false,
  "needs_reauthentication": false,
  "last_authenticated_address": null
}
[2025-03-14T15:45:03.318Z] FRONTEND:AUTH - DEBUG: Auth Flow - Initial Auth State Check
  Details: {
  "timestamp": "2025-03-14T15:45:03.318Z",
  "has_token": false,
  "has_user": false
}
[2025-03-14T15:45:03.631Z] FRONTEND:AUTH - DEBUG: Auth Flow - HeaderConnect Render
  Details: {
  "timestamp": "2025-03-14T15:45:03.631Z",
  "is_connected": false,
  "is_authenticated": false,
  "is_authenticating": false
}
[2025-03-14T15:45:03.631Z] FRONTEND:AUTH - DEBUG: Auth Flow - HeaderConnect Render
  Details: {
  "timestamp": "2025-03-14T15:45:03.631Z",
  "is_connected": false,
  "is_authenticated": false,
  "is_authenticating": false
}
[2025-03-14T15:45:03.957Z] FRONTEND:AUTH - DEBUG: Auth Flow - Auth state updated
  Details: {
  "timestamp": "2025-03-14T15:45:03.957Z",
  "is_connected": false,
  "is_authenticated": false,
  "is_authenticating": false,
  "initial_check_done": false,
  "needs_reauthentication": false,
  "last_authenticated_address": null
}
[2025-03-14T15:45:05.302Z] FRONTEND:AUTH - DEBUG: Auth Flow - Initial Auth State Check
  Details: {
  "timestamp": "2025-03-14T15:45:05.301Z",
  "has_token": true,
  "has_user": true
}
[2025-03-14T15:45:06.437Z] FRONTEND:AUTH - DEBUG: Auth Flow - HeaderConnect Render
  Details: {
  "timestamp": "2025-03-14T15:45:06.437Z",
  "is_connected": false,
  "is_authenticated": true,
  "is_authenticating": false
}
[2025-03-14T15:45:06.439Z] FRONTEND:AUTH - DEBUG: Auth Flow - HeaderConnect Render
  Details: {
  "timestamp": "2025-03-14T15:45:06.439Z",
  "is_connected": false,
  "is_authenticated": true,
  "is_authenticating": false
}
[2025-03-14T15:45:07.459Z] FRONTEND:AUTH - DEBUG: Auth Flow - Auth state updated
  Details: {
  "timestamp": "2025-03-14T15:45:07.459Z",
  "is_connected": false,
  "is_authenticated": true,
  "auth_wallet_address": "0x0300B70e40F138927e3a988ce4A9a069Ff875336",
  "is_authenticating": false,
  "initial_check_done": false,
  "needs_reauthentication": false,
  "last_authenticated_address": null
}
[2025-03-14T15:45:07.460Z] FRONTEND:AUTH - DEBUG: Auth Flow - HeaderConnect - Wallet Disconnected while Authenticated
  Details: {
  "timestamp": "2025-03-14T15:45:07.460Z"
}
[2025-03-14T15:45:07.461Z] FRONTEND:AUTH - DEBUG: Auth Flow - Logout
  Details: {
  "timestamp": "2025-03-14T15:45:07.461Z",
  "wallet_address": "0x0300B70e40F138927e3a988ce4A9a069Ff875336"
}
[2025-03-14T15:45:07.495Z] FRONTEND:AUTH - DEBUG: Auth Flow - HeaderConnect Render
  Details: {
  "timestamp": "2025-03-14T15:45:07.495Z",
  "is_connected": false,
  "is_authenticated": false,
  "is_authenticating": false
}
[2025-03-14T15:45:07.496Z] FRONTEND:AUTH - DEBUG: Auth Flow - HeaderConnect Render
  Details: {
  "timestamp": "2025-03-14T15:45:07.496Z",
  "is_connected": false,
  "is_authenticated": false,
  "is_authenticating": false
}
[2025-03-14T15:45:07.538Z] FRONTEND:AUTH - DEBUG: Auth Flow - Auth state updated
  Details: {
  "timestamp": "2025-03-14T15:45:07.538Z",
  "is_connected": false,
  "is_authenticated": false,
  "is_authenticating": false,
  "initial_check_done": false,
  "needs_reauthentication": false,
  "last_authenticated_address": null
}
[2025-03-14T15:45:43.964Z] FRONTEND:AUTH - DEBUG: Auth Flow - HeaderConnect Render
  Details: {
  "timestamp": "2025-03-14T15:45:43.964Z",
  "is_connected": false,
  "is_authenticated": false,
  "is_authenticating": false
}
[2025-03-14T15:45:44.031Z] FRONTEND:AUTH - DEBUG: Auth Flow - HeaderConnect Render
  Details: {
  "timestamp": "2025-03-14T15:45:44.031Z",
  "is_connected": false,
  "is_authenticated": false,
  "is_authenticating": false
}
[2025-03-14T15:45:44.032Z] FRONTEND:AUTH - DEBUG: Auth Flow - HeaderConnect Render
  Details: {
  "timestamp": "2025-03-14T15:45:44.032Z",
  "is_connected": false,
  "is_authenticated": false,
  "is_authenticating": false
}
[2025-03-14T15:45:43.964Z] FRONTEND:AUTH - DEBUG: Auth Flow - HeaderConnect Render
  Details: {
  "timestamp": "2025-03-14T15:45:43.964Z",
  "is_connected": false,
  "is_authenticated": false,
  "is_authenticating": false
}
[2025-03-14T15:45:46.999Z] FRONTEND:AUTH - DEBUG: Auth Flow - HeaderConnect Render
  Details: {
  "timestamp": "2025-03-14T15:45:46.999Z",
  "is_connected": false,
  "is_authenticated": false,
  "is_authenticating": false
}
[2025-03-14T15:45:46.999Z] FRONTEND:AUTH - DEBUG: Auth Flow - HeaderConnect Render
  Details: {
  "timestamp": "2025-03-14T15:45:46.999Z",
  "is_connected": false,
  "is_authenticated": false,
  "is_authenticating": false
}
[2025-03-14T15:45:47.063Z] FRONTEND:AUTH - DEBUG: Auth Flow - HeaderConnect Render
  Details: {
  "timestamp": "2025-03-14T15:45:47.063Z",
  "is_connected": false,
  "is_authenticated": false,
  "is_authenticating": false
}
[2025-03-14T15:45:47.064Z] FRONTEND:AUTH - DEBUG: Auth Flow - HeaderConnect Render
  Details: {
  "timestamp": "2025-03-14T15:45:47.064Z",
  "is_connected": false,
  "is_authenticated": false,
  "is_authenticating": false
}
[2025-03-14T15:45:47.111Z] FRONTEND:AUTH - DEBUG: Auth Flow - HeaderConnect Render
  Details: {
  "timestamp": "2025-03-14T15:45:47.111Z",
  "is_connected": false,
  "is_authenticated": false,
  "is_authenticating": false
}
[2025-03-14T15:45:47.112Z] FRONTEND:AUTH - DEBUG: Auth Flow - HeaderConnect Render
  Details: {
  "timestamp": "2025-03-14T15:45:47.112Z",
  "is_connected": false,
  "is_authenticated": false,
  "is_authenticating": false
}
[2025-03-14T15:48:32.206Z] FRONTEND:AUTH - DEBUG: Auth Flow - Initial Auth State Check
  Details: {
  "timestamp": "2025-03-14T15:48:32.206Z",
  "has_token": false,
  "has_user": false
}
[2025-03-14T15:48:32.541Z] FRONTEND:AUTH - DEBUG: Auth Flow - HeaderConnect Render
  Details: {
  "timestamp": "2025-03-14T15:48:32.541Z",
  "is_connected": false,
  "is_authenticated": false,
  "is_authenticating": false
}
[2025-03-14T15:48:32.545Z] FRONTEND:AUTH - DEBUG: Auth Flow - HeaderConnect Render
  Details: {
  "timestamp": "2025-03-14T15:48:32.545Z",
  "is_connected": false,
  "is_authenticated": false,
  "is_authenticating": false
}
[2025-03-14T15:48:33.052Z] FRONTEND:AUTH - DEBUG: Auth Flow - Auth state updated
  Details: {
  "timestamp": "2025-03-14T15:48:33.052Z",
  "is_connected": false,
  "is_authenticated": false,
  "is_authenticating": false,
  "initial_check_done": false,
  "needs_reauthentication": false,
  "last_authenticated_address": null
}
[2025-03-14T15:48:33.063Z] FRONTEND:AUTH - DEBUG: Auth Flow - HeaderConnect Render
  Details: {
  "timestamp": "2025-03-14T15:48:33.063Z",
  "is_connected": false,
  "is_authenticated": false,
  "is_authenticating": false
}
[2025-03-14T15:48:33.064Z] FRONTEND:AUTH - DEBUG: Auth Flow - HeaderConnect Render
  Details: {
  "timestamp": "2025-03-14T15:48:33.064Z",
  "is_connected": false,
  "is_authenticated": false,
  "is_authenticating": false
}
[2025-03-14T15:57:37.987Z] FRONTEND:AUTH - DEBUG: Auth Flow - Initial Auth State Check
  Details: {
  "timestamp": "2025-03-14T15:57:37.987Z",
  "has_token": false,
  "has_user": false
}
[2025-03-14T15:57:38.164Z] FRONTEND:AUTH - DEBUG: Auth Flow - HeaderConnect Render
  Details: {
  "timestamp": "2025-03-14T15:57:38.164Z",
  "is_connected": false,
  "is_authenticated": false,
  "is_authenticating": false
}
[2025-03-14T15:57:38.165Z] FRONTEND:AUTH - DEBUG: Auth Flow - HeaderConnect Render
  Details: {
  "timestamp": "2025-03-14T15:57:38.165Z",
  "is_connected": false,
  "is_authenticated": false,
  "is_authenticating": false
}
[2025-03-14T15:57:38.226Z] FRONTEND:AUTH - DEBUG: Auth Flow - Auth state updated
  Details: {
  "timestamp": "2025-03-14T15:57:38.226Z",
  "is_connected": false,
  "is_authenticated": false,
  "is_authenticating": false,
  "initial_check_done": false,
  "needs_reauthentication": false,
  "last_authenticated_address": null
}
[2025-03-14T15:57:38.378Z] FRONTEND:AUTH - DEBUG: Auth Flow - HeaderConnect Render
  Details: {
  "timestamp": "2025-03-14T15:57:38.378Z",
  "is_connected": false,
  "is_authenticated": false,
  "is_authenticating": false
}
[2025-03-14T15:57:38.379Z] FRONTEND:AUTH - DEBUG: Auth Flow - HeaderConnect Render
  Details: {
  "timestamp": "2025-03-14T15:57:38.379Z",
  "is_connected": false,
  "is_authenticated": false,
  "is_authenticating": false
}
[2025-03-14T15:57:39.029Z] FRONTEND:AUTH - DEBUG: Auth Flow - HeaderConnect Render
  Details: {
  "timestamp": "2025-03-14T15:57:39.029Z",
  "is_connected": false,
  "is_authenticated": false,
  "is_authenticating": false
}
[2025-03-14T15:57:39.029Z] FRONTEND:AUTH - DEBUG: Auth Flow - HeaderConnect Render
  Details: {
  "timestamp": "2025-03-14T15:57:39.029Z",
  "is_connected": false,
  "is_authenticated": false,
  "is_authenticating": false
}
[2025-03-14T15:57:40.012Z] FRONTEND:AUTH - DEBUG: Auth Flow - HeaderConnect Render
  Details: {
  "timestamp": "2025-03-14T15:57:40.012Z",
  "is_connected": false,
  "is_authenticated": false,
  "is_authenticating": false
}
[2025-03-14T15:57:40.012Z] FRONTEND:AUTH - DEBUG: Auth Flow - HeaderConnect Render
  Details: {
  "timestamp": "2025-03-14T15:57:40.012Z",
  "is_connected": false,
  "is_authenticated": false,
  "is_authenticating": false
}
[2025-03-14T15:57:40.054Z] FRONTEND:AUTH - DEBUG: Auth Flow - HeaderConnect Render
  Details: {
  "timestamp": "2025-03-14T15:57:40.054Z",
  "is_connected": false,
  "is_authenticated": false,
  "is_authenticating": false
}
[2025-03-14T15:57:40.054Z] FRONTEND:AUTH - DEBUG: Auth Flow - HeaderConnect Render
  Details: {
  "timestamp": "2025-03-14T15:57:40.054Z",
  "is_connected": false,
  "is_authenticated": false,
  "is_authenticating": false
}
[2025-03-14T15:59:18.019Z] FRONTEND:AUTH - DEBUG: Auth Flow - HeaderConnect Render
  Details: {
  "timestamp": "2025-03-14T15:59:18.019Z",
  "is_connected": false,
  "is_authenticated": false,
  "is_authenticating": false
}
[2025-03-14T15:59:18.021Z] FRONTEND:AUTH - DEBUG: Auth Flow - HeaderConnect Render
  Details: {
  "timestamp": "2025-03-14T15:59:18.020Z",
  "is_connected": false,
  "is_authenticated": false,
  "is_authenticating": false
}
[2025-03-14T15:59:18.368Z] FRONTEND:AUTH - DEBUG: Auth Flow - HeaderConnect Render
  Details: {
  "timestamp": "2025-03-14T15:59:18.368Z",
  "is_connected": false,
  "is_authenticated": false,
  "is_authenticating": false
}
[2025-03-14T15:59:18.368Z] FRONTEND:AUTH - DEBUG: Auth Flow - HeaderConnect Render
  Details: {
  "timestamp": "2025-03-14T15:59:18.368Z",
  "is_connected": false,
  "is_authenticated": false,
  "is_authenticating": false
}
[2025-03-14T16:03:20.678Z] FRONTEND:AUTH - DEBUG: Auth Flow - HeaderConnect Render
  Details: {
  "timestamp": "2025-03-14T16:03:20.678Z",
  "is_connected": false,
  "is_authenticated": false,
  "is_authenticating": false
}
[2025-03-14T16:03:20.679Z] FRONTEND:AUTH - DEBUG: Auth Flow - HeaderConnect Render
  Details: {
  "timestamp": "2025-03-14T16:03:20.679Z",
  "is_connected": false,
  "is_authenticated": false,
  "is_authenticating": false
}
[2025-03-14T16:03:20.864Z] FRONTEND:AUTH - DEBUG: Auth Flow - HeaderConnect Render
  Details: {
  "timestamp": "2025-03-14T16:03:20.864Z",
  "is_connected": false,
  "is_authenticated": false,
  "is_authenticating": false
}
[2025-03-14T16:03:20.865Z] FRONTEND:AUTH - DEBUG: Auth Flow - HeaderConnect Render
  Details: {
  "timestamp": "2025-03-14T16:03:20.865Z",
  "is_connected": false,
  "is_authenticated": false,
  "is_authenticating": false
}
[2025-03-14T16:03:21.483Z] FRONTEND:AUTH - DEBUG: Auth Flow - HeaderConnect Render
  Details: {
  "timestamp": "2025-03-14T16:03:21.483Z",
  "is_connected": false,
  "is_authenticated": false,
  "is_authenticating": false
}
[2025-03-14T16:03:21.484Z] FRONTEND:AUTH - DEBUG: Auth Flow - HeaderConnect Render
  Details: {
  "timestamp": "2025-03-14T16:03:21.484Z",
  "is_connected": false,
  "is_authenticated": false,
  "is_authenticating": false
}
[2025-03-14T16:03:23.938Z] FRONTEND:AUTH - DEBUG: Auth Flow - HeaderConnect Render
  Details: {
  "timestamp": "2025-03-14T16:03:23.938Z",
  "is_connected": false,
  "is_authenticated": false,
  "is_authenticating": false
}
[2025-03-14T16:03:23.939Z] FRONTEND:AUTH - DEBUG: Auth Flow - HeaderConnect Render
  Details: {
  "timestamp": "2025-03-14T16:03:23.939Z",
  "is_connected": false,
  "is_authenticated": false,
  "is_authenticating": false
}
[2025-03-14T16:03:25.928Z] FRONTEND:AUTH - DEBUG: Auth Flow - Initial Auth State Check
  Details: {
  "timestamp": "2025-03-14T16:03:25.928Z",
  "has_token": false,
  "has_user": false
}
[2025-03-14T16:03:25.988Z] FRONTEND:AUTH - DEBUG: Auth Flow - HeaderConnect Render
  Details: {
  "timestamp": "2025-03-14T16:03:25.988Z",
  "is_connected": false,
  "is_authenticated": false,
  "is_authenticating": false
}
[2025-03-14T16:03:25.989Z] FRONTEND:AUTH - DEBUG: Auth Flow - HeaderConnect Render
  Details: {
  "timestamp": "2025-03-14T16:03:25.989Z",
  "is_connected": false,
  "is_authenticated": false,
  "is_authenticating": false
}
[2025-03-14T16:03:26.042Z] FRONTEND:AUTH - DEBUG: Auth Flow - Auth state updated
  Details: {
  "timestamp": "2025-03-14T16:03:26.042Z",
  "is_connected": false,
  "is_authenticated": false,
  "is_authenticating": false,
  "initial_check_done": false,
  "needs_reauthentication": false,
  "last_authenticated_address": null
}
[2025-03-14T16:03:26.045Z] FRONTEND:AUTH - DEBUG: Auth Flow - HeaderConnect Render
  Details: {
  "timestamp": "2025-03-14T16:03:26.045Z",
  "is_connected": false,
  "is_authenticated": false,
  "is_authenticating": false
}
[2025-03-14T16:03:26.046Z] FRONTEND:AUTH - DEBUG: Auth Flow - HeaderConnect Render
  Details: {
  "timestamp": "2025-03-14T16:03:26.046Z",
  "is_connected": false,
  "is_authenticated": false,
  "is_authenticating": false
}
[2025-03-14T16:03:26.066Z] FRONTEND:AUTH - DEBUG: Auth Flow - HeaderConnect Render
  Details: {
  "timestamp": "2025-03-14T16:03:26.066Z",
  "is_connected": false,
  "is_authenticated": false,
  "is_authenticating": false
}
[2025-03-14T16:03:26.067Z] FRONTEND:AUTH - DEBUG: Auth Flow - HeaderConnect Render
  Details: {
  "timestamp": "2025-03-14T16:03:26.067Z",
  "is_connected": false,
  "is_authenticated": false,
  "is_authenticating": false
}
[2025-03-14T16:03:26.734Z] FRONTEND:AUTH - DEBUG: Auth Flow - HeaderConnect Render
  Details: {
  "timestamp": "2025-03-14T16:03:26.734Z",
  "is_connected": false,
  "is_authenticated": false,
  "is_authenticating": false
}
[2025-03-14T16:03:26.734Z] FRONTEND:AUTH - DEBUG: Auth Flow - HeaderConnect Render
  Details: {
  "timestamp": "2025-03-14T16:03:26.734Z",
  "is_connected": false,
  "is_authenticated": false,
  "is_authenticating": false
}
[2025-03-14T16:04:42.277Z] FRONTEND:AUTH - DEBUG: Auth Flow - HeaderConnect Render
  Details: {
  "timestamp": "2025-03-14T16:04:42.277Z",
  "is_connected": false,
  "is_authenticated": false,
  "is_authenticating": false
}
[2025-03-14T16:04:42.277Z] FRONTEND:AUTH - DEBUG: Auth Flow - HeaderConnect Render
  Details: {
  "timestamp": "2025-03-14T16:04:42.277Z",
  "is_connected": false,
  "is_authenticated": false,
  "is_authenticating": false
}
[2025-03-14T16:33:35.490Z] FRONTEND:AUTH - DEBUG: Auth Flow - HeaderConnect Render
  Details: {
  "timestamp": "2025-03-14T16:33:35.490Z",
  "is_connected": false,
  "is_authenticated": false,
  "is_authenticating": false
}
[2025-03-14T16:33:35.491Z] FRONTEND:AUTH - DEBUG: Auth Flow - HeaderConnect Render
  Details: {
  "timestamp": "2025-03-14T16:33:35.491Z",
  "is_connected": false,
  "is_authenticated": false,
  "is_authenticating": false
}
[2025-03-14T16:33:35.690Z] FRONTEND:AUTH - DEBUG: Auth Flow - HeaderConnect Render
  Details: {
  "timestamp": "2025-03-14T16:33:35.690Z",
  "is_connected": false,
  "is_authenticated": false,
  "is_authenticating": false
}
[2025-03-14T16:33:35.691Z] FRONTEND:AUTH - DEBUG: Auth Flow - HeaderConnect Render
  Details: {
  "timestamp": "2025-03-14T16:33:35.691Z",
  "is_connected": false,
  "is_authenticated": false,
  "is_authenticating": false
}
[2025-03-14T16:33:36.211Z] FRONTEND:AUTH - DEBUG: Auth Flow - HeaderConnect Render
  Details: {
  "timestamp": "2025-03-14T16:33:36.211Z",
  "is_connected": false,
  "is_authenticated": false,
  "is_authenticating": false
}
[2025-03-14T16:33:36.212Z] FRONTEND:AUTH - DEBUG: Auth Flow - HeaderConnect Render
  Details: {
  "timestamp": "2025-03-14T16:33:36.212Z",
  "is_connected": false,
  "is_authenticated": false,
  "is_authenticating": false
}
[2025-03-14T16:33:36.347Z] FRONTEND:AUTH - DEBUG: Auth Flow - HeaderConnect Render
  Details: {
  "timestamp": "2025-03-14T16:33:36.347Z",
  "is_connected": false,
  "is_authenticated": false,
  "is_authenticating": false
}
[2025-03-14T16:33:36.347Z] FRONTEND:AUTH - DEBUG: Auth Flow - HeaderConnect Render
  Details: {
  "timestamp": "2025-03-14T16:33:36.347Z",
  "is_connected": false,
  "is_authenticated": false,
  "is_authenticating": false
}
[2025-03-14T16:33:52.473Z] FRONTEND:AUTH - DEBUG: Auth Flow - HeaderConnect Render
  Details: {
  "timestamp": "2025-03-14T16:33:52.473Z",
  "is_connected": false,
  "is_authenticated": false,
  "is_authenticating": false
}
[2025-03-14T16:33:52.474Z] FRONTEND:AUTH - DEBUG: Auth Flow - HeaderConnect Render
  Details: {
  "timestamp": "2025-03-14T16:33:52.474Z",
  "is_connected": false,
  "is_authenticated": false,
  "is_authenticating": false
}
[2025-03-14T16:33:52.535Z] FRONTEND:AUTH - DEBUG: Auth Flow - Auth state updated
  Details: {
  "timestamp": "2025-03-14T16:33:52.535Z",
  "is_connected": false,
  "is_authenticated": false,
  "is_authenticating": false,
  "initial_check_done": false,
  "needs_reauthentication": false,
  "last_authenticated_address": null
}
[2025-03-14T16:33:50.895Z] FRONTEND:AUTH - DEBUG: Auth Flow - Initial Auth State Check
  Details: {
  "timestamp": "2025-03-14T16:33:50.895Z",
  "has_token": false,
  "has_user": false
}
[2025-03-14T16:33:55.464Z] FRONTEND:AUTH - DEBUG: Auth Flow - HeaderConnect Render
  Details: {
  "timestamp": "2025-03-14T16:33:55.464Z",
  "is_connected": false,
  "is_authenticated": false,
  "is_authenticating": false
}
[2025-03-14T16:33:55.465Z] FRONTEND:AUTH - DEBUG: Auth Flow - HeaderConnect Render
  Details: {
  "timestamp": "2025-03-14T16:33:55.465Z",
  "is_connected": false,
  "is_authenticated": false,
  "is_authenticating": false
}
[2025-03-14T16:33:55.708Z] FRONTEND:AUTH - DEBUG: Auth Flow - HeaderConnect Render
  Details: {
  "timestamp": "2025-03-14T16:33:55.708Z",
  "is_connected": false,
  "is_authenticated": false,
  "is_authenticating": false
}
[2025-03-14T16:33:55.709Z] FRONTEND:AUTH - DEBUG: Auth Flow - HeaderConnect Render
  Details: {
  "timestamp": "2025-03-14T16:33:55.709Z",
  "is_connected": false,
  "is_authenticated": false,
  "is_authenticating": false
}
[2025-03-14T16:33:56.157Z] FRONTEND:AUTH - DEBUG: Auth Flow - HeaderConnect Render
  Details: {
  "timestamp": "2025-03-14T16:33:56.157Z",
  "is_connected": false,
  "is_authenticated": false,
  "is_authenticating": false
}
[2025-03-14T16:33:56.158Z] FRONTEND:AUTH - DEBUG: Auth Flow - HeaderConnect Render
  Details: {
  "timestamp": "2025-03-14T16:33:56.158Z",
  "is_connected": false,
  "is_authenticated": false,
  "is_authenticating": false
}
[2025-03-14T16:33:56.885Z] FRONTEND:AUTH - DEBUG: Auth Flow - HeaderConnect Render
  Details: {
  "timestamp": "2025-03-14T16:33:56.885Z",
  "is_connected": false,
  "is_authenticated": false,
  "is_authenticating": false
}
[2025-03-14T16:33:56.886Z] FRONTEND:AUTH - DEBUG: Auth Flow - HeaderConnect Render
  Details: {
  "timestamp": "2025-03-14T16:33:56.886Z",
  "is_connected": false,
  "is_authenticated": false,
  "is_authenticating": false
}
[2025-03-14T16:33:58.171Z] FRONTEND:AUTH - DEBUG: Auth Flow - HeaderConnect Render
  Details: {
  "timestamp": "2025-03-14T16:33:58.171Z",
  "is_connected": false,
  "is_authenticated": false,
  "is_authenticating": false
}
[2025-03-14T16:33:58.171Z] FRONTEND:AUTH - DEBUG: Auth Flow - HeaderConnect Render
  Details: {
  "timestamp": "2025-03-14T16:33:58.171Z",
  "is_connected": false,
  "is_authenticated": false,
  "is_authenticating": false
}
[2025-03-14T16:33:59.137Z] FRONTEND:AUTH - DEBUG: Auth Flow - HeaderConnect Render
  Details: {
  "timestamp": "2025-03-14T16:33:59.137Z",
  "is_connected": false,
  "is_authenticated": false,
  "is_authenticating": false
}
[2025-03-14T16:33:59.138Z] FRONTEND:AUTH - DEBUG: Auth Flow - HeaderConnect Render
  Details: {
  "timestamp": "2025-03-14T16:33:59.138Z",
  "is_connected": false,
  "is_authenticated": false,
  "is_authenticating": false
}
[2025-03-14T16:34:00.207Z] FRONTEND:AUTH - DEBUG: Auth Flow - HeaderConnect Render
  Details: {
  "timestamp": "2025-03-14T16:34:00.207Z",
  "is_connected": false,
  "is_authenticated": false,
  "is_authenticating": false
}
[2025-03-14T16:34:00.207Z] FRONTEND:AUTH - DEBUG: Auth Flow - HeaderConnect Render
  Details: {
  "timestamp": "2025-03-14T16:34:00.207Z",
  "is_connected": false,
  "is_authenticated": false,
  "is_authenticating": false
}
[2025-03-14T16:34:02.851Z] FRONTEND:AUTH - DEBUG: Auth Flow - HeaderConnect Render
  Details: {
  "timestamp": "2025-03-14T16:34:02.851Z",
  "is_connected": false,
  "is_authenticated": false,
  "is_authenticating": false
}
[2025-03-14T16:34:02.851Z] FRONTEND:AUTH - DEBUG: Auth Flow - HeaderConnect Render
  Details: {
  "timestamp": "2025-03-14T16:34:02.851Z",
  "is_connected": false,
  "is_authenticated": false,
  "is_authenticating": false
}
[2025-03-14T16:34:03.584Z] FRONTEND:AUTH - DEBUG: Auth Flow - HeaderConnect Render
  Details: {
  "timestamp": "2025-03-14T16:34:03.584Z",
  "is_connected": false,
  "is_authenticated": false,
  "is_authenticating": false
}
[2025-03-14T16:34:03.584Z] FRONTEND:AUTH - DEBUG: Auth Flow - HeaderConnect Render
  Details: {
  "timestamp": "2025-03-14T16:34:03.584Z",
  "is_connected": false,
  "is_authenticated": false,
  "is_authenticating": false
}
[2025-03-14T16:34:06.958Z] FRONTEND:AUTH - DEBUG: Auth Flow - HeaderConnect Render
  Details: {
  "timestamp": "2025-03-14T16:34:06.958Z",
  "is_connected": false,
  "is_authenticated": false,
  "is_authenticating": false
}
[2025-03-14T16:34:06.959Z] FRONTEND:AUTH - DEBUG: Auth Flow - HeaderConnect Render
  Details: {
  "timestamp": "2025-03-14T16:34:06.959Z",
  "is_connected": false,
  "is_authenticated": false,
  "is_authenticating": false
}
[2025-03-14T16:34:45.960Z] FRONTEND:AUTH - DEBUG: Auth Flow - HeaderConnect Render
  Details: {
  "timestamp": "2025-03-14T16:34:45.960Z",
  "is_connected": false,
  "is_authenticated": false,
  "is_authenticating": false
}
[2025-03-14T16:34:45.960Z] FRONTEND:AUTH - DEBUG: Auth Flow - HeaderConnect Render
  Details: {
  "timestamp": "2025-03-14T16:34:45.960Z",
  "is_connected": false,
  "is_authenticated": false,
  "is_authenticating": false
}
[2025-03-14T16:34:46.133Z] FRONTEND:AUTH - DEBUG: Auth Flow - Auth state updated
  Details: {
  "timestamp": "2025-03-14T16:34:46.133Z",
  "is_connected": false,
  "is_authenticated": false,
  "is_authenticating": false,
  "initial_check_done": false,
  "needs_reauthentication": false,
  "last_authenticated_address": null
}
[2025-03-14T16:34:46.143Z] FRONTEND:AUTH - DEBUG: Auth Flow - Auth state updated
  Details: {
  "timestamp": "2025-03-14T16:34:46.143Z",
  "is_connected": false,
  "is_authenticated": false,
  "is_authenticating": false,
  "initial_check_done": false,
  "needs_reauthentication": false,
  "last_authenticated_address": null
}
[2025-03-14T16:34:46.751Z] FRONTEND:AUTH - DEBUG: Auth Flow - HeaderConnect Render
  Details: {
  "timestamp": "2025-03-14T16:34:46.751Z",
  "is_connected": false,
  "is_authenticated": false,
  "is_authenticating": false
}
[2025-03-14T16:34:46.751Z] FRONTEND:AUTH - DEBUG: Auth Flow - HeaderConnect Render
  Details: {
  "timestamp": "2025-03-14T16:34:46.751Z",
  "is_connected": false,
  "is_authenticated": false,
  "is_authenticating": false
}
[2025-03-14T16:34:47.272Z] FRONTEND:AUTH - DEBUG: Auth Flow - HeaderConnect Render
  Details: {
  "timestamp": "2025-03-14T16:34:47.272Z",
  "is_connected": false,
  "is_authenticated": false,
  "is_authenticating": false
}
[2025-03-14T16:34:47.272Z] FRONTEND:AUTH - DEBUG: Auth Flow - HeaderConnect Render
  Details: {
  "timestamp": "2025-03-14T16:34:47.272Z",
  "is_connected": false,
  "is_authenticated": false,
  "is_authenticating": false
}
[2025-03-14T16:34:47.755Z] FRONTEND:AUTH - DEBUG: Auth Flow - HeaderConnect Render
  Details: {
  "timestamp": "2025-03-14T16:34:47.755Z",
  "is_connected": false,
  "is_authenticated": false,
  "is_authenticating": false
}
[2025-03-14T16:34:47.755Z] FRONTEND:AUTH - DEBUG: Auth Flow - HeaderConnect Render
  Details: {
  "timestamp": "2025-03-14T16:34:47.755Z",
  "is_connected": false,
  "is_authenticated": false,
  "is_authenticating": false
}
[2025-03-14T16:34:49.286Z] FRONTEND:AUTH - DEBUG: Auth Flow - HeaderConnect Render
  Details: {
  "timestamp": "2025-03-14T16:34:49.286Z",
  "is_connected": false,
  "is_authenticated": false,
  "is_authenticating": false
}
[2025-03-14T16:34:49.287Z] FRONTEND:AUTH - DEBUG: Auth Flow - HeaderConnect Render
  Details: {
  "timestamp": "2025-03-14T16:34:49.287Z",
  "is_connected": false,
  "is_authenticated": false,
  "is_authenticating": false
}
[2025-03-14T16:34:49.883Z] FRONTEND:AUTH - DEBUG: Auth Flow - HeaderConnect Render
  Details: {
  "timestamp": "2025-03-14T16:34:49.883Z",
  "is_connected": false,
  "is_authenticated": false,
  "is_authenticating": false
}
[2025-03-14T16:34:49.883Z] FRONTEND:AUTH - DEBUG: Auth Flow - HeaderConnect Render
  Details: {
  "timestamp": "2025-03-14T16:34:49.883Z",
  "is_connected": false,
  "is_authenticated": false,
  "is_authenticating": false
}
[2025-03-14T16:34:50.738Z] FRONTEND:AUTH - DEBUG: Auth Flow - HeaderConnect Render
  Details: {
  "timestamp": "2025-03-14T16:34:50.738Z",
  "is_connected": false,
  "is_authenticated": false,
  "is_authenticating": false
}
[2025-03-14T16:34:50.739Z] FRONTEND:AUTH - DEBUG: Auth Flow - HeaderConnect Render
  Details: {
  "timestamp": "2025-03-14T16:34:50.739Z",
  "is_connected": false,
  "is_authenticated": false,
  "is_authenticating": false
}
[2025-03-14T16:35:02.798Z] FRONTEND:AUTH - DEBUG: Auth Flow - Initial Auth State Check
  Details: {
  "timestamp": "2025-03-14T16:35:02.798Z",
  "has_token": false,
  "has_user": false
}
[2025-03-14T16:35:02.896Z] FRONTEND:AUTH - DEBUG: Auth Flow - HeaderConnect Render
  Details: {
  "timestamp": "2025-03-14T16:35:02.895Z",
  "is_connected": false,
  "is_authenticated": false,
  "is_authenticating": false
}
[2025-03-14T16:35:02.896Z] FRONTEND:AUTH - DEBUG: Auth Flow - HeaderConnect Render
  Details: {
  "timestamp": "2025-03-14T16:35:02.896Z",
  "is_connected": false,
  "is_authenticated": false,
  "is_authenticating": false
}
[2025-03-14T16:35:02.957Z] FRONTEND:AUTH - DEBUG: Auth Flow - Auth state updated
  Details: {
  "timestamp": "2025-03-14T16:35:02.957Z",
  "is_connected": false,
  "is_authenticated": false,
  "is_authenticating": false,
  "initial_check_done": false,
  "needs_reauthentication": false,
  "last_authenticated_address": null
}
[2025-03-14T16:35:07.364Z] FRONTEND:AUTH - DEBUG: Auth Flow - HeaderConnect Render
  Details: {
  "timestamp": "2025-03-14T16:35:07.363Z",
  "is_connected": false,
  "is_authenticated": false,
  "is_authenticating": false
}
[2025-03-14T16:35:07.415Z] FRONTEND:AUTH - DEBUG: Auth Flow - HeaderConnect Render
  Details: {
  "timestamp": "2025-03-14T16:35:07.415Z",
  "is_connected": false,
  "is_authenticated": false,
  "is_authenticating": false
}
[2025-03-14T16:35:07.416Z] FRONTEND:AUTH - DEBUG: Auth Flow - HeaderConnect Render
  Details: {
  "timestamp": "2025-03-14T16:35:07.416Z",
  "is_connected": false,
  "is_authenticated": false,
  "is_authenticating": false
}
[2025-03-14T16:35:07.998Z] FRONTEND:AUTH - DEBUG: Auth Flow - HeaderConnect Render
  Details: {
  "timestamp": "2025-03-14T16:35:07.998Z",
  "is_connected": false,
  "is_authenticated": false,
  "is_authenticating": false
}
[2025-03-14T16:35:07.999Z] FRONTEND:AUTH - DEBUG: Auth Flow - HeaderConnect Render
  Details: {
  "timestamp": "2025-03-14T16:35:07.999Z",
  "is_connected": false,
  "is_authenticated": false,
  "is_authenticating": false
}
[2025-03-14T16:35:07.362Z] FRONTEND:AUTH - DEBUG: Auth Flow - HeaderConnect Render
  Details: {
  "timestamp": "2025-03-14T16:35:07.362Z",
  "is_connected": false,
  "is_authenticated": false,
  "is_authenticating": false
}
[2025-03-14T16:35:08.554Z] FRONTEND:AUTH - DEBUG: Auth Flow - HeaderConnect Render
  Details: {
  "timestamp": "2025-03-14T16:35:08.554Z",
  "is_connected": false,
  "is_authenticated": false,
  "is_authenticating": false
}
[2025-03-14T16:35:08.554Z] FRONTEND:AUTH - DEBUG: Auth Flow - HeaderConnect Render
  Details: {
  "timestamp": "2025-03-14T16:35:08.554Z",
  "is_connected": false,
  "is_authenticated": false,
  "is_authenticating": false
}
[2025-03-14T16:35:11.474Z] FRONTEND:AUTH - DEBUG: Auth Flow - HeaderConnect Render
  Details: {
  "timestamp": "2025-03-14T16:35:11.474Z",
  "is_connected": false,
  "is_authenticated": false,
  "is_authenticating": false
}
[2025-03-14T16:35:11.475Z] FRONTEND:AUTH - DEBUG: Auth Flow - HeaderConnect Render
  Details: {
  "timestamp": "2025-03-14T16:35:11.475Z",
  "is_connected": false,
  "is_authenticated": false,
  "is_authenticating": false
}
[2025-03-14T16:35:11.939Z] FRONTEND:AUTH - DEBUG: Auth Flow - HeaderConnect Render
  Details: {
  "timestamp": "2025-03-14T16:35:11.939Z",
  "is_connected": false,
  "is_authenticated": false,
  "is_authenticating": false
}
[2025-03-14T16:35:24.435Z] FRONTEND:AUTH - DEBUG: Auth Flow - Initial Auth State Check
  Details: {
  "timestamp": "2025-03-14T16:35:24.435Z",
  "has_token": false,
  "has_user": false
}
[2025-03-14T16:35:24.656Z] FRONTEND:AUTH - DEBUG: Auth Flow - HeaderConnect Render
  Details: {
  "timestamp": "2025-03-14T16:35:24.656Z",
  "is_connected": false,
  "is_authenticated": false,
  "is_authenticating": false
}
[2025-03-14T16:35:24.656Z] FRONTEND:AUTH - DEBUG: Auth Flow - HeaderConnect Render
  Details: {
  "timestamp": "2025-03-14T16:35:24.656Z",
  "is_connected": false,
  "is_authenticated": false,
  "is_authenticating": false
}
[2025-03-14T16:35:24.714Z] FRONTEND:AUTH - DEBUG: Auth Flow - Auth state updated
  Details: {
  "timestamp": "2025-03-14T16:35:24.714Z",
  "is_connected": false,
  "is_authenticated": false,
  "is_authenticating": false,
  "initial_check_done": false,
  "needs_reauthentication": false,
  "last_authenticated_address": null
}
[2025-03-14T16:35:37.002Z] FRONTEND:AUTH - DEBUG: Auth Flow - HeaderConnect Render
  Details: {
  "timestamp": "2025-03-14T16:35:37.002Z",
  "is_connected": false,
  "is_authenticated": false,
  "is_authenticating": false
}
[2025-03-14T16:35:37.003Z] FRONTEND:AUTH - DEBUG: Auth Flow - HeaderConnect Render
  Details: {
  "timestamp": "2025-03-14T16:35:37.003Z",
  "is_connected": false,
  "is_authenticated": false,
  "is_authenticating": false
}
[2025-03-14T16:35:40.063Z] FRONTEND:AUTH - DEBUG: Auth Flow - HeaderConnect Render
  Details: {
  "timestamp": "2025-03-14T16:35:40.063Z",
  "is_connected": false,
  "is_authenticated": false,
  "is_authenticating": false
}
[2025-03-14T16:35:40.063Z] FRONTEND:AUTH - DEBUG: Auth Flow - HeaderConnect Render
  Details: {
  "timestamp": "2025-03-14T16:35:40.063Z",
  "is_connected": false,
  "is_authenticated": false,
  "is_authenticating": false
}
[2025-03-14T16:36:18.953Z] FRONTEND:AUTH - DEBUG: Auth Flow - HeaderConnect Render
  Details: {
  "timestamp": "2025-03-14T16:36:18.953Z",
  "is_connected": false,
  "is_authenticated": false,
  "is_authenticating": false
}
[2025-03-14T16:36:18.953Z] FRONTEND:AUTH - DEBUG: Auth Flow - HeaderConnect Render
  Details: {
  "timestamp": "2025-03-14T16:36:18.953Z",
  "is_connected": false,
  "is_authenticated": false,
  "is_authenticating": false
}
[2025-03-14T16:36:19.419Z] FRONTEND:AUTH - DEBUG: Auth Flow - HeaderConnect Render
  Details: {
  "timestamp": "2025-03-14T16:36:19.419Z",
  "is_connected": false,
  "is_authenticated": false,
  "is_authenticating": false
}
[2025-03-14T16:36:19.421Z] FRONTEND:AUTH - DEBUG: Auth Flow - HeaderConnect Render
  Details: {
  "timestamp": "2025-03-14T16:36:19.421Z",
  "is_connected": false,
  "is_authenticated": false,
  "is_authenticating": false
}
[2025-03-14T16:36:47.058Z] FRONTEND:AUTH - DEBUG: Auth Flow - HeaderConnect Render
  Details: {
  "timestamp": "2025-03-14T16:36:47.058Z",
  "is_connected": false,
  "is_authenticated": false,
  "is_authenticating": false
}
[2025-03-14T16:36:47.058Z] FRONTEND:AUTH - DEBUG: Auth Flow - HeaderConnect Render
  Details: {
  "timestamp": "2025-03-14T16:36:47.058Z",
  "is_connected": false,
  "is_authenticated": false,
  "is_authenticating": false
}
[2025-03-14T16:36:48.688Z] FRONTEND:AUTH - DEBUG: Auth Flow - HeaderConnect Render
  Details: {
  "timestamp": "2025-03-14T16:36:48.688Z",
  "is_connected": false,
  "is_authenticated": false,
  "is_authenticating": false
}
[2025-03-14T16:36:48.689Z] FRONTEND:AUTH - DEBUG: Auth Flow - HeaderConnect Render
  Details: {
  "timestamp": "2025-03-14T16:36:48.689Z",
  "is_connected": false,
  "is_authenticated": false,
  "is_authenticating": false
}
[2025-03-14T16:36:49.989Z] FRONTEND:AUTH - DEBUG: Auth Flow - HeaderConnect Render
  Details: {
  "timestamp": "2025-03-14T16:36:49.989Z",
  "is_connected": false,
  "is_authenticated": false,
  "is_authenticating": false
}
[2025-03-14T16:36:50.387Z] FRONTEND:AUTH - DEBUG: Auth Flow - HeaderConnect Render
  Details: {
  "timestamp": "2025-03-14T16:36:50.387Z",
  "is_connected": false,
  "is_authenticated": false,
  "is_authenticating": false
}
[2025-03-14T16:36:50.387Z] FRONTEND:AUTH - DEBUG: Auth Flow - HeaderConnect Render
  Details: {
  "timestamp": "2025-03-14T16:36:50.387Z",
  "is_connected": false,
  "is_authenticated": false,
  "is_authenticating": false
}
[2025-03-14T16:36:49.988Z] FRONTEND:AUTH - DEBUG: Auth Flow - HeaderConnect Render
  Details: {
  "timestamp": "2025-03-14T16:36:49.988Z",
  "is_connected": false,
  "is_authenticated": false,
  "is_authenticating": false
}
[2025-03-14T16:37:10.999Z] FRONTEND:AUTH - DEBUG: Auth Flow - HeaderConnect Render
  Details: {
  "timestamp": "2025-03-14T16:37:10.999Z",
  "is_connected": false,
  "is_authenticated": false,
  "is_authenticating": false
}
[2025-03-14T16:37:11.000Z] FRONTEND:AUTH - DEBUG: Auth Flow - HeaderConnect Render
  Details: {
  "timestamp": "2025-03-14T16:37:11.000Z",
  "is_connected": false,
  "is_authenticated": false,
  "is_authenticating": false
}
[2025-03-14T16:37:11.515Z] FRONTEND:AUTH - DEBUG: Auth Flow - HeaderConnect Render
  Details: {
  "timestamp": "2025-03-14T16:37:11.515Z",
  "is_connected": false,
  "is_authenticated": false,
  "is_authenticating": false
}
[2025-03-14T16:37:11.515Z] FRONTEND:AUTH - DEBUG: Auth Flow - HeaderConnect Render
  Details: {
  "timestamp": "2025-03-14T16:37:11.515Z",
  "is_connected": false,
  "is_authenticated": false,
  "is_authenticating": false
}
[2025-03-14T16:37:12.325Z] FRONTEND:AUTH - DEBUG: Auth Flow - HeaderConnect Render
  Details: {
  "timestamp": "2025-03-14T16:37:12.325Z",
  "is_connected": false,
  "is_authenticated": false,
  "is_authenticating": false
}
[2025-03-14T16:37:12.326Z] FRONTEND:AUTH - DEBUG: Auth Flow - HeaderConnect Render
  Details: {
  "timestamp": "2025-03-14T16:37:12.326Z",
  "is_connected": false,
  "is_authenticated": false,
  "is_authenticating": false
}
[2025-03-14T16:37:12.739Z] FRONTEND:AUTH - DEBUG: Auth Flow - HeaderConnect Render
  Details: {
  "timestamp": "2025-03-14T16:37:12.739Z",
  "is_connected": false,
  "is_authenticated": false,
  "is_authenticating": false
}
[2025-03-14T16:37:12.739Z] FRONTEND:AUTH - DEBUG: Auth Flow - HeaderConnect Render
  Details: {
  "timestamp": "2025-03-14T16:37:12.739Z",
  "is_connected": false,
  "is_authenticated": false,
  "is_authenticating": false
}
[2025-03-14T16:37:13.533Z] FRONTEND:AUTH - DEBUG: Auth Flow - HeaderConnect Render
  Details: {
  "timestamp": "2025-03-14T16:37:13.533Z",
  "is_connected": false,
  "is_authenticated": false,
  "is_authenticating": false
}
[2025-03-14T16:37:13.533Z] FRONTEND:AUTH - DEBUG: Auth Flow - HeaderConnect Render
  Details: {
  "timestamp": "2025-03-14T16:37:13.533Z",
  "is_connected": false,
  "is_authenticated": false,
  "is_authenticating": false
}
[2025-03-14T16:37:14.545Z] FRONTEND:AUTH - DEBUG: Auth Flow - HeaderConnect Render
  Details: {
  "timestamp": "2025-03-14T16:37:14.545Z",
  "is_connected": false,
  "is_authenticated": false,
  "is_authenticating": false
}
[2025-03-14T16:37:14.546Z] FRONTEND:AUTH - DEBUG: Auth Flow - HeaderConnect Render
  Details: {
  "timestamp": "2025-03-14T16:37:14.546Z",
  "is_connected": false,
  "is_authenticated": false,
  "is_authenticating": false
}
[2025-03-14T16:37:18.529Z] FRONTEND:AUTH - DEBUG: Auth Flow - HeaderConnect Render
  Details: {
  "timestamp": "2025-03-14T16:37:18.529Z",
  "is_connected": false,
  "is_authenticated": false,
  "is_authenticating": false
}
[2025-03-14T16:37:18.530Z] FRONTEND:AUTH - DEBUG: Auth Flow - HeaderConnect Render
  Details: {
  "timestamp": "2025-03-14T16:37:18.530Z",
  "is_connected": false,
  "is_authenticated": false,
  "is_authenticating": false
}
[2025-03-14T16:37:19.152Z] FRONTEND:AUTH - DEBUG: Auth Flow - HeaderConnect Render
  Details: {
  "timestamp": "2025-03-14T16:37:19.152Z",
  "is_connected": false,
  "is_authenticated": false,
  "is_authenticating": false
}
[2025-03-14T16:37:19.152Z] FRONTEND:AUTH - DEBUG: Auth Flow - HeaderConnect Render
  Details: {
  "timestamp": "2025-03-14T16:37:19.152Z",
  "is_connected": false,
  "is_authenticated": false,
  "is_authenticating": false
}
[2025-03-14T16:37:19.728Z] FRONTEND:AUTH - DEBUG: Auth Flow - HeaderConnect Render
  Details: {
  "timestamp": "2025-03-14T16:37:19.728Z",
  "is_connected": false,
  "is_authenticated": false,
  "is_authenticating": false
}
[2025-03-14T16:37:19.729Z] FRONTEND:AUTH - DEBUG: Auth Flow - HeaderConnect Render
  Details: {
  "timestamp": "2025-03-14T16:37:19.729Z",
  "is_connected": false,
  "is_authenticated": false,
  "is_authenticating": false
}
[2025-03-14T16:37:20.122Z] FRONTEND:AUTH - DEBUG: Auth Flow - HeaderConnect Render
  Details: {
  "timestamp": "2025-03-14T16:37:20.122Z",
  "is_connected": false,
  "is_authenticated": false,
  "is_authenticating": false
}
[2025-03-14T16:37:20.123Z] FRONTEND:AUTH - DEBUG: Auth Flow - HeaderConnect Render
  Details: {
  "timestamp": "2025-03-14T16:37:20.123Z",
  "is_connected": false,
  "is_authenticated": false,
  "is_authenticating": false
}
[2025-03-14T16:37:20.792Z] FRONTEND:AUTH - DEBUG: Auth Flow - HeaderConnect Render
  Details: {
  "timestamp": "2025-03-14T16:37:20.792Z",
  "is_connected": false,
  "is_authenticated": false,
  "is_authenticating": false
}
[2025-03-14T16:37:20.793Z] FRONTEND:AUTH - DEBUG: Auth Flow - HeaderConnect Render
  Details: {
  "timestamp": "2025-03-14T16:37:20.793Z",
  "is_connected": false,
  "is_authenticated": false,
  "is_authenticating": false
}
[2025-03-14T16:37:21.563Z] FRONTEND:AUTH - DEBUG: Auth Flow - HeaderConnect Render
  Details: {
  "timestamp": "2025-03-14T16:37:21.563Z",
  "is_connected": false,
  "is_authenticated": false,
  "is_authenticating": false
}
[2025-03-14T16:37:21.564Z] FRONTEND:AUTH - DEBUG: Auth Flow - HeaderConnect Render
  Details: {
  "timestamp": "2025-03-14T16:37:21.564Z",
  "is_connected": false,
  "is_authenticated": false,
  "is_authenticating": false
}
[2025-03-14T16:37:31.672Z] FRONTEND:AUTH - DEBUG: Auth Flow - HeaderConnect Render
  Details: {
  "timestamp": "2025-03-14T16:37:31.672Z",
  "is_connected": false,
  "is_authenticated": false,
  "is_authenticating": false
}
[2025-03-14T16:37:31.673Z] FRONTEND:AUTH - DEBUG: Auth Flow - HeaderConnect Render
  Details: {
  "timestamp": "2025-03-14T16:37:31.673Z",
  "is_connected": false,
  "is_authenticated": false,
  "is_authenticating": false
}
[2025-03-14T16:37:32.575Z] FRONTEND:AUTH - DEBUG: Auth Flow - HeaderConnect Render
  Details: {
  "timestamp": "2025-03-14T16:37:32.575Z",
  "is_connected": false,
  "is_authenticated": false,
  "is_authenticating": false
}
[2025-03-14T16:37:32.575Z] FRONTEND:AUTH - DEBUG: Auth Flow - HeaderConnect Render
  Details: {
  "timestamp": "2025-03-14T16:37:32.575Z",
  "is_connected": false,
  "is_authenticated": false,
  "is_authenticating": false
}
[2025-03-14T16:37:33.317Z] FRONTEND:AUTH - DEBUG: Auth Flow - HeaderConnect Render
  Details: {
  "timestamp": "2025-03-14T16:37:33.317Z",
  "is_connected": false,
  "is_authenticated": false,
  "is_authenticating": false
}
[2025-03-14T16:37:33.317Z] FRONTEND:AUTH - DEBUG: Auth Flow - HeaderConnect Render
  Details: {
  "timestamp": "2025-03-14T16:37:33.317Z",
  "is_connected": false,
  "is_authenticated": false,
  "is_authenticating": false
}
[2025-03-14T16:37:34.527Z] FRONTEND:AUTH - DEBUG: Auth Flow - HeaderConnect Render
  Details: {
  "timestamp": "2025-03-14T16:37:34.527Z",
  "is_connected": false,
  "is_authenticated": false,
  "is_authenticating": false
}
[2025-03-14T16:37:34.528Z] FRONTEND:AUTH - DEBUG: Auth Flow - HeaderConnect Render
  Details: {
  "timestamp": "2025-03-14T16:37:34.528Z",
  "is_connected": false,
  "is_authenticated": false,
  "is_authenticating": false
}
[2025-03-14T16:37:43.875Z] FRONTEND:AUTH - DEBUG: Auth Flow - HeaderConnect Render
  Details: {
  "timestamp": "2025-03-14T16:37:43.875Z",
  "is_connected": false,
  "is_authenticated": false,
  "is_authenticating": false
}
[2025-03-14T16:37:44.357Z] FRONTEND:AUTH - DEBUG: Auth Flow - HeaderConnect Render
  Details: {
  "timestamp": "2025-03-14T16:37:44.357Z",
  "is_connected": false,
  "is_authenticated": false,
  "is_authenticating": false
}
[2025-03-14T16:37:44.358Z] FRONTEND:AUTH - DEBUG: Auth Flow - HeaderConnect Render
  Details: {
  "timestamp": "2025-03-14T16:37:44.358Z",
  "is_connected": false,
  "is_authenticated": false,
  "is_authenticating": false
}
[2025-03-14T16:37:43.877Z] FRONTEND:AUTH - DEBUG: Auth Flow - HeaderConnect Render
  Details: {
  "timestamp": "2025-03-14T16:37:43.877Z",
  "is_connected": false,
  "is_authenticated": false,
  "is_authenticating": false
}
[2025-03-14T16:37:44.893Z] FRONTEND:AUTH - DEBUG: Auth Flow - HeaderConnect Render
  Details: {
  "timestamp": "2025-03-14T16:37:44.893Z",
  "is_connected": false,
  "is_authenticated": false,
  "is_authenticating": false
}
[2025-03-14T16:37:44.894Z] FRONTEND:AUTH - DEBUG: Auth Flow - HeaderConnect Render
  Details: {
  "timestamp": "2025-03-14T16:37:44.894Z",
  "is_connected": false,
  "is_authenticated": false,
  "is_authenticating": false
}
[2025-03-14T16:37:44.955Z] FRONTEND:AUTH - DEBUG: Auth Flow - Auth state updated
  Details: {
  "timestamp": "2025-03-14T16:37:44.955Z",
  "is_connected": false,
  "is_authenticated": false,
  "is_authenticating": false,
  "initial_check_done": false,
  "needs_reauthentication": false,
  "last_authenticated_address": null
}
[2025-03-14T16:37:44.964Z] FRONTEND:AUTH - DEBUG: Auth Flow - Auth state updated
  Details: {
  "timestamp": "2025-03-14T16:37:44.963Z",
  "is_connected": false,
  "is_authenticated": false,
  "is_authenticating": false,
  "initial_check_done": false,
  "needs_reauthentication": false,
  "last_authenticated_address": null
}
[2025-03-14T16:37:45.003Z] FRONTEND:AUTH - DEBUG: Auth Flow - HeaderConnect Render
  Details: {
  "timestamp": "2025-03-14T16:37:45.003Z",
  "is_connected": false,
  "is_authenticated": false,
  "is_authenticating": false
}
[2025-03-14T16:37:45.004Z] FRONTEND:AUTH - DEBUG: Auth Flow - HeaderConnect Render
  Details: {
  "timestamp": "2025-03-14T16:37:45.004Z",
  "is_connected": false,
  "is_authenticated": false,
  "is_authenticating": false
}
[2025-03-14T16:38:21.682Z] FRONTEND:AUTH - DEBUG: Auth Flow - Initial Auth State Check
  Details: {
  "timestamp": "2025-03-14T16:38:21.682Z",
  "has_token": false,
  "has_user": false
}
[2025-03-14T16:38:21.854Z] FRONTEND:AUTH - DEBUG: Auth Flow - HeaderConnect Render
  Details: {
  "timestamp": "2025-03-14T16:38:21.854Z",
  "is_connected": false,
  "is_authenticated": false,
  "is_authenticating": false
}
[2025-03-14T16:38:21.854Z] FRONTEND:AUTH - DEBUG: Auth Flow - HeaderConnect Render
  Details: {
  "timestamp": "2025-03-14T16:38:21.854Z",
  "is_connected": false,
  "is_authenticated": false,
  "is_authenticating": false
}
[2025-03-14T16:38:21.907Z] FRONTEND:AUTH - DEBUG: Auth Flow - Auth state updated
  Details: {
  "timestamp": "2025-03-14T16:38:21.907Z",
  "is_connected": false,
  "is_authenticated": false,
  "is_authenticating": false,
  "initial_check_done": false,
  "needs_reauthentication": false,
  "last_authenticated_address": null
}
[2025-03-14T16:38:21.953Z] FRONTEND:AUTH - DEBUG: Auth Flow - HeaderConnect Render
  Details: {
  "timestamp": "2025-03-14T16:38:21.953Z",
  "is_connected": false,
  "is_authenticated": false,
  "is_authenticating": false
}
[2025-03-14T16:38:21.954Z] FRONTEND:AUTH - DEBUG: Auth Flow - HeaderConnect Render
  Details: {
  "timestamp": "2025-03-14T16:38:21.954Z",
  "is_connected": false,
  "is_authenticated": false,
  "is_authenticating": false
}
[2025-03-14T16:38:26.820Z] FRONTEND:AUTH - DEBUG: Auth Flow - Initial Auth State Check
  Details: {
  "timestamp": "2025-03-14T16:38:26.820Z",
  "has_token": false,
  "has_user": false
}
[2025-03-14T16:38:26.978Z] FRONTEND:AUTH - DEBUG: Auth Flow - HeaderConnect Render
  Details: {
  "timestamp": "2025-03-14T16:38:26.978Z",
  "is_connected": false,
  "is_authenticated": false,
  "is_authenticating": false
}
[2025-03-14T16:38:26.978Z] FRONTEND:AUTH - DEBUG: Auth Flow - HeaderConnect Render
  Details: {
  "timestamp": "2025-03-14T16:38:26.978Z",
  "is_connected": false,
  "is_authenticated": false,
  "is_authenticating": false
}
[2025-03-14T16:38:27.034Z] FRONTEND:AUTH - DEBUG: Auth Flow - Auth state updated
  Details: {
  "timestamp": "2025-03-14T16:38:27.034Z",
  "is_connected": false,
  "is_authenticated": false,
  "is_authenticating": false,
  "initial_check_done": false,
  "needs_reauthentication": false,
  "last_authenticated_address": null
}
[2025-03-14T16:38:27.072Z] FRONTEND:AUTH - DEBUG: Auth Flow - HeaderConnect Render
  Details: {
  "timestamp": "2025-03-14T16:38:27.072Z",
  "is_connected": false,
  "is_authenticated": false,
  "is_authenticating": false
}
[2025-03-14T16:38:27.072Z] FRONTEND:AUTH - DEBUG: Auth Flow - HeaderConnect Render
  Details: {
  "timestamp": "2025-03-14T16:38:27.072Z",
  "is_connected": false,
  "is_authenticated": false,
  "is_authenticating": false
}
[2025-03-14T16:38:40.725Z] FRONTEND:AUTH - DEBUG: Auth Flow - HeaderConnect Render
  Details: {
  "timestamp": "2025-03-14T16:38:40.725Z",
  "is_connected": false,
  "is_authenticated": false,
  "is_authenticating": false
}
[2025-03-14T16:38:40.726Z] FRONTEND:AUTH - DEBUG: Auth Flow - HeaderConnect Render
  Details: {
  "timestamp": "2025-03-14T16:38:40.726Z",
  "is_connected": false,
  "is_authenticated": false,
  "is_authenticating": false
}
[2025-03-14T16:38:40.796Z] FRONTEND:AUTH - DEBUG: Auth Flow - Auth state updated
  Details: {
  "timestamp": "2025-03-14T16:38:40.796Z",
  "is_connected": false,
  "is_authenticated": false,
  "is_authenticating": false,
  "initial_check_done": false,
  "needs_reauthentication": false,
  "last_authenticated_address": null
}
[2025-03-14T16:38:40.804Z] FRONTEND:AUTH - DEBUG: Auth Flow - Auth state updated
  Details: {
  "timestamp": "2025-03-14T16:38:40.804Z",
  "is_connected": false,
  "is_authenticated": false,
  "is_authenticating": false,
  "initial_check_done": false,
  "needs_reauthentication": false,
  "last_authenticated_address": null
}
[2025-03-14T16:38:40.830Z] FRONTEND:AUTH - DEBUG: Auth Flow - HeaderConnect Render
  Details: {
  "timestamp": "2025-03-14T16:38:40.829Z",
  "is_connected": false,
  "is_authenticated": false,
  "is_authenticating": false
}
[2025-03-14T16:38:40.830Z] FRONTEND:AUTH - DEBUG: Auth Flow - HeaderConnect Render
  Details: {
  "timestamp": "2025-03-14T16:38:40.830Z",
  "is_connected": false,
  "is_authenticated": false,
  "is_authenticating": false
}
[2025-03-14T16:38:52.094Z] FRONTEND:AUTH - DEBUG: Auth Flow - Initial Auth State Check
  Details: {
  "timestamp": "2025-03-14T16:38:52.094Z",
  "has_token": false,
  "has_user": false
}
[2025-03-14T16:38:52.392Z] FRONTEND:AUTH - DEBUG: Auth Flow - HeaderConnect Render
  Details: {
  "timestamp": "2025-03-14T16:38:52.392Z",
  "is_connected": false,
  "is_authenticated": false,
  "is_authenticating": false
}
[2025-03-14T16:38:52.392Z] FRONTEND:AUTH - DEBUG: Auth Flow - HeaderConnect Render
  Details: {
  "timestamp": "2025-03-14T16:38:52.392Z",
  "is_connected": false,
  "is_authenticated": false,
  "is_authenticating": false
}
[2025-03-14T16:38:52.446Z] FRONTEND:AUTH - DEBUG: Auth Flow - Auth state updated
  Details: {
  "timestamp": "2025-03-14T16:38:52.446Z",
  "is_connected": false,
  "is_authenticated": false,
  "is_authenticating": false,
  "initial_check_done": false,
  "needs_reauthentication": false,
  "last_authenticated_address": null
}
[2025-03-14T16:38:56.377Z] FRONTEND:AUTH - DEBUG: Auth Flow - HeaderConnect Render
  Details: {
  "timestamp": "2025-03-14T16:38:56.377Z",
  "is_connected": false,
  "is_authenticated": false,
  "is_authenticating": false
}
[2025-03-14T16:38:56.377Z] FRONTEND:AUTH - DEBUG: Auth Flow - HeaderConnect Render
  Details: {
  "timestamp": "2025-03-14T16:38:56.377Z",
  "is_connected": false,
  "is_authenticated": false,
  "is_authenticating": false
}
[2025-03-14T16:38:57.125Z] FRONTEND:AUTH - DEBUG: Auth Flow - HeaderConnect Render
  Details: {
  "timestamp": "2025-03-14T16:38:57.125Z",
  "is_connected": false,
  "is_authenticated": false,
  "is_authenticating": false
}
[2025-03-14T16:38:57.125Z] FRONTEND:AUTH - DEBUG: Auth Flow - HeaderConnect Render
  Details: {
  "timestamp": "2025-03-14T16:38:57.125Z",
  "is_connected": false,
  "is_authenticated": false,
  "is_authenticating": false
}
[2025-03-14T16:39:05.350Z] FRONTEND:AUTH - DEBUG: Auth Flow - HeaderConnect Render
  Details: {
  "timestamp": "2025-03-14T16:39:05.350Z",
  "is_connected": false,
  "is_authenticated": false,
  "is_authenticating": false
}
[2025-03-14T16:39:05.351Z] FRONTEND:AUTH - DEBUG: Auth Flow - HeaderConnect Render
  Details: {
  "timestamp": "2025-03-14T16:39:05.351Z",
  "is_connected": false,
  "is_authenticated": false,
  "is_authenticating": false
}
[2025-03-14T16:39:06.609Z] FRONTEND:AUTH - DEBUG: Auth Flow - HeaderConnect Render
  Details: {
  "timestamp": "2025-03-14T16:39:06.609Z",
  "is_connected": false,
  "is_authenticated": false,
  "is_authenticating": false
}
[2025-03-14T16:39:06.609Z] FRONTEND:AUTH - DEBUG: Auth Flow - HeaderConnect Render
  Details: {
  "timestamp": "2025-03-14T16:39:06.609Z",
  "is_connected": false,
  "is_authenticated": false,
  "is_authenticating": false
}
[2025-03-14T16:41:00.001Z] FRONTEND:AUTH - DEBUG: Auth Flow - HeaderConnect Render
  Details: {
  "timestamp": "2025-03-14T16:41:00.001Z",
  "is_connected": false,
  "is_authenticated": false,
  "is_authenticating": false
}
[2025-03-14T16:40:59.999Z] FRONTEND:AUTH - DEBUG: Auth Flow - HeaderConnect Render
  Details: {
  "timestamp": "2025-03-14T16:40:59.999Z",
  "is_connected": false,
  "is_authenticated": false,
  "is_authenticating": false
}
[2025-03-14T16:41:24.702Z] FRONTEND:AUTH - DEBUG: Auth Flow - HeaderConnect Render
  Details: {
  "timestamp": "2025-03-14T16:41:24.702Z",
  "is_connected": false,
  "is_authenticated": false,
  "is_authenticating": false
}
[2025-03-14T16:41:25.835Z] FRONTEND:AUTH - DEBUG: Auth Flow - HeaderConnect Render
  Details: {
  "timestamp": "2025-03-14T16:41:25.835Z",
  "is_connected": false,
  "is_authenticated": false,
  "is_authenticating": false
}
[2025-03-14T16:41:25.836Z] FRONTEND:AUTH - DEBUG: Auth Flow - HeaderConnect Render
  Details: {
  "timestamp": "2025-03-14T16:41:25.836Z",
  "is_connected": false,
  "is_authenticated": false,
  "is_authenticating": false
}
[2025-03-14T16:41:36.313Z] FRONTEND:AUTH - DEBUG: Auth Flow - HeaderConnect Render
  Details: {
  "timestamp": "2025-03-14T16:41:36.313Z",
  "is_connected": false,
  "is_authenticated": false,
  "is_authenticating": false
}
[2025-03-14T16:41:36.313Z] FRONTEND:AUTH - DEBUG: Auth Flow - HeaderConnect Render
  Details: {
  "timestamp": "2025-03-14T16:41:36.313Z",
  "is_connected": false,
  "is_authenticated": false,
  "is_authenticating": false
}
[2025-03-14T16:41:24.701Z] FRONTEND:AUTH - DEBUG: Auth Flow - HeaderConnect Render
  Details: {
  "timestamp": "2025-03-14T16:41:24.701Z",
  "is_connected": false,
  "is_authenticated": false,
  "is_authenticating": false
}
[2025-03-14T16:41:36.376Z] FRONTEND:AUTH - DEBUG: Auth Flow - Auth state updated
  Details: {
  "timestamp": "2025-03-14T16:41:36.376Z",
  "is_connected": false,
  "is_authenticated": false,
  "is_authenticating": false,
  "initial_check_done": false,
  "needs_reauthentication": false,
  "last_authenticated_address": null
}
[2025-03-14T16:41:36.389Z] FRONTEND:AUTH - DEBUG: Auth Flow - Auth state updated
  Details: {
  "timestamp": "2025-03-14T16:41:36.389Z",
  "is_connected": false,
  "is_authenticated": false,
  "is_authenticating": false,
  "initial_check_done": false,
  "needs_reauthentication": false,
  "last_authenticated_address": null
}
[2025-03-14T16:41:36.442Z] FRONTEND:AUTH - DEBUG: Auth Flow - HeaderConnect Render
  Details: {
  "timestamp": "2025-03-14T16:41:36.442Z",
  "is_connected": false,
  "is_authenticated": false,
  "is_authenticating": false
}
[2025-03-14T16:41:36.442Z] FRONTEND:AUTH - DEBUG: Auth Flow - HeaderConnect Render
  Details: {
  "timestamp": "2025-03-14T16:41:36.442Z",
  "is_connected": false,
  "is_authenticated": false,
  "is_authenticating": false
}
[2025-03-14T16:41:36.462Z] FRONTEND:AUTH - DEBUG: Auth Flow - Auth state updated
  Details: {
  "timestamp": "2025-03-14T16:41:36.462Z",
  "is_connected": false,
  "is_authenticated": false,
  "is_authenticating": false,
  "initial_check_done": false,
  "needs_reauthentication": false,
  "last_authenticated_address": null
}
[2025-03-14T16:41:36.464Z] FRONTEND:AUTH - DEBUG: Auth Flow - Auth state updated
  Details: {
  "timestamp": "2025-03-14T16:41:36.464Z",
  "is_connected": false,
  "is_authenticated": false,
  "is_authenticating": false,
  "initial_check_done": false,
  "needs_reauthentication": false,
  "last_authenticated_address": null
}
[2025-03-14T16:41:56.258Z] FRONTEND:AUTH - DEBUG: Auth Flow - HeaderConnect Render
  Details: {
  "timestamp": "2025-03-14T16:41:56.258Z",
  "is_connected": false,
  "is_authenticated": false,
  "is_authenticating": false
}
[2025-03-14T16:41:56.259Z] FRONTEND:AUTH - DEBUG: Auth Flow - HeaderConnect Render
  Details: {
  "timestamp": "2025-03-14T16:41:56.259Z",
  "is_connected": false,
  "is_authenticated": false,
  "is_authenticating": false
}
[2025-03-14T16:41:56.338Z] FRONTEND:AUTH - DEBUG: Auth Flow - Auth state updated
  Details: {
  "timestamp": "2025-03-14T16:41:56.338Z",
  "is_connected": false,
  "is_authenticated": false,
  "is_authenticating": false,
  "initial_check_done": false,
  "needs_reauthentication": false,
  "last_authenticated_address": null
}
[2025-03-14T16:41:56.340Z] FRONTEND:AUTH - DEBUG: Auth Flow - Auth state updated
  Details: {
  "timestamp": "2025-03-14T16:41:56.340Z",
  "is_connected": false,
  "is_authenticated": false,
  "is_authenticating": false,
  "initial_check_done": false,
  "needs_reauthentication": false,
  "last_authenticated_address": null
}
[2025-03-14T16:42:35.472Z] FRONTEND:AUTH - DEBUG: Auth Flow - Initial Auth State Check
  Details: {
  "timestamp": "2025-03-14T16:42:35.472Z",
  "has_token": false,
  "has_user": false
}
[2025-03-14T16:45:58.290Z] FRONTEND:AUTH - DEBUG: Auth Flow - Initial Auth State Check
  Details: {
  "timestamp": "2025-03-14T16:45:58.290Z",
  "has_token": false,
  "has_user": false
}
[2025-03-14T16:45:58.336Z] FRONTEND:AUTH - DEBUG: Auth Flow - HeaderConnect Render
  Details: {
  "timestamp": "2025-03-14T16:45:58.336Z",
  "is_connected": false,
  "is_authenticated": false,
  "is_authenticating": false
}
[2025-03-14T16:45:58.336Z] FRONTEND:AUTH - DEBUG: Auth Flow - HeaderConnect Render
  Details: {
  "timestamp": "2025-03-14T16:45:58.336Z",
  "is_connected": false,
  "is_authenticated": false,
  "is_authenticating": false
}
[2025-03-14T16:45:58.382Z] FRONTEND:AUTH - DEBUG: Auth Flow - Auth state updated
  Details: {
  "timestamp": "2025-03-14T16:45:58.382Z",
  "is_connected": false,
  "is_authenticated": false,
  "is_authenticating": false,
  "initial_check_done": false,
  "needs_reauthentication": false,
  "last_authenticated_address": null
}
[2025-03-14T16:45:58.385Z] FRONTEND:AUTH - DEBUG: Auth Flow - HeaderConnect Render
  Details: {
  "timestamp": "2025-03-14T16:45:58.385Z",
  "is_connected": false,
  "is_authenticated": false,
  "is_authenticating": false
}
[2025-03-14T16:45:58.386Z] FRONTEND:AUTH - DEBUG: Auth Flow - HeaderConnect Render
  Details: {
  "timestamp": "2025-03-14T16:45:58.386Z",
  "is_connected": false,
  "is_authenticated": false,
  "is_authenticating": false
}
[2025-03-14T16:45:58.408Z] FRONTEND:AUTH - DEBUG: Auth Flow - HeaderConnect Render
  Details: {
  "timestamp": "2025-03-14T16:45:58.408Z",
  "is_connected": false,
  "is_authenticated": false,
  "is_authenticating": false
}
[2025-03-14T16:45:58.409Z] FRONTEND:AUTH - DEBUG: Auth Flow - HeaderConnect Render
  Details: {
  "timestamp": "2025-03-14T16:45:58.409Z",
  "is_connected": false,
  "is_authenticated": false,
  "is_authenticating": false
}
[2025-03-14T16:45:58.423Z] FRONTEND:AUTH - DEBUG: Auth Flow - Auth state updated
  Details: {
  "timestamp": "2025-03-14T16:45:58.423Z",
  "is_connected": false,
  "is_authenticated": false,
  "is_authenticating": false,
  "initial_check_done": false,
  "needs_reauthentication": false,
  "last_authenticated_address": null
}
[2025-03-14T16:45:58.425Z] FRONTEND:AUTH - DEBUG: Auth Flow - Auth state updated
  Details: {
  "timestamp": "2025-03-14T16:45:58.425Z",
  "is_connected": false,
  "is_authenticated": false,
  "is_authenticating": false,
  "initial_check_done": false,
  "needs_reauthentication": false,
  "last_authenticated_address": null
}
[2025-03-14T16:47:03.251Z] FRONTEND:AUTH - DEBUG: Auth Flow - HeaderConnect Render
  Details: {
  "timestamp": "2025-03-14T16:47:03.251Z",
  "is_connected": false,
  "is_authenticated": false,
  "is_authenticating": false
}
[2025-03-14T16:47:03.301Z] FRONTEND:AUTH - DEBUG: Auth Flow - Auth state updated
  Details: {
  "timestamp": "2025-03-14T16:47:03.301Z",
  "is_connected": false,
  "is_authenticated": false,
  "is_authenticating": false,
  "initial_check_done": false,
  "needs_reauthentication": false,
  "last_authenticated_address": null
}
[2025-03-14T16:47:03.298Z] FRONTEND:AUTH - DEBUG: Auth Flow - Auth state updated
  Details: {
  "timestamp": "2025-03-14T16:47:03.298Z",
  "is_connected": false,
  "is_authenticated": false,
  "is_authenticating": false,
  "initial_check_done": false,
  "needs_reauthentication": false,
  "last_authenticated_address": null
}
[2025-03-14T16:47:03.250Z] FRONTEND:AUTH - DEBUG: Auth Flow - HeaderConnect Render
  Details: {
  "timestamp": "2025-03-14T16:47:03.250Z",
  "is_connected": false,
  "is_authenticated": false,
  "is_authenticating": false
}
[2025-03-14T16:47:16.967Z] FRONTEND:AUTH - DEBUG: Auth Flow - Initial Auth State Check
  Details: {
  "timestamp": "2025-03-14T16:47:16.967Z",
  "has_token": false,
  "has_user": false
}
[2025-03-14T16:47:19.620Z] FRONTEND:AUTH - DEBUG: Auth Flow - HeaderConnect Render
  Details: {
  "timestamp": "2025-03-14T16:47:19.620Z",
  "is_connected": false,
  "is_authenticated": false,
  "is_authenticating": false
}
[2025-03-14T16:47:19.620Z] FRONTEND:AUTH - DEBUG: Auth Flow - HeaderConnect Render
  Details: {
  "timestamp": "2025-03-14T16:47:19.620Z",
  "is_connected": false,
  "is_authenticated": false,
  "is_authenticating": false
}
[2025-03-14T16:47:19.770Z] FRONTEND:AUTH - DEBUG: Auth Flow - Auth state updated
  Details: {
  "timestamp": "2025-03-14T16:47:19.770Z",
  "is_connected": false,
  "is_authenticated": false,
  "is_authenticating": false,
  "initial_check_done": false,
  "needs_reauthentication": false,
  "last_authenticated_address": null
}
[2025-03-14T16:47:43.048Z] FRONTEND:AUTH - DEBUG: Auth Flow - Initial Auth State Check
  Details: {
  "timestamp": "2025-03-14T16:47:43.047Z",
  "has_token": false,
  "has_user": false
}
[2025-03-14T16:47:43.118Z] FRONTEND:AUTH - DEBUG: Auth Flow - HeaderConnect Render
  Details: {
  "timestamp": "2025-03-14T16:47:43.118Z",
  "is_connected": false,
  "is_authenticated": false,
  "is_authenticating": false
}
[2025-03-14T16:47:43.119Z] FRONTEND:AUTH - DEBUG: Auth Flow - HeaderConnect Render
  Details: {
  "timestamp": "2025-03-14T16:47:43.119Z",
  "is_connected": false,
  "is_authenticated": false,
  "is_authenticating": false
}
[2025-03-14T16:47:43.186Z] FRONTEND:AUTH - DEBUG: Auth Flow - Auth state updated
  Details: {
  "timestamp": "2025-03-14T16:47:43.186Z",
  "is_connected": false,
  "is_authenticated": false,
  "is_authenticating": false,
  "initial_check_done": false,
  "needs_reauthentication": false,
  "last_authenticated_address": null
}
[2025-03-14T16:47:43.190Z] FRONTEND:AUTH - DEBUG: Auth Flow - HeaderConnect Render
  Details: {
  "timestamp": "2025-03-14T16:47:43.190Z",
  "is_connected": false,
  "is_authenticated": false,
  "is_authenticating": false
}
[2025-03-14T16:47:43.190Z] FRONTEND:AUTH - DEBUG: Auth Flow - HeaderConnect Render
  Details: {
  "timestamp": "2025-03-14T16:47:43.190Z",
  "is_connected": false,
  "is_authenticated": false,
  "is_authenticating": false
}
[2025-03-14T16:47:43.213Z] FRONTEND:AUTH - DEBUG: Auth Flow - HeaderConnect Render
  Details: {
  "timestamp": "2025-03-14T16:47:43.213Z",
  "is_connected": false,
  "is_authenticated": false,
  "is_authenticating": false
}
[2025-03-14T16:47:43.213Z] FRONTEND:AUTH - DEBUG: Auth Flow - HeaderConnect Render
  Details: {
  "timestamp": "2025-03-14T16:47:43.213Z",
  "is_connected": false,
  "is_authenticated": false,
  "is_authenticating": false
}
[2025-03-14T16:47:43.231Z] FRONTEND:AUTH - DEBUG: Auth Flow - Auth state updated
  Details: {
  "timestamp": "2025-03-14T16:47:43.231Z",
  "is_connected": false,
  "is_authenticated": false,
  "is_authenticating": false,
  "initial_check_done": false,
  "needs_reauthentication": false,
  "last_authenticated_address": null
}
[2025-03-14T16:47:43.234Z] FRONTEND:AUTH - DEBUG: Auth Flow - Auth state updated
  Details: {
  "timestamp": "2025-03-14T16:47:43.234Z",
  "is_connected": false,
  "is_authenticated": false,
  "is_authenticating": false,
  "initial_check_done": false,
  "needs_reauthentication": false,
  "last_authenticated_address": null
}
[2025-03-14T17:15:08.508Z] FRONTEND:AUTH - DEBUG: Auth Flow - Initial Auth State Check
  Details: {
  "timestamp": "2025-03-14T17:15:08.507Z",
  "has_token": false,
  "has_user": false
}
[2025-03-14T17:15:08.703Z] FRONTEND:AUTH - DEBUG: Auth Flow - HeaderConnect Render
  Details: {
  "timestamp": "2025-03-14T17:15:08.703Z",
  "is_connected": false,
  "is_authenticated": false,
  "is_authenticating": false
}
[2025-03-14T17:15:08.704Z] FRONTEND:AUTH - DEBUG: Auth Flow - HeaderConnect Render
  Details: {
  "timestamp": "2025-03-14T17:15:08.704Z",
  "is_connected": false,
  "is_authenticated": false,
  "is_authenticating": false
}
[2025-03-14T17:15:08.763Z] FRONTEND:AUTH - DEBUG: Auth Flow - Auth state updated
  Details: {
  "timestamp": "2025-03-14T17:15:08.763Z",
  "is_connected": false,
  "is_authenticated": false,
  "is_authenticating": false,
  "initial_check_done": false,
  "needs_reauthentication": false,
  "last_authenticated_address": null
}
[2025-03-14T17:15:08.812Z] FRONTEND:AUTH - DEBUG: Auth Flow - HeaderConnect Render
  Details: {
  "timestamp": "2025-03-14T17:15:08.812Z",
  "is_connected": false,
  "is_authenticated": false,
  "is_authenticating": false
}
[2025-03-14T17:15:08.813Z] FRONTEND:AUTH - DEBUG: Auth Flow - HeaderConnect Render
  Details: {
  "timestamp": "2025-03-14T17:15:08.813Z",
  "is_connected": false,
  "is_authenticated": false,
  "is_authenticating": false
}
[2025-03-14T17:15:08.852Z] FRONTEND:AUTH - DEBUG: Auth Flow - Auth state updated
  Details: {
  "timestamp": "2025-03-14T17:15:08.852Z",
  "is_connected": false,
  "is_authenticated": false,
  "is_authenticating": false,
  "initial_check_done": false,
  "needs_reauthentication": false,
  "last_authenticated_address": null
}
[2025-03-14T17:15:08.854Z] FRONTEND:AUTH - DEBUG: Auth Flow - Auth state updated
  Details: {
  "timestamp": "2025-03-14T17:15:08.854Z",
  "is_connected": false,
  "is_authenticated": false,
  "is_authenticating": false,
  "initial_check_done": false,
  "needs_reauthentication": false,
  "last_authenticated_address": null
}
[2025-03-14T17:16:08.785Z] FRONTEND:CLIENT - ERROR: Client Error: alpha is not defined
  Details: {
  "stack": "ReferenceError: alpha is not defined\n    at borderBottom (webpack-internal:///(app-pages-browser)/./src/pages-sections/sales/sales-navbar.tsx:63:49)\n    at callIfFn (webpack-internal:///(app-pages-browser)/./node_modules/@mui/system/esm/styleFunctionSx/styleFunctionSx.js:24:42)\n    at eval (webpack-internal:///(app-pages-browser)/./node_modules/@mui/system/esm/styleFunctionSx/styleFunctionSx.js:105:23)\n    at Array.forEach (<anonymous>)\n    at traverse (webpack-internal:///(app-pages-browser)/./node_modules/@mui/system/esm/styleFunctionSx/styleFunctionSx.js:104:29)\n    at styleFunctionSx (webpack-internal:///(app-pages-browser)/./node_modules/@mui/system/esm/styleFunctionSx/styleFunctionSx.js:132:51)\n    at handleInterpolation (webpack-internal:///(app-pages-browser)/./node_modules/@emotion/serialize/dist/emotion-serialize.development.esm.js:149:24)\n    at serializeStyles (webpack-internal:///(app-pages-browser)/./node_modules/@emotion/serialize/dist/emotion-serialize.development.esm.js:261:15)\n    at eval (webpack-internal:///(app-pages-browser)/./node_modules/@emotion/styled/base/dist/emotion-styled-base.browser.development.esm.js:140:91)\n    at Styled(div) (webpack-internal:///(app-pages-browser)/./node_modules/@emotion/react/dist/emotion-element-489459f2.browser.development.esm.js:56:12)\n    at react-stack-bottom-frame (webpack-internal:///(app-pages-browser)/./node_modules/next/dist/compiled/react-dom/cjs/react-dom-client.development.js:23610:20)\n    at renderWithHooks (webpack-internal:///(app-pages-browser)/./node_modules/next/dist/compiled/react-dom/cjs/react-dom-client.development.js:4646:22)\n    at updateForwardRef (webpack-internal:///(app-pages-browser)/./node_modules/next/dist/compiled/react-dom/cjs/react-dom-client.development.js:7776:19)\n    at beginWork (webpack-internal:///(app-pages-browser)/./node_modules/next/dist/compiled/react-dom/cjs/react-dom-client.development.js:10020:18)\n    at runWithFiberInDEV (webpack-internal:///(app-pages-browser)/./node_modules/next/dist/compiled/react-dom/cjs/react-dom-client.development.js:544:16)\n    at performUnitOfWork (webpack-internal:///(app-pages-browser)/./node_modules/next/dist/compiled/react-dom/cjs/react-dom-client.development.js:15064:22)\n    at workLoopSync (webpack-internal:///(app-pages-browser)/./node_modules/next/dist/compiled/react-dom/cjs/react-dom-client.development.js:14888:41)\n    at renderRootSync (webpack-internal:///(app-pages-browser)/./node_modules/next/dist/compiled/react-dom/cjs/react-dom-client.development.js:14868:11)\n    at performWorkOnRoot (webpack-internal:///(app-pages-browser)/./node_modules/next/dist/compiled/react-dom/cjs/react-dom-client.development.js:14394:44)\n    at performSyncWorkOnRoot (webpack-internal:///(app-pages-browser)/./node_modules/next/dist/compiled/react-dom/cjs/react-dom-client.development.js:15970:7)\n    at flushSyncWorkAcrossRoots_impl (webpack-internal:///(app-pages-browser)/./node_modules/next/dist/compiled/react-dom/cjs/react-dom-client.development.js:15830:21)\n    at flushSyncWork$1 (webpack-internal:///(app-pages-browser)/./node_modules/next/dist/compiled/react-dom/cjs/react-dom-client.development.js:14655:12)\n    at Object.scheduleRefresh (webpack-internal:///(app-pages-browser)/./node_modules/next/dist/compiled/react-dom/cjs/react-dom-client.development.js:113:9)\n    at eval (webpack-internal:///(app-pages-browser)/./node_modules/next/dist/compiled/react-refresh/cjs/react-refresh-runtime.development.js:265:17)\n    at Set.forEach (<anonymous>)\n    at Object.performReactRefresh (webpack-internal:///(app-pages-browser)/./node_modules/next/dist/compiled/react-refresh/cjs/react-refresh-runtime.development.js:254:26)\n    at applyUpdate (webpack-internal:///(app-pages-browser)/./node_modules/next/dist/compiled/@next/react-refresh-utils/dist/internal/helpers.js:139:31)\n    at statusHandler (webpack-internal:///(app-pages-browser)/./node_modules/next/dist/compiled/@next/react-refresh-utils/dist/internal/helpers.js:156:13)\n    at setStatus (http://localhost:3000/_next/static/chunks/webpack.js?v=1741972497935:511:55)\n    at http://localhost:3000/_next/static/chunks/webpack.js?v=1741972497935:680:21",
  "location": "global-error-boundary",
  "errorType": "unhandled-error"
}
[2025-03-14T17:16:08.797Z] FRONTEND:CLIENT - ERROR: Client Error: alpha is not defined
  Details: {
  "stack": "ReferenceError: alpha is not defined\n    at borderBottom (webpack-internal:///(app-pages-browser)/./src/pages-sections/sales/sales-navbar.tsx:63:49)\n    at callIfFn (webpack-internal:///(app-pages-browser)/./node_modules/@mui/system/esm/styleFunctionSx/styleFunctionSx.js:24:42)\n    at eval (webpack-internal:///(app-pages-browser)/./node_modules/@mui/system/esm/styleFunctionSx/styleFunctionSx.js:105:23)\n    at Array.forEach (<anonymous>)\n    at traverse (webpack-internal:///(app-pages-browser)/./node_modules/@mui/system/esm/styleFunctionSx/styleFunctionSx.js:104:29)\n    at styleFunctionSx (webpack-internal:///(app-pages-browser)/./node_modules/@mui/system/esm/styleFunctionSx/styleFunctionSx.js:132:51)\n    at handleInterpolation (webpack-internal:///(app-pages-browser)/./node_modules/@emotion/serialize/dist/emotion-serialize.development.esm.js:149:24)\n    at serializeStyles (webpack-internal:///(app-pages-browser)/./node_modules/@emotion/serialize/dist/emotion-serialize.development.esm.js:261:15)\n    at eval (webpack-internal:///(app-pages-browser)/./node_modules/@emotion/styled/base/dist/emotion-styled-base.browser.development.esm.js:140:91)\n    at Styled(div) (webpack-internal:///(app-pages-browser)/./node_modules/@emotion/react/dist/emotion-element-489459f2.browser.development.esm.js:56:12)\n    at react-stack-bottom-frame (webpack-internal:///(app-pages-browser)/./node_modules/next/dist/compiled/react-dom/cjs/react-dom-client.development.js:23610:20)\n    at renderWithHooks (webpack-internal:///(app-pages-browser)/./node_modules/next/dist/compiled/react-dom/cjs/react-dom-client.development.js:4646:22)\n    at updateForwardRef (webpack-internal:///(app-pages-browser)/./node_modules/next/dist/compiled/react-dom/cjs/react-dom-client.development.js:7776:19)\n    at beginWork (webpack-internal:///(app-pages-browser)/./node_modules/next/dist/compiled/react-dom/cjs/react-dom-client.development.js:10020:18)\n    at runWithFiberInDEV (webpack-internal:///(app-pages-browser)/./node_modules/next/dist/compiled/react-dom/cjs/react-dom-client.development.js:544:16)\n    at performUnitOfWork (webpack-internal:///(app-pages-browser)/./node_modules/next/dist/compiled/react-dom/cjs/react-dom-client.development.js:15064:22)\n    at workLoopSync (webpack-internal:///(app-pages-browser)/./node_modules/next/dist/compiled/react-dom/cjs/react-dom-client.development.js:14888:41)\n    at renderRootSync (webpack-internal:///(app-pages-browser)/./node_modules/next/dist/compiled/react-dom/cjs/react-dom-client.development.js:14868:11)\n    at performWorkOnRoot (webpack-internal:///(app-pages-browser)/./node_modules/next/dist/compiled/react-dom/cjs/react-dom-client.development.js:14394:44)\n    at performSyncWorkOnRoot (webpack-internal:///(app-pages-browser)/./node_modules/next/dist/compiled/react-dom/cjs/react-dom-client.development.js:15970:7)\n    at flushSyncWorkAcrossRoots_impl (webpack-internal:///(app-pages-browser)/./node_modules/next/dist/compiled/react-dom/cjs/react-dom-client.development.js:15830:21)\n    at flushSyncWork$1 (webpack-internal:///(app-pages-browser)/./node_modules/next/dist/compiled/react-dom/cjs/react-dom-client.development.js:14655:12)\n    at Object.scheduleRefresh (webpack-internal:///(app-pages-browser)/./node_modules/next/dist/compiled/react-dom/cjs/react-dom-client.development.js:113:9)\n    at eval (webpack-internal:///(app-pages-browser)/./node_modules/next/dist/compiled/react-refresh/cjs/react-refresh-runtime.development.js:265:17)\n    at Set.forEach (<anonymous>)\n    at Object.performReactRefresh (webpack-internal:///(app-pages-browser)/./node_modules/next/dist/compiled/react-refresh/cjs/react-refresh-runtime.development.js:254:26)\n    at applyUpdate (webpack-internal:///(app-pages-browser)/./node_modules/next/dist/compiled/@next/react-refresh-utils/dist/internal/helpers.js:139:31)\n    at statusHandler (webpack-internal:///(app-pages-browser)/./node_modules/next/dist/compiled/@next/react-refresh-utils/dist/internal/helpers.js:156:13)\n    at setStatus (http://localhost:3000/_next/static/chunks/webpack.js?v=1741972497935:511:55)\n    at http://localhost:3000/_next/static/chunks/webpack.js?v=1741972497935:680:21",
  "location": "global-error-boundary",
  "errorType": "unhandled-error"
}
[2025-03-14T17:16:20.407Z] FRONTEND:AUTH - DEBUG: Auth Flow - Initial Auth State Check
  Details: {
  "timestamp": "2025-03-14T17:16:20.407Z",
  "has_token": false,
  "has_user": false
}
[2025-03-14T17:16:20.580Z] FRONTEND:AUTH - DEBUG: Auth Flow - HeaderConnect Render
  Details: {
  "timestamp": "2025-03-14T17:16:20.580Z",
  "is_connected": false,
  "is_authenticated": false,
  "is_authenticating": false
}
[2025-03-14T17:16:20.580Z] FRONTEND:AUTH - DEBUG: Auth Flow - HeaderConnect Render
  Details: {
  "timestamp": "2025-03-14T17:16:20.580Z",
  "is_connected": false,
  "is_authenticated": false,
  "is_authenticating": false
}
[2025-03-14T17:16:20.616Z] FRONTEND:AUTH - DEBUG: Auth Flow - HeaderConnect Render
  Details: {
  "timestamp": "2025-03-14T17:16:20.616Z",
  "is_connected": false,
  "is_authenticated": false,
  "is_authenticating": false
}
[2025-03-14T17:16:20.616Z] FRONTEND:AUTH - DEBUG: Auth Flow - HeaderConnect Render
  Details: {
  "timestamp": "2025-03-14T17:16:20.616Z",
  "is_connected": false,
  "is_authenticated": false,
  "is_authenticating": false
}
[2025-03-14T17:16:20.627Z] FRONTEND:CLIENT - ERROR: Client Error: alpha is not defined
  Details: {
  "stack": "ReferenceError: alpha is not defined\n    at borderBottom (webpack-internal:///(app-pages-browser)/./src/pages-sections/sales/sales-navbar.tsx:63:49)\n    at callIfFn (webpack-internal:///(app-pages-browser)/./node_modules/@mui/system/esm/styleFunctionSx/styleFunctionSx.js:24:42)\n    at eval (webpack-internal:///(app-pages-browser)/./node_modules/@mui/system/esm/styleFunctionSx/styleFunctionSx.js:105:23)\n    at Array.forEach (<anonymous>)\n    at traverse (webpack-internal:///(app-pages-browser)/./node_modules/@mui/system/esm/styleFunctionSx/styleFunctionSx.js:104:29)\n    at styleFunctionSx (webpack-internal:///(app-pages-browser)/./node_modules/@mui/system/esm/styleFunctionSx/styleFunctionSx.js:132:51)\n    at handleInterpolation (webpack-internal:///(app-pages-browser)/./node_modules/@emotion/serialize/dist/emotion-serialize.development.esm.js:149:24)\n    at serializeStyles (webpack-internal:///(app-pages-browser)/./node_modules/@emotion/serialize/dist/emotion-serialize.development.esm.js:261:15)\n    at eval (webpack-internal:///(app-pages-browser)/./node_modules/@emotion/styled/base/dist/emotion-styled-base.browser.development.esm.js:140:91)\n    at Styled(div) (webpack-internal:///(app-pages-browser)/./node_modules/@emotion/react/dist/emotion-element-489459f2.browser.development.esm.js:56:12)\n    at react-stack-bottom-frame (webpack-internal:///(app-pages-browser)/./node_modules/next/dist/compiled/react-dom/cjs/react-dom-client.development.js:23610:20)\n    at renderWithHooks (webpack-internal:///(app-pages-browser)/./node_modules/next/dist/compiled/react-dom/cjs/react-dom-client.development.js:4646:22)\n    at updateForwardRef (webpack-internal:///(app-pages-browser)/./node_modules/next/dist/compiled/react-dom/cjs/react-dom-client.development.js:7776:19)\n    at beginWork (webpack-internal:///(app-pages-browser)/./node_modules/next/dist/compiled/react-dom/cjs/react-dom-client.development.js:10020:18)\n    at runWithFiberInDEV (webpack-internal:///(app-pages-browser)/./node_modules/next/dist/compiled/react-dom/cjs/react-dom-client.development.js:544:16)\n    at performUnitOfWork (webpack-internal:///(app-pages-browser)/./node_modules/next/dist/compiled/react-dom/cjs/react-dom-client.development.js:15064:22)\n    at workLoopSync (webpack-internal:///(app-pages-browser)/./node_modules/next/dist/compiled/react-dom/cjs/react-dom-client.development.js:14888:41)\n    at renderRootSync (webpack-internal:///(app-pages-browser)/./node_modules/next/dist/compiled/react-dom/cjs/react-dom-client.development.js:14868:11)\n    at performWorkOnRoot (webpack-internal:///(app-pages-browser)/./node_modules/next/dist/compiled/react-dom/cjs/react-dom-client.development.js:14394:44)\n    at performSyncWorkOnRoot (webpack-internal:///(app-pages-browser)/./node_modules/next/dist/compiled/react-dom/cjs/react-dom-client.development.js:15970:7)\n    at flushSyncWorkAcrossRoots_impl (webpack-internal:///(app-pages-browser)/./node_modules/next/dist/compiled/react-dom/cjs/react-dom-client.development.js:15830:21)\n    at processRootScheduleInMicrotask (webpack-internal:///(app-pages-browser)/./node_modules/next/dist/compiled/react-dom/cjs/react-dom-client.development.js:15864:7)\n    at eval (webpack-internal:///(app-pages-browser)/./node_modules/next/dist/compiled/react-dom/cjs/react-dom-client.development.js:15986:13)",
  "location": "global-error-boundary",
  "errorType": "unhandled-error"
}
[2025-03-14T17:16:20.629Z] FRONTEND:CLIENT - ERROR: Client Error: alpha is not defined
  Details: {
  "stack": "ReferenceError: alpha is not defined\n    at borderBottom (webpack-internal:///(app-pages-browser)/./src/pages-sections/sales/sales-navbar.tsx:63:49)\n    at callIfFn (webpack-internal:///(app-pages-browser)/./node_modules/@mui/system/esm/styleFunctionSx/styleFunctionSx.js:24:42)\n    at eval (webpack-internal:///(app-pages-browser)/./node_modules/@mui/system/esm/styleFunctionSx/styleFunctionSx.js:105:23)\n    at Array.forEach (<anonymous>)\n    at traverse (webpack-internal:///(app-pages-browser)/./node_modules/@mui/system/esm/styleFunctionSx/styleFunctionSx.js:104:29)\n    at styleFunctionSx (webpack-internal:///(app-pages-browser)/./node_modules/@mui/system/esm/styleFunctionSx/styleFunctionSx.js:132:51)\n    at handleInterpolation (webpack-internal:///(app-pages-browser)/./node_modules/@emotion/serialize/dist/emotion-serialize.development.esm.js:149:24)\n    at serializeStyles (webpack-internal:///(app-pages-browser)/./node_modules/@emotion/serialize/dist/emotion-serialize.development.esm.js:261:15)\n    at eval (webpack-internal:///(app-pages-browser)/./node_modules/@emotion/styled/base/dist/emotion-styled-base.browser.development.esm.js:140:91)\n    at Styled(div) (webpack-internal:///(app-pages-browser)/./node_modules/@emotion/react/dist/emotion-element-489459f2.browser.development.esm.js:56:12)\n    at react-stack-bottom-frame (webpack-internal:///(app-pages-browser)/./node_modules/next/dist/compiled/react-dom/cjs/react-dom-client.development.js:23610:20)\n    at renderWithHooks (webpack-internal:///(app-pages-browser)/./node_modules/next/dist/compiled/react-dom/cjs/react-dom-client.development.js:4646:22)\n    at updateForwardRef (webpack-internal:///(app-pages-browser)/./node_modules/next/dist/compiled/react-dom/cjs/react-dom-client.development.js:7776:19)\n    at beginWork (webpack-internal:///(app-pages-browser)/./node_modules/next/dist/compiled/react-dom/cjs/react-dom-client.development.js:10020:18)\n    at runWithFiberInDEV (webpack-internal:///(app-pages-browser)/./node_modules/next/dist/compiled/react-dom/cjs/react-dom-client.development.js:544:16)\n    at performUnitOfWork (webpack-internal:///(app-pages-browser)/./node_modules/next/dist/compiled/react-dom/cjs/react-dom-client.development.js:15064:22)\n    at workLoopSync (webpack-internal:///(app-pages-browser)/./node_modules/next/dist/compiled/react-dom/cjs/react-dom-client.development.js:14888:41)\n    at renderRootSync (webpack-internal:///(app-pages-browser)/./node_modules/next/dist/compiled/react-dom/cjs/react-dom-client.development.js:14868:11)\n    at performWorkOnRoot (webpack-internal:///(app-pages-browser)/./node_modules/next/dist/compiled/react-dom/cjs/react-dom-client.development.js:14394:44)\n    at performSyncWorkOnRoot (webpack-internal:///(app-pages-browser)/./node_modules/next/dist/compiled/react-dom/cjs/react-dom-client.development.js:15970:7)\n    at flushSyncWorkAcrossRoots_impl (webpack-internal:///(app-pages-browser)/./node_modules/next/dist/compiled/react-dom/cjs/react-dom-client.development.js:15830:21)\n    at processRootScheduleInMicrotask (webpack-internal:///(app-pages-browser)/./node_modules/next/dist/compiled/react-dom/cjs/react-dom-client.development.js:15864:7)\n    at eval (webpack-internal:///(app-pages-browser)/./node_modules/next/dist/compiled/react-dom/cjs/react-dom-client.development.js:15986:13)",
  "location": "global-error-boundary",
  "errorType": "unhandled-error"
}
[2025-03-14T17:16:31.100Z] FRONTEND:AUTH - DEBUG: Auth Flow - Initial Auth State Check
  Details: {
  "timestamp": "2025-03-14T17:16:31.100Z",
  "has_token": false,
  "has_user": false
}
[2025-03-14T17:16:31.247Z] FRONTEND:AUTH - DEBUG: Auth Flow - HeaderConnect Render
  Details: {
  "timestamp": "2025-03-14T17:16:31.247Z",
  "is_connected": false,
  "is_authenticated": false,
  "is_authenticating": false
}
[2025-03-14T17:16:31.248Z] FRONTEND:AUTH - DEBUG: Auth Flow - HeaderConnect Render
  Details: {
  "timestamp": "2025-03-14T17:16:31.248Z",
  "is_connected": false,
  "is_authenticated": false,
  "is_authenticating": false
}
[2025-03-14T17:16:31.300Z] FRONTEND:AUTH - DEBUG: Auth Flow - HeaderConnect Render
  Details: {
  "timestamp": "2025-03-14T17:16:31.300Z",
  "is_connected": false,
  "is_authenticated": false,
  "is_authenticating": false
}
[2025-03-14T17:16:31.300Z] FRONTEND:AUTH - DEBUG: Auth Flow - HeaderConnect Render
  Details: {
  "timestamp": "2025-03-14T17:16:31.300Z",
  "is_connected": false,
  "is_authenticated": false,
  "is_authenticating": false
}
[2025-03-14T17:16:31.312Z] FRONTEND:CLIENT - ERROR: Client Error: alpha is not defined
  Details: {
  "stack": "ReferenceError: alpha is not defined\n    at borderBottom (webpack-internal:///(app-pages-browser)/./src/pages-sections/sales/sales-navbar.tsx:63:49)\n    at callIfFn (webpack-internal:///(app-pages-browser)/./node_modules/@mui/system/esm/styleFunctionSx/styleFunctionSx.js:24:42)\n    at eval (webpack-internal:///(app-pages-browser)/./node_modules/@mui/system/esm/styleFunctionSx/styleFunctionSx.js:105:23)\n    at Array.forEach (<anonymous>)\n    at traverse (webpack-internal:///(app-pages-browser)/./node_modules/@mui/system/esm/styleFunctionSx/styleFunctionSx.js:104:29)\n    at styleFunctionSx (webpack-internal:///(app-pages-browser)/./node_modules/@mui/system/esm/styleFunctionSx/styleFunctionSx.js:132:51)\n    at handleInterpolation (webpack-internal:///(app-pages-browser)/./node_modules/@emotion/serialize/dist/emotion-serialize.development.esm.js:149:24)\n    at serializeStyles (webpack-internal:///(app-pages-browser)/./node_modules/@emotion/serialize/dist/emotion-serialize.development.esm.js:261:15)\n    at eval (webpack-internal:///(app-pages-browser)/./node_modules/@emotion/styled/base/dist/emotion-styled-base.browser.development.esm.js:140:91)\n    at Styled(div) (webpack-internal:///(app-pages-browser)/./node_modules/@emotion/react/dist/emotion-element-489459f2.browser.development.esm.js:56:12)\n    at react-stack-bottom-frame (webpack-internal:///(app-pages-browser)/./node_modules/next/dist/compiled/react-dom/cjs/react-dom-client.development.js:23610:20)\n    at renderWithHooks (webpack-internal:///(app-pages-browser)/./node_modules/next/dist/compiled/react-dom/cjs/react-dom-client.development.js:4646:22)\n    at updateForwardRef (webpack-internal:///(app-pages-browser)/./node_modules/next/dist/compiled/react-dom/cjs/react-dom-client.development.js:7776:19)\n    at beginWork (webpack-internal:///(app-pages-browser)/./node_modules/next/dist/compiled/react-dom/cjs/react-dom-client.development.js:10020:18)\n    at runWithFiberInDEV (webpack-internal:///(app-pages-browser)/./node_modules/next/dist/compiled/react-dom/cjs/react-dom-client.development.js:544:16)\n    at performUnitOfWork (webpack-internal:///(app-pages-browser)/./node_modules/next/dist/compiled/react-dom/cjs/react-dom-client.development.js:15064:22)\n    at workLoopSync (webpack-internal:///(app-pages-browser)/./node_modules/next/dist/compiled/react-dom/cjs/react-dom-client.development.js:14888:41)\n    at renderRootSync (webpack-internal:///(app-pages-browser)/./node_modules/next/dist/compiled/react-dom/cjs/react-dom-client.development.js:14868:11)\n    at performWorkOnRoot (webpack-internal:///(app-pages-browser)/./node_modules/next/dist/compiled/react-dom/cjs/react-dom-client.development.js:14394:44)\n    at performSyncWorkOnRoot (webpack-internal:///(app-pages-browser)/./node_modules/next/dist/compiled/react-dom/cjs/react-dom-client.development.js:15970:7)\n    at flushSyncWorkAcrossRoots_impl (webpack-internal:///(app-pages-browser)/./node_modules/next/dist/compiled/react-dom/cjs/react-dom-client.development.js:15830:21)\n    at processRootScheduleInMicrotask (webpack-internal:///(app-pages-browser)/./node_modules/next/dist/compiled/react-dom/cjs/react-dom-client.development.js:15864:7)\n    at eval (webpack-internal:///(app-pages-browser)/./node_modules/next/dist/compiled/react-dom/cjs/react-dom-client.development.js:15986:13)",
  "location": "global-error-boundary",
  "errorType": "unhandled-error"
}
[2025-03-14T17:16:31.314Z] FRONTEND:CLIENT - ERROR: Client Error: alpha is not defined
  Details: {
  "stack": "ReferenceError: alpha is not defined\n    at borderBottom (webpack-internal:///(app-pages-browser)/./src/pages-sections/sales/sales-navbar.tsx:63:49)\n    at callIfFn (webpack-internal:///(app-pages-browser)/./node_modules/@mui/system/esm/styleFunctionSx/styleFunctionSx.js:24:42)\n    at eval (webpack-internal:///(app-pages-browser)/./node_modules/@mui/system/esm/styleFunctionSx/styleFunctionSx.js:105:23)\n    at Array.forEach (<anonymous>)\n    at traverse (webpack-internal:///(app-pages-browser)/./node_modules/@mui/system/esm/styleFunctionSx/styleFunctionSx.js:104:29)\n    at styleFunctionSx (webpack-internal:///(app-pages-browser)/./node_modules/@mui/system/esm/styleFunctionSx/styleFunctionSx.js:132:51)\n    at handleInterpolation (webpack-internal:///(app-pages-browser)/./node_modules/@emotion/serialize/dist/emotion-serialize.development.esm.js:149:24)\n    at serializeStyles (webpack-internal:///(app-pages-browser)/./node_modules/@emotion/serialize/dist/emotion-serialize.development.esm.js:261:15)\n    at eval (webpack-internal:///(app-pages-browser)/./node_modules/@emotion/styled/base/dist/emotion-styled-base.browser.development.esm.js:140:91)\n    at Styled(div) (webpack-internal:///(app-pages-browser)/./node_modules/@emotion/react/dist/emotion-element-489459f2.browser.development.esm.js:56:12)\n    at react-stack-bottom-frame (webpack-internal:///(app-pages-browser)/./node_modules/next/dist/compiled/react-dom/cjs/react-dom-client.development.js:23610:20)\n    at renderWithHooks (webpack-internal:///(app-pages-browser)/./node_modules/next/dist/compiled/react-dom/cjs/react-dom-client.development.js:4646:22)\n    at updateForwardRef (webpack-internal:///(app-pages-browser)/./node_modules/next/dist/compiled/react-dom/cjs/react-dom-client.development.js:7776:19)\n    at beginWork (webpack-internal:///(app-pages-browser)/./node_modules/next/dist/compiled/react-dom/cjs/react-dom-client.development.js:10020:18)\n    at runWithFiberInDEV (webpack-internal:///(app-pages-browser)/./node_modules/next/dist/compiled/react-dom/cjs/react-dom-client.development.js:544:16)\n    at performUnitOfWork (webpack-internal:///(app-pages-browser)/./node_modules/next/dist/compiled/react-dom/cjs/react-dom-client.development.js:15064:22)\n    at workLoopSync (webpack-internal:///(app-pages-browser)/./node_modules/next/dist/compiled/react-dom/cjs/react-dom-client.development.js:14888:41)\n    at renderRootSync (webpack-internal:///(app-pages-browser)/./node_modules/next/dist/compiled/react-dom/cjs/react-dom-client.development.js:14868:11)\n    at performWorkOnRoot (webpack-internal:///(app-pages-browser)/./node_modules/next/dist/compiled/react-dom/cjs/react-dom-client.development.js:14394:44)\n    at performSyncWorkOnRoot (webpack-internal:///(app-pages-browser)/./node_modules/next/dist/compiled/react-dom/cjs/react-dom-client.development.js:15970:7)\n    at flushSyncWorkAcrossRoots_impl (webpack-internal:///(app-pages-browser)/./node_modules/next/dist/compiled/react-dom/cjs/react-dom-client.development.js:15830:21)\n    at processRootScheduleInMicrotask (webpack-internal:///(app-pages-browser)/./node_modules/next/dist/compiled/react-dom/cjs/react-dom-client.development.js:15864:7)\n    at eval (webpack-internal:///(app-pages-browser)/./node_modules/next/dist/compiled/react-dom/cjs/react-dom-client.development.js:15986:13)",
  "location": "global-error-boundary",
  "errorType": "unhandled-error"
}
[2025-03-14T17:19:33.328Z] FRONTEND:AUTH - DEBUG: Auth Flow - HeaderConnect Render
  Details: {
  "timestamp": "2025-03-14T17:19:33.328Z",
  "is_connected": false,
  "is_authenticated": false,
  "is_authenticating": false
}
[2025-03-14T17:19:33.330Z] FRONTEND:AUTH - DEBUG: Auth Flow - HeaderConnect Render
  Details: {
  "timestamp": "2025-03-14T17:19:33.330Z",
  "is_connected": false,
  "is_authenticated": false,
  "is_authenticating": false
}
[2025-03-14T17:19:33.519Z] FRONTEND:AUTH - DEBUG: Auth Flow - Auth state updated
  Details: {
  "timestamp": "2025-03-14T17:19:33.518Z",
  "is_connected": false,
  "is_authenticated": false,
  "is_authenticating": false,
  "initial_check_done": false,
  "needs_reauthentication": false,
  "last_authenticated_address": null
}
[2025-03-14T17:19:33.170Z] FRONTEND:AUTH - DEBUG: Auth Flow - Initial Auth State Check
  Details: {
  "timestamp": "2025-03-14T17:19:33.170Z",
  "has_token": false,
  "has_user": false
}
[2025-03-14T17:19:33.532Z] FRONTEND:AUTH - DEBUG: Auth Flow - HeaderConnect Render
  Details: {
  "timestamp": "2025-03-14T17:19:33.532Z",
  "is_connected": false,
  "is_authenticated": false,
  "is_authenticating": false
}
[2025-03-14T17:19:33.533Z] FRONTEND:AUTH - DEBUG: Auth Flow - HeaderConnect Render
  Details: {
  "timestamp": "2025-03-14T17:19:33.533Z",
  "is_connected": false,
  "is_authenticated": false,
  "is_authenticating": false
}
[2025-03-14T17:19:33.586Z] FRONTEND:AUTH - DEBUG: Auth Flow - HeaderConnect Render
  Details: {
  "timestamp": "2025-03-14T17:19:33.586Z",
  "is_connected": false,
  "is_authenticated": false,
  "is_authenticating": false
}
[2025-03-14T17:19:33.588Z] FRONTEND:AUTH - DEBUG: Auth Flow - HeaderConnect Render
  Details: {
  "timestamp": "2025-03-14T17:19:33.588Z",
  "is_connected": false,
  "is_authenticated": false,
  "is_authenticating": false
}
[2025-03-14T17:19:33.616Z] FRONTEND:AUTH - DEBUG: Auth Flow - Auth state updated
  Details: {
  "timestamp": "2025-03-14T17:19:33.616Z",
  "is_connected": false,
  "is_authenticated": false,
  "is_authenticating": false,
  "initial_check_done": false,
  "needs_reauthentication": false,
  "last_authenticated_address": null
}
[2025-03-14T17:19:33.662Z] FRONTEND:AUTH - DEBUG: Auth Flow - Auth state updated
  Details: {
  "timestamp": "2025-03-14T17:19:33.662Z",
  "is_connected": false,
  "is_authenticated": false,
  "is_authenticating": false,
  "initial_check_done": false,
  "needs_reauthentication": false,
  "last_authenticated_address": null
}
[2025-03-14T17:20:11.750Z] FRONTEND:AUTH - DEBUG: Auth Flow - Initial Auth State Check
  Details: {
  "timestamp": "2025-03-14T17:20:11.749Z",
  "has_token": false,
  "has_user": false
}
[2025-03-14T17:20:11.904Z] FRONTEND:AUTH - DEBUG: Auth Flow - HeaderConnect Render
  Details: {
  "timestamp": "2025-03-14T17:20:11.904Z",
  "is_connected": false,
  "is_authenticated": false,
  "is_authenticating": false
}
[2025-03-14T17:20:11.904Z] FRONTEND:AUTH - DEBUG: Auth Flow - HeaderConnect Render
  Details: {
  "timestamp": "2025-03-14T17:20:11.904Z",
  "is_connected": false,
  "is_authenticated": false,
  "is_authenticating": false
}
[2025-03-14T17:20:12.077Z] FRONTEND:AUTH - DEBUG: Auth Flow - Auth state updated
  Details: {
  "timestamp": "2025-03-14T17:20:12.077Z",
  "is_connected": false,
  "is_authenticated": false,
  "is_authenticating": false,
  "initial_check_done": false,
  "needs_reauthentication": false,
  "last_authenticated_address": null
}
[2025-03-14T17:20:12.087Z] FRONTEND:AUTH - DEBUG: Auth Flow - HeaderConnect Render
  Details: {
  "timestamp": "2025-03-14T17:20:12.087Z",
  "is_connected": false,
  "is_authenticated": false,
  "is_authenticating": false
}
[2025-03-14T17:20:12.088Z] FRONTEND:AUTH - DEBUG: Auth Flow - HeaderConnect Render
  Details: {
  "timestamp": "2025-03-14T17:20:12.088Z",
  "is_connected": false,
  "is_authenticated": false,
  "is_authenticating": false
}
[2025-03-14T17:20:12.149Z] FRONTEND:AUTH - DEBUG: Auth Flow - HeaderConnect Render
  Details: {
  "timestamp": "2025-03-14T17:20:12.149Z",
  "is_connected": false,
  "is_authenticated": false,
  "is_authenticating": false
}
[2025-03-14T17:20:12.150Z] FRONTEND:AUTH - DEBUG: Auth Flow - HeaderConnect Render
  Details: {
  "timestamp": "2025-03-14T17:20:12.150Z",
  "is_connected": false,
  "is_authenticated": false,
  "is_authenticating": false
}
[2025-03-14T17:20:12.182Z] FRONTEND:AUTH - DEBUG: Auth Flow - Auth state updated
  Details: {
  "timestamp": "2025-03-14T17:20:12.182Z",
  "is_connected": false,
  "is_authenticated": false,
  "is_authenticating": false,
  "initial_check_done": false,
  "needs_reauthentication": false,
  "last_authenticated_address": null
}
[2025-03-14T17:20:12.225Z] FRONTEND:AUTH - DEBUG: Auth Flow - Auth state updated
  Details: {
  "timestamp": "2025-03-14T17:20:12.225Z",
  "is_connected": false,
  "is_authenticated": false,
  "is_authenticating": false,
  "initial_check_done": false,
  "needs_reauthentication": false,
  "last_authenticated_address": null
}
[2025-03-14T17:20:29.722Z] FRONTEND:AUTH - DEBUG: Auth Flow - Initial Auth State Check
  Details: {
  "timestamp": "2025-03-14T17:20:29.722Z",
  "has_token": false,
  "has_user": false
}
[2025-03-14T17:20:29.818Z] FRONTEND:AUTH - DEBUG: Auth Flow - HeaderConnect Render
  Details: {
  "timestamp": "2025-03-14T17:20:29.818Z",
  "is_connected": false,
  "is_authenticated": false,
  "is_authenticating": false
}
[2025-03-14T17:20:29.819Z] FRONTEND:AUTH - DEBUG: Auth Flow - HeaderConnect Render
  Details: {
  "timestamp": "2025-03-14T17:20:29.819Z",
  "is_connected": false,
  "is_authenticated": false,
  "is_authenticating": false
}
[2025-03-14T17:20:29.965Z] FRONTEND:AUTH - DEBUG: Auth Flow - Auth state updated
  Details: {
  "timestamp": "2025-03-14T17:20:29.965Z",
  "is_connected": false,
  "is_authenticated": false,
  "is_authenticating": false,
  "initial_check_done": false,
  "needs_reauthentication": false,
  "last_authenticated_address": null
}
[2025-03-14T17:20:29.976Z] FRONTEND:AUTH - DEBUG: Auth Flow - HeaderConnect Render
  Details: {
  "timestamp": "2025-03-14T17:20:29.976Z",
  "is_connected": false,
  "is_authenticated": false,
  "is_authenticating": false
}
[2025-03-14T17:20:29.977Z] FRONTEND:AUTH - DEBUG: Auth Flow - HeaderConnect Render
  Details: {
  "timestamp": "2025-03-14T17:20:29.977Z",
  "is_connected": false,
  "is_authenticated": false,
  "is_authenticating": false
}
[2025-03-14T17:20:30.051Z] FRONTEND:AUTH - DEBUG: Auth Flow - HeaderConnect Render
  Details: {
  "timestamp": "2025-03-14T17:20:30.051Z",
  "is_connected": false,
  "is_authenticated": false,
  "is_authenticating": false
}
[2025-03-14T17:20:30.053Z] FRONTEND:AUTH - DEBUG: Auth Flow - HeaderConnect Render
  Details: {
  "timestamp": "2025-03-14T17:20:30.053Z",
  "is_connected": false,
  "is_authenticated": false,
  "is_authenticating": false
}
[2025-03-14T17:20:30.120Z] FRONTEND:AUTH - DEBUG: Auth Flow - Auth state updated
  Details: {
  "timestamp": "2025-03-14T17:20:30.120Z",
  "is_connected": false,
  "is_authenticated": false,
  "is_authenticating": false,
  "initial_check_done": false,
  "needs_reauthentication": false,
  "last_authenticated_address": null
}
[2025-03-14T17:20:30.175Z] FRONTEND:AUTH - DEBUG: Auth Flow - Auth state updated
  Details: {
  "timestamp": "2025-03-14T17:20:30.175Z",
  "is_connected": false,
  "is_authenticated": false,
  "is_authenticating": false,
  "initial_check_done": false,
  "needs_reauthentication": false,
  "last_authenticated_address": null
}
[2025-03-14T17:21:10.976Z] FRONTEND:AUTH - DEBUG: Auth Flow - Initial Auth State Check
  Details: {
  "timestamp": "2025-03-14T17:21:10.976Z",
  "has_token": false,
  "has_user": false
}
[2025-03-14T17:21:11.042Z] FRONTEND:AUTH - DEBUG: Auth Flow - HeaderConnect Render
  Details: {
  "timestamp": "2025-03-14T17:21:11.042Z",
  "is_connected": false,
  "is_authenticated": false,
  "is_authenticating": false
}
[2025-03-14T17:21:11.042Z] FRONTEND:AUTH - DEBUG: Auth Flow - HeaderConnect Render
  Details: {
  "timestamp": "2025-03-14T17:21:11.042Z",
  "is_connected": false,
  "is_authenticated": false,
  "is_authenticating": false
}
[2025-03-14T17:21:11.133Z] FRONTEND:AUTH - DEBUG: Auth Flow - Auth state updated
  Details: {
  "timestamp": "2025-03-14T17:21:11.133Z",
  "is_connected": false,
  "is_authenticated": false,
  "is_authenticating": false,
  "initial_check_done": false,
  "needs_reauthentication": false,
  "last_authenticated_address": null
}
[2025-03-14T17:21:11.138Z] FRONTEND:AUTH - DEBUG: Auth Flow - HeaderConnect Render
  Details: {
  "timestamp": "2025-03-14T17:21:11.138Z",
  "is_connected": false,
  "is_authenticated": false,
  "is_authenticating": false
}
[2025-03-14T17:21:11.139Z] FRONTEND:AUTH - DEBUG: Auth Flow - HeaderConnect Render
  Details: {
  "timestamp": "2025-03-14T17:21:11.139Z",
  "is_connected": false,
  "is_authenticated": false,
  "is_authenticating": false
}
[2025-03-14T17:21:11.168Z] FRONTEND:AUTH - DEBUG: Auth Flow - HeaderConnect Render
  Details: {
  "timestamp": "2025-03-14T17:21:11.168Z",
  "is_connected": false,
  "is_authenticated": false,
  "is_authenticating": false
}
[2025-03-14T17:21:11.168Z] FRONTEND:AUTH - DEBUG: Auth Flow - HeaderConnect Render
  Details: {
  "timestamp": "2025-03-14T17:21:11.168Z",
  "is_connected": false,
  "is_authenticated": false,
  "is_authenticating": false
}
[2025-03-14T17:21:11.185Z] FRONTEND:AUTH - DEBUG: Auth Flow - Auth state updated
  Details: {
  "timestamp": "2025-03-14T17:21:11.185Z",
  "is_connected": false,
  "is_authenticated": false,
  "is_authenticating": false,
  "initial_check_done": false,
  "needs_reauthentication": false,
  "last_authenticated_address": null
}
[2025-03-14T17:21:11.217Z] FRONTEND:AUTH - DEBUG: Auth Flow - Auth state updated
  Details: {
  "timestamp": "2025-03-14T17:21:11.217Z",
  "is_connected": false,
  "is_authenticated": false,
  "is_authenticating": false,
  "initial_check_done": false,
  "needs_reauthentication": false,
  "last_authenticated_address": null
}
[2025-03-14T17:23:34.957Z] FRONTEND:AUTH - DEBUG: Auth Flow - Authentication needed - not authenticated
  Details: {
  "timestamp": "2025-03-14T17:23:34.957Z",
  "address": "0x0300B70e40F138927e3a988ce4A9a069Ff875336",
  "is_connected": true
}
[2025-03-14T17:23:34.957Z] FRONTEND:AUTH - DEBUG: Auth Flow - Authentication needed - not authenticated
  Details: {
  "timestamp": "2025-03-14T17:23:34.957Z",
  "address": "0x0300B70e40F138927e3a988ce4A9a069Ff875336",
  "is_connected": true
}
[2025-03-14T17:23:34.958Z] FRONTEND:AUTH - DEBUG: Auth Flow - HeaderConnect Render
  Details: {
  "timestamp": "2025-03-14T17:23:34.958Z",
  "wallet_address": "0x0300B70e40F138927e3a988ce4A9a069Ff875336",
  "is_connected": true,
  "is_authenticated": false,
  "is_authenticating": false
}
[2025-03-14T17:23:34.958Z] FRONTEND:AUTH - DEBUG: Auth Flow - HeaderConnect Render
  Details: {
  "timestamp": "2025-03-14T17:23:34.958Z",
  "wallet_address": "0x0300B70e40F138927e3a988ce4A9a069Ff875336",
  "is_connected": true,
  "is_authenticated": false,
  "is_authenticating": false
}
[2025-03-14T17:23:34.974Z] FRONTEND:AUTH - DEBUG: Auth Flow - Auth Check
  Details: {
  "timestamp": "2025-03-14T17:23:34.974Z",
  "has_token": false,
  "has_user": false
}
[2025-03-14T17:23:34.976Z] FRONTEND:AUTH - DEBUG: Auth Flow - Starting authentication
  Details: {
  "timestamp": "2025-03-14T17:23:34.976Z",
  "wallet_address": "0x0300B70e40F138927e3a988ce4A9a069Ff875336",
  "is_connected": true,
  "initial_check_done": true
}
[2025-03-14T17:23:34.977Z] FRONTEND:AUTH - DEBUG: Auth Flow - Request Signature
  Details: {
  "timestamp": "2025-03-14T17:23:34.977Z",
  "walletAddress": "0x0300B70e40F138927e3a988ce4A9a069Ff875336"
}
[2025-03-14T17:23:34.980Z] FRONTEND:AUTH - DEBUG: Auth Flow - Auth state updated
  Details: {
  "timestamp": "2025-03-14T17:23:34.980Z",
  "is_connected": true,
  "is_authenticated": false,
  "wallet_address": "0x0300B70e40F138927e3a988ce4A9a069Ff875336",
  "is_authenticating": false,
  "initial_check_done": true,
  "needs_reauthentication": true,
  "last_authenticated_address": null
}
[2025-03-14T17:23:34.996Z] FRONTEND:AUTH - DEBUG: Auth Flow - Auth state restoration failed - triggering authentication
  Details: {
  "timestamp": "2025-03-14T17:23:34.996Z",
  "address": "0x0300B70e40F138927e3a988ce4A9a069Ff875336",
  "is_connected": true
}
[2025-03-14T17:23:34.996Z] FRONTEND:AUTH - DEBUG: Auth Flow - Token Retrieval
  Details: {
  "timestamp": "2025-03-14T17:23:34.996Z",
  "exists": false
}
[2025-03-14T17:23:35.021Z] FRONTEND:AUTH - DEBUG: Auth Flow - HeaderConnect Render
  Details: {
  "timestamp": "2025-03-14T17:23:35.021Z",
  "wallet_address": "0x0300B70e40F138927e3a988ce4A9a069Ff875336",
  "is_connected": true,
  "is_authenticated": false,
  "is_authenticating": true
}
[2025-03-14T17:23:35.021Z] FRONTEND:AUTH - DEBUG: Auth Flow - HeaderConnect Render
  Details: {
  "timestamp": "2025-03-14T17:23:35.021Z",
  "wallet_address": "0x0300B70e40F138927e3a988ce4A9a069Ff875336",
  "is_connected": true,
  "is_authenticated": false,
  "is_authenticating": true
}
[2025-03-14T17:23:35.023Z] FRONTEND:AUTH - DEBUG: Auth Flow - Auth state updated
  Details: {
  "timestamp": "2025-03-14T17:23:35.023Z",
  "is_connected": true,
  "is_authenticated": false,
  "wallet_address": "0x0300B70e40F138927e3a988ce4A9a069Ff875336",
  "is_authenticating": true,
  "initial_check_done": true,
  "needs_reauthentication": true,
  "last_authenticated_address": null
}
[2025-03-14T17:23:35.036Z] FRONTEND:AUTH - DEBUG: Auth Flow - Signature Requested
  Details: {
  "timestamp": "2025-03-14T17:23:35.036Z",
  "nonce": "fa2ca164424b4dc4ea5dcbda79f29b5e5d507beeec68bb5dfc08370118c33462"
}
[2025-03-14T17:23:35.038Z] FRONTEND:AUTH - DEBUG: Auth Flow - HeaderConnect Render
  Details: {
  "timestamp": "2025-03-14T17:23:35.038Z",
  "wallet_address": "0x0300B70e40F138927e3a988ce4A9a069Ff875336",
  "is_connected": true,
  "is_authenticated": false,
  "is_authenticating": true
}
[2025-03-14T17:23:35.038Z] FRONTEND:AUTH - DEBUG: Auth Flow - HeaderConnect Render
  Details: {
  "timestamp": "2025-03-14T17:23:35.038Z",
  "wallet_address": "0x0300B70e40F138927e3a988ce4A9a069Ff875336",
  "is_connected": true,
  "is_authenticated": false,
  "is_authenticating": true
}
[2025-03-14T17:23:38.710Z] FRONTEND:AUTH - DEBUG: Auth Flow - Verify Signature
  Details: {
  "timestamp": "2025-03-14T17:23:38.710Z",
  "walletAddress": "0x0300B70e40F138927e3a988ce4A9a069Ff875336",
  "nonce": "fa2ca164424b4dc4ea5dcbda79f29b5e5d507beeec68bb5dfc08370118c33462"
}
[2025-03-14T17:23:38.711Z] FRONTEND:AUTH - DEBUG: Auth Flow - Token Retrieval
  Details: {
  "timestamp": "2025-03-14T17:23:38.711Z",
  "exists": false
}
[2025-03-14T17:23:38.712Z] FRONTEND:AUTH - DEBUG: Auth Flow - HeaderConnect Render
  Details: {
  "timestamp": "2025-03-14T17:23:38.712Z",
  "wallet_address": "0x0300B70e40F138927e3a988ce4A9a069Ff875336",
  "is_connected": true,
  "is_authenticated": false,
  "is_authenticating": true
}
[2025-03-14T17:23:38.713Z] FRONTEND:AUTH - DEBUG: Auth Flow - HeaderConnect Render
  Details: {
  "timestamp": "2025-03-14T17:23:38.713Z",
  "wallet_address": "0x0300B70e40F138927e3a988ce4A9a069Ff875336",
  "is_connected": true,
  "is_authenticated": false,
  "is_authenticating": true
}
[2025-03-14T17:23:38.839Z] FRONTEND:AUTH - INFO: Token Operation - store
  Details: {
  "timestamp": "2025-03-14T17:23:38.839Z",
  "success": true
}
[2025-03-14T17:23:38.840Z] FRONTEND:AUTH - DEBUG: Auth Flow - Signature Verified
  Details: {
  "timestamp": "2025-03-14T17:23:38.840Z",
  "success": true
}
[2025-03-14T17:23:38.841Z] FRONTEND:AUTH - DEBUG: Auth Flow - Login
  Details: {
  "timestamp": "2025-03-14T17:23:38.841Z",
  "wallet_address": "0x0300B70e40F138927e3a988ce4A9a069Ff875336",
  "token_length": 188
}
[2025-03-14T17:23:38.842Z] FRONTEND:AUTH - DEBUG: Auth Flow - Authentication successful
  Details: {
  "timestamp": "2025-03-14T17:23:38.842Z",
  "wallet_address": "0x0300B70e40F138927e3a988ce4A9a069Ff875336"
}
[2025-03-14T17:23:38.843Z] FRONTEND:AUTH - DEBUG: Auth Flow - HeaderConnect Render
  Details: {
  "timestamp": "2025-03-14T17:23:38.843Z",
  "wallet_address": "0x0300B70e40F138927e3a988ce4A9a069Ff875336",
  "is_connected": true,
  "is_authenticated": true,
  "is_authenticating": false
}
[2025-03-14T17:23:38.844Z] FRONTEND:AUTH - DEBUG: Auth Flow - HeaderConnect Render
  Details: {
  "timestamp": "2025-03-14T17:23:38.844Z",
  "wallet_address": "0x0300B70e40F138927e3a988ce4A9a069Ff875336",
  "is_connected": true,
  "is_authenticated": true,
  "is_authenticating": false
}
[2025-03-14T17:23:38.846Z] FRONTEND:AUTH - DEBUG: Auth Flow - Auth state updated
  Details: {
  "timestamp": "2025-03-14T17:23:38.846Z",
  "is_connected": true,
  "is_authenticated": true,
  "wallet_address": "0x0300B70e40F138927e3a988ce4A9a069Ff875336",
  "auth_wallet_address": "0x0300B70e40F138927e3a988ce4A9a069Ff875336",
  "is_authenticating": false,
  "initial_check_done": true,
  "needs_reauthentication": false,
  "last_authenticated_address": "0x0300B70e40F138927e3a988ce4A9a069Ff875336"
}
[2025-03-14T17:30:32.844Z] FRONTEND:AUTH - DEBUG: Auth Flow - HeaderConnect Render
  Details: {
  "timestamp": "2025-03-14T17:30:32.844Z",
  "is_connected": false,
  "is_authenticated": true,
  "is_authenticating": false
}
[2025-03-14T17:30:32.844Z] FRONTEND:AUTH - DEBUG: Auth Flow - HeaderConnect Render
  Details: {
  "timestamp": "2025-03-14T17:30:32.844Z",
  "is_connected": false,
  "is_authenticated": true,
  "is_authenticating": false
}
[2025-03-14T17:30:32.889Z] FRONTEND:AUTH - DEBUG: Auth Flow - Auth state updated
  Details: {
  "timestamp": "2025-03-14T17:30:32.889Z",
  "is_connected": false,
  "is_authenticated": true,
  "auth_wallet_address": "0x0300B70e40F138927e3a988ce4A9a069Ff875336",
  "is_authenticating": false,
  "initial_check_done": false,
  "needs_reauthentication": false,
  "last_authenticated_address": null
}
[2025-03-14T17:30:32.890Z] FRONTEND:AUTH - DEBUG: Auth Flow - HeaderConnect - Wallet Disconnected while Authenticated
  Details: {
  "timestamp": "2025-03-14T17:30:32.890Z"
}
[2025-03-14T17:30:32.890Z] FRONTEND:AUTH - DEBUG: Auth Flow - Logout
  Details: {
  "timestamp": "2025-03-14T17:30:32.890Z",
  "wallet_address": "0x0300B70e40F138927e3a988ce4A9a069Ff875336"
}
[2025-03-14T17:30:32.659Z] FRONTEND:AUTH - DEBUG: Auth Flow - Initial Auth State Check
  Details: {
  "timestamp": "2025-03-14T17:30:32.659Z",
  "has_token": true,
  "has_user": true
}
[2025-03-14T17:30:32.899Z] FRONTEND:AUTH - DEBUG: Auth Flow - HeaderConnect Render
  Details: {
  "timestamp": "2025-03-14T17:30:32.899Z",
  "is_connected": false,
  "is_authenticated": false,
  "is_authenticating": false
}
[2025-03-14T17:30:32.900Z] FRONTEND:AUTH - DEBUG: Auth Flow - HeaderConnect Render
  Details: {
  "timestamp": "2025-03-14T17:30:32.900Z",
  "is_connected": false,
  "is_authenticated": false,
  "is_authenticating": false
}
[2025-03-14T17:30:32.905Z] FRONTEND:AUTH - DEBUG: Auth Flow - Auth state updated
  Details: {
  "timestamp": "2025-03-14T17:30:32.905Z",
  "is_connected": false,
  "is_authenticated": false,
  "is_authenticating": false,
  "initial_check_done": false,
  "needs_reauthentication": false,
  "last_authenticated_address": null
}
[2025-03-14T17:30:32.931Z] FRONTEND:AUTH - DEBUG: Auth Flow - HeaderConnect Render
  Details: {
  "timestamp": "2025-03-14T17:30:32.931Z",
  "is_connected": false,
  "is_authenticated": false,
  "is_authenticating": false
}
[2025-03-14T17:30:32.932Z] FRONTEND:AUTH - DEBUG: Auth Flow - HeaderConnect Render
  Details: {
  "timestamp": "2025-03-14T17:30:32.932Z",
  "is_connected": false,
  "is_authenticated": false,
  "is_authenticating": false
}
[2025-03-14T17:30:32.961Z] FRONTEND:AUTH - DEBUG: Auth Flow - Auth state updated
  Details: {
  "timestamp": "2025-03-14T17:30:32.961Z",
  "is_connected": false,
  "is_authenticated": false,
  "is_authenticating": false,
  "initial_check_done": false,
  "needs_reauthentication": false,
  "last_authenticated_address": null
}
[2025-03-14T17:30:32.959Z] FRONTEND:AUTH - DEBUG: Auth Flow - Auth state updated
  Details: {
  "timestamp": "2025-03-14T17:30:32.959Z",
  "is_connected": false,
  "is_authenticated": false,
  "is_authenticating": false,
  "initial_check_done": false,
  "needs_reauthentication": false,
  "last_authenticated_address": null
}
[2025-03-14T17:30:32.977Z] FRONTEND:AUTH - DEBUG: Auth Flow - HeaderConnect Render
  Details: {
  "timestamp": "2025-03-14T17:30:32.977Z",
  "wallet_address": "0x0300B70e40F138927e3a988ce4A9a069Ff875336",
  "is_connected": false,
  "is_authenticated": false,
  "is_authenticating": false
}
[2025-03-14T17:30:32.977Z] FRONTEND:AUTH - DEBUG: Auth Flow - HeaderConnect Render
  Details: {
  "timestamp": "2025-03-14T17:30:32.977Z",
  "wallet_address": "0x0300B70e40F138927e3a988ce4A9a069Ff875336",
  "is_connected": false,
  "is_authenticated": false,
  "is_authenticating": false
}
[2025-03-14T17:30:32.981Z] FRONTEND:AUTH - DEBUG: Auth Flow - Auth state updated
  Details: {
  "timestamp": "2025-03-14T17:30:32.981Z",
  "is_connected": false,
  "is_authenticated": false,
  "wallet_address": "0x0300B70e40F138927e3a988ce4A9a069Ff875336",
  "is_authenticating": false,
  "initial_check_done": false,
  "needs_reauthentication": false,
  "last_authenticated_address": null
}
[2025-03-14T17:30:34.930Z] FRONTEND:AUTH - DEBUG: Auth Flow - Authentication needed - not authenticated
  Details: {
  "timestamp": "2025-03-14T17:30:34.930Z",
  "address": "0x0300B70e40F138927e3a988ce4A9a069Ff875336",
  "is_connected": true
}
[2025-03-14T17:30:34.931Z] FRONTEND:AUTH - DEBUG: Auth Flow - Authentication needed - not authenticated
  Details: {
  "timestamp": "2025-03-14T17:30:34.931Z",
  "address": "0x0300B70e40F138927e3a988ce4A9a069Ff875336",
  "is_connected": true
}
[2025-03-14T17:30:34.931Z] FRONTEND:AUTH - DEBUG: Auth Flow - HeaderConnect Render
  Details: {
  "timestamp": "2025-03-14T17:30:34.931Z",
  "wallet_address": "0x0300B70e40F138927e3a988ce4A9a069Ff875336",
  "is_connected": true,
  "is_authenticated": false,
  "is_authenticating": false
}
[2025-03-14T17:30:34.933Z] FRONTEND:AUTH - DEBUG: Auth Flow - HeaderConnect Render
  Details: {
  "timestamp": "2025-03-14T17:30:34.933Z",
  "wallet_address": "0x0300B70e40F138927e3a988ce4A9a069Ff875336",
  "is_connected": true,
  "is_authenticated": false,
  "is_authenticating": false
}
[2025-03-14T17:30:34.949Z] FRONTEND:AUTH - DEBUG: Auth Flow - Auth Check
  Details: {
  "timestamp": "2025-03-14T17:30:34.949Z",
  "has_token": false,
  "has_user": false
}
[2025-03-14T17:30:34.950Z] FRONTEND:AUTH - DEBUG: Auth Flow - Starting authentication
  Details: {
  "timestamp": "2025-03-14T17:30:34.950Z",
  "wallet_address": "0x0300B70e40F138927e3a988ce4A9a069Ff875336",
  "is_connected": true,
  "initial_check_done": true
}
[2025-03-14T17:30:34.951Z] FRONTEND:AUTH - DEBUG: Auth Flow - Request Signature
  Details: {
  "timestamp": "2025-03-14T17:30:34.951Z",
  "walletAddress": "0x0300B70e40F138927e3a988ce4A9a069Ff875336"
}
[2025-03-14T17:30:34.954Z] FRONTEND:AUTH - DEBUG: Auth Flow - Auth state updated
  Details: {
  "timestamp": "2025-03-14T17:30:34.953Z",
  "is_connected": true,
  "is_authenticated": false,
  "wallet_address": "0x0300B70e40F138927e3a988ce4A9a069Ff875336",
  "is_authenticating": false,
  "initial_check_done": true,
  "needs_reauthentication": true,
  "last_authenticated_address": null
}
[2025-03-14T17:30:34.958Z] FRONTEND:AUTH - DEBUG: Auth Flow - Auth state restoration failed - triggering authentication
  Details: {
  "timestamp": "2025-03-14T17:30:34.958Z",
  "address": "0x0300B70e40F138927e3a988ce4A9a069Ff875336",
  "is_connected": true
}
[2025-03-14T17:30:34.959Z] FRONTEND:AUTH - DEBUG: Auth Flow - Token Retrieval
  Details: {
  "timestamp": "2025-03-14T17:30:34.959Z",
  "exists": false
}
[2025-03-14T17:30:34.972Z] FRONTEND:AUTH - DEBUG: Auth Flow - HeaderConnect Render
  Details: {
  "timestamp": "2025-03-14T17:30:34.972Z",
  "wallet_address": "0x0300B70e40F138927e3a988ce4A9a069Ff875336",
  "is_connected": true,
  "is_authenticated": false,
  "is_authenticating": true
}
[2025-03-14T17:30:34.973Z] FRONTEND:AUTH - DEBUG: Auth Flow - HeaderConnect Render
  Details: {
  "timestamp": "2025-03-14T17:30:34.973Z",
  "wallet_address": "0x0300B70e40F138927e3a988ce4A9a069Ff875336",
  "is_connected": true,
  "is_authenticated": false,
  "is_authenticating": true
}
[2025-03-14T17:30:34.981Z] FRONTEND:AUTH - DEBUG: Auth Flow - Auth state updated
  Details: {
  "timestamp": "2025-03-14T17:30:34.981Z",
  "is_connected": true,
  "is_authenticated": false,
  "wallet_address": "0x0300B70e40F138927e3a988ce4A9a069Ff875336",
  "is_authenticating": true,
  "initial_check_done": true,
  "needs_reauthentication": true,
  "last_authenticated_address": null
}
[2025-03-14T17:30:34.988Z] FRONTEND:AUTH - DEBUG: Auth Flow - HeaderConnect Render
  Details: {
  "timestamp": "2025-03-14T17:30:34.988Z",
  "wallet_address": "0x0300B70e40F138927e3a988ce4A9a069Ff875336",
  "is_connected": true,
  "is_authenticated": false,
  "is_authenticating": true
}
[2025-03-14T17:30:34.984Z] FRONTEND:AUTH - DEBUG: Auth Flow - Signature Requested
  Details: {
  "timestamp": "2025-03-14T17:30:34.984Z",
  "nonce": "f0956c8878613a1f977e14378bf44cc48e8195e2a1f67f15b19d1c8130a545c5"
}
[2025-03-14T17:30:34.989Z] FRONTEND:AUTH - DEBUG: Auth Flow - HeaderConnect Render
  Details: {
  "timestamp": "2025-03-14T17:30:34.989Z",
  "wallet_address": "0x0300B70e40F138927e3a988ce4A9a069Ff875336",
  "is_connected": true,
  "is_authenticated": false,
  "is_authenticating": true
}
[2025-03-14T17:30:37.060Z] FRONTEND:AUTH - DEBUG: Auth Flow - Verify Signature
  Details: {
  "timestamp": "2025-03-14T17:30:37.060Z",
  "walletAddress": "0x0300B70e40F138927e3a988ce4A9a069Ff875336",
  "nonce": "f0956c8878613a1f977e14378bf44cc48e8195e2a1f67f15b19d1c8130a545c5"
}
[2025-03-14T17:30:37.061Z] FRONTEND:AUTH - DEBUG: Auth Flow - Token Retrieval
  Details: {
  "timestamp": "2025-03-14T17:30:37.061Z",
  "exists": false
}
[2025-03-14T17:30:37.064Z] FRONTEND:AUTH - DEBUG: Auth Flow - HeaderConnect Render
  Details: {
  "timestamp": "2025-03-14T17:30:37.064Z",
  "wallet_address": "0x0300B70e40F138927e3a988ce4A9a069Ff875336",
  "is_connected": true,
  "is_authenticated": false,
  "is_authenticating": true
}
[2025-03-14T17:30:37.065Z] FRONTEND:AUTH - DEBUG: Auth Flow - HeaderConnect Render
  Details: {
  "timestamp": "2025-03-14T17:30:37.065Z",
  "wallet_address": "0x0300B70e40F138927e3a988ce4A9a069Ff875336",
  "is_connected": true,
  "is_authenticated": false,
  "is_authenticating": true
}
[2025-03-14T17:30:37.091Z] FRONTEND:AUTH - INFO: Token Operation - store
  Details: {
  "timestamp": "2025-03-14T17:30:37.091Z",
  "success": true
}
[2025-03-14T17:30:37.091Z] FRONTEND:AUTH - DEBUG: Auth Flow - Signature Verified
  Details: {
  "timestamp": "2025-03-14T17:30:37.091Z",
  "success": true
}
[2025-03-14T17:30:37.092Z] FRONTEND:AUTH - DEBUG: Auth Flow - Login
  Details: {
  "timestamp": "2025-03-14T17:30:37.092Z",
  "wallet_address": "0x0300B70e40F138927e3a988ce4A9a069Ff875336",
  "token_length": 188
}
[2025-03-14T17:30:37.092Z] FRONTEND:AUTH - DEBUG: Auth Flow - Authentication successful
  Details: {
  "timestamp": "2025-03-14T17:30:37.092Z",
  "wallet_address": "0x0300B70e40F138927e3a988ce4A9a069Ff875336"
}
[2025-03-14T17:30:37.093Z] FRONTEND:AUTH - DEBUG: Auth Flow - HeaderConnect Render
  Details: {
  "timestamp": "2025-03-14T17:30:37.093Z",
  "wallet_address": "0x0300B70e40F138927e3a988ce4A9a069Ff875336",
  "is_connected": true,
  "is_authenticated": true,
  "is_authenticating": false
}
[2025-03-14T17:30:37.093Z] FRONTEND:AUTH - DEBUG: Auth Flow - HeaderConnect Render
  Details: {
  "timestamp": "2025-03-14T17:30:37.093Z",
  "wallet_address": "0x0300B70e40F138927e3a988ce4A9a069Ff875336",
  "is_connected": true,
  "is_authenticated": true,
  "is_authenticating": false
}
[2025-03-14T17:30:37.095Z] FRONTEND:AUTH - DEBUG: Auth Flow - Auth state updated
  Details: {
  "timestamp": "2025-03-14T17:30:37.095Z",
  "is_connected": true,
  "is_authenticated": true,
  "wallet_address": "0x0300B70e40F138927e3a988ce4A9a069Ff875336",
  "auth_wallet_address": "0x0300B70e40F138927e3a988ce4A9a069Ff875336",
  "is_authenticating": false,
  "initial_check_done": true,
  "needs_reauthentication": false,
  "last_authenticated_address": "0x0300B70e40F138927e3a988ce4A9a069Ff875336"
}
[2025-03-14T17:30:40.171Z] FRONTEND:AUTH - DEBUG: Auth Flow - HeaderConnect Render
  Details: {
  "timestamp": "2025-03-14T17:30:40.171Z",
  "is_connected": false,
  "is_authenticated": true,
  "is_authenticating": false
}
[2025-03-14T17:30:40.172Z] FRONTEND:AUTH - DEBUG: Auth Flow - HeaderConnect Render
  Details: {
  "timestamp": "2025-03-14T17:30:40.172Z",
  "is_connected": false,
  "is_authenticated": true,
  "is_authenticating": false
}
[2025-03-14T17:30:40.181Z] FRONTEND:AUTH - DEBUG: Auth Flow - Auth state updated
  Details: {
  "timestamp": "2025-03-14T17:30:40.181Z",
  "is_connected": false,
  "is_authenticated": true,
  "auth_wallet_address": "0x0300B70e40F138927e3a988ce4A9a069Ff875336",
  "is_authenticating": false,
  "initial_check_done": false,
  "needs_reauthentication": false,
  "last_authenticated_address": null
}
[2025-03-14T17:30:40.182Z] FRONTEND:AUTH - DEBUG: Auth Flow - HeaderConnect - Wallet Disconnected while Authenticated
  Details: {
  "timestamp": "2025-03-14T17:30:40.182Z"
}
[2025-03-14T17:30:40.183Z] FRONTEND:AUTH - DEBUG: Auth Flow - Logout
  Details: {
  "timestamp": "2025-03-14T17:30:40.183Z",
  "wallet_address": "0x0300B70e40F138927e3a988ce4A9a069Ff875336"
}
[2025-03-14T17:30:40.206Z] FRONTEND:AUTH - DEBUG: Auth Flow - HeaderConnect Render
  Details: {
  "timestamp": "2025-03-14T17:30:40.206Z",
  "is_connected": false,
  "is_authenticated": false,
  "is_authenticating": false
}
[2025-03-14T17:30:40.207Z] FRONTEND:AUTH - DEBUG: Auth Flow - HeaderConnect Render
  Details: {
  "timestamp": "2025-03-14T17:30:40.207Z",
  "is_connected": false,
  "is_authenticated": false,
  "is_authenticating": false
}
[2025-03-14T17:30:40.210Z] FRONTEND:AUTH - DEBUG: Auth Flow - Auth state updated
  Details: {
  "timestamp": "2025-03-14T17:30:40.210Z",
  "is_connected": false,
  "is_authenticated": false,
  "is_authenticating": false,
  "initial_check_done": false,
  "needs_reauthentication": false,
  "last_authenticated_address": null
}
[2025-03-14T17:54:52.323Z] FRONTEND:AUTH - DEBUG: Auth Flow - HeaderConnect Render
  Details: {
  "timestamp": "2025-03-14T17:54:52.323Z",
  "is_connected": false,
  "is_authenticated": false,
  "is_authenticating": false
}
[2025-03-14T17:54:52.410Z] FRONTEND:AUTH - DEBUG: Auth Flow - Auth state updated
  Details: {
  "timestamp": "2025-03-14T17:54:52.410Z",
  "is_connected": false,
  "is_authenticated": false,
  "is_authenticating": false,
  "initial_check_done": false,
  "needs_reauthentication": false,
  "last_authenticated_address": null
}
[2025-03-14T17:54:52.322Z] FRONTEND:AUTH - DEBUG: Auth Flow - HeaderConnect Render
  Details: {
  "timestamp": "2025-03-14T17:54:52.322Z",
  "is_connected": false,
  "is_authenticated": false,
  "is_authenticating": false
}
[2025-03-14T17:54:52.416Z] FRONTEND:AUTH - DEBUG: Auth Flow - Auth state updated
  Details: {
  "timestamp": "2025-03-14T17:54:52.416Z",
  "is_connected": false,
  "is_authenticated": false,
  "is_authenticating": false,
  "initial_check_done": false,
  "needs_reauthentication": false,
  "last_authenticated_address": null
}
[2025-03-14T17:56:06.920Z] FRONTEND:AUTH - DEBUG: Auth Flow - HeaderConnect Render
  Details: {
  "timestamp": "2025-03-14T17:56:06.920Z",
  "is_connected": false,
  "is_authenticated": false,
  "is_authenticating": false
}
[2025-03-14T17:56:07.008Z] FRONTEND:AUTH - DEBUG: Auth Flow - Auth state updated
  Details: {
  "timestamp": "2025-03-14T17:56:07.008Z",
  "is_connected": false,
  "is_authenticated": false,
  "is_authenticating": false,
  "initial_check_done": false,
  "needs_reauthentication": false,
  "last_authenticated_address": null
}
[2025-03-14T17:56:06.919Z] FRONTEND:AUTH - DEBUG: Auth Flow - HeaderConnect Render
  Details: {
  "timestamp": "2025-03-14T17:56:06.919Z",
  "is_connected": false,
  "is_authenticated": false,
  "is_authenticating": false
}
[2025-03-14T17:56:07.013Z] FRONTEND:AUTH - DEBUG: Auth Flow - Auth state updated
  Details: {
  "timestamp": "2025-03-14T17:56:07.013Z",
  "is_connected": false,
  "is_authenticated": false,
  "is_authenticating": false,
  "initial_check_done": false,
  "needs_reauthentication": false,
  "last_authenticated_address": null
}
[2025-03-14T17:56:10.267Z] FRONTEND:AUTH - DEBUG: Auth Flow - HeaderConnect Render
  Details: {
  "timestamp": "2025-03-14T17:56:10.267Z",
  "is_connected": false,
  "is_authenticated": false,
  "is_authenticating": false
}
[2025-03-14T17:56:10.267Z] FRONTEND:AUTH - DEBUG: Auth Flow - HeaderConnect Render
  Details: {
  "timestamp": "2025-03-14T17:56:10.267Z",
  "is_connected": false,
  "is_authenticated": false,
  "is_authenticating": false
}
[2025-03-14T17:56:10.353Z] FRONTEND:AUTH - DEBUG: Auth Flow - Auth state updated
  Details: {
  "timestamp": "2025-03-14T17:56:10.353Z",
  "is_connected": false,
  "is_authenticated": false,
  "is_authenticating": false,
  "initial_check_done": false,
  "needs_reauthentication": false,
  "last_authenticated_address": null
}
[2025-03-14T17:56:10.355Z] FRONTEND:AUTH - DEBUG: Auth Flow - Auth state updated
  Details: {
  "timestamp": "2025-03-14T17:56:10.355Z",
  "is_connected": false,
  "is_authenticated": false,
  "is_authenticating": false,
  "initial_check_done": false,
  "needs_reauthentication": false,
  "last_authenticated_address": null
}
[2025-03-14T17:57:02.406Z] FRONTEND:AUTH - DEBUG: Auth Flow - HeaderConnect Render
  Details: {
  "timestamp": "2025-03-14T17:57:02.406Z",
  "is_connected": false,
  "is_authenticated": false,
  "is_authenticating": false
}
[2025-03-14T17:57:02.416Z] FRONTEND:AUTH - DEBUG: Auth Flow - Auth state updated
  Details: {
  "timestamp": "2025-03-14T17:57:02.416Z",
  "is_connected": false,
  "is_authenticated": false,
  "is_authenticating": false,
  "initial_check_done": false,
  "needs_reauthentication": false,
  "last_authenticated_address": null
}
[2025-03-14T17:57:02.405Z] FRONTEND:AUTH - DEBUG: Auth Flow - HeaderConnect Render
  Details: {
  "timestamp": "2025-03-14T17:57:02.405Z",
  "is_connected": false,
  "is_authenticated": false,
  "is_authenticating": false
}
[2025-03-14T17:57:14.920Z] FRONTEND:AUTH - DEBUG: Auth Flow - Initial Auth State Check
  Details: {
  "timestamp": "2025-03-14T17:57:14.920Z",
  "has_token": false,
  "has_user": false
}
[2025-03-14T17:57:15.028Z] FRONTEND:AUTH - DEBUG: Auth Flow - HeaderConnect Render
  Details: {
  "timestamp": "2025-03-14T17:57:15.028Z",
  "is_connected": false,
  "is_authenticated": false,
  "is_authenticating": false
}
[2025-03-14T17:57:15.029Z] FRONTEND:AUTH - DEBUG: Auth Flow - HeaderConnect Render
  Details: {
  "timestamp": "2025-03-14T17:57:15.029Z",
  "is_connected": false,
  "is_authenticated": false,
  "is_authenticating": false
}
[2025-03-14T17:57:15.162Z] FRONTEND:AUTH - DEBUG: Auth Flow - Auth state updated
  Details: {
  "timestamp": "2025-03-14T17:57:15.162Z",
  "is_connected": false,
  "is_authenticated": false,
  "is_authenticating": false,
  "initial_check_done": false,
  "needs_reauthentication": false,
  "last_authenticated_address": null
}
[2025-03-14T17:57:15.178Z] FRONTEND:AUTH - DEBUG: Auth Flow - HeaderConnect Render
  Details: {
  "timestamp": "2025-03-14T17:57:15.178Z",
  "is_connected": false,
  "is_authenticated": false,
  "is_authenticating": false
}
[2025-03-14T17:57:15.180Z] FRONTEND:AUTH - DEBUG: Auth Flow - HeaderConnect Render
  Details: {
  "timestamp": "2025-03-14T17:57:15.180Z",
  "is_connected": false,
  "is_authenticated": false,
  "is_authenticating": false
}
[2025-03-14T17:57:15.258Z] FRONTEND:AUTH - DEBUG: Auth Flow - HeaderConnect Render
  Details: {
  "timestamp": "2025-03-14T17:57:15.258Z",
  "is_connected": false,
  "is_authenticated": false,
  "is_authenticating": false
}
[2025-03-14T17:57:15.259Z] FRONTEND:AUTH - DEBUG: Auth Flow - HeaderConnect Render
  Details: {
  "timestamp": "2025-03-14T17:57:15.259Z",
  "is_connected": false,
  "is_authenticated": false,
  "is_authenticating": false
}
[2025-03-14T17:57:15.317Z] FRONTEND:AUTH - DEBUG: Auth Flow - Auth state updated
  Details: {
  "timestamp": "2025-03-14T17:57:15.317Z",
  "is_connected": false,
  "is_authenticated": false,
  "is_authenticating": false,
  "initial_check_done": false,
  "needs_reauthentication": false,
  "last_authenticated_address": null
}
[2025-03-14T17:57:15.359Z] FRONTEND:AUTH - DEBUG: Auth Flow - Auth state updated
  Details: {
  "timestamp": "2025-03-14T17:57:15.359Z",
  "is_connected": false,
  "is_authenticated": false,
  "is_authenticating": false,
  "initial_check_done": false,
  "needs_reauthentication": false,
  "last_authenticated_address": null
}
[2025-03-14T17:57:31.474Z] FRONTEND:AUTH - DEBUG: Auth Flow - Initial Auth State Check
  Details: {
  "timestamp": "2025-03-14T17:57:31.474Z",
  "has_token": false,
  "has_user": false
}
[2025-03-14T17:57:31.648Z] FRONTEND:AUTH - DEBUG: Auth Flow - HeaderConnect Render
  Details: {
  "timestamp": "2025-03-14T17:57:31.648Z",
  "is_connected": false,
  "is_authenticated": false,
  "is_authenticating": false
}
[2025-03-14T17:57:31.648Z] FRONTEND:AUTH - DEBUG: Auth Flow - HeaderConnect Render
  Details: {
  "timestamp": "2025-03-14T17:57:31.648Z",
  "is_connected": false,
  "is_authenticated": false,
  "is_authenticating": false
}
[2025-03-14T17:57:31.700Z] FRONTEND:AUTH - DEBUG: Auth Flow - Auth state updated
  Details: {
  "timestamp": "2025-03-14T17:57:31.700Z",
  "is_connected": false,
  "is_authenticated": false,
  "is_authenticating": false,
  "initial_check_done": false,
  "needs_reauthentication": false,
  "last_authenticated_address": null
}
[2025-03-14T17:57:31.758Z] FRONTEND:AUTH - DEBUG: Auth Flow - HeaderConnect Render
  Details: {
  "timestamp": "2025-03-14T17:57:31.758Z",
  "is_connected": false,
  "is_authenticated": false,
  "is_authenticating": false
}
[2025-03-14T17:57:31.759Z] FRONTEND:AUTH - DEBUG: Auth Flow - HeaderConnect Render
  Details: {
  "timestamp": "2025-03-14T17:57:31.758Z",
  "is_connected": false,
  "is_authenticated": false,
  "is_authenticating": false
}
[2025-03-14T17:57:31.794Z] FRONTEND:AUTH - DEBUG: Auth Flow - Auth state updated
  Details: {
  "timestamp": "2025-03-14T17:57:31.794Z",
  "is_connected": false,
  "is_authenticated": false,
  "is_authenticating": false,
  "initial_check_done": false,
  "needs_reauthentication": false,
  "last_authenticated_address": null
}
[2025-03-14T17:57:31.803Z] FRONTEND:AUTH - DEBUG: Auth Flow - Auth state updated
  Details: {
  "timestamp": "2025-03-14T17:57:31.803Z",
  "is_connected": false,
  "is_authenticated": false,
  "is_authenticating": false,
  "initial_check_done": false,
  "needs_reauthentication": false,
  "last_authenticated_address": null
}
[2025-03-14T17:57:37.058Z] FRONTEND:AUTH - DEBUG: Auth Flow - HeaderConnect Render
  Details: {
  "timestamp": "2025-03-14T17:57:37.058Z",
  "is_connected": false,
  "is_authenticated": false,
  "is_authenticating": false
}
[2025-03-14T17:57:37.058Z] FRONTEND:AUTH - DEBUG: Auth Flow - HeaderConnect Render
  Details: {
  "timestamp": "2025-03-14T17:57:37.058Z",
  "is_connected": false,
  "is_authenticated": false,
  "is_authenticating": false
}
[2025-03-14T17:57:37.084Z] FRONTEND:AUTH - DEBUG: Auth Flow - HeaderConnect Render
  Details: {
  "timestamp": "2025-03-14T17:57:37.084Z",
  "is_connected": false,
  "is_authenticated": false,
  "is_authenticating": false
}
[2025-03-14T17:57:37.084Z] FRONTEND:AUTH - DEBUG: Auth Flow - HeaderConnect Render
  Details: {
  "timestamp": "2025-03-14T17:57:37.084Z",
  "is_connected": false,
  "is_authenticated": false,
  "is_authenticating": false
}
[2025-03-14T17:57:37.110Z] FRONTEND:AUTH - DEBUG: Auth Flow - HeaderConnect Render
  Details: {
  "timestamp": "2025-03-14T17:57:37.110Z",
  "is_connected": false,
  "is_authenticated": false,
  "is_authenticating": false
}
[2025-03-14T17:57:37.110Z] FRONTEND:AUTH - DEBUG: Auth Flow - HeaderConnect Render
  Details: {
  "timestamp": "2025-03-14T17:57:37.110Z",
  "is_connected": false,
  "is_authenticated": false,
  "is_authenticating": false
}
[2025-03-14T17:57:37.309Z] FRONTEND:AUTH - DEBUG: Auth Flow - HeaderConnect Render
  Details: {
  "timestamp": "2025-03-14T17:57:37.309Z",
  "is_connected": false,
  "is_authenticated": false,
  "is_authenticating": false
}
[2025-03-14T17:57:37.309Z] FRONTEND:AUTH - DEBUG: Auth Flow - HeaderConnect Render
  Details: {
  "timestamp": "2025-03-14T17:57:37.309Z",
  "is_connected": false,
  "is_authenticated": false,
  "is_authenticating": false
}
[2025-03-14T17:57:49.551Z] FRONTEND:AUTH - DEBUG: Auth Flow - Initial Auth State Check
  Details: {
  "timestamp": "2025-03-14T17:57:49.551Z",
  "has_token": false,
  "has_user": false
}
[2025-03-14T17:57:49.693Z] FRONTEND:AUTH - DEBUG: Auth Flow - HeaderConnect Render
  Details: {
  "timestamp": "2025-03-14T17:57:49.693Z",
  "is_connected": false,
  "is_authenticated": false,
  "is_authenticating": false
}
[2025-03-14T17:57:49.694Z] FRONTEND:AUTH - DEBUG: Auth Flow - HeaderConnect Render
  Details: {
  "timestamp": "2025-03-14T17:57:49.694Z",
  "is_connected": false,
  "is_authenticated": false,
  "is_authenticating": false
}
[2025-03-14T17:57:49.743Z] FRONTEND:AUTH - DEBUG: Auth Flow - Auth state updated
  Details: {
  "timestamp": "2025-03-14T17:57:49.743Z",
  "is_connected": false,
  "is_authenticated": false,
  "is_authenticating": false,
  "initial_check_done": false,
  "needs_reauthentication": false,
  "last_authenticated_address": null
}
[2025-03-14T17:57:49.783Z] FRONTEND:AUTH - DEBUG: Auth Flow - HeaderConnect Render
  Details: {
  "timestamp": "2025-03-14T17:57:49.783Z",
  "is_connected": false,
  "is_authenticated": false,
  "is_authenticating": false
}
[2025-03-14T17:57:49.784Z] FRONTEND:AUTH - DEBUG: Auth Flow - HeaderConnect Render
  Details: {
  "timestamp": "2025-03-14T17:57:49.784Z",
  "is_connected": false,
  "is_authenticated": false,
  "is_authenticating": false
}
[2025-03-14T17:57:49.849Z] FRONTEND:AUTH - DEBUG: Auth Flow - Auth state updated
  Details: {
  "timestamp": "2025-03-14T17:57:49.849Z",
  "is_connected": false,
  "is_authenticated": false,
  "is_authenticating": false,
  "initial_check_done": false,
  "needs_reauthentication": false,
  "last_authenticated_address": null
}
[2025-03-14T17:57:49.856Z] FRONTEND:AUTH - DEBUG: Auth Flow - Auth state updated
  Details: {
  "timestamp": "2025-03-14T17:57:49.856Z",
  "is_connected": false,
  "is_authenticated": false,
  "is_authenticating": false,
  "initial_check_done": false,
  "needs_reauthentication": false,
  "last_authenticated_address": null
}
[2025-03-14T17:59:25.374Z] FRONTEND:AUTH - DEBUG: Auth Flow - Initial Auth State Check
  Details: {
  "timestamp": "2025-03-14T17:59:25.374Z",
  "has_token": false,
  "has_user": false
}
[2025-03-14T17:59:25.505Z] FRONTEND:AUTH - DEBUG: Auth Flow - HeaderConnect Render
  Details: {
  "timestamp": "2025-03-14T17:59:25.505Z",
  "is_connected": false,
  "is_authenticated": false,
  "is_authenticating": false
}
[2025-03-14T17:59:25.506Z] FRONTEND:AUTH - DEBUG: Auth Flow - HeaderConnect Render
  Details: {
  "timestamp": "2025-03-14T17:59:25.506Z",
  "is_connected": false,
  "is_authenticated": false,
  "is_authenticating": false
}
[2025-03-14T17:59:25.566Z] FRONTEND:AUTH - DEBUG: Auth Flow - Auth state updated
  Details: {
  "timestamp": "2025-03-14T17:59:25.566Z",
  "is_connected": false,
  "is_authenticated": false,
  "is_authenticating": false,
  "initial_check_done": false,
  "needs_reauthentication": false,
  "last_authenticated_address": null
}
[2025-03-14T17:59:25.614Z] FRONTEND:AUTH - DEBUG: Auth Flow - HeaderConnect Render
  Details: {
  "timestamp": "2025-03-14T17:59:25.614Z",
  "is_connected": false,
  "is_authenticated": false,
  "is_authenticating": false
}
[2025-03-14T17:59:25.615Z] FRONTEND:AUTH - DEBUG: Auth Flow - HeaderConnect Render
  Details: {
  "timestamp": "2025-03-14T17:59:25.615Z",
  "is_connected": false,
  "is_authenticated": false,
  "is_authenticating": false
}
[2025-03-14T17:59:25.683Z] FRONTEND:AUTH - DEBUG: Auth Flow - Auth state updated
  Details: {
  "timestamp": "2025-03-14T17:59:25.683Z",
  "is_connected": false,
  "is_authenticated": false,
  "is_authenticating": false,
  "initial_check_done": false,
  "needs_reauthentication": false,
  "last_authenticated_address": null
}
[2025-03-14T17:59:25.689Z] FRONTEND:AUTH - DEBUG: Auth Flow - Auth state updated
  Details: {
  "timestamp": "2025-03-14T17:59:25.688Z",
  "is_connected": false,
  "is_authenticated": false,
  "is_authenticating": false,
  "initial_check_done": false,
  "needs_reauthentication": false,
  "last_authenticated_address": null
}
[2025-03-14T18:04:46.812Z] FRONTEND:AUTH - DEBUG: Auth Flow - HeaderConnect Render
  Details: {
  "timestamp": "2025-03-14T18:04:46.812Z",
  "is_connected": false,
  "is_authenticated": false,
  "is_authenticating": false
}
[2025-03-14T18:04:46.812Z] FRONTEND:AUTH - DEBUG: Auth Flow - HeaderConnect Render
  Details: {
  "timestamp": "2025-03-14T18:04:46.812Z",
  "is_connected": false,
  "is_authenticated": false,
  "is_authenticating": false
}
[2025-03-14T18:04:46.862Z] FRONTEND:AUTH - DEBUG: Auth Flow - Auth state updated
  Details: {
  "timestamp": "2025-03-14T18:04:46.862Z",
  "is_connected": false,
  "is_authenticated": false,
  "is_authenticating": false,
  "initial_check_done": false,
  "needs_reauthentication": false,
  "last_authenticated_address": null
}
[2025-03-14T18:04:46.133Z] FRONTEND:AUTH - DEBUG: Auth Flow - Initial Auth State Check
  Details: {
  "timestamp": "2025-03-14T18:04:46.133Z",
  "has_token": false,
  "has_user": false
}
[2025-03-14T18:04:46.896Z] FRONTEND:AUTH - DEBUG: Auth Flow - HeaderConnect Render
  Details: {
  "timestamp": "2025-03-14T18:04:46.896Z",
  "is_connected": false,
  "is_authenticated": false,
  "is_authenticating": false
}
[2025-03-14T18:04:46.897Z] FRONTEND:AUTH - DEBUG: Auth Flow - HeaderConnect Render
  Details: {
  "timestamp": "2025-03-14T18:04:46.897Z",
  "is_connected": false,
  "is_authenticated": false,
  "is_authenticating": false
}
[2025-03-14T18:04:46.946Z] FRONTEND:AUTH - DEBUG: Auth Flow - Auth state updated
  Details: {
  "timestamp": "2025-03-14T18:04:46.946Z",
  "is_connected": false,
  "is_authenticated": false,
  "is_authenticating": false,
  "initial_check_done": false,
  "needs_reauthentication": false,
  "last_authenticated_address": null
}
[2025-03-14T18:04:46.950Z] FRONTEND:AUTH - DEBUG: Auth Flow - Auth state updated
  Details: {
  "timestamp": "2025-03-14T18:04:46.950Z",
  "is_connected": false,
  "is_authenticated": false,
  "is_authenticating": false,
  "initial_check_done": false,
  "needs_reauthentication": false,
  "last_authenticated_address": null
}
[2025-03-14T18:07:44.692Z] FRONTEND:CLIENT - ERROR: Client Error: Container is not defined
  Details: {
  "stack": "ReferenceError: Container is not defined\n    at SalesLayout (webpack-internal:///(app-pages-browser)/./src/components/layouts/sales-layout/sales-layout.tsx:276:111)\n    at react-stack-bottom-frame (webpack-internal:///(app-pages-browser)/./node_modules/next/dist/compiled/react-dom/cjs/react-dom-client.development.js:23610:20)\n    at renderWithHooks (webpack-internal:///(app-pages-browser)/./node_modules/next/dist/compiled/react-dom/cjs/react-dom-client.development.js:4646:22)\n    at updateFunctionComponent (webpack-internal:///(app-pages-browser)/./node_modules/next/dist/compiled/react-dom/cjs/react-dom-client.development.js:8032:19)\n    at beginWork (webpack-internal:///(app-pages-browser)/./node_modules/next/dist/compiled/react-dom/cjs/react-dom-client.development.js:9689:18)\n    at runWithFiberInDEV (webpack-internal:///(app-pages-browser)/./node_modules/next/dist/compiled/react-dom/cjs/react-dom-client.development.js:544:16)\n    at performUnitOfWork (webpack-internal:///(app-pages-browser)/./node_modules/next/dist/compiled/react-dom/cjs/react-dom-client.development.js:15064:22)\n    at workLoopSync (webpack-internal:///(app-pages-browser)/./node_modules/next/dist/compiled/react-dom/cjs/react-dom-client.development.js:14888:41)\n    at renderRootSync (webpack-internal:///(app-pages-browser)/./node_modules/next/dist/compiled/react-dom/cjs/react-dom-client.development.js:14868:11)\n    at performWorkOnRoot (webpack-internal:///(app-pages-browser)/./node_modules/next/dist/compiled/react-dom/cjs/react-dom-client.development.js:14394:44)\n    at performSyncWorkOnRoot (webpack-internal:///(app-pages-browser)/./node_modules/next/dist/compiled/react-dom/cjs/react-dom-client.development.js:15970:7)\n    at flushSyncWorkAcrossRoots_impl (webpack-internal:///(app-pages-browser)/./node_modules/next/dist/compiled/react-dom/cjs/react-dom-client.development.js:15830:21)\n    at flushSyncWork$1 (webpack-internal:///(app-pages-browser)/./node_modules/next/dist/compiled/react-dom/cjs/react-dom-client.development.js:14655:12)\n    at Object.scheduleRefresh (webpack-internal:///(app-pages-browser)/./node_modules/next/dist/compiled/react-dom/cjs/react-dom-client.development.js:113:9)\n    at eval (webpack-internal:///(app-pages-browser)/./node_modules/next/dist/compiled/react-refresh/cjs/react-refresh-runtime.development.js:265:17)\n    at Set.forEach (<anonymous>)\n    at Object.performReactRefresh (webpack-internal:///(app-pages-browser)/./node_modules/next/dist/compiled/react-refresh/cjs/react-refresh-runtime.development.js:254:26)\n    at applyUpdate (webpack-internal:///(app-pages-browser)/./node_modules/next/dist/compiled/@next/react-refresh-utils/dist/internal/helpers.js:139:31)\n    at statusHandler (webpack-internal:///(app-pages-browser)/./node_modules/next/dist/compiled/@next/react-refresh-utils/dist/internal/helpers.js:156:13)\n    at setStatus (http://localhost:3000/_next/static/chunks/webpack.js?v=1741975478540:511:55)\n    at http://localhost:3000/_next/static/chunks/webpack.js?v=1741975478540:680:21",
  "location": "global-error-boundary",
  "errorType": "unhandled-error"
}
[2025-03-14T18:07:44.695Z] FRONTEND:CLIENT - ERROR: Client Error: Container is not defined
  Details: {
  "stack": "ReferenceError: Container is not defined\n    at SalesLayout (webpack-internal:///(app-pages-browser)/./src/components/layouts/sales-layout/sales-layout.tsx:276:111)\n    at react-stack-bottom-frame (webpack-internal:///(app-pages-browser)/./node_modules/next/dist/compiled/react-dom/cjs/react-dom-client.development.js:23610:20)\n    at renderWithHooks (webpack-internal:///(app-pages-browser)/./node_modules/next/dist/compiled/react-dom/cjs/react-dom-client.development.js:4646:22)\n    at updateFunctionComponent (webpack-internal:///(app-pages-browser)/./node_modules/next/dist/compiled/react-dom/cjs/react-dom-client.development.js:8032:19)\n    at beginWork (webpack-internal:///(app-pages-browser)/./node_modules/next/dist/compiled/react-dom/cjs/react-dom-client.development.js:9689:18)\n    at runWithFiberInDEV (webpack-internal:///(app-pages-browser)/./node_modules/next/dist/compiled/react-dom/cjs/react-dom-client.development.js:544:16)\n    at performUnitOfWork (webpack-internal:///(app-pages-browser)/./node_modules/next/dist/compiled/react-dom/cjs/react-dom-client.development.js:15064:22)\n    at workLoopSync (webpack-internal:///(app-pages-browser)/./node_modules/next/dist/compiled/react-dom/cjs/react-dom-client.development.js:14888:41)\n    at renderRootSync (webpack-internal:///(app-pages-browser)/./node_modules/next/dist/compiled/react-dom/cjs/react-dom-client.development.js:14868:11)\n    at performWorkOnRoot (webpack-internal:///(app-pages-browser)/./node_modules/next/dist/compiled/react-dom/cjs/react-dom-client.development.js:14394:44)\n    at performSyncWorkOnRoot (webpack-internal:///(app-pages-browser)/./node_modules/next/dist/compiled/react-dom/cjs/react-dom-client.development.js:15970:7)\n    at flushSyncWorkAcrossRoots_impl (webpack-internal:///(app-pages-browser)/./node_modules/next/dist/compiled/react-dom/cjs/react-dom-client.development.js:15830:21)\n    at flushSyncWork$1 (webpack-internal:///(app-pages-browser)/./node_modules/next/dist/compiled/react-dom/cjs/react-dom-client.development.js:14655:12)\n    at Object.scheduleRefresh (webpack-internal:///(app-pages-browser)/./node_modules/next/dist/compiled/react-dom/cjs/react-dom-client.development.js:113:9)\n    at eval (webpack-internal:///(app-pages-browser)/./node_modules/next/dist/compiled/react-refresh/cjs/react-refresh-runtime.development.js:265:17)\n    at Set.forEach (<anonymous>)\n    at Object.performReactRefresh (webpack-internal:///(app-pages-browser)/./node_modules/next/dist/compiled/react-refresh/cjs/react-refresh-runtime.development.js:254:26)\n    at applyUpdate (webpack-internal:///(app-pages-browser)/./node_modules/next/dist/compiled/@next/react-refresh-utils/dist/internal/helpers.js:139:31)\n    at statusHandler (webpack-internal:///(app-pages-browser)/./node_modules/next/dist/compiled/@next/react-refresh-utils/dist/internal/helpers.js:156:13)\n    at setStatus (http://localhost:3000/_next/static/chunks/webpack.js?v=1741975478540:511:55)\n    at http://localhost:3000/_next/static/chunks/webpack.js?v=1741975478540:680:21",
  "location": "global-error-boundary",
  "errorType": "unhandled-error"
}
[2025-03-14T18:08:21.136Z] FRONTEND:CLIENT - ERROR: Client Error: Cannot read properties of undefined (reading '0')
  Details: {
  "stack": "TypeError: Cannot read properties of undefined (reading '0')\n    at SalesLayout (webpack-internal:///(app-pages-browser)/./src/components/layouts/sales-layout/sales-layout.tsx:315:68)\n    at react-stack-bottom-frame (webpack-internal:///(app-pages-browser)/./node_modules/next/dist/compiled/react-dom/cjs/react-dom-client.development.js:23610:20)\n    at renderWithHooks (webpack-internal:///(app-pages-browser)/./node_modules/next/dist/compiled/react-dom/cjs/react-dom-client.development.js:4646:22)\n    at updateFunctionComponent (webpack-internal:///(app-pages-browser)/./node_modules/next/dist/compiled/react-dom/cjs/react-dom-client.development.js:8032:19)\n    at beginWork (webpack-internal:///(app-pages-browser)/./node_modules/next/dist/compiled/react-dom/cjs/react-dom-client.development.js:9638:35)\n    at runWithFiberInDEV (webpack-internal:///(app-pages-browser)/./node_modules/next/dist/compiled/react-dom/cjs/react-dom-client.development.js:544:16)\n    at performUnitOfWork (webpack-internal:///(app-pages-browser)/./node_modules/next/dist/compiled/react-dom/cjs/react-dom-client.development.js:15064:22)\n    at workLoopSync (webpack-internal:///(app-pages-browser)/./node_modules/next/dist/compiled/react-dom/cjs/react-dom-client.development.js:14888:41)\n    at renderRootSync (webpack-internal:///(app-pages-browser)/./node_modules/next/dist/compiled/react-dom/cjs/react-dom-client.development.js:14868:11)\n    at performWorkOnRoot (webpack-internal:///(app-pages-browser)/./node_modules/next/dist/compiled/react-dom/cjs/react-dom-client.development.js:14394:44)\n    at performSyncWorkOnRoot (webpack-internal:///(app-pages-browser)/./node_modules/next/dist/compiled/react-dom/cjs/react-dom-client.development.js:15970:7)\n    at flushSyncWorkAcrossRoots_impl (webpack-internal:///(app-pages-browser)/./node_modules/next/dist/compiled/react-dom/cjs/react-dom-client.development.js:15830:21)\n    at flushSyncWork$1 (webpack-internal:///(app-pages-browser)/./node_modules/next/dist/compiled/react-dom/cjs/react-dom-client.development.js:14655:12)\n    at Object.scheduleRefresh (webpack-internal:///(app-pages-browser)/./node_modules/next/dist/compiled/react-dom/cjs/react-dom-client.development.js:113:9)\n    at eval (webpack-internal:///(app-pages-browser)/./node_modules/next/dist/compiled/react-refresh/cjs/react-refresh-runtime.development.js:265:17)\n    at Set.forEach (<anonymous>)\n    at Object.performReactRefresh (webpack-internal:///(app-pages-browser)/./node_modules/next/dist/compiled/react-refresh/cjs/react-refresh-runtime.development.js:254:26)\n    at applyUpdate (webpack-internal:///(app-pages-browser)/./node_modules/next/dist/compiled/@next/react-refresh-utils/dist/internal/helpers.js:139:31)\n    at statusHandler (webpack-internal:///(app-pages-browser)/./node_modules/next/dist/compiled/@next/react-refresh-utils/dist/internal/helpers.js:156:13)\n    at setStatus (http://localhost:3000/_next/static/chunks/webpack.js?v=1741975478540:511:55)\n    at http://localhost:3000/_next/static/chunks/webpack.js?v=1741975478540:680:21",
  "location": "global-error-boundary",
  "errorType": "unhandled-error"
}
[2025-03-14T18:43:08.389Z] FRONTEND:AUTH - DEBUG: Auth Flow - Initial Auth State Check
  Details: {
  "timestamp": "2025-03-14T18:43:08.389Z",
  "has_token": false,
  "has_user": false
}
[2025-03-14T18:43:08.421Z] FRONTEND:CLIENT - ERROR: Client Error: Cannot read properties of undefined (reading '0')
  Details: {
  "stack": "TypeError: Cannot read properties of undefined (reading '0')\n    at SalesLayout (webpack-internal:///(app-pages-browser)/./src/components/layouts/sales-layout/sales-layout.tsx:315:68)\n    at react-stack-bottom-frame (webpack-internal:///(app-pages-browser)/./node_modules/next/dist/compiled/react-dom/cjs/react-dom-client.development.js:23610:20)\n    at renderWithHooks (webpack-internal:///(app-pages-browser)/./node_modules/next/dist/compiled/react-dom/cjs/react-dom-client.development.js:4646:22)\n    at updateFunctionComponent (webpack-internal:///(app-pages-browser)/./node_modules/next/dist/compiled/react-dom/cjs/react-dom-client.development.js:8032:19)\n    at beginWork (webpack-internal:///(app-pages-browser)/./node_modules/next/dist/compiled/react-dom/cjs/react-dom-client.development.js:9638:35)\n    at runWithFiberInDEV (webpack-internal:///(app-pages-browser)/./node_modules/next/dist/compiled/react-dom/cjs/react-dom-client.development.js:544:16)\n    at performUnitOfWork (webpack-internal:///(app-pages-browser)/./node_modules/next/dist/compiled/react-dom/cjs/react-dom-client.development.js:15064:22)\n    at workLoopSync (webpack-internal:///(app-pages-browser)/./node_modules/next/dist/compiled/react-dom/cjs/react-dom-client.development.js:14888:41)\n    at renderRootSync (webpack-internal:///(app-pages-browser)/./node_modules/next/dist/compiled/react-dom/cjs/react-dom-client.development.js:14868:11)\n    at performWorkOnRoot (webpack-internal:///(app-pages-browser)/./node_modules/next/dist/compiled/react-dom/cjs/react-dom-client.development.js:14394:44)\n    at performSyncWorkOnRoot (webpack-internal:///(app-pages-browser)/./node_modules/next/dist/compiled/react-dom/cjs/react-dom-client.development.js:15970:7)\n    at flushSyncWorkAcrossRoots_impl (webpack-internal:///(app-pages-browser)/./node_modules/next/dist/compiled/react-dom/cjs/react-dom-client.development.js:15830:21)\n    at commitRootImpl (webpack-internal:///(app-pages-browser)/./node_modules/next/dist/compiled/react-dom/cjs/react-dom-client.development.js:15422:7)\n    at commitRoot (webpack-internal:///(app-pages-browser)/./node_modules/next/dist/compiled/react-dom/cjs/react-dom-client.development.js:15273:11)\n    at commitRootWhenReady (webpack-internal:///(app-pages-browser)/./node_modules/next/dist/compiled/react-dom/cjs/react-dom-client.development.js:14584:7)\n    at performWorkOnRoot (webpack-internal:///(app-pages-browser)/./node_modules/next/dist/compiled/react-dom/cjs/react-dom-client.development.js:14505:15)\n    at performWorkOnRootViaSchedulerTask (webpack-internal:///(app-pages-browser)/./node_modules/next/dist/compiled/react-dom/cjs/react-dom-client.development.js:15955:7)\n    at MessagePort.performWorkUntilDeadline (webpack-internal:///(app-pages-browser)/./node_modules/next/dist/compiled/scheduler/cjs/scheduler.development.js:44:48)",
  "location": "global-error-boundary",
  "errorType": "unhandled-error"
}
[2025-03-14T18:43:08.422Z] FRONTEND:CLIENT - ERROR: Client Error: Cannot read properties of undefined (reading '0')
  Details: {
  "stack": "TypeError: Cannot read properties of undefined (reading '0')\n    at SalesLayout (webpack-internal:///(app-pages-browser)/./src/components/layouts/sales-layout/sales-layout.tsx:315:68)\n    at react-stack-bottom-frame (webpack-internal:///(app-pages-browser)/./node_modules/next/dist/compiled/react-dom/cjs/react-dom-client.development.js:23610:20)\n    at renderWithHooks (webpack-internal:///(app-pages-browser)/./node_modules/next/dist/compiled/react-dom/cjs/react-dom-client.development.js:4646:22)\n    at updateFunctionComponent (webpack-internal:///(app-pages-browser)/./node_modules/next/dist/compiled/react-dom/cjs/react-dom-client.development.js:8032:19)\n    at beginWork (webpack-internal:///(app-pages-browser)/./node_modules/next/dist/compiled/react-dom/cjs/react-dom-client.development.js:9638:35)\n    at runWithFiberInDEV (webpack-internal:///(app-pages-browser)/./node_modules/next/dist/compiled/react-dom/cjs/react-dom-client.development.js:544:16)\n    at performUnitOfWork (webpack-internal:///(app-pages-browser)/./node_modules/next/dist/compiled/react-dom/cjs/react-dom-client.development.js:15064:22)\n    at workLoopSync (webpack-internal:///(app-pages-browser)/./node_modules/next/dist/compiled/react-dom/cjs/react-dom-client.development.js:14888:41)\n    at renderRootSync (webpack-internal:///(app-pages-browser)/./node_modules/next/dist/compiled/react-dom/cjs/react-dom-client.development.js:14868:11)\n    at performWorkOnRoot (webpack-internal:///(app-pages-browser)/./node_modules/next/dist/compiled/react-dom/cjs/react-dom-client.development.js:14394:44)\n    at performSyncWorkOnRoot (webpack-internal:///(app-pages-browser)/./node_modules/next/dist/compiled/react-dom/cjs/react-dom-client.development.js:15970:7)\n    at flushSyncWorkAcrossRoots_impl (webpack-internal:///(app-pages-browser)/./node_modules/next/dist/compiled/react-dom/cjs/react-dom-client.development.js:15830:21)\n    at commitRootImpl (webpack-internal:///(app-pages-browser)/./node_modules/next/dist/compiled/react-dom/cjs/react-dom-client.development.js:15422:7)\n    at commitRoot (webpack-internal:///(app-pages-browser)/./node_modules/next/dist/compiled/react-dom/cjs/react-dom-client.development.js:15273:11)\n    at commitRootWhenReady (webpack-internal:///(app-pages-browser)/./node_modules/next/dist/compiled/react-dom/cjs/react-dom-client.development.js:14584:7)\n    at performWorkOnRoot (webpack-internal:///(app-pages-browser)/./node_modules/next/dist/compiled/react-dom/cjs/react-dom-client.development.js:14505:15)\n    at performWorkOnRootViaSchedulerTask (webpack-internal:///(app-pages-browser)/./node_modules/next/dist/compiled/react-dom/cjs/react-dom-client.development.js:15955:7)\n    at MessagePort.performWorkUntilDeadline (webpack-internal:///(app-pages-browser)/./node_modules/next/dist/compiled/scheduler/cjs/scheduler.development.js:44:48)",
  "location": "global-error-boundary",
  "errorType": "unhandled-error"
}
[2025-03-14T18:45:28.083Z] FRONTEND:AUTH - DEBUG: Auth Flow - Initial Auth State Check
  Details: {
  "timestamp": "2025-03-14T18:45:28.083Z",
  "has_token": false,
  "has_user": false
}
[2025-03-14T18:45:28.131Z] FRONTEND:CLIENT - ERROR: Client Error: Cannot read properties of undefined (reading '0')
  Details: {
  "stack": "TypeError: Cannot read properties of undefined (reading '0')\n    at SalesLayout (webpack-internal:///(app-pages-browser)/./src/components/layouts/sales-layout/sales-layout.tsx:315:68)\n    at react-stack-bottom-frame (webpack-internal:///(app-pages-browser)/./node_modules/next/dist/compiled/react-dom/cjs/react-dom-client.development.js:23610:20)\n    at renderWithHooks (webpack-internal:///(app-pages-browser)/./node_modules/next/dist/compiled/react-dom/cjs/react-dom-client.development.js:4646:22)\n    at updateFunctionComponent (webpack-internal:///(app-pages-browser)/./node_modules/next/dist/compiled/react-dom/cjs/react-dom-client.development.js:8032:19)\n    at beginWork (webpack-internal:///(app-pages-browser)/./node_modules/next/dist/compiled/react-dom/cjs/react-dom-client.development.js:9638:35)\n    at runWithFiberInDEV (webpack-internal:///(app-pages-browser)/./node_modules/next/dist/compiled/react-dom/cjs/react-dom-client.development.js:544:16)\n    at performUnitOfWork (webpack-internal:///(app-pages-browser)/./node_modules/next/dist/compiled/react-dom/cjs/react-dom-client.development.js:15064:22)\n    at workLoopSync (webpack-internal:///(app-pages-browser)/./node_modules/next/dist/compiled/react-dom/cjs/react-dom-client.development.js:14888:41)\n    at renderRootSync (webpack-internal:///(app-pages-browser)/./node_modules/next/dist/compiled/react-dom/cjs/react-dom-client.development.js:14868:11)\n    at performWorkOnRoot (webpack-internal:///(app-pages-browser)/./node_modules/next/dist/compiled/react-dom/cjs/react-dom-client.development.js:14394:44)\n    at performSyncWorkOnRoot (webpack-internal:///(app-pages-browser)/./node_modules/next/dist/compiled/react-dom/cjs/react-dom-client.development.js:15970:7)\n    at flushSyncWorkAcrossRoots_impl (webpack-internal:///(app-pages-browser)/./node_modules/next/dist/compiled/react-dom/cjs/react-dom-client.development.js:15830:21)\n    at commitRootImpl (webpack-internal:///(app-pages-browser)/./node_modules/next/dist/compiled/react-dom/cjs/react-dom-client.development.js:15422:7)\n    at commitRoot (webpack-internal:///(app-pages-browser)/./node_modules/next/dist/compiled/react-dom/cjs/react-dom-client.development.js:15273:11)\n    at commitRootWhenReady (webpack-internal:///(app-pages-browser)/./node_modules/next/dist/compiled/react-dom/cjs/react-dom-client.development.js:14584:7)\n    at performWorkOnRoot (webpack-internal:///(app-pages-browser)/./node_modules/next/dist/compiled/react-dom/cjs/react-dom-client.development.js:14505:15)\n    at performWorkOnRootViaSchedulerTask (webpack-internal:///(app-pages-browser)/./node_modules/next/dist/compiled/react-dom/cjs/react-dom-client.development.js:15955:7)\n    at MessagePort.performWorkUntilDeadline (webpack-internal:///(app-pages-browser)/./node_modules/next/dist/compiled/scheduler/cjs/scheduler.development.js:44:48)",
  "location": "global-error-boundary",
  "errorType": "unhandled-error"
}
[2025-03-14T18:45:28.133Z] FRONTEND:CLIENT - ERROR: Client Error: Cannot read properties of undefined (reading '0')
  Details: {
  "stack": "TypeError: Cannot read properties of undefined (reading '0')\n    at SalesLayout (webpack-internal:///(app-pages-browser)/./src/components/layouts/sales-layout/sales-layout.tsx:315:68)\n    at react-stack-bottom-frame (webpack-internal:///(app-pages-browser)/./node_modules/next/dist/compiled/react-dom/cjs/react-dom-client.development.js:23610:20)\n    at renderWithHooks (webpack-internal:///(app-pages-browser)/./node_modules/next/dist/compiled/react-dom/cjs/react-dom-client.development.js:4646:22)\n    at updateFunctionComponent (webpack-internal:///(app-pages-browser)/./node_modules/next/dist/compiled/react-dom/cjs/react-dom-client.development.js:8032:19)\n    at beginWork (webpack-internal:///(app-pages-browser)/./node_modules/next/dist/compiled/react-dom/cjs/react-dom-client.development.js:9638:35)\n    at runWithFiberInDEV (webpack-internal:///(app-pages-browser)/./node_modules/next/dist/compiled/react-dom/cjs/react-dom-client.development.js:544:16)\n    at performUnitOfWork (webpack-internal:///(app-pages-browser)/./node_modules/next/dist/compiled/react-dom/cjs/react-dom-client.development.js:15064:22)\n    at workLoopSync (webpack-internal:///(app-pages-browser)/./node_modules/next/dist/compiled/react-dom/cjs/react-dom-client.development.js:14888:41)\n    at renderRootSync (webpack-internal:///(app-pages-browser)/./node_modules/next/dist/compiled/react-dom/cjs/react-dom-client.development.js:14868:11)\n    at performWorkOnRoot (webpack-internal:///(app-pages-browser)/./node_modules/next/dist/compiled/react-dom/cjs/react-dom-client.development.js:14394:44)\n    at performSyncWorkOnRoot (webpack-internal:///(app-pages-browser)/./node_modules/next/dist/compiled/react-dom/cjs/react-dom-client.development.js:15970:7)\n    at flushSyncWorkAcrossRoots_impl (webpack-internal:///(app-pages-browser)/./node_modules/next/dist/compiled/react-dom/cjs/react-dom-client.development.js:15830:21)\n    at commitRootImpl (webpack-internal:///(app-pages-browser)/./node_modules/next/dist/compiled/react-dom/cjs/react-dom-client.development.js:15422:7)\n    at commitRoot (webpack-internal:///(app-pages-browser)/./node_modules/next/dist/compiled/react-dom/cjs/react-dom-client.development.js:15273:11)\n    at commitRootWhenReady (webpack-internal:///(app-pages-browser)/./node_modules/next/dist/compiled/react-dom/cjs/react-dom-client.development.js:14584:7)\n    at performWorkOnRoot (webpack-internal:///(app-pages-browser)/./node_modules/next/dist/compiled/react-dom/cjs/react-dom-client.development.js:14505:15)\n    at performWorkOnRootViaSchedulerTask (webpack-internal:///(app-pages-browser)/./node_modules/next/dist/compiled/react-dom/cjs/react-dom-client.development.js:15955:7)\n    at MessagePort.performWorkUntilDeadline (webpack-internal:///(app-pages-browser)/./node_modules/next/dist/compiled/scheduler/cjs/scheduler.development.js:44:48)",
  "location": "global-error-boundary",
  "errorType": "unhandled-error"
}
[2025-03-14T18:47:00.970Z] FRONTEND:CS2 - DEBUG: SalesNavbar component mounted
  Details: {
  "category_count": 17,
  "path": "/sales-2"
}
[2025-03-14T18:47:00.970Z] FRONTEND:CS2 - INFO: Rendered 1 products in ProductList
  Details: {
  "productCount": 1,
  "productIds": [
    "cs2-butterfly-doppler-factory-new"
  ]
}
[2025-03-14T18:47:00.971Z] FRONTEND:CS2 - INFO: SalesTwoPageView mounted with 1 products
  Details: {
  "page": 1,
  "pageSize": 20,
  "totalProducts": 1,
  "productIds": [
    "cs2-butterfly-doppler-factory-new"
  ]
}
[2025-03-14T18:47:00.971Z] FRONTEND:CS2 - INFO: SalesLayout component mounted
  Details: {
  "has_sticky_header": true,
  "has_navbar_component": true
}
[2025-03-14T18:47:00.846Z] FRONTEND:AUTH - DEBUG: Auth Flow - Initial Auth State Check
  Details: {
  "timestamp": "2025-03-14T18:47:00.846Z",
  "has_token": false,
  "has_user": false
}
[2025-03-14T18:47:15.271Z] FRONTEND:AUTH - DEBUG: Auth Flow - Initial Auth State Check
  Details: {
  "timestamp": "2025-03-14T18:47:15.270Z",
  "has_token": false,
  "has_user": false
}
[2025-03-14T18:47:15.393Z] FRONTEND:CS2 - DEBUG: SalesNavbar component mounted
  Details: {
  "category_count": 17,
  "path": "/sales-2"
}
[2025-03-14T18:47:15.394Z] FRONTEND:CS2 - INFO: Rendered 5 products in ProductList
  Details: {
  "productCount": 5,
  "productIds": [
    "cs2-awp-crakow-minimal-wear",
    "cs2-ak47-asiimov-factory-new",
    "cs2-m4a4-howl-field-tested",
    "cs2-deagle-printstream-minimal-wear",
    "cs2-butterfly-doppler-factory-new"
  ]
}
[2025-03-14T18:47:15.394Z] FRONTEND:CS2 - INFO: SalesTwoPageView mounted with 5 products
  Details: {
  "page": 1,
  "pageSize": 20,
  "totalProducts": 5,
  "productIds": [
    "cs2-awp-crakow-minimal-wear",
    "cs2-ak47-asiimov-factory-new",
    "cs2-m4a4-howl-field-tested",
    "cs2-deagle-printstream-minimal-wear",
    "cs2-butterfly-doppler-factory-new"
  ]
}
[2025-03-14T18:47:15.395Z] FRONTEND:CS2 - INFO: SalesLayout component mounted
  Details: {
  "has_sticky_header": true,
  "has_navbar_component": true
}
[2025-03-14T18:47:55.591Z] FRONTEND:AUTH - DEBUG: Auth Flow - Initial Auth State Check
  Details: {
  "timestamp": "2025-03-14T18:47:55.591Z",
  "has_token": false,
  "has_user": false
}
[2025-03-14T18:47:56.825Z] FRONTEND:AUTH - DEBUG: Auth Flow - HeaderConnect Render
  Details: {
  "timestamp": "2025-03-14T18:47:56.825Z",
  "is_connected": false,
  "is_authenticated": false,
  "is_authenticating": false
}
[2025-03-14T18:47:56.826Z] FRONTEND:AUTH - DEBUG: Auth Flow - HeaderConnect Render
  Details: {
  "timestamp": "2025-03-14T18:47:56.826Z",
  "is_connected": false,
  "is_authenticated": false,
  "is_authenticating": false
}
[2025-03-14T18:47:56.993Z] FRONTEND:AUTH - DEBUG: Auth Flow - Auth state updated
  Details: {
  "timestamp": "2025-03-14T18:47:56.993Z",
  "is_connected": false,
  "is_authenticated": false,
  "is_authenticating": false,
  "initial_check_done": false,
  "needs_reauthentication": false,
  "last_authenticated_address": null
}
[2025-03-14T18:47:57.073Z] FRONTEND:AUTH - DEBUG: Auth Flow - HeaderConnect Render
  Details: {
  "timestamp": "2025-03-14T18:47:57.072Z",
  "is_connected": false,
  "is_authenticated": false,
  "is_authenticating": false
}
[2025-03-14T18:47:57.074Z] FRONTEND:AUTH - DEBUG: Auth Flow - HeaderConnect Render
  Details: {
  "timestamp": "2025-03-14T18:47:57.074Z",
  "is_connected": false,
  "is_authenticated": false,
  "is_authenticating": false
}
[2025-03-14T18:47:57.117Z] FRONTEND:AUTH - DEBUG: Auth Flow - Auth state updated
  Details: {
  "timestamp": "2025-03-14T18:47:57.117Z",
  "is_connected": false,
  "is_authenticated": false,
  "is_authenticating": false,
  "initial_check_done": false,
  "needs_reauthentication": false,
  "last_authenticated_address": null
}
[2025-03-14T18:47:57.122Z] FRONTEND:AUTH - DEBUG: Auth Flow - Auth state updated
  Details: {
  "timestamp": "2025-03-14T18:47:57.122Z",
  "is_connected": false,
  "is_authenticated": false,
  "is_authenticating": false,
  "initial_check_done": false,
  "needs_reauthentication": false,
  "last_authenticated_address": null
}
[2025-03-14T18:48:04.492Z] FRONTEND:AUTH - DEBUG: Auth Flow - Initial Auth State Check
  Details: {
  "timestamp": "2025-03-14T18:48:04.492Z",
  "has_token": false,
  "has_user": false
}
[2025-03-14T18:48:04.621Z] FRONTEND:AUTH - DEBUG: Auth Flow - HeaderConnect Render
  Details: {
  "timestamp": "2025-03-14T18:48:04.621Z",
  "is_connected": false,
  "is_authenticated": false,
  "is_authenticating": false
}
[2025-03-14T18:48:04.621Z] FRONTEND:AUTH - DEBUG: Auth Flow - HeaderConnect Render
  Details: {
  "timestamp": "2025-03-14T18:48:04.621Z",
  "is_connected": false,
  "is_authenticated": false,
  "is_authenticating": false
}
[2025-03-14T18:48:04.665Z] FRONTEND:AUTH - DEBUG: Auth Flow - Auth state updated
  Details: {
  "timestamp": "2025-03-14T18:48:04.665Z",
  "is_connected": false,
  "is_authenticated": false,
  "is_authenticating": false,
  "initial_check_done": false,
  "needs_reauthentication": false,
  "last_authenticated_address": null
}
[2025-03-14T18:48:04.705Z] FRONTEND:AUTH - DEBUG: Auth Flow - HeaderConnect Render
  Details: {
  "timestamp": "2025-03-14T18:48:04.705Z",
  "is_connected": false,
  "is_authenticated": false,
  "is_authenticating": false
}
[2025-03-14T18:48:04.706Z] FRONTEND:AUTH - DEBUG: Auth Flow - HeaderConnect Render
  Details: {
  "timestamp": "2025-03-14T18:48:04.706Z",
  "is_connected": false,
  "is_authenticated": false,
  "is_authenticating": false
}
[2025-03-14T18:48:04.736Z] FRONTEND:AUTH - DEBUG: Auth Flow - Auth state updated
  Details: {
  "timestamp": "2025-03-14T18:48:04.736Z",
  "is_connected": false,
  "is_authenticated": false,
  "is_authenticating": false,
  "initial_check_done": false,
  "needs_reauthentication": false,
  "last_authenticated_address": null
}
[2025-03-14T18:48:04.741Z] FRONTEND:AUTH - DEBUG: Auth Flow - Auth state updated
  Details: {
  "timestamp": "2025-03-14T18:48:04.741Z",
  "is_connected": false,
  "is_authenticated": false,
  "is_authenticating": false,
  "initial_check_done": false,
  "needs_reauthentication": false,
  "last_authenticated_address": null
}
[2025-03-14T18:55:22.865Z] FRONTEND:AUTH - DEBUG: Auth Flow - HeaderConnect Render
  Details: {
  "timestamp": "2025-03-14T18:55:22.865Z",
  "is_connected": false,
  "is_authenticated": false,
  "is_authenticating": false
}
[2025-03-14T18:55:22.865Z] FRONTEND:AUTH - DEBUG: Auth Flow - HeaderConnect Render
  Details: {
  "timestamp": "2025-03-14T18:55:22.865Z",
  "is_connected": false,
  "is_authenticated": false,
  "is_authenticating": false
}
[2025-03-14T18:55:22.954Z] FRONTEND:AUTH - DEBUG: Auth Flow - Auth state updated
  Details: {
  "timestamp": "2025-03-14T18:55:22.954Z",
  "is_connected": false,
  "is_authenticated": false,
  "is_authenticating": false,
  "initial_check_done": false,
  "needs_reauthentication": false,
  "last_authenticated_address": null
}
[2025-03-14T18:55:22.623Z] FRONTEND:AUTH - DEBUG: Auth Flow - Initial Auth State Check
  Details: {
  "timestamp": "2025-03-14T18:55:22.623Z",
  "has_token": false,
  "has_user": false
}
[2025-03-14T18:55:23.011Z] FRONTEND:AUTH - DEBUG: Auth Flow - HeaderConnect Render
  Details: {
  "timestamp": "2025-03-14T18:55:23.011Z",
  "is_connected": false,
  "is_authenticated": false,
  "is_authenticating": false
}
[2025-03-14T18:55:23.012Z] FRONTEND:AUTH - DEBUG: Auth Flow - HeaderConnect Render
  Details: {
  "timestamp": "2025-03-14T18:55:23.012Z",
  "is_connected": false,
  "is_authenticated": false,
  "is_authenticating": false
}
[2025-03-14T18:55:23.048Z] FRONTEND:AUTH - DEBUG: Auth Flow - Auth state updated
  Details: {
  "timestamp": "2025-03-14T18:55:23.048Z",
  "is_connected": false,
  "is_authenticated": false,
  "is_authenticating": false,
  "initial_check_done": false,
  "needs_reauthentication": false,
  "last_authenticated_address": null
}
[2025-03-14T18:55:23.053Z] FRONTEND:AUTH - DEBUG: Auth Flow - Auth state updated
  Details: {
  "timestamp": "2025-03-14T18:55:23.053Z",
  "is_connected": false,
  "is_authenticated": false,
  "is_authenticating": false,
  "initial_check_done": false,
  "needs_reauthentication": false,
  "last_authenticated_address": null
}
[2025-03-14T18:56:22.499Z] FRONTEND:AUTH - DEBUG: Auth Flow - Initial Auth State Check
  Details: {
  "timestamp": "2025-03-14T18:56:22.499Z",
  "has_token": false,
  "has_user": false
}
[2025-03-14T18:56:22.683Z] FRONTEND:AUTH - DEBUG: Auth Flow - HeaderConnect Render
  Details: {
  "timestamp": "2025-03-14T18:56:22.683Z",
  "is_connected": false,
  "is_authenticated": false,
  "is_authenticating": false
}
[2025-03-14T18:56:22.683Z] FRONTEND:AUTH - DEBUG: Auth Flow - HeaderConnect Render
  Details: {
  "timestamp": "2025-03-14T18:56:22.683Z",
  "is_connected": false,
  "is_authenticated": false,
  "is_authenticating": false
}
[2025-03-14T18:56:22.737Z] FRONTEND:AUTH - DEBUG: Auth Flow - Auth state updated
  Details: {
  "timestamp": "2025-03-14T18:56:22.737Z",
  "is_connected": false,
  "is_authenticated": false,
  "is_authenticating": false,
  "initial_check_done": false,
  "needs_reauthentication": false,
  "last_authenticated_address": null
}
[2025-03-14T18:56:22.778Z] FRONTEND:AUTH - DEBUG: Auth Flow - HeaderConnect Render
  Details: {
  "timestamp": "2025-03-14T18:56:22.778Z",
  "is_connected": false,
  "is_authenticated": false,
  "is_authenticating": false
}
[2025-03-14T18:56:22.779Z] FRONTEND:AUTH - DEBUG: Auth Flow - HeaderConnect Render
  Details: {
  "timestamp": "2025-03-14T18:56:22.779Z",
  "is_connected": false,
  "is_authenticated": false,
  "is_authenticating": false
}
[2025-03-14T18:56:22.811Z] FRONTEND:AUTH - DEBUG: Auth Flow - Auth state updated
  Details: {
  "timestamp": "2025-03-14T18:56:22.811Z",
  "is_connected": false,
  "is_authenticated": false,
  "is_authenticating": false,
  "initial_check_done": false,
  "needs_reauthentication": false,
  "last_authenticated_address": null
}
[2025-03-14T18:56:22.816Z] FRONTEND:AUTH - DEBUG: Auth Flow - Auth state updated
  Details: {
  "timestamp": "2025-03-14T18:56:22.816Z",
  "is_connected": false,
  "is_authenticated": false,
  "is_authenticating": false,
  "initial_check_done": false,
  "needs_reauthentication": false,
  "last_authenticated_address": null
}
[2025-03-14T18:57:07.332Z] FRONTEND:AUTH - DEBUG: Auth Flow - Initial Auth State Check
  Details: {
  "timestamp": "2025-03-14T18:57:07.332Z",
  "has_token": false,
  "has_user": false
}
[2025-03-14T18:57:07.677Z] FRONTEND:AUTH - DEBUG: Auth Flow - HeaderConnect Render
  Details: {
  "timestamp": "2025-03-14T18:57:07.677Z",
  "is_connected": false,
  "is_authenticated": false,
  "is_authenticating": false
}
[2025-03-14T18:57:07.677Z] FRONTEND:AUTH - DEBUG: Auth Flow - HeaderConnect Render
  Details: {
  "timestamp": "2025-03-14T18:57:07.677Z",
  "is_connected": false,
  "is_authenticated": false,
  "is_authenticating": false
}
[2025-03-14T18:57:07.885Z] FRONTEND:AUTH - DEBUG: Auth Flow - Auth state updated
  Details: {
  "timestamp": "2025-03-14T18:57:07.885Z",
  "is_connected": false,
  "is_authenticated": false,
  "is_authenticating": false,
  "initial_check_done": false,
  "needs_reauthentication": false,
  "last_authenticated_address": null
}
[2025-03-14T18:58:01.029Z] FRONTEND:AUTH - DEBUG: Auth Flow - Initial Auth State Check
  Details: {
  "timestamp": "2025-03-14T18:58:01.029Z",
  "has_token": false,
  "has_user": false
}
[2025-03-14T18:58:01.125Z] FRONTEND:AUTH - DEBUG: Auth Flow - HeaderConnect Render
  Details: {
  "timestamp": "2025-03-14T18:58:01.125Z",
  "is_connected": false,
  "is_authenticated": false,
  "is_authenticating": false
}
[2025-03-14T18:58:01.126Z] FRONTEND:AUTH - DEBUG: Auth Flow - HeaderConnect Render
  Details: {
  "timestamp": "2025-03-14T18:58:01.126Z",
  "is_connected": false,
  "is_authenticated": false,
  "is_authenticating": false
}
[2025-03-14T18:58:01.206Z] FRONTEND:AUTH - DEBUG: Auth Flow - Auth state updated
  Details: {
  "timestamp": "2025-03-14T18:58:01.206Z",
  "is_connected": false,
  "is_authenticated": false,
  "is_authenticating": false,
  "initial_check_done": false,
  "needs_reauthentication": false,
  "last_authenticated_address": null
}
[2025-03-14T18:58:01.220Z] FRONTEND:AUTH - DEBUG: Auth Flow - HeaderConnect Render
  Details: {
  "timestamp": "2025-03-14T18:58:01.220Z",
  "is_connected": false,
  "is_authenticated": false,
  "is_authenticating": false
}
[2025-03-14T18:58:01.221Z] FRONTEND:AUTH - DEBUG: Auth Flow - HeaderConnect Render
  Details: {
  "timestamp": "2025-03-14T18:58:01.221Z",
  "is_connected": false,
  "is_authenticated": false,
  "is_authenticating": false
}
[2025-03-14T18:58:01.299Z] FRONTEND:AUTH - DEBUG: Auth Flow - HeaderConnect Render
  Details: {
  "timestamp": "2025-03-14T18:58:01.299Z",
  "is_connected": false,
  "is_authenticated": false,
  "is_authenticating": false
}
[2025-03-14T18:58:01.300Z] FRONTEND:AUTH - DEBUG: Auth Flow - HeaderConnect Render
  Details: {
  "timestamp": "2025-03-14T18:58:01.300Z",
  "is_connected": false,
  "is_authenticated": false,
  "is_authenticating": false
}
[2025-03-14T18:58:01.351Z] FRONTEND:AUTH - DEBUG: Auth Flow - Auth state updated
  Details: {
  "timestamp": "2025-03-14T18:58:01.351Z",
  "is_connected": false,
  "is_authenticated": false,
  "is_authenticating": false,
  "initial_check_done": false,
  "needs_reauthentication": false,
  "last_authenticated_address": null
}
[2025-03-14T18:58:01.387Z] FRONTEND:AUTH - DEBUG: Auth Flow - Auth state updated
  Details: {
  "timestamp": "2025-03-14T18:58:01.387Z",
  "is_connected": false,
  "is_authenticated": false,
  "is_authenticating": false,
  "initial_check_done": false,
  "needs_reauthentication": false,
  "last_authenticated_address": null
}
[2025-03-14T19:00:58.127Z] FRONTEND:AUTH - DEBUG: Auth Flow - Initial Auth State Check
  Details: {
  "timestamp": "2025-03-14T19:00:58.127Z",
  "has_token": false,
  "has_user": false
}
[2025-03-14T19:00:58.370Z] FRONTEND:AUTH - DEBUG: Auth Flow - HeaderConnect Render
  Details: {
  "timestamp": "2025-03-14T19:00:58.370Z",
  "is_connected": false,
  "is_authenticated": false,
  "is_authenticating": false
}
[2025-03-14T19:00:58.370Z] FRONTEND:AUTH - DEBUG: Auth Flow - HeaderConnect Render
  Details: {
  "timestamp": "2025-03-14T19:00:58.370Z",
  "is_connected": false,
  "is_authenticated": false,
  "is_authenticating": false
}
[2025-03-14T19:00:58.415Z] FRONTEND:AUTH - DEBUG: Auth Flow - Auth state updated
  Details: {
  "timestamp": "2025-03-14T19:00:58.415Z",
  "is_connected": false,
  "is_authenticated": false,
  "is_authenticating": false,
  "initial_check_done": false,
  "needs_reauthentication": false,
  "last_authenticated_address": null
}
[2025-03-14T19:00:58.450Z] FRONTEND:AUTH - DEBUG: Auth Flow - HeaderConnect Render
  Details: {
  "timestamp": "2025-03-14T19:00:58.450Z",
  "is_connected": false,
  "is_authenticated": false,
  "is_authenticating": false
}
[2025-03-14T19:00:58.451Z] FRONTEND:AUTH - DEBUG: Auth Flow - HeaderConnect Render
  Details: {
  "timestamp": "2025-03-14T19:00:58.451Z",
  "is_connected": false,
  "is_authenticated": false,
  "is_authenticating": false
}
[2025-03-14T19:00:58.538Z] FRONTEND:AUTH - DEBUG: Auth Flow - Auth state updated
  Details: {
  "timestamp": "2025-03-14T19:00:58.538Z",
  "is_connected": false,
  "is_authenticated": false,
  "is_authenticating": false,
  "initial_check_done": false,
  "needs_reauthentication": false,
  "last_authenticated_address": null
}
[2025-03-14T19:00:58.544Z] FRONTEND:AUTH - DEBUG: Auth Flow - Auth state updated
  Details: {
  "timestamp": "2025-03-14T19:00:58.544Z",
  "is_connected": false,
  "is_authenticated": false,
  "is_authenticating": false,
  "initial_check_done": false,
  "needs_reauthentication": false,
  "last_authenticated_address": null
}
[2025-03-14T19:01:35.120Z] FRONTEND:AUTH - DEBUG: Auth Flow - Initial Auth State Check
  Details: {
  "timestamp": "2025-03-14T19:01:35.119Z",
  "has_token": false,
  "has_user": false
}
[2025-03-14T19:01:35.280Z] FRONTEND:AUTH - DEBUG: Auth Flow - HeaderConnect Render
  Details: {
  "timestamp": "2025-03-14T19:01:35.280Z",
  "is_connected": false,
  "is_authenticated": false,
  "is_authenticating": false
}
[2025-03-14T19:01:35.280Z] FRONTEND:AUTH - DEBUG: Auth Flow - HeaderConnect Render
  Details: {
  "timestamp": "2025-03-14T19:01:35.280Z",
  "is_connected": false,
  "is_authenticated": false,
  "is_authenticating": false
}
[2025-03-14T19:01:35.328Z] FRONTEND:AUTH - DEBUG: Auth Flow - Auth state updated
  Details: {
  "timestamp": "2025-03-14T19:01:35.328Z",
  "is_connected": false,
  "is_authenticated": false,
  "is_authenticating": false,
  "initial_check_done": false,
  "needs_reauthentication": false,
  "last_authenticated_address": null
}
[2025-03-14T19:01:35.367Z] FRONTEND:AUTH - DEBUG: Auth Flow - HeaderConnect Render
  Details: {
  "timestamp": "2025-03-14T19:01:35.367Z",
  "is_connected": false,
  "is_authenticated": false,
  "is_authenticating": false
}
[2025-03-14T19:01:35.368Z] FRONTEND:AUTH - DEBUG: Auth Flow - HeaderConnect Render
  Details: {
  "timestamp": "2025-03-14T19:01:35.368Z",
  "is_connected": false,
  "is_authenticated": false,
  "is_authenticating": false
}
[2025-03-14T19:01:35.392Z] FRONTEND:AUTH - DEBUG: Auth Flow - Auth state updated
  Details: {
  "timestamp": "2025-03-14T19:01:35.392Z",
  "is_connected": false,
  "is_authenticated": false,
  "is_authenticating": false,
  "initial_check_done": false,
  "needs_reauthentication": false,
  "last_authenticated_address": null
}
[2025-03-14T19:01:35.400Z] FRONTEND:AUTH - DEBUG: Auth Flow - Auth state updated
  Details: {
  "timestamp": "2025-03-14T19:01:35.400Z",
  "is_connected": false,
  "is_authenticated": false,
  "is_authenticating": false,
  "initial_check_done": false,
  "needs_reauthentication": false,
  "last_authenticated_address": null
}
[2025-03-14T19:04:00.335Z] FRONTEND:AUTH - DEBUG: Auth Flow - Initial Auth State Check
  Details: {
  "timestamp": "2025-03-14T19:04:00.335Z",
  "has_token": false,
  "has_user": false
}
[2025-03-14T19:04:00.467Z] FRONTEND:AUTH - DEBUG: Auth Flow - HeaderConnect Render
  Details: {
  "timestamp": "2025-03-14T19:04:00.467Z",
  "is_connected": false,
  "is_authenticated": false,
  "is_authenticating": false
}
[2025-03-14T19:04:00.468Z] FRONTEND:AUTH - DEBUG: Auth Flow - HeaderConnect Render
  Details: {
  "timestamp": "2025-03-14T19:04:00.468Z",
  "is_connected": false,
  "is_authenticated": false,
  "is_authenticating": false
}
[2025-03-14T19:04:00.578Z] FRONTEND:AUTH - DEBUG: Auth Flow - Auth state updated
  Details: {
  "timestamp": "2025-03-14T19:04:00.578Z",
  "is_connected": false,
  "is_authenticated": false,
  "is_authenticating": false,
  "initial_check_done": false,
  "needs_reauthentication": false,
  "last_authenticated_address": null
}
[2025-03-14T19:04:00.586Z] FRONTEND:AUTH - DEBUG: Auth Flow - HeaderConnect Render
  Details: {
  "timestamp": "2025-03-14T19:04:00.586Z",
  "is_connected": false,
  "is_authenticated": false,
  "is_authenticating": false
}
[2025-03-14T19:04:00.587Z] FRONTEND:AUTH - DEBUG: Auth Flow - HeaderConnect Render
  Details: {
  "timestamp": "2025-03-14T19:04:00.587Z",
  "is_connected": false,
  "is_authenticated": false,
  "is_authenticating": false
}
[2025-03-14T19:04:00.684Z] FRONTEND:AUTH - DEBUG: Auth Flow - HeaderConnect Render
  Details: {
  "timestamp": "2025-03-14T19:04:00.684Z",
  "is_connected": false,
  "is_authenticated": false,
  "is_authenticating": false
}
[2025-03-14T19:04:00.685Z] FRONTEND:AUTH - DEBUG: Auth Flow - HeaderConnect Render
  Details: {
  "timestamp": "2025-03-14T19:04:00.685Z",
  "is_connected": false,
  "is_authenticated": false,
  "is_authenticating": false
}
[2025-03-14T19:04:00.750Z] FRONTEND:AUTH - DEBUG: Auth Flow - Auth state updated
  Details: {
  "timestamp": "2025-03-14T19:04:00.750Z",
  "is_connected": false,
  "is_authenticated": false,
  "is_authenticating": false,
  "initial_check_done": false,
  "needs_reauthentication": false,
  "last_authenticated_address": null
}
[2025-03-14T19:04:00.792Z] FRONTEND:AUTH - DEBUG: Auth Flow - Auth state updated
  Details: {
  "timestamp": "2025-03-14T19:04:00.792Z",
  "is_connected": false,
  "is_authenticated": false,
  "is_authenticating": false,
  "initial_check_done": false,
  "needs_reauthentication": false,
  "last_authenticated_address": null
}
[2025-03-14T19:08:02.145Z] FRONTEND:AUTH - DEBUG: Auth Flow - Initial Auth State Check
  Details: {
  "timestamp": "2025-03-14T19:08:02.145Z",
  "has_token": false,
  "has_user": false
}
[2025-03-14T19:08:02.268Z] FRONTEND:AUTH - DEBUG: Auth Flow - HeaderConnect Render
  Details: {
  "timestamp": "2025-03-14T19:08:02.268Z",
  "is_connected": false,
  "is_authenticated": false,
  "is_authenticating": false
}
[2025-03-14T19:08:02.269Z] FRONTEND:AUTH - DEBUG: Auth Flow - HeaderConnect Render
  Details: {
  "timestamp": "2025-03-14T19:08:02.269Z",
  "is_connected": false,
  "is_authenticated": false,
  "is_authenticating": false
}
[2025-03-14T19:08:02.370Z] FRONTEND:AUTH - DEBUG: Auth Flow - Auth state updated
  Details: {
  "timestamp": "2025-03-14T19:08:02.370Z",
  "is_connected": false,
  "is_authenticated": false,
  "is_authenticating": false,
  "initial_check_done": false,
  "needs_reauthentication": false,
  "last_authenticated_address": null
}
[2025-03-14T19:08:02.380Z] FRONTEND:AUTH - DEBUG: Auth Flow - HeaderConnect Render
  Details: {
  "timestamp": "2025-03-14T19:08:02.380Z",
  "is_connected": false,
  "is_authenticated": false,
  "is_authenticating": false
}
[2025-03-14T19:08:02.379Z] FRONTEND:AUTH - DEBUG: Auth Flow - HeaderConnect Render
  Details: {
  "timestamp": "2025-03-14T19:08:02.379Z",
  "is_connected": false,
  "is_authenticated": false,
  "is_authenticating": false
}
[2025-03-14T19:08:02.451Z] FRONTEND:AUTH - DEBUG: Auth Flow - HeaderConnect Render
  Details: {
  "timestamp": "2025-03-14T19:08:02.451Z",
  "is_connected": false,
  "is_authenticated": false,
  "is_authenticating": false
}
[2025-03-14T19:08:02.452Z] FRONTEND:AUTH - DEBUG: Auth Flow - HeaderConnect Render
  Details: {
  "timestamp": "2025-03-14T19:08:02.452Z",
  "is_connected": false,
  "is_authenticated": false,
  "is_authenticating": false
}
[2025-03-14T19:08:02.490Z] FRONTEND:AUTH - DEBUG: Auth Flow - Auth state updated
  Details: {
  "timestamp": "2025-03-14T19:08:02.490Z",
  "is_connected": false,
  "is_authenticated": false,
  "is_authenticating": false,
  "initial_check_done": false,
  "needs_reauthentication": false,
  "last_authenticated_address": null
}
[2025-03-14T19:08:02.548Z] FRONTEND:AUTH - DEBUG: Auth Flow - Auth state updated
  Details: {
  "timestamp": "2025-03-14T19:08:02.548Z",
  "is_connected": false,
  "is_authenticated": false,
  "is_authenticating": false,
  "initial_check_done": false,
  "needs_reauthentication": false,
  "last_authenticated_address": null
}
[2025-03-14T19:12:26.036Z] FRONTEND:AUTH - DEBUG: Auth Flow - HeaderConnect Render
  Details: {
  "timestamp": "2025-03-14T19:12:26.036Z",
  "is_connected": false,
  "is_authenticated": false,
  "is_authenticating": false
}
[2025-03-14T19:12:26.146Z] FRONTEND:AUTH - DEBUG: Auth Flow - Auth state updated
  Details: {
  "timestamp": "2025-03-14T19:12:26.146Z",
  "is_connected": false,
  "is_authenticated": false,
  "is_authenticating": false,
  "initial_check_done": false,
  "needs_reauthentication": false,
  "last_authenticated_address": null
}
[2025-03-14T19:12:26.036Z] FRONTEND:AUTH - DEBUG: Auth Flow - HeaderConnect Render
  Details: {
  "timestamp": "2025-03-14T19:12:26.036Z",
  "is_connected": false,
  "is_authenticated": false,
  "is_authenticating": false
}
[2025-03-14T19:12:26.174Z] FRONTEND:AUTH - DEBUG: Auth Flow - Auth state updated
  Details: {
  "timestamp": "2025-03-14T19:12:26.174Z",
  "is_connected": false,
  "is_authenticated": false,
  "is_authenticating": false,
  "initial_check_done": false,
  "needs_reauthentication": false,
  "last_authenticated_address": null
}
[2025-03-14T19:12:26.239Z] FRONTEND:AUTH - DEBUG: Auth Flow - HeaderConnect Render
  Details: {
  "timestamp": "2025-03-14T19:12:26.239Z",
  "is_connected": false,
  "is_authenticated": false,
  "is_authenticating": false
}
[2025-03-14T19:12:26.239Z] FRONTEND:AUTH - DEBUG: Auth Flow - HeaderConnect Render
  Details: {
  "timestamp": "2025-03-14T19:12:26.239Z",
  "is_connected": false,
  "is_authenticated": false,
  "is_authenticating": false
}
[2025-03-14T19:12:26.278Z] FRONTEND:AUTH - DEBUG: Auth Flow - Auth state updated
  Details: {
  "timestamp": "2025-03-14T19:12:26.278Z",
  "is_connected": false,
  "is_authenticated": false,
  "is_authenticating": false,
  "initial_check_done": false,
  "needs_reauthentication": false,
  "last_authenticated_address": null
}
[2025-03-14T19:12:26.282Z] FRONTEND:AUTH - DEBUG: Auth Flow - Auth state updated
  Details: {
  "timestamp": "2025-03-14T19:12:26.282Z",
  "is_connected": false,
  "is_authenticated": false,
  "is_authenticating": false,
  "initial_check_done": false,
  "needs_reauthentication": false,
  "last_authenticated_address": null
}
[2025-03-14T19:12:45.036Z] FRONTEND:AUTH - DEBUG: Auth Flow - HeaderConnect Render
  Details: {
  "timestamp": "2025-03-14T19:12:45.036Z",
  "is_connected": false,
  "is_authenticated": false,
  "is_authenticating": false
}
[2025-03-14T19:12:45.037Z] FRONTEND:AUTH - DEBUG: Auth Flow - HeaderConnect Render
  Details: {
  "timestamp": "2025-03-14T19:12:45.037Z",
  "is_connected": false,
  "is_authenticated": false,
  "is_authenticating": false
}
[2025-03-14T19:12:45.172Z] FRONTEND:AUTH - DEBUG: Auth Flow - Auth state updated
  Details: {
  "timestamp": "2025-03-14T19:12:45.172Z",
  "is_connected": false,
  "is_authenticated": false,
  "is_authenticating": false,
  "initial_check_done": false,
  "needs_reauthentication": false,
  "last_authenticated_address": null
}
[2025-03-14T19:12:45.175Z] FRONTEND:AUTH - DEBUG: Auth Flow - Auth state updated
  Details: {
  "timestamp": "2025-03-14T19:12:45.175Z",
  "is_connected": false,
  "is_authenticated": false,
  "is_authenticating": false,
  "initial_check_done": false,
  "needs_reauthentication": false,
  "last_authenticated_address": null
}
[2025-03-14T19:14:01.809Z] FRONTEND:AUTH - DEBUG: Auth Flow - Initial Auth State Check
  Details: {
  "timestamp": "2025-03-14T19:14:01.809Z",
  "has_token": false,
  "has_user": false
}
[2025-03-14T19:14:02.100Z] FRONTEND:AUTH - DEBUG: Auth Flow - HeaderConnect Render
  Details: {
  "timestamp": "2025-03-14T19:14:02.100Z",
  "is_connected": false,
  "is_authenticated": false,
  "is_authenticating": false
}
[2025-03-14T19:14:02.100Z] FRONTEND:AUTH - DEBUG: Auth Flow - HeaderConnect Render
  Details: {
  "timestamp": "2025-03-14T19:14:02.100Z",
  "is_connected": false,
  "is_authenticated": false,
  "is_authenticating": false
}
[2025-03-14T19:14:02.172Z] FRONTEND:AUTH - DEBUG: Auth Flow - Auth state updated
  Details: {
  "timestamp": "2025-03-14T19:14:02.172Z",
  "is_connected": false,
  "is_authenticated": false,
  "is_authenticating": false,
  "initial_check_done": false,
  "needs_reauthentication": false,
  "last_authenticated_address": null
}
[2025-03-14T19:14:02.201Z] FRONTEND:AUTH - DEBUG: Auth Flow - HeaderConnect Render
  Details: {
  "timestamp": "2025-03-14T19:14:02.201Z",
  "is_connected": false,
  "is_authenticated": false,
  "is_authenticating": false
}
[2025-03-14T19:14:02.201Z] FRONTEND:AUTH - DEBUG: Auth Flow - HeaderConnect Render
  Details: {
  "timestamp": "2025-03-14T19:14:02.201Z",
  "is_connected": false,
  "is_authenticated": false,
  "is_authenticating": false
}
[2025-03-14T19:14:02.280Z] FRONTEND:AUTH - DEBUG: Auth Flow - Auth state updated
  Details: {
  "timestamp": "2025-03-14T19:14:02.280Z",
  "is_connected": false,
  "is_authenticated": false,
  "is_authenticating": false,
  "initial_check_done": false,
  "needs_reauthentication": false,
  "last_authenticated_address": null
}
[2025-03-14T19:14:02.283Z] FRONTEND:AUTH - DEBUG: Auth Flow - Auth state updated
  Details: {
  "timestamp": "2025-03-14T19:14:02.283Z",
  "is_connected": false,
  "is_authenticated": false,
  "is_authenticating": false,
  "initial_check_done": false,
  "needs_reauthentication": false,
  "last_authenticated_address": null
}
[2025-03-14T19:18:15.326Z] FRONTEND:AUTH - DEBUG: Auth Flow - HeaderConnect Render
  Details: {
  "timestamp": "2025-03-14T19:18:15.326Z",
  "is_connected": false,
  "is_authenticated": false,
  "is_authenticating": false
}
[2025-03-14T19:18:15.326Z] FRONTEND:AUTH - DEBUG: Auth Flow - HeaderConnect Render
  Details: {
  "timestamp": "2025-03-14T19:18:15.326Z",
  "is_connected": false,
  "is_authenticated": false,
  "is_authenticating": false
}
[2025-03-14T19:18:15.400Z] FRONTEND:AUTH - DEBUG: Auth Flow - Auth state updated
  Details: {
  "timestamp": "2025-03-14T19:18:15.400Z",
  "is_connected": false,
  "is_authenticated": false,
  "is_authenticating": false,
  "initial_check_done": false,
  "needs_reauthentication": false,
  "last_authenticated_address": null
}
[2025-03-14T19:18:15.152Z] FRONTEND:AUTH - DEBUG: Auth Flow - Initial Auth State Check
  Details: {
  "timestamp": "2025-03-14T19:18:15.152Z",
  "has_token": false,
  "has_user": false
}
[2025-03-14T19:18:15.438Z] FRONTEND:AUTH - DEBUG: Auth Flow - HeaderConnect Render
  Details: {
  "timestamp": "2025-03-14T19:18:15.438Z",
  "is_connected": false,
  "is_authenticated": false,
  "is_authenticating": false
}
[2025-03-14T19:18:15.439Z] FRONTEND:AUTH - DEBUG: Auth Flow - HeaderConnect Render
  Details: {
  "timestamp": "2025-03-14T19:18:15.439Z",
  "is_connected": false,
  "is_authenticated": false,
  "is_authenticating": false
}
[2025-03-14T19:18:15.466Z] FRONTEND:AUTH - DEBUG: Auth Flow - Auth state updated
  Details: {
  "timestamp": "2025-03-14T19:18:15.466Z",
  "is_connected": false,
  "is_authenticated": false,
  "is_authenticating": false,
  "initial_check_done": false,
  "needs_reauthentication": false,
  "last_authenticated_address": null
}
[2025-03-14T19:18:15.472Z] FRONTEND:AUTH - DEBUG: Auth Flow - Auth state updated
  Details: {
  "timestamp": "2025-03-14T19:18:15.471Z",
  "is_connected": false,
  "is_authenticated": false,
  "is_authenticating": false,
  "initial_check_done": false,
  "needs_reauthentication": false,
  "last_authenticated_address": null
}
[2025-03-14T19:19:44.822Z] FRONTEND:AUTH - DEBUG: Auth Flow - Initial Auth State Check
  Details: {
  "timestamp": "2025-03-14T19:19:44.822Z",
  "has_token": false,
  "has_user": false
}
[2025-03-14T19:19:44.969Z] FRONTEND:AUTH - DEBUG: Auth Flow - HeaderConnect Render
  Details: {
  "timestamp": "2025-03-14T19:19:44.969Z",
  "is_connected": false,
  "is_authenticated": false,
  "is_authenticating": false
}
[2025-03-14T19:19:44.970Z] FRONTEND:AUTH - DEBUG: Auth Flow - HeaderConnect Render
  Details: {
  "timestamp": "2025-03-14T19:19:44.970Z",
  "is_connected": false,
  "is_authenticated": false,
  "is_authenticating": false
}
[2025-03-14T19:19:45.043Z] FRONTEND:AUTH - DEBUG: Auth Flow - Auth state updated
  Details: {
  "timestamp": "2025-03-14T19:19:45.043Z",
  "is_connected": false,
  "is_authenticated": false,
  "is_authenticating": false,
  "initial_check_done": false,
  "needs_reauthentication": false,
  "last_authenticated_address": null
}
[2025-03-14T19:19:45.133Z] FRONTEND:AUTH - DEBUG: Auth Flow - HeaderConnect Render
  Details: {
  "timestamp": "2025-03-14T19:19:45.133Z",
  "is_connected": false,
  "is_authenticated": false,
  "is_authenticating": false
}
[2025-03-14T19:19:45.134Z] FRONTEND:AUTH - DEBUG: Auth Flow - HeaderConnect Render
  Details: {
  "timestamp": "2025-03-14T19:19:45.134Z",
  "is_connected": false,
  "is_authenticated": false,
  "is_authenticating": false
}
[2025-03-14T19:19:45.177Z] FRONTEND:AUTH - DEBUG: Auth Flow - Auth state updated
  Details: {
  "timestamp": "2025-03-14T19:19:45.177Z",
  "is_connected": false,
  "is_authenticated": false,
  "is_authenticating": false,
  "initial_check_done": false,
  "needs_reauthentication": false,
  "last_authenticated_address": null
}
[2025-03-14T19:19:45.184Z] FRONTEND:AUTH - DEBUG: Auth Flow - Auth state updated
  Details: {
  "timestamp": "2025-03-14T19:19:45.184Z",
  "is_connected": false,
  "is_authenticated": false,
  "is_authenticating": false,
  "initial_check_done": false,
  "needs_reauthentication": false,
  "last_authenticated_address": null
}
[2025-03-14T19:19:49.060Z] FRONTEND:AUTH - DEBUG: Auth Flow - Initial Auth State Check
  Details: {
  "timestamp": "2025-03-14T19:19:49.060Z",
  "has_token": false,
  "has_user": false
}
[2025-03-14T19:19:49.228Z] FRONTEND:AUTH - DEBUG: Auth Flow - HeaderConnect Render
  Details: {
  "timestamp": "2025-03-14T19:19:49.228Z",
  "is_connected": false,
  "is_authenticated": false,
  "is_authenticating": false
}
[2025-03-14T19:19:49.229Z] FRONTEND:AUTH - DEBUG: Auth Flow - HeaderConnect Render
  Details: {
  "timestamp": "2025-03-14T19:19:49.229Z",
  "is_connected": false,
  "is_authenticated": false,
  "is_authenticating": false
}
[2025-03-14T19:19:49.277Z] FRONTEND:AUTH - DEBUG: Auth Flow - Auth state updated
  Details: {
  "timestamp": "2025-03-14T19:19:49.277Z",
  "is_connected": false,
  "is_authenticated": false,
  "is_authenticating": false,
  "initial_check_done": false,
  "needs_reauthentication": false,
  "last_authenticated_address": null
}
[2025-03-14T19:19:49.306Z] FRONTEND:AUTH - DEBUG: Auth Flow - HeaderConnect Render
  Details: {
  "timestamp": "2025-03-14T19:19:49.306Z",
  "is_connected": false,
  "is_authenticated": false,
  "is_authenticating": false
}
[2025-03-14T19:19:49.306Z] FRONTEND:AUTH - DEBUG: Auth Flow - HeaderConnect Render
  Details: {
  "timestamp": "2025-03-14T19:19:49.306Z",
  "is_connected": false,
  "is_authenticated": false,
  "is_authenticating": false
}
[2025-03-14T19:19:49.359Z] FRONTEND:AUTH - DEBUG: Auth Flow - Auth state updated
  Details: {
  "timestamp": "2025-03-14T19:19:49.359Z",
  "is_connected": false,
  "is_authenticated": false,
  "is_authenticating": false,
  "initial_check_done": false,
  "needs_reauthentication": false,
  "last_authenticated_address": null
}
[2025-03-14T19:19:49.366Z] FRONTEND:AUTH - DEBUG: Auth Flow - Auth state updated
  Details: {
  "timestamp": "2025-03-14T19:19:49.366Z",
  "is_connected": false,
  "is_authenticated": false,
  "is_authenticating": false,
  "initial_check_done": false,
  "needs_reauthentication": false,
  "last_authenticated_address": null
}
[2025-03-14T19:21:49.920Z] FRONTEND:AUTH - DEBUG: Auth Flow - Initial Auth State Check
  Details: {
  "timestamp": "2025-03-14T19:21:49.920Z",
  "has_token": false,
  "has_user": false
}
[2025-03-14T19:21:52.651Z] FRONTEND:AUTH - DEBUG: Auth Flow - HeaderConnect Render
  Details: {
  "timestamp": "2025-03-14T19:21:52.651Z",
  "is_connected": false,
  "is_authenticated": false,
  "is_authenticating": false
}
[2025-03-14T19:21:52.653Z] FRONTEND:AUTH - DEBUG: Auth Flow - HeaderConnect Render
  Details: {
  "timestamp": "2025-03-14T19:21:52.653Z",
  "is_connected": false,
  "is_authenticated": false,
  "is_authenticating": false
}
[2025-03-14T19:21:52.730Z] FRONTEND:AUTH - DEBUG: Auth Flow - Auth state updated
  Details: {
  "timestamp": "2025-03-14T19:21:52.730Z",
  "is_connected": false,
  "is_authenticated": false,
  "is_authenticating": false,
  "initial_check_done": false,
  "needs_reauthentication": false,
  "last_authenticated_address": null
}
[2025-03-14T19:21:52.775Z] FRONTEND:AUTH - DEBUG: Auth Flow - HeaderConnect Render
  Details: {
  "timestamp": "2025-03-14T19:21:52.775Z",
  "is_connected": false,
  "is_authenticated": false,
  "is_authenticating": false
}
[2025-03-14T19:21:52.776Z] FRONTEND:AUTH - DEBUG: Auth Flow - HeaderConnect Render
  Details: {
  "timestamp": "2025-03-14T19:21:52.776Z",
  "is_connected": false,
  "is_authenticated": false,
  "is_authenticating": false
}
[2025-03-14T19:21:52.844Z] FRONTEND:AUTH - DEBUG: Auth Flow - Auth state updated
  Details: {
  "timestamp": "2025-03-14T19:21:52.844Z",
  "is_connected": false,
  "is_authenticated": false,
  "is_authenticating": false,
  "initial_check_done": false,
  "needs_reauthentication": false,
  "last_authenticated_address": null
}
[2025-03-14T19:21:52.849Z] FRONTEND:AUTH - DEBUG: Auth Flow - Auth state updated
  Details: {
  "timestamp": "2025-03-14T19:21:52.849Z",
  "is_connected": false,
  "is_authenticated": false,
  "is_authenticating": false,
  "initial_check_done": false,
  "needs_reauthentication": false,
  "last_authenticated_address": null
}
[2025-03-14T19:22:39.875Z] FRONTEND:AUTH - DEBUG: Auth Flow - Initial Auth State Check
  Details: {
  "timestamp": "2025-03-14T19:22:39.874Z",
  "has_token": false,
  "has_user": false
}
[2025-03-14T19:22:40.125Z] FRONTEND:AUTH - DEBUG: Auth Flow - HeaderConnect Render
  Details: {
  "timestamp": "2025-03-14T19:22:40.125Z",
  "is_connected": false,
  "is_authenticated": false,
  "is_authenticating": false
}
[2025-03-14T19:22:40.126Z] FRONTEND:AUTH - DEBUG: Auth Flow - HeaderConnect Render
  Details: {
  "timestamp": "2025-03-14T19:22:40.126Z",
  "is_connected": false,
  "is_authenticated": false,
  "is_authenticating": false
}
[2025-03-14T19:22:40.336Z] FRONTEND:AUTH - DEBUG: Auth Flow - Auth state updated
  Details: {
  "timestamp": "2025-03-14T19:22:40.336Z",
  "is_connected": false,
  "is_authenticated": false,
  "is_authenticating": false,
  "initial_check_done": false,
  "needs_reauthentication": false,
  "last_authenticated_address": null
}
[2025-03-14T19:23:26.641Z] FRONTEND:AUTH - DEBUG: Auth Flow - Initial Auth State Check
  Details: {
  "timestamp": "2025-03-14T19:23:26.641Z",
  "has_token": false,
  "has_user": false
}
[2025-03-14T19:23:26.707Z] FRONTEND:AUTH - DEBUG: Auth Flow - HeaderConnect Render
  Details: {
  "timestamp": "2025-03-14T19:23:26.707Z",
  "is_connected": false,
  "is_authenticated": false,
  "is_authenticating": false
}
[2025-03-14T19:23:26.708Z] FRONTEND:AUTH - DEBUG: Auth Flow - HeaderConnect Render
  Details: {
  "timestamp": "2025-03-14T19:23:26.708Z",
  "is_connected": false,
  "is_authenticated": false,
  "is_authenticating": false
}
[2025-03-14T19:23:26.807Z] FRONTEND:AUTH - DEBUG: Auth Flow - Auth state updated
  Details: {
  "timestamp": "2025-03-14T19:23:26.807Z",
  "is_connected": false,
  "is_authenticated": false,
  "is_authenticating": false,
  "initial_check_done": false,
  "needs_reauthentication": false,
  "last_authenticated_address": null
}
[2025-03-14T19:23:26.816Z] FRONTEND:AUTH - DEBUG: Auth Flow - HeaderConnect Render
  Details: {
  "timestamp": "2025-03-14T19:23:26.816Z",
  "is_connected": false,
  "is_authenticated": false,
  "is_authenticating": false
}
[2025-03-14T19:23:26.817Z] FRONTEND:AUTH - DEBUG: Auth Flow - HeaderConnect Render
  Details: {
  "timestamp": "2025-03-14T19:23:26.817Z",
  "is_connected": false,
  "is_authenticated": false,
  "is_authenticating": false
}
[2025-03-14T19:23:26.861Z] FRONTEND:AUTH - DEBUG: Auth Flow - HeaderConnect Render
  Details: {
  "timestamp": "2025-03-14T19:23:26.861Z",
  "is_connected": false,
  "is_authenticated": false,
  "is_authenticating": false
}
[2025-03-14T19:23:26.862Z] FRONTEND:AUTH - DEBUG: Auth Flow - HeaderConnect Render
  Details: {
  "timestamp": "2025-03-14T19:23:26.862Z",
  "is_connected": false,
  "is_authenticated": false,
  "is_authenticating": false
}
[2025-03-14T19:23:26.883Z] FRONTEND:AUTH - DEBUG: Auth Flow - Auth state updated
  Details: {
  "timestamp": "2025-03-14T19:23:26.883Z",
  "is_connected": false,
  "is_authenticated": false,
  "is_authenticating": false,
  "initial_check_done": false,
  "needs_reauthentication": false,
  "last_authenticated_address": null
}
[2025-03-14T19:23:26.912Z] FRONTEND:AUTH - DEBUG: Auth Flow - Auth state updated
  Details: {
  "timestamp": "2025-03-14T19:23:26.912Z",
  "is_connected": false,
  "is_authenticated": false,
  "is_authenticating": false,
  "initial_check_done": false,
  "needs_reauthentication": false,
  "last_authenticated_address": null
}
[2025-03-14T19:52:44.323Z] FRONTEND:AUTH - DEBUG: Auth Flow - Initial Auth State Check
  Details: {
  "timestamp": "2025-03-14T19:52:44.322Z",
  "has_token": false,
  "has_user": false
}
[2025-03-14T19:52:44.568Z] FRONTEND:AUTH - DEBUG: Auth Flow - HeaderConnect Render
  Details: {
  "timestamp": "2025-03-14T19:52:44.568Z",
  "is_connected": false,
  "is_authenticated": false,
  "is_authenticating": false
}
[2025-03-14T19:52:44.569Z] FRONTEND:AUTH - DEBUG: Auth Flow - HeaderConnect Render
  Details: {
  "timestamp": "2025-03-14T19:52:44.569Z",
  "is_connected": false,
  "is_authenticated": false,
  "is_authenticating": false
}
[2025-03-14T19:52:44.731Z] FRONTEND:AUTH - DEBUG: Auth Flow - Auth state updated
  Details: {
  "timestamp": "2025-03-14T19:52:44.731Z",
  "is_connected": false,
  "is_authenticated": false,
  "is_authenticating": false,
  "initial_check_done": false,
  "needs_reauthentication": false,
  "last_authenticated_address": null
}
[2025-03-14T19:53:57.666Z] FRONTEND:AUTH - DEBUG: Auth Flow - HeaderConnect Render
  Details: {
  "timestamp": "2025-03-14T19:53:57.666Z",
  "is_connected": false,
  "is_authenticated": false,
  "is_authenticating": false
}
[2025-03-14T19:53:57.665Z] FRONTEND:AUTH - DEBUG: Auth Flow - HeaderConnect Render
  Details: {
  "timestamp": "2025-03-14T19:53:57.665Z",
  "is_connected": false,
  "is_authenticated": false,
  "is_authenticating": false
}
[2025-03-14T19:54:25.302Z] FRONTEND:AUTH - DEBUG: Auth Flow - Initial Auth State Check
  Details: {
  "timestamp": "2025-03-14T19:54:25.302Z",
  "has_token": false,
  "has_user": false
}
[2025-03-14T19:54:25.514Z] FRONTEND:CLIENT - ERROR: Client Error: Loading chunk app/page failed.
(missing: http://localhost:3000/_next/static/chunks/app/page.js)
  Details: {
  "stack": "ChunkLoadError\n    at __webpack_require__.f.j (http://localhost:3000/_next/static/chunks/webpack.js?v=1741982054820:863:29)\n    at http://localhost:3000/_next/static/chunks/webpack.js?v=1741982054820:158:40\n    at Array.reduce (<anonymous>)\n    at __webpack_require__.e (http://localhost:3000/_next/static/chunks/webpack.js?v=1741982054820:157:67)\n    at fn.e (http://localhost:3000/_next/static/chunks/webpack.js?v=1741982054820:394:50)\n    at loadChunk (webpack-internal:///(app-pages-browser)/./node_modules/next/dist/compiled/react-server-dom-webpack/cjs/react-server-dom-webpack-client.browser.development.js:126:34)\n    at preloadModule (webpack-internal:///(app-pages-browser)/./node_modules/next/dist/compiled/react-server-dom-webpack/cjs/react-server-dom-webpack-client.browser.development.js:93:31)\n    at resolveModule (webpack-internal:///(app-pages-browser)/./node_modules/next/dist/compiled/react-server-dom-webpack/cjs/react-server-dom-webpack-client.browser.development.js:1555:20)\n    at processFullStringRow (webpack-internal:///(app-pages-browser)/./node_modules/next/dist/compiled/react-server-dom-webpack/cjs/react-server-dom-webpack-client.browser.development.js:2064:11)\n    at processFullBinaryRow (webpack-internal:///(app-pages-browser)/./node_modules/next/dist/compiled/react-server-dom-webpack/cjs/react-server-dom-webpack-client.browser.development.js:2059:7)\n    at progress (webpack-internal:///(app-pages-browser)/./node_modules/next/dist/compiled/react-server-dom-webpack/cjs/react-server-dom-webpack-client.browser.development.js:2262:17)",
  "location": "global-error-boundary",
  "errorType": "unhandled-error"
}
[2025-03-14T19:54:25.516Z] FRONTEND:CLIENT - ERROR: Client Error: Loading chunk app/page failed.
(missing: http://localhost:3000/_next/static/chunks/app/page.js)
  Details: {
  "stack": "ChunkLoadError\n    at __webpack_require__.f.j (http://localhost:3000/_next/static/chunks/webpack.js?v=1741982054820:863:29)\n    at http://localhost:3000/_next/static/chunks/webpack.js?v=1741982054820:158:40\n    at Array.reduce (<anonymous>)\n    at __webpack_require__.e (http://localhost:3000/_next/static/chunks/webpack.js?v=1741982054820:157:67)\n    at fn.e (http://localhost:3000/_next/static/chunks/webpack.js?v=1741982054820:394:50)\n    at loadChunk (webpack-internal:///(app-pages-browser)/./node_modules/next/dist/compiled/react-server-dom-webpack/cjs/react-server-dom-webpack-client.browser.development.js:126:34)\n    at preloadModule (webpack-internal:///(app-pages-browser)/./node_modules/next/dist/compiled/react-server-dom-webpack/cjs/react-server-dom-webpack-client.browser.development.js:93:31)\n    at resolveModule (webpack-internal:///(app-pages-browser)/./node_modules/next/dist/compiled/react-server-dom-webpack/cjs/react-server-dom-webpack-client.browser.development.js:1555:20)\n    at processFullStringRow (webpack-internal:///(app-pages-browser)/./node_modules/next/dist/compiled/react-server-dom-webpack/cjs/react-server-dom-webpack-client.browser.development.js:2064:11)\n    at processFullBinaryRow (webpack-internal:///(app-pages-browser)/./node_modules/next/dist/compiled/react-server-dom-webpack/cjs/react-server-dom-webpack-client.browser.development.js:2059:7)\n    at progress (webpack-internal:///(app-pages-browser)/./node_modules/next/dist/compiled/react-server-dom-webpack/cjs/react-server-dom-webpack-client.browser.development.js:2262:17)",
  "location": "global-error-boundary",
  "errorType": "unhandled-error"
}
