[2025-03-20T02:16:23.409Z] FRONTEND:AUTH - DEBUG: Auth Flow - HeaderConnect Render
  Details: {
  "timestamp": "2025-03-20T02:16:23.409Z",
  "is_connected": false,
  "is_authenticated": false,
  "is_authenticating": false
}
[2025-03-20T02:16:23.410Z] FRONTEND:AUTH - DEBUG: Auth Flow - HeaderConnect Render
  Details: {
  "timestamp": "2025-03-20T02:16:23.410Z",
  "is_connected": false,
  "is_authenticated": false,
  "is_authenticating": false
}
[2025-03-20T02:16:23.927Z] FRONTEND:AUTH - DEBUG: Auth Flow - Auth state updated
  Details: {
  "timestamp": "2025-03-20T02:16:23.927Z",
  "is_connected": false,
  "is_authenticated": false,
  "is_authenticating": false,
  "initial_check_done": false,
  "needs_reauthentication": false,
  "last_authenticated_address": null
}
[2025-03-20T02:16:23.945Z] FRONTEND:AUTH - DEBUG: Auth Flow - HeaderConnect Render
  Details: {
  "timestamp": "2025-03-20T02:16:23.945Z",
  "is_connected": false,
  "is_authenticated": false,
  "is_authenticating": false
}
[2025-03-20T02:16:23.314Z] FRONTEND:AUTH - DEBUG: Auth Flow - Initial Auth State Check
  Details: {
  "timestamp": "2025-03-20T02:16:23.314Z",
  "has_token": false,
  "has_user": false
}
[2025-03-20T02:16:23.976Z] FRONTEND:AUTH - DEBUG: Auth Flow - HeaderConnect Render
  Details: {
  "timestamp": "2025-03-20T02:16:23.976Z",
  "is_connected": false,
  "is_authenticated": false,
  "is_authenticating": false
}
[2025-03-20T02:16:23.977Z] FRONTEND:AUTH - DEBUG: Auth Flow - HeaderConnect Render
  Details: {
  "timestamp": "2025-03-20T02:16:23.977Z",
  "is_connected": false,
  "is_authenticated": false,
  "is_authenticating": false
}
[2025-03-20T02:16:23.946Z] FRONTEND:AUTH - DEBUG: Auth Flow - HeaderConnect Render
  Details: {
  "timestamp": "2025-03-20T02:16:23.946Z",
  "is_connected": false,
  "is_authenticated": false,
  "is_authenticating": false
}
[2025-03-20T02:16:24.007Z] FRONTEND:AUTH - DEBUG: Auth Flow - HeaderConnect Render
  Details: {
  "timestamp": "2025-03-20T02:16:24.007Z",
  "is_connected": false,
  "is_authenticated": false,
  "is_authenticating": false
}
[2025-03-20T02:16:24.008Z] FRONTEND:AUTH - DEBUG: Auth Flow - HeaderConnect Render
  Details: {
  "timestamp": "2025-03-20T02:16:24.008Z",
  "is_connected": false,
  "is_authenticated": false,
  "is_authenticating": false
}
[2025-03-20T02:16:30.079Z] FRONTEND:AUTH - DEBUG: Auth Flow - HeaderConnect Render
  Details: {
  "timestamp": "2025-03-20T02:16:30.079Z",
  "is_connected": false,
  "is_authenticated": false,
  "is_authenticating": false
}
[2025-03-20T02:16:30.080Z] FRONTEND:AUTH - DEBUG: Auth Flow - HeaderConnect Render
  Details: {
  "timestamp": "2025-03-20T02:16:30.080Z",
  "is_connected": false,
  "is_authenticated": false,
  "is_authenticating": false
}
[2025-03-20T02:16:30.333Z] FRONTEND:AUTH - DEBUG: Auth Flow - HeaderConnect Render
  Details: {
  "timestamp": "2025-03-20T02:16:30.333Z",
  "is_connected": false,
  "is_authenticated": false,
  "is_authenticating": false
}
[2025-03-20T02:16:30.333Z] FRONTEND:AUTH - DEBUG: Auth Flow - HeaderConnect Render
  Details: {
  "timestamp": "2025-03-20T02:16:30.333Z",
  "is_connected": false,
  "is_authenticated": false,
  "is_authenticating": false
}
[2025-03-20T02:16:35.906Z] FRONTEND:AUTH - DEBUG: Auth Flow - HeaderConnect Render
  Details: {
  "timestamp": "2025-03-20T02:16:35.906Z",
  "is_connected": false,
  "is_authenticated": false,
  "is_authenticating": false
}
[2025-03-20T02:16:35.906Z] FRONTEND:AUTH - DEBUG: Auth Flow - HeaderConnect Render
  Details: {
  "timestamp": "2025-03-20T02:16:35.906Z",
  "is_connected": false,
  "is_authenticated": false,
  "is_authenticating": false
}
[2025-03-20T02:16:40.542Z] FRONTEND:AUTH - DEBUG: Auth Flow - HeaderConnect Render
  Details: {
  "timestamp": "2025-03-20T02:16:40.542Z",
  "is_connected": false,
  "is_authenticated": false,
  "is_authenticating": false
}
[2025-03-20T02:16:40.542Z] FRONTEND:AUTH - DEBUG: Auth Flow - HeaderConnect Render
  Details: {
  "timestamp": "2025-03-20T02:16:40.542Z",
  "is_connected": false,
  "is_authenticated": false,
  "is_authenticating": false
}
[2025-03-20T02:16:45.376Z] FRONTEND:AUTH - DEBUG: Auth Flow - HeaderConnect Render
  Details: {
  "timestamp": "2025-03-20T02:16:45.376Z",
  "is_connected": false,
  "is_authenticated": false,
  "is_authenticating": false
}
[2025-03-20T02:16:45.377Z] FRONTEND:AUTH - DEBUG: Auth Flow - HeaderConnect Render
  Details: {
  "timestamp": "2025-03-20T02:16:45.377Z",
  "is_connected": false,
  "is_authenticated": false,
  "is_authenticating": false
}
[2025-03-20T02:16:45.417Z] FRONTEND:AUTH - DEBUG: Auth Flow - Auth state updated
  Details: {
  "timestamp": "2025-03-20T02:16:45.417Z",
  "is_connected": false,
  "is_authenticated": false,
  "is_authenticating": false,
  "initial_check_done": false,
  "needs_reauthentication": false,
  "last_authenticated_address": null
}
[2025-03-20T02:16:45.418Z] FRONTEND:CS2 - INFO: Market navbar mounted with enhanced Skinport style and animations
  Details: {
  "categoriesCount": 4,
  "currentCategory": "none",
  "style": "text-only-enhanced-animated",
  "log_destination": "market",
  "timestamp": "2025-03-20T02:16:45.418Z"
}
[2025-03-20T02:16:45.423Z] FRONTEND:CS2 - INFO: Rendering 5 products with enhanced staggered animation
  Details: {
  "productCount": 5,
  "productIds": [
    "cs2-awp-crakow-minimal-wear",
    "cs2-ak47-asiimov-factory-new",
    "cs2-m4a4-howl-field-tested",
    "cs2-deagle-printstream-minimal-wear",
    "cs2-butterfly-doppler-factory-new"
  ],
  "animationEnabled": true,
  "staggerType": "wave",
  "baseDelay": "35ms",
  "log_destination": "market",
  "timestamp": "2025-03-20T02:16:45.423Z"
}
[2025-03-20T02:16:45.423Z] FRONTEND:CS2 - INFO: MarketPageView mounted with 5 products and enhanced animations
  Details: {
  "page": 1,
  "pageSize": 20,
  "totalProducts": 5,
  "productIds": [
    "cs2-awp-crakow-minimal-wear",
    "cs2-ak47-asiimov-factory-new",
    "cs2-m4a4-howl-field-tested",
    "cs2-deagle-printstream-minimal-wear",
    "cs2-butterfly-doppler-factory-new"
  ],
  "transitionType": "initial-mount",
  "animationsEnabled": true,
  "log_destination": "market",
  "timestamp": "2025-03-20T02:16:45.423Z"
}
[2025-03-20T02:16:45.425Z] FRONTEND:AUTH - DEBUG: Auth Flow - Auth state updated
  Details: {
  "timestamp": "2025-03-20T02:16:45.425Z",
  "is_connected": false,
  "is_authenticated": false,
  "is_authenticating": false,
  "initial_check_done": false,
  "needs_reauthentication": false,
  "last_authenticated_address": null
}
[2025-03-20T02:16:45.424Z] FRONTEND:CS2 - DEBUG: MarketPageView unmounted
  Details: {
  "page": 1,
  "log_destination": "market",
  "timestamp": "2025-03-20T02:16:45.424Z"
}
[2025-03-20T02:16:45.426Z] FRONTEND:CS2 - INFO: Rendering 5 products with enhanced staggered animation
  Details: {
  "productCount": 5,
  "productIds": [
    "cs2-awp-crakow-minimal-wear",
    "cs2-ak47-asiimov-factory-new",
    "cs2-m4a4-howl-field-tested",
    "cs2-deagle-printstream-minimal-wear",
    "cs2-butterfly-doppler-factory-new"
  ],
  "animationEnabled": true,
  "staggerType": "wave",
  "baseDelay": "35ms",
  "log_destination": "market",
  "timestamp": "2025-03-20T02:16:45.426Z"
}
[2025-03-20T02:16:45.491Z] FRONTEND:AUTH - DEBUG: Auth Flow - HeaderConnect Render
  Details: {
  "timestamp": "2025-03-20T02:16:45.491Z",
  "is_connected": false,
  "is_authenticated": false,
  "is_authenticating": false
}
[2025-03-20T02:16:45.492Z] FRONTEND:AUTH - DEBUG: Auth Flow - HeaderConnect Render
  Details: {
  "timestamp": "2025-03-20T02:16:45.492Z",
  "is_connected": false,
  "is_authenticated": false,
  "is_authenticating": false
}
[2025-03-20T02:16:45.557Z] FRONTEND:AUTH - DEBUG: Auth Flow - Auth state updated
  Details: {
  "timestamp": "2025-03-20T02:16:45.557Z",
  "is_connected": false,
  "is_authenticated": false,
  "is_authenticating": false,
  "initial_check_done": false,
  "needs_reauthentication": false,
  "last_authenticated_address": null
}
[2025-03-20T02:16:45.557Z] FRONTEND:CS2 - INFO: Market navbar mounted with enhanced Skinport style and animations
  Details: {
  "categoriesCount": 4,
  "currentCategory": "none",
  "style": "text-only-enhanced-animated",
  "log_destination": "market",
  "timestamp": "2025-03-20T02:16:45.557Z"
}
[2025-03-20T02:16:45.558Z] FRONTEND:AUTH - DEBUG: Auth Flow - Auth state updated
  Details: {
  "timestamp": "2025-03-20T02:16:45.558Z",
  "is_connected": false,
  "is_authenticated": false,
  "is_authenticating": false,
  "initial_check_done": false,
  "needs_reauthentication": false,
  "last_authenticated_address": null
}
[2025-03-20T02:17:58.996Z] FRONTEND:AUTH - DEBUG: Auth Flow - Authentication needed - not authenticated
  Details: {
  "timestamp": "2025-03-20T02:17:58.996Z",
  "address": "0x0300B70e40F138927e3a988ce4A9a069Ff875336",
  "is_connected": true
}
[2025-03-20T02:17:58.996Z] FRONTEND:AUTH - DEBUG: Auth Flow - Authentication needed - not authenticated
  Details: {
  "timestamp": "2025-03-20T02:17:58.996Z",
  "address": "0x0300B70e40F138927e3a988ce4A9a069Ff875336",
  "is_connected": true
}
[2025-03-20T02:17:58.997Z] FRONTEND:AUTH - DEBUG: Auth Flow - HeaderConnect Render
  Details: {
  "timestamp": "2025-03-20T02:17:58.997Z",
  "wallet_address": "0x0300B70e40F138927e3a988ce4A9a069Ff875336",
  "is_connected": true,
  "is_authenticated": false,
  "is_authenticating": false
}
[2025-03-20T02:17:58.997Z] FRONTEND:AUTH - DEBUG: Auth Flow - HeaderConnect Render
  Details: {
  "timestamp": "2025-03-20T02:17:58.997Z",
  "wallet_address": "0x0300B70e40F138927e3a988ce4A9a069Ff875336",
  "is_connected": true,
  "is_authenticated": false,
  "is_authenticating": false
}
[2025-03-20T02:17:59.008Z] FRONTEND:AUTH - DEBUG: Auth Flow - Auth Check
  Details: {
  "timestamp": "2025-03-20T02:17:59.008Z",
  "has_token": false,
  "has_user": false
}
[2025-03-20T02:17:59.009Z] FRONTEND:AUTH - DEBUG: Auth Flow - Starting authentication
  Details: {
  "timestamp": "2025-03-20T02:17:59.009Z",
  "wallet_address": "0x0300B70e40F138927e3a988ce4A9a069Ff875336",
  "is_connected": true,
  "initial_check_done": true
}
[2025-03-20T02:17:59.009Z] FRONTEND:AUTH - DEBUG: Auth Flow - Request Signature
  Details: {
  "timestamp": "2025-03-20T02:17:59.009Z",
  "walletAddress": "0x0300B70e40F138927e3a988ce4A9a069Ff875336"
}
[2025-03-20T02:17:59.026Z] FRONTEND:AUTH - DEBUG: Auth Flow - Auth state restoration failed - triggering authentication
  Details: {
  "timestamp": "2025-03-20T02:17:59.026Z",
  "address": "0x0300B70e40F138927e3a988ce4A9a069Ff875336",
  "is_connected": true
}
[2025-03-20T02:17:59.011Z] FRONTEND:AUTH - DEBUG: Auth Flow - Auth state updated
  Details: {
  "timestamp": "2025-03-20T02:17:59.011Z",
  "is_connected": true,
  "is_authenticated": false,
  "wallet_address": "0x0300B70e40F138927e3a988ce4A9a069Ff875336",
  "is_authenticating": false,
  "initial_check_done": true,
  "needs_reauthentication": true,
  "last_authenticated_address": null
}
[2025-03-20T02:17:59.027Z] FRONTEND:AUTH - DEBUG: Auth Flow - Token Retrieval
  Details: {
  "timestamp": "2025-03-20T02:17:59.027Z",
  "exists": false
}
[2025-03-20T02:17:59.058Z] FRONTEND:AUTH - DEBUG: Auth Flow - HeaderConnect Render
  Details: {
  "timestamp": "2025-03-20T02:17:59.058Z",
  "wallet_address": "0x0300B70e40F138927e3a988ce4A9a069Ff875336",
  "is_connected": true,
  "is_authenticated": false,
  "is_authenticating": true
}
[2025-03-20T02:17:59.059Z] FRONTEND:AUTH - DEBUG: Auth Flow - HeaderConnect Render
  Details: {
  "timestamp": "2025-03-20T02:17:59.059Z",
  "wallet_address": "0x0300B70e40F138927e3a988ce4A9a069Ff875336",
  "is_connected": true,
  "is_authenticated": false,
  "is_authenticating": true
}
[2025-03-20T02:17:59.069Z] FRONTEND:AUTH - DEBUG: Auth Flow - Auth state updated
  Details: {
  "timestamp": "2025-03-20T02:17:59.069Z",
  "is_connected": true,
  "is_authenticated": false,
  "wallet_address": "0x0300B70e40F138927e3a988ce4A9a069Ff875336",
  "is_authenticating": true,
  "initial_check_done": true,
  "needs_reauthentication": true,
  "last_authenticated_address": null
}
[2025-03-20T02:17:59.083Z] FRONTEND:AUTH - DEBUG: Auth Flow - Signature Requested
  Details: {
  "timestamp": "2025-03-20T02:17:59.083Z",
  "nonce": "cc774f563e1391eb1631073b8e14f031055477e514fccd67226ac7123f718954"
}
[2025-03-20T02:17:59.085Z] FRONTEND:AUTH - DEBUG: Auth Flow - HeaderConnect Render
  Details: {
  "timestamp": "2025-03-20T02:17:59.085Z",
  "wallet_address": "0x0300B70e40F138927e3a988ce4A9a069Ff875336",
  "is_connected": true,
  "is_authenticated": false,
  "is_authenticating": true
}
[2025-03-20T02:17:59.086Z] FRONTEND:AUTH - DEBUG: Auth Flow - HeaderConnect Render
  Details: {
  "timestamp": "2025-03-20T02:17:59.086Z",
  "wallet_address": "0x0300B70e40F138927e3a988ce4A9a069Ff875336",
  "is_connected": true,
  "is_authenticated": false,
  "is_authenticating": true
}
[2025-03-20T02:18:02.098Z] FRONTEND:AUTH - DEBUG: Auth Flow - Verify Signature
  Details: {
  "timestamp": "2025-03-20T02:18:02.098Z",
  "walletAddress": "0x0300B70e40F138927e3a988ce4A9a069Ff875336",
  "nonce": "cc774f563e1391eb1631073b8e14f031055477e514fccd67226ac7123f718954"
}
[2025-03-20T02:18:02.099Z] FRONTEND:AUTH - DEBUG: Auth Flow - Token Retrieval
  Details: {
  "timestamp": "2025-03-20T02:18:02.099Z",
  "exists": false
}
[2025-03-20T02:18:02.101Z] FRONTEND:AUTH - DEBUG: Auth Flow - HeaderConnect Render
  Details: {
  "timestamp": "2025-03-20T02:18:02.101Z",
  "wallet_address": "0x0300B70e40F138927e3a988ce4A9a069Ff875336",
  "is_connected": true,
  "is_authenticated": false,
  "is_authenticating": true
}
[2025-03-20T02:18:02.102Z] FRONTEND:AUTH - DEBUG: Auth Flow - HeaderConnect Render
  Details: {
  "timestamp": "2025-03-20T02:18:02.102Z",
  "wallet_address": "0x0300B70e40F138927e3a988ce4A9a069Ff875336",
  "is_connected": true,
  "is_authenticated": false,
  "is_authenticating": true
}
[2025-03-20T02:18:02.208Z] FRONTEND:AUTH - INFO: Token Operation - store
  Details: {
  "timestamp": "2025-03-20T02:18:02.208Z",
  "success": true
}
[2025-03-20T02:18:02.209Z] FRONTEND:AUTH - DEBUG: Auth Flow - Signature Verified
  Details: {
  "timestamp": "2025-03-20T02:18:02.209Z",
  "success": true
}
[2025-03-20T02:18:02.209Z] FRONTEND:AUTH - DEBUG: Auth Flow - Login
  Details: {
  "timestamp": "2025-03-20T02:18:02.209Z",
  "wallet_address": "0x0300B70e40F138927e3a988ce4A9a069Ff875336",
  "token_length": 188
}
[2025-03-20T02:18:02.210Z] FRONTEND:AUTH - DEBUG: Auth Flow - Authentication successful
  Details: {
  "timestamp": "2025-03-20T02:18:02.210Z",
  "wallet_address": "0x0300B70e40F138927e3a988ce4A9a069Ff875336"
}
[2025-03-20T02:18:02.211Z] FRONTEND:AUTH - DEBUG: Auth Flow - HeaderConnect Render
  Details: {
  "timestamp": "2025-03-20T02:18:02.211Z",
  "wallet_address": "0x0300B70e40F138927e3a988ce4A9a069Ff875336",
  "is_connected": true,
  "is_authenticated": true,
  "is_authenticating": false
}
[2025-03-20T02:18:02.212Z] FRONTEND:AUTH - DEBUG: Auth Flow - HeaderConnect Render
  Details: {
  "timestamp": "2025-03-20T02:18:02.212Z",
  "wallet_address": "0x0300B70e40F138927e3a988ce4A9a069Ff875336",
  "is_connected": true,
  "is_authenticated": true,
  "is_authenticating": false
}
[2025-03-20T02:18:02.220Z] FRONTEND:AUTH - DEBUG: Auth Flow - Auth state updated
  Details: {
  "timestamp": "2025-03-20T02:18:02.220Z",
  "is_connected": true,
  "is_authenticated": true,
  "wallet_address": "0x0300B70e40F138927e3a988ce4A9a069Ff875336",
  "auth_wallet_address": "0x0300B70e40F138927e3a988ce4A9a069Ff875336",
  "is_authenticating": false,
  "initial_check_done": true,
  "needs_reauthentication": false,
  "last_authenticated_address": "0x0300B70e40F138927e3a988ce4A9a069Ff875336"
}
[2025-03-20T02:18:43.129Z] FRONTEND:AUTH - DEBUG: Auth Flow - HeaderConnect Render
  Details: {
  "timestamp": "2025-03-20T02:18:43.129Z",
  "wallet_address": "0x0300B70e40F138927e3a988ce4A9a069Ff875336",
  "is_connected": true,
  "is_authenticated": true,
  "is_authenticating": false
}
[2025-03-20T02:18:43.131Z] FRONTEND:AUTH - DEBUG: Auth Flow - HeaderConnect Render
  Details: {
  "timestamp": "2025-03-20T02:18:43.130Z",
  "wallet_address": "0x0300B70e40F138927e3a988ce4A9a069Ff875336",
  "is_connected": true,
  "is_authenticated": true,
  "is_authenticating": false
}
[2025-03-20T02:18:43.195Z] FRONTEND:AUTH - DEBUG: Auth Flow - HeaderConnect Render
  Details: {
  "timestamp": "2025-03-20T02:18:43.195Z",
  "wallet_address": "0x0300B70e40F138927e3a988ce4A9a069Ff875336",
  "is_connected": true,
  "is_authenticated": true,
  "is_authenticating": false
}
[2025-03-20T02:18:43.196Z] FRONTEND:AUTH - DEBUG: Auth Flow - HeaderConnect Render
  Details: {
  "timestamp": "2025-03-20T02:18:43.196Z",
  "wallet_address": "0x0300B70e40F138927e3a988ce4A9a069Ff875336",
  "is_connected": true,
  "is_authenticated": true,
  "is_authenticating": false
}
[2025-03-20T02:18:45.773Z] FRONTEND:AUTH - DEBUG: Auth Flow - HeaderConnect Render
  Details: {
  "timestamp": "2025-03-20T02:18:45.773Z",
  "wallet_address": "0x0300B70e40F138927e3a988ce4A9a069Ff875336",
  "is_connected": true,
  "is_authenticated": true,
  "is_authenticating": false
}
[2025-03-20T02:18:45.773Z] FRONTEND:AUTH - DEBUG: Auth Flow - HeaderConnect Render
  Details: {
  "timestamp": "2025-03-20T02:18:45.773Z",
  "wallet_address": "0x0300B70e40F138927e3a988ce4A9a069Ff875336",
  "is_connected": true,
  "is_authenticated": true,
  "is_authenticating": false
}
[2025-03-20T02:18:45.845Z] FRONTEND:AUTH - DEBUG: Auth Flow - Auth Check
  Details: {
  "timestamp": "2025-03-20T02:18:45.845Z",
  "has_token": true,
  "has_user": true
}
[2025-03-20T02:18:45.845Z] FRONTEND:AUTH - DEBUG: Auth Flow - Auth state updated
  Details: {
  "timestamp": "2025-03-20T02:18:45.845Z",
  "is_connected": true,
  "is_authenticated": true,
  "wallet_address": "0x0300B70e40F138927e3a988ce4A9a069Ff875336",
  "auth_wallet_address": "0x0300B70e40F138927e3a988ce4A9a069Ff875336",
  "is_authenticating": false,
  "initial_check_done": true,
  "needs_reauthentication": false,
  "last_authenticated_address": null
}
[2025-03-20T02:18:45.860Z] FRONTEND:USER - INFO: Wallet readiness state updated
  Details: {
  "stable_connection": true,
  "has_valid_address": true,
  "is_ready": true,
  "wallet_address": "0x0300B70e40F138927e3a988ce4A9a069Ff875336",
  "authenticated_address": "0x0300B70e40F138927e3a988ce4A9a069Ff875336"
}
[2025-03-20T02:18:45.860Z] FRONTEND:USER - INFO: Wallet state updated
  Details: {
  "is_connected": true,
  "is_connecting": false,
  "is_disconnected": false,
  "status": "connected",
  "chain_id": 137,
  "has_address": true,
  "is_authenticated": true,
  "has_auth_wallet": true,
  "has_effective_address": true,
  "is_using_auth_wallet": false
}
[2025-03-20T02:18:45.861Z] FRONTEND:USER - INFO: Wallet hook initialized
  Details: {
  "is_connected": true,
  "is_connecting": false,
  "is_disconnected": false,
  "status": "connected",
  "chain_id": 137,
  "has_address": true,
  "is_authenticated": true,
  "has_auth_wallet": true
}
[2025-03-20T02:18:45.865Z] FRONTEND:USER - INFO: Wallet readiness state updated
  Details: {
  "stable_connection": true,
  "has_valid_address": true,
  "is_ready": true,
  "wallet_address": "0x0300B70e40F138927e3a988ce4A9a069Ff875336",
  "authenticated_address": "0x0300B70e40F138927e3a988ce4A9a069Ff875336"
}
[2025-03-20T02:18:45.866Z] FRONTEND:USER - INFO: Wallet state updated
  Details: {
  "is_connected": true,
  "is_connecting": false,
  "is_disconnected": false,
  "status": "connected",
  "chain_id": 137,
  "has_address": true,
  "is_authenticated": true,
  "has_auth_wallet": true,
  "has_effective_address": true,
  "is_using_auth_wallet": false
}
[2025-03-20T02:18:45.866Z] FRONTEND:USER - INFO: Wallet hook initialized
  Details: {
  "is_connected": true,
  "is_connecting": false,
  "is_disconnected": false,
  "status": "connected",
  "chain_id": 137,
  "has_address": true,
  "is_authenticated": true,
  "has_auth_wallet": true
}
[2025-03-20T02:18:45.876Z] FRONTEND:AUTH - DEBUG: Auth Flow - Auth state updated
  Details: {
  "timestamp": "2025-03-20T02:18:45.876Z",
  "is_connected": true,
  "is_authenticated": true,
  "wallet_address": "0x0300B70e40F138927e3a988ce4A9a069Ff875336",
  "auth_wallet_address": "0x0300B70e40F138927e3a988ce4A9a069Ff875336",
  "is_authenticating": false,
  "initial_check_done": true,
  "needs_reauthentication": false,
  "last_authenticated_address": null
}
[2025-03-20T02:18:45.877Z] FRONTEND:USER - INFO: Wallet readiness state updated
  Details: {
  "stable_connection": true,
  "has_valid_address": true,
  "is_ready": true,
  "wallet_address": "0x0300B70e40F138927e3a988ce4A9a069Ff875336",
  "authenticated_address": "0x0300B70e40F138927e3a988ce4A9a069Ff875336"
}
[2025-03-20T02:18:45.877Z] FRONTEND:USER - INFO: Wallet state updated
  Details: {
  "is_connected": true,
  "is_connecting": false,
  "is_disconnected": false,
  "status": "connected",
  "chain_id": 137,
  "has_address": true,
  "is_authenticated": true,
  "has_auth_wallet": true,
  "has_effective_address": true,
  "is_using_auth_wallet": false
}
[2025-03-20T02:18:45.878Z] FRONTEND:USER - INFO: Wallet hook initialized
  Details: {
  "is_connected": true,
  "is_connecting": false,
  "is_disconnected": false,
  "status": "connected",
  "chain_id": 137,
  "has_address": true,
  "is_authenticated": true,
  "has_auth_wallet": true
}
[2025-03-20T02:18:45.880Z] FRONTEND:USER - INFO: Wallet readiness state updated
  Details: {
  "stable_connection": true,
  "has_valid_address": true,
  "is_ready": true,
  "wallet_address": "0x0300B70e40F138927e3a988ce4A9a069Ff875336",
  "authenticated_address": "0x0300B70e40F138927e3a988ce4A9a069Ff875336"
}
[2025-03-20T02:18:45.880Z] FRONTEND:USER - INFO: Wallet state updated
  Details: {
  "is_connected": true,
  "is_connecting": false,
  "is_disconnected": false,
  "status": "connected",
  "chain_id": 137,
  "has_address": true,
  "is_authenticated": true,
  "has_auth_wallet": true,
  "has_effective_address": true,
  "is_using_auth_wallet": false
}
[2025-03-20T02:18:45.881Z] FRONTEND:USER - INFO: Wallet hook initialized
  Details: {
  "is_connected": true,
  "is_connecting": false,
  "is_disconnected": false,
  "status": "connected",
  "chain_id": 137,
  "has_address": true,
  "is_authenticated": true,
  "has_auth_wallet": true
}
[2025-03-20T02:18:45.915Z] FRONTEND:AUTH - DEBUG: Auth Flow - HeaderConnect Render
  Details: {
  "timestamp": "2025-03-20T02:18:45.915Z",
  "wallet_address": "0x0300B70e40F138927e3a988ce4A9a069Ff875336",
  "is_connected": true,
  "is_authenticated": true,
  "is_authenticating": false
}
[2025-03-20T02:18:45.916Z] FRONTEND:AUTH - DEBUG: Auth Flow - HeaderConnect Render
  Details: {
  "timestamp": "2025-03-20T02:18:45.916Z",
  "wallet_address": "0x0300B70e40F138927e3a988ce4A9a069Ff875336",
  "is_connected": true,
  "is_authenticated": true,
  "is_authenticating": false
}
[2025-03-20T02:18:46.621Z] FRONTEND:USER - INFO: Wallet readiness state updated
  Details: {
  "stable_connection": true,
  "has_valid_address": true,
  "is_ready": true,
  "wallet_address": "0x0300B70e40F138927e3a988ce4A9a069Ff875336",
  "authenticated_address": "0x0300B70e40F138927e3a988ce4A9a069Ff875336"
}
[2025-03-20T02:18:46.622Z] FRONTEND:USER - INFO: Wallet state updated
  Details: {
  "is_connected": true,
  "is_connecting": false,
  "is_disconnected": false,
  "status": "connected",
  "chain_id": 137,
  "has_address": true,
  "is_authenticated": true,
  "has_auth_wallet": true,
  "has_effective_address": true,
  "is_using_auth_wallet": false
}
[2025-03-20T02:18:46.622Z] FRONTEND:USER - INFO: Wallet hook initialized
  Details: {
  "is_connected": true,
  "is_connecting": false,
  "is_disconnected": false,
  "status": "connected",
  "chain_id": 137,
  "has_address": true,
  "is_authenticated": true,
  "has_auth_wallet": true
}
[2025-03-20T02:18:46.623Z] FRONTEND:AUTH - DEBUG: Auth Flow - Route Protection Check
  Details: {
  "timestamp": "2025-03-20T02:18:46.623Z",
  "is_authenticated": true,
  "has_token": true,
  "wallet_address": "0x0300B70e40F138927e3a988ce4A9a069Ff875336",
  "is_connected": true,
  "has_address": true
}
[2025-03-20T02:18:46.625Z] FRONTEND:USER - INFO: Wallet readiness state updated
  Details: {
  "stable_connection": true,
  "has_valid_address": true,
  "is_ready": true,
  "wallet_address": "0x0300B70e40F138927e3a988ce4A9a069Ff875336",
  "authenticated_address": "0x0300B70e40F138927e3a988ce4A9a069Ff875336"
}
[2025-03-20T02:18:46.626Z] FRONTEND:USER - INFO: Wallet state updated
  Details: {
  "is_connected": true,
  "is_connecting": false,
  "is_disconnected": false,
  "status": "connected",
  "chain_id": 137,
  "has_address": true,
  "is_authenticated": true,
  "has_auth_wallet": true,
  "has_effective_address": true,
  "is_using_auth_wallet": false
}
[2025-03-20T02:18:46.627Z] FRONTEND:USER - INFO: Wallet hook initialized
  Details: {
  "is_connected": true,
  "is_connecting": false,
  "is_disconnected": false,
  "status": "connected",
  "chain_id": 137,
  "has_address": true,
  "is_authenticated": true,
  "has_auth_wallet": true
}
[2025-03-20T02:18:46.627Z] FRONTEND:AUTH - DEBUG: Auth Flow - Route Protection Check
  Details: {
  "timestamp": "2025-03-20T02:18:46.627Z",
  "is_authenticated": true,
  "has_token": true,
  "wallet_address": "0x0300B70e40F138927e3a988ce4A9a069Ff875336",
  "is_connected": true,
  "has_address": true
}
[2025-03-20T02:18:46.634Z] FRONTEND:AUTH - DEBUG: Auth Flow - Route Protection Render
  Details: {
  "timestamp": "2025-03-20T02:18:46.634Z",
  "status": "allowed",
  "wallet_address": "0x0300B70e40F138927e3a988ce4A9a069Ff875336"
}
[2025-03-20T02:18:46.635Z] FRONTEND:AUTH - DEBUG: Auth Flow - Route Protection Render
  Details: {
  "timestamp": "2025-03-20T02:18:46.635Z",
  "status": "allowed",
  "wallet_address": "0x0300B70e40F138927e3a988ce4A9a069Ff875336"
}
[2025-03-20T02:18:49.143Z] FRONTEND:AUTH - DEBUG: Auth Flow - Route Protection Render
  Details: {
  "timestamp": "2025-03-20T02:18:49.143Z",
  "status": "allowed",
  "wallet_address": "0x0300B70e40F138927e3a988ce4A9a069Ff875336"
}
[2025-03-20T02:18:49.143Z] FRONTEND:AUTH - DEBUG: Auth Flow - Route Protection Render
  Details: {
  "timestamp": "2025-03-20T02:18:49.143Z",
  "status": "allowed",
  "wallet_address": "0x0300B70e40F138927e3a988ce4A9a069Ff875336"
}
[2025-03-20T02:19:08.276Z] FRONTEND:AUTH - DEBUG: Auth Flow - HeaderConnect Render
  Details: {
  "timestamp": "2025-03-20T02:19:08.276Z",
  "is_connected": false,
  "is_authenticated": true,
  "is_authenticating": false
}
[2025-03-20T02:19:08.288Z] FRONTEND:AUTH - DEBUG: Auth Flow - Route Protection Render
  Details: {
  "timestamp": "2025-03-20T02:19:08.288Z",
  "status": "allowed",
  "reason": "Using authenticated wallet address",
  "wallet_address": "0x0300B70e40F138927e3a988ce4A9a069Ff875336"
}
[2025-03-20T02:19:08.288Z] FRONTEND:AUTH - DEBUG: Auth Flow - Route Protection Render
  Details: {
  "timestamp": "2025-03-20T02:19:08.288Z",
  "status": "allowed",
  "reason": "Using authenticated wallet address",
  "wallet_address": "0x0300B70e40F138927e3a988ce4A9a069Ff875336"
}
[2025-03-20T02:19:08.320Z] FRONTEND:AUTH - DEBUG: Auth Flow - Auth state updated
  Details: {
  "timestamp": "2025-03-20T02:19:08.320Z",
  "is_connected": false,
  "is_authenticated": true,
  "auth_wallet_address": "0x0300B70e40F138927e3a988ce4A9a069Ff875336",
  "is_authenticating": false,
  "initial_check_done": false,
  "needs_reauthentication": false,
  "last_authenticated_address": null
}
[2025-03-20T02:19:08.276Z] FRONTEND:AUTH - DEBUG: Auth Flow - HeaderConnect Render
  Details: {
  "timestamp": "2025-03-20T02:19:08.276Z",
  "is_connected": false,
  "is_authenticated": true,
  "is_authenticating": false
}
[2025-03-20T02:19:08.321Z] FRONTEND:AUTH - DEBUG: Auth Flow - HeaderConnect - Wallet Disconnected while Authenticated
  Details: {
  "timestamp": "2025-03-20T02:19:08.321Z"
}
[2025-03-20T02:19:08.321Z] FRONTEND:USER - INFO: Wallet readiness state updated
  Details: {
  "stable_connection": false,
  "has_valid_address": true,
  "is_ready": false,
  "authenticated_address": "0x0300B70e40F138927e3a988ce4A9a069Ff875336"
}
[2025-03-20T02:19:08.321Z] FRONTEND:AUTH - DEBUG: Auth Flow - Logout
  Details: {
  "timestamp": "2025-03-20T02:19:08.321Z",
  "wallet_address": "0x0300B70e40F138927e3a988ce4A9a069Ff875336"
}
[2025-03-20T02:19:08.322Z] FRONTEND:USER - INFO: Wallet state updated
  Details: {
  "is_connected": false,
  "is_connecting": false,
  "is_disconnected": true,
  "status": "disconnected",
  "chain_id": 137,
  "has_address": false,
  "is_authenticated": true,
  "has_auth_wallet": true,
  "has_effective_address": true,
  "is_using_auth_wallet": true
}
[2025-03-20T02:19:08.322Z] FRONTEND:USER - INFO: Wallet readiness state updated
  Details: {
  "stable_connection": false,
  "has_valid_address": true,
  "is_ready": false,
  "authenticated_address": "0x0300B70e40F138927e3a988ce4A9a069Ff875336"
}
[2025-03-20T02:19:08.322Z] FRONTEND:USER - INFO: Wallet state updated
  Details: {
  "is_connected": false,
  "is_connecting": false,
  "is_disconnected": true,
  "status": "disconnected",
  "chain_id": 137,
  "has_address": false,
  "is_authenticated": true,
  "has_auth_wallet": true,
  "has_effective_address": true,
  "is_using_auth_wallet": true
}
[2025-03-20T02:19:08.323Z] FRONTEND:AUTH - DEBUG: Auth Flow - Route Protection Check
  Details: {
  "timestamp": "2025-03-20T02:19:08.323Z",
  "is_authenticated": true,
  "has_token": true,
  "wallet_address": "0x0300B70e40F138927e3a988ce4A9a069Ff875336",
  "is_connected": false,
  "has_address": false
}
[2025-03-20T02:19:08.323Z] FRONTEND:USER - INFO: Wallet readiness state updated
  Details: {
  "stable_connection": false,
  "has_valid_address": true,
  "is_ready": false,
  "authenticated_address": "0x0300B70e40F138927e3a988ce4A9a069Ff875336"
}
[2025-03-20T02:19:08.323Z] FRONTEND:USER - INFO: Wallet state updated
  Details: {
  "is_connected": false,
  "is_connecting": false,
  "is_disconnected": true,
  "status": "disconnected",
  "chain_id": 137,
  "has_address": false,
  "is_authenticated": true,
  "has_auth_wallet": true,
  "has_effective_address": true,
  "is_using_auth_wallet": true
}
[2025-03-20T02:19:08.336Z] FRONTEND:AUTH - DEBUG: Auth Flow - HeaderConnect Render
  Details: {
  "timestamp": "2025-03-20T02:19:08.336Z",
  "is_connected": false,
  "is_authenticated": false,
  "is_authenticating": false
}
[2025-03-20T02:19:08.336Z] FRONTEND:AUTH - DEBUG: Auth Flow - HeaderConnect Render
  Details: {
  "timestamp": "2025-03-20T02:19:08.336Z",
  "is_connected": false,
  "is_authenticated": false,
  "is_authenticating": false
}
[2025-03-20T02:19:08.351Z] FRONTEND:AUTH - DEBUG: Auth Flow - Auth state updated
  Details: {
  "timestamp": "2025-03-20T02:19:08.351Z",
  "is_connected": false,
  "is_authenticated": false,
  "is_authenticating": false,
  "initial_check_done": false,
  "needs_reauthentication": false,
  "last_authenticated_address": null
}
[2025-03-20T02:19:08.351Z] FRONTEND:USER - INFO: Wallet readiness state updated
  Details: {
  "stable_connection": false,
  "has_valid_address": false,
  "is_ready": false
}
[2025-03-20T02:19:08.352Z] FRONTEND:USER - INFO: Wallet state updated
  Details: {
  "is_connected": false,
  "is_connecting": false,
  "is_disconnected": true,
  "status": "disconnected",
  "chain_id": 137,
  "has_address": false,
  "is_authenticated": false,
  "has_auth_wallet": false,
  "has_effective_address": false,
  "is_using_auth_wallet": false
}
[2025-03-20T02:19:08.352Z] FRONTEND:USER - INFO: Wallet readiness state updated
  Details: {
  "stable_connection": false,
  "has_valid_address": false,
  "is_ready": false
}
[2025-03-20T02:19:08.352Z] FRONTEND:USER - INFO: Wallet state updated
  Details: {
  "is_connected": false,
  "is_connecting": false,
  "is_disconnected": true,
  "status": "disconnected",
  "chain_id": 137,
  "has_address": false,
  "is_authenticated": false,
  "has_auth_wallet": false,
  "has_effective_address": false,
  "is_using_auth_wallet": false
}
[2025-03-20T02:20:01.170Z] FRONTEND:AUTH - DEBUG: Auth Flow - HeaderConnect Render
  Details: {
  "timestamp": "2025-03-20T02:20:01.170Z",
  "is_connected": false,
  "is_authenticated": false,
  "is_authenticating": false
}
[2025-03-20T02:20:01.171Z] FRONTEND:AUTH - DEBUG: Auth Flow - HeaderConnect Render
  Details: {
  "timestamp": "2025-03-20T02:20:01.171Z",
  "is_connected": false,
  "is_authenticated": false,
  "is_authenticating": false
}
[2025-03-20T02:20:02.542Z] FRONTEND:AUTH - DEBUG: Auth Flow - Auth state updated
  Details: {
  "timestamp": "2025-03-20T02:20:02.542Z",
  "is_connected": false,
  "is_authenticated": false,
  "is_authenticating": false,
  "initial_check_done": false,
  "needs_reauthentication": false,
  "last_authenticated_address": null
}
[2025-03-20T02:20:02.571Z] FRONTEND:AUTH - DEBUG: Auth Flow - Auth state updated
  Details: {
  "timestamp": "2025-03-20T02:20:02.571Z",
  "is_connected": false,
  "is_authenticated": false,
  "is_authenticating": false,
  "initial_check_done": false,
  "needs_reauthentication": false,
  "last_authenticated_address": null
}
[2025-03-20T02:20:39.538Z] FRONTEND:AUTH - DEBUG: Auth Flow - HeaderConnect Render
  Details: {
  "timestamp": "2025-03-20T02:20:39.538Z",
  "is_connected": false,
  "is_authenticated": false,
  "is_authenticating": false
}
[2025-03-20T02:20:39.539Z] FRONTEND:AUTH - DEBUG: Auth Flow - HeaderConnect Render
  Details: {
  "timestamp": "2025-03-20T02:20:39.539Z",
  "is_connected": false,
  "is_authenticated": false,
  "is_authenticating": false
}
[2025-03-20T02:20:39.663Z] FRONTEND:AUTH - DEBUG: Auth Flow - HeaderConnect Render
  Details: {
  "timestamp": "2025-03-20T02:20:39.663Z",
  "is_connected": false,
  "is_authenticated": false,
  "is_authenticating": false
}
[2025-03-20T02:20:39.664Z] FRONTEND:AUTH - DEBUG: Auth Flow - HeaderConnect Render
  Details: {
  "timestamp": "2025-03-20T02:20:39.664Z",
  "is_connected": false,
  "is_authenticated": false,
  "is_authenticating": false
}
[2025-03-20T02:20:40.369Z] FRONTEND:AUTH - DEBUG: Auth Flow - HeaderConnect Render
  Details: {
  "timestamp": "2025-03-20T02:20:40.369Z",
  "is_connected": false,
  "is_authenticated": false,
  "is_authenticating": false
}
[2025-03-20T02:20:40.370Z] FRONTEND:AUTH - DEBUG: Auth Flow - HeaderConnect Render
  Details: {
  "timestamp": "2025-03-20T02:20:40.370Z",
  "is_connected": false,
  "is_authenticated": false,
  "is_authenticating": false
}
[2025-03-20T02:20:40.518Z] FRONTEND:AUTH - DEBUG: Auth Flow - Auth state updated
  Details: {
  "timestamp": "2025-03-20T02:20:40.518Z",
  "is_connected": false,
  "is_authenticated": false,
  "is_authenticating": false,
  "initial_check_done": false,
  "needs_reauthentication": false,
  "last_authenticated_address": null
}
[2025-03-20T02:20:40.519Z] FRONTEND:CS2 - INFO: Market navbar mounted with enhanced Skinport style and animations
  Details: {
  "categoriesCount": 4,
  "currentCategory": "none",
  "style": "text-only-enhanced-animated",
  "log_destination": "market",
  "timestamp": "2025-03-20T02:20:40.519Z"
}
[2025-03-20T02:20:40.520Z] FRONTEND:CS2 - INFO: Rendering 5 products with enhanced staggered animation
  Details: {
  "productCount": 5,
  "productIds": [
    "cs2-awp-crakow-minimal-wear",
    "cs2-ak47-asiimov-factory-new",
    "cs2-m4a4-howl-field-tested",
    "cs2-deagle-printstream-minimal-wear",
    "cs2-butterfly-doppler-factory-new"
  ],
  "animationEnabled": true,
  "staggerType": "wave",
  "baseDelay": "35ms",
  "log_destination": "market",
  "timestamp": "2025-03-20T02:20:40.520Z"
}
[2025-03-20T02:20:40.521Z] FRONTEND:CS2 - INFO: MarketPageView mounted with 5 products and enhanced animations
  Details: {
  "page": 1,
  "pageSize": 20,
  "totalProducts": 5,
  "productIds": [
    "cs2-awp-crakow-minimal-wear",
    "cs2-ak47-asiimov-factory-new",
    "cs2-m4a4-howl-field-tested",
    "cs2-deagle-printstream-minimal-wear",
    "cs2-butterfly-doppler-factory-new"
  ],
  "transitionType": "initial-mount",
  "animationsEnabled": true,
  "log_destination": "market",
  "timestamp": "2025-03-20T02:20:40.521Z"
}
[2025-03-20T02:20:40.522Z] FRONTEND:CS2 - DEBUG: MarketPageView unmounted
  Details: {
  "page": 1,
  "log_destination": "market",
  "timestamp": "2025-03-20T02:20:40.522Z"
}
[2025-03-20T02:20:40.524Z] FRONTEND:AUTH - DEBUG: Auth Flow - Auth state updated
  Details: {
  "timestamp": "2025-03-20T02:20:40.524Z",
  "is_connected": false,
  "is_authenticated": false,
  "is_authenticating": false,
  "initial_check_done": false,
  "needs_reauthentication": false,
  "last_authenticated_address": null
}
[2025-03-20T02:20:40.525Z] FRONTEND:CS2 - INFO: Rendering 5 products with enhanced staggered animation
  Details: {
  "productCount": 5,
  "productIds": [
    "cs2-awp-crakow-minimal-wear",
    "cs2-ak47-asiimov-factory-new",
    "cs2-m4a4-howl-field-tested",
    "cs2-deagle-printstream-minimal-wear",
    "cs2-butterfly-doppler-factory-new"
  ],
  "animationEnabled": true,
  "staggerType": "wave",
  "baseDelay": "35ms",
  "log_destination": "market",
  "timestamp": "2025-03-20T02:20:40.525Z"
}
[2025-03-20T02:20:40.622Z] FRONTEND:AUTH - DEBUG: Auth Flow - HeaderConnect Render
  Details: {
  "timestamp": "2025-03-20T02:20:40.622Z",
  "is_connected": false,
  "is_authenticated": false,
  "is_authenticating": false
}
[2025-03-20T02:20:40.622Z] FRONTEND:AUTH - DEBUG: Auth Flow - HeaderConnect Render
  Details: {
  "timestamp": "2025-03-20T02:20:40.622Z",
  "is_connected": false,
  "is_authenticated": false,
  "is_authenticating": false
}
[2025-03-20T02:20:40.689Z] FRONTEND:CS2 - INFO: Market navbar mounted with enhanced Skinport style and animations
  Details: {
  "categoriesCount": 4,
  "currentCategory": "none",
  "style": "text-only-enhanced-animated",
  "log_destination": "market",
  "timestamp": "2025-03-20T02:20:40.689Z"
}
[2025-03-20T02:20:40.688Z] FRONTEND:AUTH - DEBUG: Auth Flow - Auth state updated
  Details: {
  "timestamp": "2025-03-20T02:20:40.688Z",
  "is_connected": false,
  "is_authenticated": false,
  "is_authenticating": false,
  "initial_check_done": false,
  "needs_reauthentication": false,
  "last_authenticated_address": null
}
[2025-03-20T02:20:40.689Z] FRONTEND:AUTH - DEBUG: Auth Flow - Auth state updated
  Details: {
  "timestamp": "2025-03-20T02:20:40.689Z",
  "is_connected": false,
  "is_authenticated": false,
  "is_authenticating": false,
  "initial_check_done": false,
  "needs_reauthentication": false,
  "last_authenticated_address": null
}
[2025-03-20T02:20:44.036Z] FRONTEND:CS2 - INFO: Rendering 5 products with enhanced staggered animation
  Details: {
  "productCount": 5,
  "productIds": [
    "cs2-awp-crakow-minimal-wear",
    "cs2-ak47-asiimov-factory-new",
    "cs2-m4a4-howl-field-tested",
    "cs2-deagle-printstream-minimal-wear",
    "cs2-butterfly-doppler-factory-new"
  ],
  "animationEnabled": true,
  "staggerType": "wave",
  "baseDelay": "35ms",
  "log_destination": "market",
  "timestamp": "2025-03-20T02:20:44.036Z"
}
[2025-03-20T02:20:45.021Z] FRONTEND:AUTH - DEBUG: Auth Flow - HeaderConnect Render
  Details: {
  "timestamp": "2025-03-20T02:20:45.021Z",
  "is_connected": false,
  "is_authenticated": false,
  "is_authenticating": false
}
[2025-03-20T02:20:45.021Z] FRONTEND:AUTH - DEBUG: Auth Flow - HeaderConnect Render
  Details: {
  "timestamp": "2025-03-20T02:20:45.021Z",
  "is_connected": false,
  "is_authenticated": false,
  "is_authenticating": false
}
[2025-03-20T02:20:45.325Z] FRONTEND:AUTH - DEBUG: Auth Flow - Auth state updated
  Details: {
  "timestamp": "2025-03-20T02:20:45.325Z",
  "is_connected": false,
  "is_authenticated": false,
  "is_authenticating": false,
  "initial_check_done": false,
  "needs_reauthentication": false,
  "last_authenticated_address": null
}
[2025-03-20T02:20:45.336Z] FRONTEND:AUTH - DEBUG: Auth Flow - Auth state updated
  Details: {
  "timestamp": "2025-03-20T02:20:45.336Z",
  "is_connected": false,
  "is_authenticated": false,
  "is_authenticating": false,
  "initial_check_done": false,
  "needs_reauthentication": false,
  "last_authenticated_address": null
}
[2025-03-20T02:20:48.577Z] FRONTEND:AUTH - DEBUG: Auth Flow - HeaderConnect Render
  Details: {
  "timestamp": "2025-03-20T02:20:48.577Z",
  "is_connected": false,
  "is_authenticated": false,
  "is_authenticating": false
}
[2025-03-20T02:20:48.577Z] FRONTEND:AUTH - DEBUG: Auth Flow - HeaderConnect Render
  Details: {
  "timestamp": "2025-03-20T02:20:48.577Z",
  "is_connected": false,
  "is_authenticated": false,
  "is_authenticating": false
}
[2025-03-20T02:20:48.648Z] FRONTEND:AUTH - DEBUG: Auth Flow - Auth state updated
  Details: {
  "timestamp": "2025-03-20T02:20:48.648Z",
  "is_connected": false,
  "is_authenticated": false,
  "is_authenticating": false,
  "initial_check_done": false,
  "needs_reauthentication": false,
  "last_authenticated_address": null
}
[2025-03-20T02:20:48.648Z] FRONTEND:CS2 - INFO: Market navbar mounted with enhanced Skinport style and animations
  Details: {
  "categoriesCount": 4,
  "currentCategory": "none",
  "style": "text-only-enhanced-animated",
  "log_destination": "market",
  "timestamp": "2025-03-20T02:20:48.648Z"
}
[2025-03-20T02:20:48.649Z] FRONTEND:CS2 - INFO: Rendering 5 products with enhanced staggered animation
  Details: {
  "productCount": 5,
  "productIds": [
    "cs2-awp-crakow-minimal-wear",
    "cs2-ak47-asiimov-factory-new",
    "cs2-m4a4-howl-field-tested",
    "cs2-deagle-printstream-minimal-wear",
    "cs2-butterfly-doppler-factory-new"
  ],
  "animationEnabled": true,
  "staggerType": "wave",
  "baseDelay": "35ms",
  "log_destination": "market",
  "timestamp": "2025-03-20T02:20:48.649Z"
}
[2025-03-20T02:20:48.649Z] FRONTEND:CS2 - INFO: MarketPageView mounted with 5 products and enhanced animations
  Details: {
  "page": 1,
  "pageSize": 20,
  "totalProducts": 5,
  "productIds": [
    "cs2-awp-crakow-minimal-wear",
    "cs2-ak47-asiimov-factory-new",
    "cs2-m4a4-howl-field-tested",
    "cs2-deagle-printstream-minimal-wear",
    "cs2-butterfly-doppler-factory-new"
  ],
  "transitionType": "initial-mount",
  "animationsEnabled": true,
  "log_destination": "market",
  "timestamp": "2025-03-20T02:20:48.649Z"
}
[2025-03-20T02:20:48.650Z] FRONTEND:CS2 - DEBUG: MarketPageView unmounted
  Details: {
  "page": 1,
  "log_destination": "market",
  "timestamp": "2025-03-20T02:20:48.650Z"
}
[2025-03-20T02:20:48.651Z] FRONTEND:AUTH - DEBUG: Auth Flow - Auth state updated
  Details: {
  "timestamp": "2025-03-20T02:20:48.651Z",
  "is_connected": false,
  "is_authenticated": false,
  "is_authenticating": false,
  "initial_check_done": false,
  "needs_reauthentication": false,
  "last_authenticated_address": null
}
[2025-03-20T02:20:48.651Z] FRONTEND:CS2 - INFO: Rendering 5 products with enhanced staggered animation
  Details: {
  "productCount": 5,
  "productIds": [
    "cs2-awp-crakow-minimal-wear",
    "cs2-ak47-asiimov-factory-new",
    "cs2-m4a4-howl-field-tested",
    "cs2-deagle-printstream-minimal-wear",
    "cs2-butterfly-doppler-factory-new"
  ],
  "animationEnabled": true,
  "staggerType": "wave",
  "baseDelay": "35ms",
  "log_destination": "market",
  "timestamp": "2025-03-20T02:20:48.651Z"
}
[2025-03-20T02:20:48.714Z] FRONTEND:AUTH - DEBUG: Auth Flow - HeaderConnect Render
  Details: {
  "timestamp": "2025-03-20T02:20:48.714Z",
  "is_connected": false,
  "is_authenticated": false,
  "is_authenticating": false
}
[2025-03-20T02:20:48.715Z] FRONTEND:AUTH - DEBUG: Auth Flow - HeaderConnect Render
  Details: {
  "timestamp": "2025-03-20T02:20:48.715Z",
  "is_connected": false,
  "is_authenticated": false,
  "is_authenticating": false
}
[2025-03-20T02:20:48.743Z] FRONTEND:AUTH - DEBUG: Auth Flow - Auth state updated
  Details: {
  "timestamp": "2025-03-20T02:20:48.743Z",
  "is_connected": false,
  "is_authenticated": false,
  "is_authenticating": false,
  "initial_check_done": false,
  "needs_reauthentication": false,
  "last_authenticated_address": null
}
[2025-03-20T02:20:48.743Z] FRONTEND:CS2 - INFO: Market navbar mounted with enhanced Skinport style and animations
  Details: {
  "categoriesCount": 4,
  "currentCategory": "none",
  "style": "text-only-enhanced-animated",
  "log_destination": "market",
  "timestamp": "2025-03-20T02:20:48.743Z"
}
[2025-03-20T02:20:48.743Z] FRONTEND:AUTH - DEBUG: Auth Flow - Auth state updated
  Details: {
  "timestamp": "2025-03-20T02:20:48.743Z",
  "is_connected": false,
  "is_authenticated": false,
  "is_authenticating": false,
  "initial_check_done": false,
  "needs_reauthentication": false,
  "last_authenticated_address": null
}
[2025-03-20T09:42:32.291Z] FRONTEND:AUTH - DEBUG: Auth Flow - HeaderConnect Render
  Details: {
  "timestamp": "2025-03-20T09:42:32.291Z",
  "is_connected": false,
  "is_authenticated": false,
  "is_authenticating": false
}
[2025-03-20T09:42:32.292Z] FRONTEND:AUTH - DEBUG: Auth Flow - HeaderConnect Render
  Details: {
  "timestamp": "2025-03-20T09:42:32.292Z",
  "is_connected": false,
  "is_authenticated": false,
  "is_authenticating": false
}
[2025-03-20T09:42:32.935Z] FRONTEND:AUTH - DEBUG: Auth Flow - Auth state updated
  Details: {
  "timestamp": "2025-03-20T09:42:32.935Z",
  "is_connected": false,
  "is_authenticated": false,
  "is_authenticating": false,
  "initial_check_done": false,
  "needs_reauthentication": false,
  "last_authenticated_address": null
}
[2025-03-20T09:42:32.952Z] FRONTEND:AUTH - DEBUG: Auth Flow - HeaderConnect Render
  Details: {
  "timestamp": "2025-03-20T09:42:32.952Z",
  "is_connected": false,
  "is_authenticated": false,
  "is_authenticating": false
}
[2025-03-20T09:42:32.188Z] FRONTEND:AUTH - DEBUG: Auth Flow - Initial Auth State Check
  Details: {
  "timestamp": "2025-03-20T09:42:32.188Z",
  "has_token": false,
  "has_user": false
}
[2025-03-20T09:42:32.953Z] FRONTEND:AUTH - DEBUG: Auth Flow - HeaderConnect Render
  Details: {
  "timestamp": "2025-03-20T09:42:32.953Z",
  "is_connected": false,
  "is_authenticated": false,
  "is_authenticating": false
}
[2025-03-20T09:42:32.972Z] FRONTEND:AUTH - DEBUG: Auth Flow - HeaderConnect Render
  Details: {
  "timestamp": "2025-03-20T09:42:32.972Z",
  "is_connected": false,
  "is_authenticated": false,
  "is_authenticating": false
}
[2025-03-20T09:42:32.972Z] FRONTEND:AUTH - DEBUG: Auth Flow - HeaderConnect Render
  Details: {
  "timestamp": "2025-03-20T09:42:32.972Z",
  "is_connected": false,
  "is_authenticated": false,
  "is_authenticating": false
}
[2025-03-20T09:42:32.987Z] FRONTEND:AUTH - DEBUG: Auth Flow - HeaderConnect Render
  Details: {
  "timestamp": "2025-03-20T09:42:32.987Z",
  "is_connected": false,
  "is_authenticated": false,
  "is_authenticating": false
}
[2025-03-20T09:42:32.988Z] FRONTEND:AUTH - DEBUG: Auth Flow - HeaderConnect Render
  Details: {
  "timestamp": "2025-03-20T09:42:32.988Z",
  "is_connected": false,
  "is_authenticated": false,
  "is_authenticating": false
}
[2025-03-20T09:42:48.727Z] FRONTEND:AUTH - DEBUG: Auth Flow - HeaderConnect Render
  Details: {
  "timestamp": "2025-03-20T09:42:48.727Z",
  "is_connected": false,
  "is_authenticated": false,
  "is_authenticating": false
}
[2025-03-20T09:42:48.728Z] FRONTEND:AUTH - DEBUG: Auth Flow - HeaderConnect Render
  Details: {
  "timestamp": "2025-03-20T09:42:48.728Z",
  "is_connected": false,
  "is_authenticated": false,
  "is_authenticating": false
}
[2025-03-20T09:42:49.793Z] FRONTEND:AUTH - DEBUG: Auth Flow - HeaderConnect Render
  Details: {
  "timestamp": "2025-03-20T09:42:49.793Z",
  "is_connected": false,
  "is_authenticated": false,
  "is_authenticating": false
}
[2025-03-20T09:42:49.794Z] FRONTEND:AUTH - DEBUG: Auth Flow - HeaderConnect Render
  Details: {
  "timestamp": "2025-03-20T09:42:49.794Z",
  "is_connected": false,
  "is_authenticated": false,
  "is_authenticating": false
}
[2025-03-20T09:42:51.531Z] FRONTEND:AUTH - DEBUG: Auth Flow - HeaderConnect Render
  Details: {
  "timestamp": "2025-03-20T09:42:51.531Z",
  "is_connected": false,
  "is_authenticated": false,
  "is_authenticating": false
}
[2025-03-20T09:42:51.532Z] FRONTEND:AUTH - DEBUG: Auth Flow - HeaderConnect Render
  Details: {
  "timestamp": "2025-03-20T09:42:51.532Z",
  "is_connected": false,
  "is_authenticated": false,
  "is_authenticating": false
}
[2025-03-20T09:42:53.930Z] FRONTEND:AUTH - DEBUG: Auth Flow - HeaderConnect Render
  Details: {
  "timestamp": "2025-03-20T09:42:53.930Z",
  "is_connected": false,
  "is_authenticated": false,
  "is_authenticating": false
}
[2025-03-20T09:42:53.930Z] FRONTEND:AUTH - DEBUG: Auth Flow - HeaderConnect Render
  Details: {
  "timestamp": "2025-03-20T09:42:53.930Z",
  "is_connected": false,
  "is_authenticated": false,
  "is_authenticating": false
}
[2025-03-20T09:43:02.802Z] FRONTEND:AUTH - DEBUG: Auth Flow - Authentication needed - not authenticated
  Details: {
  "timestamp": "2025-03-20T09:43:02.802Z",
  "address": "0x0300B70e40F138927e3a988ce4A9a069Ff875336",
  "is_connected": true
}
[2025-03-20T09:43:02.803Z] FRONTEND:AUTH - DEBUG: Auth Flow - Authentication needed - not authenticated
  Details: {
  "timestamp": "2025-03-20T09:43:02.803Z",
  "address": "0x0300B70e40F138927e3a988ce4A9a069Ff875336",
  "is_connected": true
}
[2025-03-20T09:43:02.803Z] FRONTEND:AUTH - DEBUG: Auth Flow - HeaderConnect Render
  Details: {
  "timestamp": "2025-03-20T09:43:02.803Z",
  "wallet_address": "0x0300B70e40F138927e3a988ce4A9a069Ff875336",
  "is_connected": true,
  "is_authenticated": false,
  "is_authenticating": false
}
[2025-03-20T09:43:02.803Z] FRONTEND:AUTH - DEBUG: Auth Flow - HeaderConnect Render
  Details: {
  "timestamp": "2025-03-20T09:43:02.803Z",
  "wallet_address": "0x0300B70e40F138927e3a988ce4A9a069Ff875336",
  "is_connected": true,
  "is_authenticated": false,
  "is_authenticating": false
}
[2025-03-20T09:43:02.813Z] FRONTEND:AUTH - DEBUG: Auth Flow - Auth Check
  Details: {
  "timestamp": "2025-03-20T09:43:02.813Z",
  "has_token": false,
  "has_user": false
}
[2025-03-20T09:43:02.814Z] FRONTEND:AUTH - DEBUG: Auth Flow - Starting authentication
  Details: {
  "timestamp": "2025-03-20T09:43:02.814Z",
  "wallet_address": "0x0300B70e40F138927e3a988ce4A9a069Ff875336",
  "is_connected": true,
  "initial_check_done": true
}
[2025-03-20T09:43:02.814Z] FRONTEND:AUTH - DEBUG: Auth Flow - Request Signature
  Details: {
  "timestamp": "2025-03-20T09:43:02.814Z",
  "walletAddress": "0x0300B70e40F138927e3a988ce4A9a069Ff875336"
}
[2025-03-20T09:43:02.816Z] FRONTEND:AUTH - DEBUG: Auth Flow - Auth state updated
  Details: {
  "timestamp": "2025-03-20T09:43:02.816Z",
  "is_connected": true,
  "is_authenticated": false,
  "wallet_address": "0x0300B70e40F138927e3a988ce4A9a069Ff875336",
  "is_authenticating": false,
  "initial_check_done": true,
  "needs_reauthentication": true,
  "last_authenticated_address": null
}
[2025-03-20T09:43:02.827Z] FRONTEND:AUTH - DEBUG: Auth Flow - Auth state restoration failed - triggering authentication
  Details: {
  "timestamp": "2025-03-20T09:43:02.827Z",
  "address": "0x0300B70e40F138927e3a988ce4A9a069Ff875336",
  "is_connected": true
}
[2025-03-20T09:43:02.827Z] FRONTEND:AUTH - DEBUG: Auth Flow - Token Retrieval
  Details: {
  "timestamp": "2025-03-20T09:43:02.827Z",
  "exists": false
}
[2025-03-20T09:43:02.845Z] FRONTEND:AUTH - DEBUG: Auth Flow - HeaderConnect Render
  Details: {
  "timestamp": "2025-03-20T09:43:02.845Z",
  "wallet_address": "0x0300B70e40F138927e3a988ce4A9a069Ff875336",
  "is_connected": true,
  "is_authenticated": false,
  "is_authenticating": true
}
[2025-03-20T09:43:02.846Z] FRONTEND:AUTH - DEBUG: Auth Flow - HeaderConnect Render
  Details: {
  "timestamp": "2025-03-20T09:43:02.846Z",
  "wallet_address": "0x0300B70e40F138927e3a988ce4A9a069Ff875336",
  "is_connected": true,
  "is_authenticated": false,
  "is_authenticating": true
}
[2025-03-20T09:43:02.852Z] FRONTEND:AUTH - DEBUG: Auth Flow - Signature Requested
  Details: {
  "timestamp": "2025-03-20T09:43:02.852Z",
  "nonce": "6bc11ad350101f91a2a439c080c2a39566b1f58106f924d8907a833f18dc815a"
}
[2025-03-20T09:43:02.854Z] FRONTEND:AUTH - DEBUG: Auth Flow - Auth state updated
  Details: {
  "timestamp": "2025-03-20T09:43:02.854Z",
  "is_connected": true,
  "is_authenticated": false,
  "wallet_address": "0x0300B70e40F138927e3a988ce4A9a069Ff875336",
  "is_authenticating": true,
  "initial_check_done": true,
  "needs_reauthentication": true,
  "last_authenticated_address": null
}
[2025-03-20T09:43:02.854Z] FRONTEND:AUTH - DEBUG: Auth Flow - HeaderConnect Render
  Details: {
  "timestamp": "2025-03-20T09:43:02.854Z",
  "wallet_address": "0x0300B70e40F138927e3a988ce4A9a069Ff875336",
  "is_connected": true,
  "is_authenticated": false,
  "is_authenticating": true
}
[2025-03-20T09:43:02.855Z] FRONTEND:AUTH - DEBUG: Auth Flow - HeaderConnect Render
  Details: {
  "timestamp": "2025-03-20T09:43:02.855Z",
  "wallet_address": "0x0300B70e40F138927e3a988ce4A9a069Ff875336",
  "is_connected": true,
  "is_authenticated": false,
  "is_authenticating": true
}
[2025-03-20T09:43:06.836Z] FRONTEND:AUTH - DEBUG: Auth Flow - Verify Signature
  Details: {
  "timestamp": "2025-03-20T09:43:06.836Z",
  "walletAddress": "0x0300B70e40F138927e3a988ce4A9a069Ff875336",
  "nonce": "6bc11ad350101f91a2a439c080c2a39566b1f58106f924d8907a833f18dc815a"
}
[2025-03-20T09:43:06.836Z] FRONTEND:AUTH - DEBUG: Auth Flow - Token Retrieval
  Details: {
  "timestamp": "2025-03-20T09:43:06.836Z",
  "exists": false
}
[2025-03-20T09:43:06.837Z] FRONTEND:AUTH - DEBUG: Auth Flow - HeaderConnect Render
  Details: {
  "timestamp": "2025-03-20T09:43:06.837Z",
  "wallet_address": "0x0300B70e40F138927e3a988ce4A9a069Ff875336",
  "is_connected": true,
  "is_authenticated": false,
  "is_authenticating": true
}
[2025-03-20T09:43:06.837Z] FRONTEND:AUTH - DEBUG: Auth Flow - HeaderConnect Render
  Details: {
  "timestamp": "2025-03-20T09:43:06.837Z",
  "wallet_address": "0x0300B70e40F138927e3a988ce4A9a069Ff875336",
  "is_connected": true,
  "is_authenticated": false,
  "is_authenticating": true
}
[2025-03-20T09:43:06.948Z] FRONTEND:AUTH - INFO: Token Operation - store
  Details: {
  "timestamp": "2025-03-20T09:43:06.948Z",
  "success": true
}
[2025-03-20T09:43:06.948Z] FRONTEND:AUTH - DEBUG: Auth Flow - Signature Verified
  Details: {
  "timestamp": "2025-03-20T09:43:06.948Z",
  "success": true
}
[2025-03-20T09:43:06.949Z] FRONTEND:AUTH - DEBUG: Auth Flow - Login
  Details: {
  "timestamp": "2025-03-20T09:43:06.949Z",
  "wallet_address": "0x0300B70e40F138927e3a988ce4A9a069Ff875336",
  "token_length": 188
}
[2025-03-20T09:43:06.949Z] FRONTEND:AUTH - DEBUG: Auth Flow - Authentication successful
  Details: {
  "timestamp": "2025-03-20T09:43:06.949Z",
  "wallet_address": "0x0300B70e40F138927e3a988ce4A9a069Ff875336"
}
[2025-03-20T09:43:06.950Z] FRONTEND:AUTH - DEBUG: Auth Flow - HeaderConnect Render
  Details: {
  "timestamp": "2025-03-20T09:43:06.950Z",
  "wallet_address": "0x0300B70e40F138927e3a988ce4A9a069Ff875336",
  "is_connected": true,
  "is_authenticated": true,
  "is_authenticating": false
}
[2025-03-20T09:43:06.950Z] FRONTEND:AUTH - DEBUG: Auth Flow - HeaderConnect Render
  Details: {
  "timestamp": "2025-03-20T09:43:06.950Z",
  "wallet_address": "0x0300B70e40F138927e3a988ce4A9a069Ff875336",
  "is_connected": true,
  "is_authenticated": true,
  "is_authenticating": false
}
[2025-03-20T09:43:06.954Z] FRONTEND:AUTH - DEBUG: Auth Flow - Auth state updated
  Details: {
  "timestamp": "2025-03-20T09:43:06.954Z",
  "is_connected": true,
  "is_authenticated": true,
  "wallet_address": "0x0300B70e40F138927e3a988ce4A9a069Ff875336",
  "auth_wallet_address": "0x0300B70e40F138927e3a988ce4A9a069Ff875336",
  "is_authenticating": false,
  "initial_check_done": true,
  "needs_reauthentication": false,
  "last_authenticated_address": "0x0300B70e40F138927e3a988ce4A9a069Ff875336"
}
[2025-03-20T09:43:30.638Z] FRONTEND:AUTH - DEBUG: Auth Flow - HeaderConnect Render
  Details: {
  "timestamp": "2025-03-20T09:43:30.638Z",
  "wallet_address": "0x0300B70e40F138927e3a988ce4A9a069Ff875336",
  "is_connected": true,
  "is_authenticated": true,
  "is_authenticating": false
}
[2025-03-20T09:43:30.639Z] FRONTEND:AUTH - DEBUG: Auth Flow - HeaderConnect Render
  Details: {
  "timestamp": "2025-03-20T09:43:30.639Z",
  "wallet_address": "0x0300B70e40F138927e3a988ce4A9a069Ff875336",
  "is_connected": true,
  "is_authenticated": true,
  "is_authenticating": false
}
[2025-03-20T09:43:30.686Z] FRONTEND:AUTH - DEBUG: Auth Flow - HeaderConnect Render
  Details: {
  "timestamp": "2025-03-20T09:43:30.686Z",
  "wallet_address": "0x0300B70e40F138927e3a988ce4A9a069Ff875336",
  "is_connected": true,
  "is_authenticated": true,
  "is_authenticating": false
}
[2025-03-20T09:43:30.686Z] FRONTEND:AUTH - DEBUG: Auth Flow - HeaderConnect Render
  Details: {
  "timestamp": "2025-03-20T09:43:30.686Z",
  "wallet_address": "0x0300B70e40F138927e3a988ce4A9a069Ff875336",
  "is_connected": true,
  "is_authenticated": true,
  "is_authenticating": false
}
[2025-03-20T09:43:34.429Z] FRONTEND:AUTH - DEBUG: Auth Flow - HeaderConnect Render
  Details: {
  "timestamp": "2025-03-20T09:43:34.429Z",
  "wallet_address": "0x0300B70e40F138927e3a988ce4A9a069Ff875336",
  "is_connected": true,
  "is_authenticated": true,
  "is_authenticating": false
}
[2025-03-20T09:43:34.430Z] FRONTEND:AUTH - DEBUG: Auth Flow - HeaderConnect Render
  Details: {
  "timestamp": "2025-03-20T09:43:34.430Z",
  "wallet_address": "0x0300B70e40F138927e3a988ce4A9a069Ff875336",
  "is_connected": true,
  "is_authenticated": true,
  "is_authenticating": false
}
[2025-03-20T09:43:34.493Z] FRONTEND:AUTH - DEBUG: Auth Flow - Auth Check
  Details: {
  "timestamp": "2025-03-20T09:43:34.492Z",
  "has_token": true,
  "has_user": true
}
[2025-03-20T09:43:34.493Z] FRONTEND:AUTH - DEBUG: Auth Flow - Auth state updated
  Details: {
  "timestamp": "2025-03-20T09:43:34.493Z",
  "is_connected": true,
  "is_authenticated": true,
  "wallet_address": "0x0300B70e40F138927e3a988ce4A9a069Ff875336",
  "auth_wallet_address": "0x0300B70e40F138927e3a988ce4A9a069Ff875336",
  "is_authenticating": false,
  "initial_check_done": true,
  "needs_reauthentication": false,
  "last_authenticated_address": null
}
[2025-03-20T09:43:34.505Z] FRONTEND:USER - INFO: Wallet readiness state updated
  Details: {
  "stable_connection": true,
  "has_valid_address": true,
  "is_ready": true,
  "wallet_address": "0x0300B70e40F138927e3a988ce4A9a069Ff875336",
  "authenticated_address": "0x0300B70e40F138927e3a988ce4A9a069Ff875336"
}
[2025-03-20T09:43:34.506Z] FRONTEND:USER - INFO: Wallet state updated
  Details: {
  "is_connected": true,
  "is_connecting": false,
  "is_disconnected": false,
  "status": "connected",
  "chain_id": 137,
  "has_address": true,
  "is_authenticated": true,
  "has_auth_wallet": true,
  "has_effective_address": true,
  "is_using_auth_wallet": false
}
[2025-03-20T09:43:34.507Z] FRONTEND:USER - INFO: Wallet hook initialized
  Details: {
  "is_connected": true,
  "is_connecting": false,
  "is_disconnected": false,
  "status": "connected",
  "chain_id": 137,
  "has_address": true,
  "is_authenticated": true,
  "has_auth_wallet": true
}
[2025-03-20T09:43:34.510Z] FRONTEND:USER - INFO: Wallet readiness state updated
  Details: {
  "stable_connection": true,
  "has_valid_address": true,
  "is_ready": true,
  "wallet_address": "0x0300B70e40F138927e3a988ce4A9a069Ff875336",
  "authenticated_address": "0x0300B70e40F138927e3a988ce4A9a069Ff875336"
}
[2025-03-20T09:43:34.510Z] FRONTEND:USER - INFO: Wallet state updated
  Details: {
  "is_connected": true,
  "is_connecting": false,
  "is_disconnected": false,
  "status": "connected",
  "chain_id": 137,
  "has_address": true,
  "is_authenticated": true,
  "has_auth_wallet": true,
  "has_effective_address": true,
  "is_using_auth_wallet": false
}
[2025-03-20T09:43:34.510Z] FRONTEND:USER - INFO: Wallet hook initialized
  Details: {
  "is_connected": true,
  "is_connecting": false,
  "is_disconnected": false,
  "status": "connected",
  "chain_id": 137,
  "has_address": true,
  "is_authenticated": true,
  "has_auth_wallet": true
}
[2025-03-20T09:43:34.518Z] FRONTEND:USER - INFO: Wallet readiness state updated
  Details: {
  "stable_connection": true,
  "has_valid_address": true,
  "is_ready": true,
  "wallet_address": "0x0300B70e40F138927e3a988ce4A9a069Ff875336",
  "authenticated_address": "0x0300B70e40F138927e3a988ce4A9a069Ff875336"
}
[2025-03-20T09:43:34.517Z] FRONTEND:AUTH - DEBUG: Auth Flow - Auth state updated
  Details: {
  "timestamp": "2025-03-20T09:43:34.517Z",
  "is_connected": true,
  "is_authenticated": true,
  "wallet_address": "0x0300B70e40F138927e3a988ce4A9a069Ff875336",
  "auth_wallet_address": "0x0300B70e40F138927e3a988ce4A9a069Ff875336",
  "is_authenticating": false,
  "initial_check_done": true,
  "needs_reauthentication": false,
  "last_authenticated_address": null
}
[2025-03-20T09:43:34.519Z] FRONTEND:USER - INFO: Wallet state updated
  Details: {
  "is_connected": true,
  "is_connecting": false,
  "is_disconnected": false,
  "status": "connected",
  "chain_id": 137,
  "has_address": true,
  "is_authenticated": true,
  "has_auth_wallet": true,
  "has_effective_address": true,
  "is_using_auth_wallet": false
}
[2025-03-20T09:43:34.519Z] FRONTEND:USER - INFO: Wallet hook initialized
  Details: {
  "is_connected": true,
  "is_connecting": false,
  "is_disconnected": false,
  "status": "connected",
  "chain_id": 137,
  "has_address": true,
  "is_authenticated": true,
  "has_auth_wallet": true
}
[2025-03-20T09:43:34.521Z] FRONTEND:USER - INFO: Wallet readiness state updated
  Details: {
  "stable_connection": true,
  "has_valid_address": true,
  "is_ready": true,
  "wallet_address": "0x0300B70e40F138927e3a988ce4A9a069Ff875336",
  "authenticated_address": "0x0300B70e40F138927e3a988ce4A9a069Ff875336"
}
[2025-03-20T09:43:34.521Z] FRONTEND:USER - INFO: Wallet state updated
  Details: {
  "is_connected": true,
  "is_connecting": false,
  "is_disconnected": false,
  "status": "connected",
  "chain_id": 137,
  "has_address": true,
  "is_authenticated": true,
  "has_auth_wallet": true,
  "has_effective_address": true,
  "is_using_auth_wallet": false
}
[2025-03-20T09:43:34.522Z] FRONTEND:USER - INFO: Wallet hook initialized
  Details: {
  "is_connected": true,
  "is_connecting": false,
  "is_disconnected": false,
  "status": "connected",
  "chain_id": 137,
  "has_address": true,
  "is_authenticated": true,
  "has_auth_wallet": true
}
[2025-03-20T09:43:34.545Z] FRONTEND:AUTH - DEBUG: Auth Flow - HeaderConnect Render
  Details: {
  "timestamp": "2025-03-20T09:43:34.545Z",
  "wallet_address": "0x0300B70e40F138927e3a988ce4A9a069Ff875336",
  "is_connected": true,
  "is_authenticated": true,
  "is_authenticating": false
}
[2025-03-20T09:43:34.544Z] FRONTEND:AUTH - DEBUG: Auth Flow - HeaderConnect Render
  Details: {
  "timestamp": "2025-03-20T09:43:34.544Z",
  "wallet_address": "0x0300B70e40F138927e3a988ce4A9a069Ff875336",
  "is_connected": true,
  "is_authenticated": true,
  "is_authenticating": false
}
[2025-03-20T09:43:35.267Z] FRONTEND:USER - INFO: Wallet readiness state updated
  Details: {
  "stable_connection": true,
  "has_valid_address": true,
  "is_ready": true,
  "wallet_address": "0x0300B70e40F138927e3a988ce4A9a069Ff875336",
  "authenticated_address": "0x0300B70e40F138927e3a988ce4A9a069Ff875336"
}
[2025-03-20T09:43:35.267Z] FRONTEND:USER - INFO: Wallet state updated
  Details: {
  "is_connected": true,
  "is_connecting": false,
  "is_disconnected": false,
  "status": "connected",
  "chain_id": 137,
  "has_address": true,
  "is_authenticated": true,
  "has_auth_wallet": true,
  "has_effective_address": true,
  "is_using_auth_wallet": false
}
[2025-03-20T09:43:35.267Z] FRONTEND:USER - INFO: Wallet hook initialized
  Details: {
  "is_connected": true,
  "is_connecting": false,
  "is_disconnected": false,
  "status": "connected",
  "chain_id": 137,
  "has_address": true,
  "is_authenticated": true,
  "has_auth_wallet": true
}
[2025-03-20T09:43:35.268Z] FRONTEND:AUTH - DEBUG: Auth Flow - Route Protection Check
  Details: {
  "timestamp": "2025-03-20T09:43:35.268Z",
  "is_authenticated": true,
  "has_token": true,
  "wallet_address": "0x0300B70e40F138927e3a988ce4A9a069Ff875336",
  "is_connected": true,
  "has_address": true
}
[2025-03-20T09:43:35.270Z] FRONTEND:USER - INFO: Wallet readiness state updated
  Details: {
  "stable_connection": true,
  "has_valid_address": true,
  "is_ready": true,
  "wallet_address": "0x0300B70e40F138927e3a988ce4A9a069Ff875336",
  "authenticated_address": "0x0300B70e40F138927e3a988ce4A9a069Ff875336"
}
[2025-03-20T09:43:35.270Z] FRONTEND:USER - INFO: Wallet state updated
  Details: {
  "is_connected": true,
  "is_connecting": false,
  "is_disconnected": false,
  "status": "connected",
  "chain_id": 137,
  "has_address": true,
  "is_authenticated": true,
  "has_auth_wallet": true,
  "has_effective_address": true,
  "is_using_auth_wallet": false
}
[2025-03-20T09:43:35.271Z] FRONTEND:USER - INFO: Wallet hook initialized
  Details: {
  "is_connected": true,
  "is_connecting": false,
  "is_disconnected": false,
  "status": "connected",
  "chain_id": 137,
  "has_address": true,
  "is_authenticated": true,
  "has_auth_wallet": true
}
[2025-03-20T09:43:35.272Z] FRONTEND:AUTH - DEBUG: Auth Flow - Route Protection Check
  Details: {
  "timestamp": "2025-03-20T09:43:35.272Z",
  "is_authenticated": true,
  "has_token": true,
  "wallet_address": "0x0300B70e40F138927e3a988ce4A9a069Ff875336",
  "is_connected": true,
  "has_address": true
}
[2025-03-20T09:43:35.276Z] FRONTEND:AUTH - DEBUG: Auth Flow - Route Protection Render
  Details: {
  "timestamp": "2025-03-20T09:43:35.276Z",
  "status": "allowed",
  "wallet_address": "0x0300B70e40F138927e3a988ce4A9a069Ff875336"
}
[2025-03-20T09:43:35.275Z] FRONTEND:AUTH - DEBUG: Auth Flow - Route Protection Render
  Details: {
  "timestamp": "2025-03-20T09:43:35.275Z",
  "status": "allowed",
  "wallet_address": "0x0300B70e40F138927e3a988ce4A9a069Ff875336"
}
[2025-03-20T09:44:52.987Z] FRONTEND:AUTH - DEBUG: Auth Flow - HeaderConnect Render
  Details: {
  "timestamp": "2025-03-20T09:44:52.987Z",
  "wallet_address": "0x0300B70e40F138927e3a988ce4A9a069Ff875336",
  "is_connected": true,
  "is_authenticated": true,
  "is_authenticating": false
}
[2025-03-20T09:44:53.057Z] FRONTEND:AUTH - DEBUG: Auth Flow - Auth Check
  Details: {
  "timestamp": "2025-03-20T09:44:53.057Z",
  "has_token": true,
  "has_user": true
}
[2025-03-20T09:44:53.057Z] FRONTEND:AUTH - DEBUG: Auth Flow - Auth state updated
  Details: {
  "timestamp": "2025-03-20T09:44:53.057Z",
  "is_connected": true,
  "is_authenticated": true,
  "wallet_address": "0x0300B70e40F138927e3a988ce4A9a069Ff875336",
  "auth_wallet_address": "0x0300B70e40F138927e3a988ce4A9a069Ff875336",
  "is_authenticating": false,
  "initial_check_done": true,
  "needs_reauthentication": false,
  "last_authenticated_address": null
}
[2025-03-20T09:44:53.058Z] FRONTEND:CS2 - INFO: Market navbar mounted with enhanced Skinport style and animations
  Details: {
  "categoriesCount": 4,
  "currentCategory": "none",
  "style": "text-only-enhanced-animated",
  "log_destination": "market",
  "timestamp": "2025-03-20T09:44:53.058Z"
}
[2025-03-20T09:44:53.064Z] FRONTEND:CS2 - INFO: Rendering 5 products with enhanced staggered animation
  Details: {
  "productCount": 5,
  "productIds": [
    "cs2-awp-crakow-minimal-wear",
    "cs2-ak47-asiimov-factory-new",
    "cs2-m4a4-howl-field-tested",
    "cs2-deagle-printstream-minimal-wear",
    "cs2-butterfly-doppler-factory-new"
  ],
  "animationEnabled": true,
  "staggerType": "wave",
  "baseDelay": "35ms",
  "log_destination": "market",
  "timestamp": "2025-03-20T09:44:53.064Z"
}
[2025-03-20T09:44:52.986Z] FRONTEND:AUTH - DEBUG: Auth Flow - HeaderConnect Render
  Details: {
  "timestamp": "2025-03-20T09:44:52.986Z",
  "wallet_address": "0x0300B70e40F138927e3a988ce4A9a069Ff875336",
  "is_connected": true,
  "is_authenticated": true,
  "is_authenticating": false
}
[2025-03-20T09:44:53.065Z] FRONTEND:CS2 - INFO: MarketPageView mounted with 5 products and enhanced animations
  Details: {
  "page": 1,
  "pageSize": 20,
  "totalProducts": 5,
  "productIds": [
    "cs2-awp-crakow-minimal-wear",
    "cs2-ak47-asiimov-factory-new",
    "cs2-m4a4-howl-field-tested",
    "cs2-deagle-printstream-minimal-wear",
    "cs2-butterfly-doppler-factory-new"
  ],
  "transitionType": "initial-mount",
  "animationsEnabled": true,
  "log_destination": "market",
  "timestamp": "2025-03-20T09:44:53.065Z"
}
[2025-03-20T09:44:53.066Z] FRONTEND:CS2 - DEBUG: MarketPageView unmounted
  Details: {
  "page": 1,
  "log_destination": "market",
  "timestamp": "2025-03-20T09:44:53.066Z"
}
[2025-03-20T09:44:53.067Z] FRONTEND:AUTH - DEBUG: Auth Flow - Auth state updated
  Details: {
  "timestamp": "2025-03-20T09:44:53.067Z",
  "is_connected": true,
  "is_authenticated": true,
  "wallet_address": "0x0300B70e40F138927e3a988ce4A9a069Ff875336",
  "auth_wallet_address": "0x0300B70e40F138927e3a988ce4A9a069Ff875336",
  "is_authenticating": false,
  "initial_check_done": true,
  "needs_reauthentication": false,
  "last_authenticated_address": null
}
[2025-03-20T09:44:53.068Z] FRONTEND:CS2 - INFO: Rendering 5 products with enhanced staggered animation
  Details: {
  "productCount": 5,
  "productIds": [
    "cs2-awp-crakow-minimal-wear",
    "cs2-ak47-asiimov-factory-new",
    "cs2-m4a4-howl-field-tested",
    "cs2-deagle-printstream-minimal-wear",
    "cs2-butterfly-doppler-factory-new"
  ],
  "animationEnabled": true,
  "staggerType": "wave",
  "baseDelay": "35ms",
  "log_destination": "market",
  "timestamp": "2025-03-20T09:44:53.068Z"
}
[2025-03-20T09:44:53.077Z] FRONTEND:AUTH - DEBUG: Auth Flow - HeaderConnect Render
  Details: {
  "timestamp": "2025-03-20T09:44:53.077Z",
  "wallet_address": "0x0300B70e40F138927e3a988ce4A9a069Ff875336",
  "is_connected": true,
  "is_authenticated": true,
  "is_authenticating": false
}
[2025-03-20T09:44:53.077Z] FRONTEND:AUTH - DEBUG: Auth Flow - HeaderConnect Render
  Details: {
  "timestamp": "2025-03-20T09:44:53.077Z",
  "wallet_address": "0x0300B70e40F138927e3a988ce4A9a069Ff875336",
  "is_connected": true,
  "is_authenticated": true,
  "is_authenticating": false
}
[2025-03-20T09:44:53.118Z] FRONTEND:AUTH - DEBUG: Auth Flow - HeaderConnect Render
  Details: {
  "timestamp": "2025-03-20T09:44:53.118Z",
  "wallet_address": "0x0300B70e40F138927e3a988ce4A9a069Ff875336",
  "is_connected": true,
  "is_authenticated": true,
  "is_authenticating": false
}
[2025-03-20T09:44:53.119Z] FRONTEND:AUTH - DEBUG: Auth Flow - HeaderConnect Render
  Details: {
  "timestamp": "2025-03-20T09:44:53.119Z",
  "wallet_address": "0x0300B70e40F138927e3a988ce4A9a069Ff875336",
  "is_connected": true,
  "is_authenticated": true,
  "is_authenticating": false
}
[2025-03-20T09:44:53.153Z] FRONTEND:AUTH - DEBUG: Auth Flow - Auth Check
  Details: {
  "timestamp": "2025-03-20T09:44:53.153Z",
  "has_token": true,
  "has_user": true
}
[2025-03-20T09:44:53.153Z] FRONTEND:AUTH - DEBUG: Auth Flow - Auth state updated
  Details: {
  "timestamp": "2025-03-20T09:44:53.153Z",
  "is_connected": true,
  "is_authenticated": true,
  "wallet_address": "0x0300B70e40F138927e3a988ce4A9a069Ff875336",
  "auth_wallet_address": "0x0300B70e40F138927e3a988ce4A9a069Ff875336",
  "is_authenticating": false,
  "initial_check_done": true,
  "needs_reauthentication": false,
  "last_authenticated_address": null
}
[2025-03-20T09:44:53.153Z] FRONTEND:CS2 - INFO: Market navbar mounted with enhanced Skinport style and animations
  Details: {
  "categoriesCount": 4,
  "currentCategory": "none",
  "style": "text-only-enhanced-animated",
  "log_destination": "market",
  "timestamp": "2025-03-20T09:44:53.153Z"
}
[2025-03-20T09:44:53.154Z] FRONTEND:AUTH - DEBUG: Auth Flow - Auth state updated
  Details: {
  "timestamp": "2025-03-20T09:44:53.154Z",
  "is_connected": true,
  "is_authenticated": true,
  "wallet_address": "0x0300B70e40F138927e3a988ce4A9a069Ff875336",
  "auth_wallet_address": "0x0300B70e40F138927e3a988ce4A9a069Ff875336",
  "is_authenticating": false,
  "initial_check_done": true,
  "needs_reauthentication": false,
  "last_authenticated_address": null
}
[2025-03-20T09:44:53.163Z] FRONTEND:AUTH - DEBUG: Auth Flow - HeaderConnect Render
  Details: {
  "timestamp": "2025-03-20T09:44:53.163Z",
  "wallet_address": "0x0300B70e40F138927e3a988ce4A9a069Ff875336",
  "is_connected": true,
  "is_authenticated": true,
  "is_authenticating": false
}
[2025-03-20T09:44:53.163Z] FRONTEND:AUTH - DEBUG: Auth Flow - HeaderConnect Render
  Details: {
  "timestamp": "2025-03-20T09:44:53.163Z",
  "wallet_address": "0x0300B70e40F138927e3a988ce4A9a069Ff875336",
  "is_connected": true,
  "is_authenticated": true,
  "is_authenticating": false
}
[2025-03-20T09:46:52.000Z] FRONTEND:AUTH - DEBUG: Auth Flow - HeaderConnect Render
  Details: {
  "timestamp": "2025-03-20T09:46:52.000Z",
  "wallet_address": "0x0300B70e40F138927e3a988ce4A9a069Ff875336",
  "is_connected": true,
  "is_authenticated": true,
  "is_authenticating": false
}
[2025-03-20T09:46:52.002Z] FRONTEND:AUTH - DEBUG: Auth Flow - HeaderConnect Render
  Details: {
  "timestamp": "2025-03-20T09:46:52.002Z",
  "wallet_address": "0x0300B70e40F138927e3a988ce4A9a069Ff875336",
  "is_connected": true,
  "is_authenticated": true,
  "is_authenticating": false
}
[2025-03-20T09:46:52.734Z] FRONTEND:AUTH - DEBUG: Auth Flow - Auth Check
  Details: {
  "timestamp": "2025-03-20T09:46:52.734Z",
  "has_token": true,
  "has_user": true
}
[2025-03-20T09:46:52.735Z] FRONTEND:AUTH - DEBUG: Auth Flow - Auth state updated
  Details: {
  "timestamp": "2025-03-20T09:46:52.735Z",
  "is_connected": true,
  "is_authenticated": true,
  "wallet_address": "0x0300B70e40F138927e3a988ce4A9a069Ff875336",
  "auth_wallet_address": "0x0300B70e40F138927e3a988ce4A9a069Ff875336",
  "is_authenticating": false,
  "initial_check_done": true,
  "needs_reauthentication": false,
  "last_authenticated_address": null
}
[2025-03-20T09:46:52.754Z] FRONTEND:AUTH - DEBUG: Auth Flow - Auth state updated
  Details: {
  "timestamp": "2025-03-20T09:46:52.754Z",
  "is_connected": true,
  "is_authenticated": true,
  "wallet_address": "0x0300B70e40F138927e3a988ce4A9a069Ff875336",
  "auth_wallet_address": "0x0300B70e40F138927e3a988ce4A9a069Ff875336",
  "is_authenticating": false,
  "initial_check_done": true,
  "needs_reauthentication": false,
  "last_authenticated_address": null
}
[2025-03-20T09:46:52.782Z] FRONTEND:AUTH - DEBUG: Auth Flow - HeaderConnect Render
  Details: {
  "timestamp": "2025-03-20T09:46:52.782Z",
  "wallet_address": "0x0300B70e40F138927e3a988ce4A9a069Ff875336",
  "is_connected": true,
  "is_authenticated": true,
  "is_authenticating": false
}
[2025-03-20T09:46:52.782Z] FRONTEND:AUTH - DEBUG: Auth Flow - HeaderConnect Render
  Details: {
  "timestamp": "2025-03-20T09:46:52.782Z",
  "wallet_address": "0x0300B70e40F138927e3a988ce4A9a069Ff875336",
  "is_connected": true,
  "is_authenticated": true,
  "is_authenticating": false
}
[2025-03-20T09:46:57.469Z] FRONTEND:AUTH - DEBUG: Auth Flow - HeaderConnect Render
  Details: {
  "timestamp": "2025-03-20T09:46:57.469Z",
  "wallet_address": "0x0300B70e40F138927e3a988ce4A9a069Ff875336",
  "is_connected": true,
  "is_authenticated": true,
  "is_authenticating": false
}
[2025-03-20T09:46:57.470Z] FRONTEND:AUTH - DEBUG: Auth Flow - HeaderConnect Render
  Details: {
  "timestamp": "2025-03-20T09:46:57.470Z",
  "wallet_address": "0x0300B70e40F138927e3a988ce4A9a069Ff875336",
  "is_connected": true,
  "is_authenticated": true,
  "is_authenticating": false
}
[2025-03-20T09:46:57.555Z] FRONTEND:AUTH - DEBUG: Auth Flow - HeaderConnect Render
  Details: {
  "timestamp": "2025-03-20T09:46:57.555Z",
  "wallet_address": "0x0300B70e40F138927e3a988ce4A9a069Ff875336",
  "is_connected": true,
  "is_authenticated": true,
  "is_authenticating": false
}
[2025-03-20T09:46:57.556Z] FRONTEND:AUTH - DEBUG: Auth Flow - HeaderConnect Render
  Details: {
  "timestamp": "2025-03-20T09:46:57.556Z",
  "wallet_address": "0x0300B70e40F138927e3a988ce4A9a069Ff875336",
  "is_connected": true,
  "is_authenticated": true,
  "is_authenticating": false
}
[2025-03-20T09:46:57.646Z] FRONTEND:AUTH - DEBUG: Auth Flow - Auth Check
  Details: {
  "timestamp": "2025-03-20T09:46:57.646Z",
  "has_token": true,
  "has_user": true
}
[2025-03-20T09:46:57.646Z] FRONTEND:AUTH - DEBUG: Auth Flow - Auth state updated
  Details: {
  "timestamp": "2025-03-20T09:46:57.646Z",
  "is_connected": true,
  "is_authenticated": true,
  "wallet_address": "0x0300B70e40F138927e3a988ce4A9a069Ff875336",
  "auth_wallet_address": "0x0300B70e40F138927e3a988ce4A9a069Ff875336",
  "is_authenticating": false,
  "initial_check_done": true,
  "needs_reauthentication": false,
  "last_authenticated_address": null
}
[2025-03-20T09:46:57.646Z] FRONTEND:CS2 - INFO: Market navbar mounted with enhanced Skinport style and animations
  Details: {
  "categoriesCount": 4,
  "currentCategory": "none",
  "style": "text-only-enhanced-animated",
  "log_destination": "market",
  "timestamp": "2025-03-20T09:46:57.646Z"
}
[2025-03-20T09:46:57.646Z] FRONTEND:CS2 - INFO: Rendering 5 products with enhanced staggered animation
  Details: {
  "productCount": 5,
  "productIds": [
    "cs2-awp-crakow-minimal-wear",
    "cs2-ak47-asiimov-factory-new",
    "cs2-m4a4-howl-field-tested",
    "cs2-deagle-printstream-minimal-wear",
    "cs2-butterfly-doppler-factory-new"
  ],
  "animationEnabled": true,
  "staggerType": "wave",
  "baseDelay": "35ms",
  "log_destination": "market",
  "timestamp": "2025-03-20T09:46:57.646Z"
}
[2025-03-20T09:46:57.647Z] FRONTEND:CS2 - INFO: MarketPageView mounted with 5 products and enhanced animations
  Details: {
  "page": 1,
  "pageSize": 20,
  "totalProducts": 5,
  "productIds": [
    "cs2-awp-crakow-minimal-wear",
    "cs2-ak47-asiimov-factory-new",
    "cs2-m4a4-howl-field-tested",
    "cs2-deagle-printstream-minimal-wear",
    "cs2-butterfly-doppler-factory-new"
  ],
  "transitionType": "initial-mount",
  "animationsEnabled": true,
  "log_destination": "market",
  "timestamp": "2025-03-20T09:46:57.647Z"
}
[2025-03-20T09:46:57.647Z] FRONTEND:CS2 - DEBUG: MarketPageView unmounted
  Details: {
  "page": 1,
  "log_destination": "market",
  "timestamp": "2025-03-20T09:46:57.647Z"
}
[2025-03-20T09:46:57.649Z] FRONTEND:AUTH - DEBUG: Auth Flow - Auth state updated
  Details: {
  "timestamp": "2025-03-20T09:46:57.649Z",
  "is_connected": true,
  "is_authenticated": true,
  "wallet_address": "0x0300B70e40F138927e3a988ce4A9a069Ff875336",
  "auth_wallet_address": "0x0300B70e40F138927e3a988ce4A9a069Ff875336",
  "is_authenticating": false,
  "initial_check_done": true,
  "needs_reauthentication": false,
  "last_authenticated_address": null
}
[2025-03-20T09:46:57.649Z] FRONTEND:CS2 - INFO: Rendering 5 products with enhanced staggered animation
  Details: {
  "productCount": 5,
  "productIds": [
    "cs2-awp-crakow-minimal-wear",
    "cs2-ak47-asiimov-factory-new",
    "cs2-m4a4-howl-field-tested",
    "cs2-deagle-printstream-minimal-wear",
    "cs2-butterfly-doppler-factory-new"
  ],
  "animationEnabled": true,
  "staggerType": "wave",
  "baseDelay": "35ms",
  "log_destination": "market",
  "timestamp": "2025-03-20T09:46:57.649Z"
}
[2025-03-20T09:46:57.665Z] FRONTEND:AUTH - DEBUG: Auth Flow - HeaderConnect Render
  Details: {
  "timestamp": "2025-03-20T09:46:57.665Z",
  "wallet_address": "0x0300B70e40F138927e3a988ce4A9a069Ff875336",
  "is_connected": true,
  "is_authenticated": true,
  "is_authenticating": false
}
[2025-03-20T09:46:57.665Z] FRONTEND:AUTH - DEBUG: Auth Flow - HeaderConnect Render
  Details: {
  "timestamp": "2025-03-20T09:46:57.665Z",
  "wallet_address": "0x0300B70e40F138927e3a988ce4A9a069Ff875336",
  "is_connected": true,
  "is_authenticated": true,
  "is_authenticating": false
}
[2025-03-20T09:46:57.724Z] FRONTEND:AUTH - DEBUG: Auth Flow - HeaderConnect Render
  Details: {
  "timestamp": "2025-03-20T09:46:57.724Z",
  "wallet_address": "0x0300B70e40F138927e3a988ce4A9a069Ff875336",
  "is_connected": true,
  "is_authenticated": true,
  "is_authenticating": false
}
[2025-03-20T09:46:57.725Z] FRONTEND:AUTH - DEBUG: Auth Flow - HeaderConnect Render
  Details: {
  "timestamp": "2025-03-20T09:46:57.725Z",
  "wallet_address": "0x0300B70e40F138927e3a988ce4A9a069Ff875336",
  "is_connected": true,
  "is_authenticated": true,
  "is_authenticating": false
}
[2025-03-20T09:46:57.759Z] FRONTEND:AUTH - DEBUG: Auth Flow - Auth Check
  Details: {
  "timestamp": "2025-03-20T09:46:57.759Z",
  "has_token": true,
  "has_user": true
}
[2025-03-20T09:46:57.760Z] FRONTEND:AUTH - DEBUG: Auth Flow - Auth state updated
  Details: {
  "timestamp": "2025-03-20T09:46:57.760Z",
  "is_connected": true,
  "is_authenticated": true,
  "wallet_address": "0x0300B70e40F138927e3a988ce4A9a069Ff875336",
  "auth_wallet_address": "0x0300B70e40F138927e3a988ce4A9a069Ff875336",
  "is_authenticating": false,
  "initial_check_done": true,
  "needs_reauthentication": false,
  "last_authenticated_address": null
}
[2025-03-20T09:46:57.761Z] FRONTEND:CS2 - INFO: Market navbar mounted with enhanced Skinport style and animations
  Details: {
  "categoriesCount": 4,
  "currentCategory": "none",
  "style": "text-only-enhanced-animated",
  "log_destination": "market",
  "timestamp": "2025-03-20T09:46:57.761Z"
}
[2025-03-20T09:46:57.762Z] FRONTEND:AUTH - DEBUG: Auth Flow - Auth state updated
  Details: {
  "timestamp": "2025-03-20T09:46:57.762Z",
  "is_connected": true,
  "is_authenticated": true,
  "wallet_address": "0x0300B70e40F138927e3a988ce4A9a069Ff875336",
  "auth_wallet_address": "0x0300B70e40F138927e3a988ce4A9a069Ff875336",
  "is_authenticating": false,
  "initial_check_done": true,
  "needs_reauthentication": false,
  "last_authenticated_address": null
}
[2025-03-20T09:46:57.772Z] FRONTEND:AUTH - DEBUG: Auth Flow - HeaderConnect Render
  Details: {
  "timestamp": "2025-03-20T09:46:57.772Z",
  "wallet_address": "0x0300B70e40F138927e3a988ce4A9a069Ff875336",
  "is_connected": true,
  "is_authenticated": true,
  "is_authenticating": false
}
[2025-03-20T09:46:57.773Z] FRONTEND:AUTH - DEBUG: Auth Flow - HeaderConnect Render
  Details: {
  "timestamp": "2025-03-20T09:46:57.773Z",
  "wallet_address": "0x0300B70e40F138927e3a988ce4A9a069Ff875336",
  "is_connected": true,
  "is_authenticated": true,
  "is_authenticating": false
}
[2025-03-20T09:47:02.134Z] FRONTEND:AUTH - DEBUG: Auth Flow - HeaderConnect Render
  Details: {
  "timestamp": "2025-03-20T09:47:02.134Z",
  "wallet_address": "0x0300B70e40F138927e3a988ce4A9a069Ff875336",
  "is_connected": true,
  "is_authenticated": true,
  "is_authenticating": false
}
[2025-03-20T09:47:02.134Z] FRONTEND:AUTH - DEBUG: Auth Flow - HeaderConnect Render
  Details: {
  "timestamp": "2025-03-20T09:47:02.134Z",
  "wallet_address": "0x0300B70e40F138927e3a988ce4A9a069Ff875336",
  "is_connected": true,
  "is_authenticated": true,
  "is_authenticating": false
}
[2025-03-20T09:47:02.443Z] FRONTEND:AUTH - DEBUG: Auth Flow - Auth Check
  Details: {
  "timestamp": "2025-03-20T09:47:02.443Z",
  "has_token": true,
  "has_user": true
}
[2025-03-20T09:47:02.443Z] FRONTEND:AUTH - DEBUG: Auth Flow - Auth state updated
  Details: {
  "timestamp": "2025-03-20T09:47:02.443Z",
  "is_connected": true,
  "is_authenticated": true,
  "wallet_address": "0x0300B70e40F138927e3a988ce4A9a069Ff875336",
  "auth_wallet_address": "0x0300B70e40F138927e3a988ce4A9a069Ff875336",
  "is_authenticating": false,
  "initial_check_done": true,
  "needs_reauthentication": false,
  "last_authenticated_address": null
}
[2025-03-20T09:47:02.451Z] FRONTEND:AUTH - DEBUG: Auth Flow - Auth state updated
  Details: {
  "timestamp": "2025-03-20T09:47:02.451Z",
  "is_connected": true,
  "is_authenticated": true,
  "wallet_address": "0x0300B70e40F138927e3a988ce4A9a069Ff875336",
  "auth_wallet_address": "0x0300B70e40F138927e3a988ce4A9a069Ff875336",
  "is_authenticating": false,
  "initial_check_done": true,
  "needs_reauthentication": false,
  "last_authenticated_address": null
}
[2025-03-20T09:47:02.464Z] FRONTEND:AUTH - DEBUG: Auth Flow - HeaderConnect Render
  Details: {
  "timestamp": "2025-03-20T09:47:02.464Z",
  "wallet_address": "0x0300B70e40F138927e3a988ce4A9a069Ff875336",
  "is_connected": true,
  "is_authenticated": true,
  "is_authenticating": false
}
[2025-03-20T09:47:02.464Z] FRONTEND:AUTH - DEBUG: Auth Flow - HeaderConnect Render
  Details: {
  "timestamp": "2025-03-20T09:47:02.464Z",
  "wallet_address": "0x0300B70e40F138927e3a988ce4A9a069Ff875336",
  "is_connected": true,
  "is_authenticated": true,
  "is_authenticating": false
}
[2025-03-20T09:47:02.759Z] FRONTEND:AUTH - DEBUG: Auth Flow - HeaderConnect Render
  Details: {
  "timestamp": "2025-03-20T09:47:02.759Z",
  "wallet_address": "0x0300B70e40F138927e3a988ce4A9a069Ff875336",
  "is_connected": true,
  "is_authenticated": true,
  "is_authenticating": false
}
[2025-03-20T09:47:02.760Z] FRONTEND:AUTH - DEBUG: Auth Flow - HeaderConnect Render
  Details: {
  "timestamp": "2025-03-20T09:47:02.760Z",
  "wallet_address": "0x0300B70e40F138927e3a988ce4A9a069Ff875336",
  "is_connected": true,
  "is_authenticated": true,
  "is_authenticating": false
}
[2025-03-20T09:47:05.434Z] FRONTEND:AUTH - DEBUG: Auth Flow - HeaderConnect Render
  Details: {
  "timestamp": "2025-03-20T09:47:05.434Z",
  "wallet_address": "0x0300B70e40F138927e3a988ce4A9a069Ff875336",
  "is_connected": true,
  "is_authenticated": true,
  "is_authenticating": false
}
[2025-03-20T09:47:05.434Z] FRONTEND:AUTH - DEBUG: Auth Flow - HeaderConnect Render
  Details: {
  "timestamp": "2025-03-20T09:47:05.434Z",
  "wallet_address": "0x0300B70e40F138927e3a988ce4A9a069Ff875336",
  "is_connected": true,
  "is_authenticated": true,
  "is_authenticating": false
}
[2025-03-20T09:47:10.445Z] FRONTEND:AUTH - DEBUG: Auth Flow - HeaderConnect Render
  Details: {
  "timestamp": "2025-03-20T09:47:10.445Z",
  "wallet_address": "0x0300B70e40F138927e3a988ce4A9a069Ff875336",
  "is_connected": true,
  "is_authenticated": true,
  "is_authenticating": false
}
[2025-03-20T09:47:10.445Z] FRONTEND:AUTH - DEBUG: Auth Flow - HeaderConnect Render
  Details: {
  "timestamp": "2025-03-20T09:47:10.445Z",
  "wallet_address": "0x0300B70e40F138927e3a988ce4A9a069Ff875336",
  "is_connected": true,
  "is_authenticated": true,
  "is_authenticating": false
}
[2025-03-20T09:47:10.516Z] FRONTEND:AUTH - DEBUG: Auth Flow - Auth Check
  Details: {
  "timestamp": "2025-03-20T09:47:10.516Z",
  "has_token": true,
  "has_user": true
}
[2025-03-20T09:47:10.517Z] FRONTEND:AUTH - DEBUG: Auth Flow - Auth state updated
  Details: {
  "timestamp": "2025-03-20T09:47:10.517Z",
  "is_connected": true,
  "is_authenticated": true,
  "wallet_address": "0x0300B70e40F138927e3a988ce4A9a069Ff875336",
  "auth_wallet_address": "0x0300B70e40F138927e3a988ce4A9a069Ff875336",
  "is_authenticating": false,
  "initial_check_done": true,
  "needs_reauthentication": false,
  "last_authenticated_address": null
}
[2025-03-20T09:47:10.517Z] FRONTEND:CS2 - INFO: Market navbar mounted with enhanced Skinport style and animations
  Details: {
  "categoriesCount": 4,
  "currentCategory": "none",
  "style": "text-only-enhanced-animated",
  "log_destination": "market",
  "timestamp": "2025-03-20T09:47:10.517Z"
}
[2025-03-20T09:47:10.517Z] FRONTEND:CS2 - INFO: Rendering 5 products with enhanced staggered animation
  Details: {
  "productCount": 5,
  "productIds": [
    "cs2-awp-crakow-minimal-wear",
    "cs2-ak47-asiimov-factory-new",
    "cs2-m4a4-howl-field-tested",
    "cs2-deagle-printstream-minimal-wear",
    "cs2-butterfly-doppler-factory-new"
  ],
  "animationEnabled": true,
  "staggerType": "wave",
  "baseDelay": "35ms",
  "log_destination": "market",
  "timestamp": "2025-03-20T09:47:10.517Z"
}
[2025-03-20T09:47:10.517Z] FRONTEND:CS2 - INFO: MarketPageView mounted with 5 products and enhanced animations
  Details: {
  "page": 1,
  "pageSize": 20,
  "totalProducts": 5,
  "productIds": [
    "cs2-awp-crakow-minimal-wear",
    "cs2-ak47-asiimov-factory-new",
    "cs2-m4a4-howl-field-tested",
    "cs2-deagle-printstream-minimal-wear",
    "cs2-butterfly-doppler-factory-new"
  ],
  "transitionType": "initial-mount",
  "animationsEnabled": true,
  "log_destination": "market",
  "timestamp": "2025-03-20T09:47:10.517Z"
}
[2025-03-20T09:47:10.518Z] FRONTEND:CS2 - DEBUG: MarketPageView unmounted
  Details: {
  "page": 1,
  "log_destination": "market",
  "timestamp": "2025-03-20T09:47:10.518Z"
}
[2025-03-20T09:47:10.519Z] FRONTEND:AUTH - DEBUG: Auth Flow - Auth state updated
  Details: {
  "timestamp": "2025-03-20T09:47:10.519Z",
  "is_connected": true,
  "is_authenticated": true,
  "wallet_address": "0x0300B70e40F138927e3a988ce4A9a069Ff875336",
  "auth_wallet_address": "0x0300B70e40F138927e3a988ce4A9a069Ff875336",
  "is_authenticating": false,
  "initial_check_done": true,
  "needs_reauthentication": false,
  "last_authenticated_address": null
}
[2025-03-20T09:47:10.519Z] FRONTEND:CS2 - INFO: Rendering 5 products with enhanced staggered animation
  Details: {
  "productCount": 5,
  "productIds": [
    "cs2-awp-crakow-minimal-wear",
    "cs2-ak47-asiimov-factory-new",
    "cs2-m4a4-howl-field-tested",
    "cs2-deagle-printstream-minimal-wear",
    "cs2-butterfly-doppler-factory-new"
  ],
  "animationEnabled": true,
  "staggerType": "wave",
  "baseDelay": "35ms",
  "log_destination": "market",
  "timestamp": "2025-03-20T09:47:10.519Z"
}
[2025-03-20T09:47:10.530Z] FRONTEND:AUTH - DEBUG: Auth Flow - HeaderConnect Render
  Details: {
  "timestamp": "2025-03-20T09:47:10.530Z",
  "wallet_address": "0x0300B70e40F138927e3a988ce4A9a069Ff875336",
  "is_connected": true,
  "is_authenticated": true,
  "is_authenticating": false
}
[2025-03-20T09:47:10.530Z] FRONTEND:AUTH - DEBUG: Auth Flow - HeaderConnect Render
  Details: {
  "timestamp": "2025-03-20T09:47:10.530Z",
  "wallet_address": "0x0300B70e40F138927e3a988ce4A9a069Ff875336",
  "is_connected": true,
  "is_authenticated": true,
  "is_authenticating": false
}
[2025-03-20T09:47:10.579Z] FRONTEND:AUTH - DEBUG: Auth Flow - HeaderConnect Render
  Details: {
  "timestamp": "2025-03-20T09:47:10.579Z",
  "wallet_address": "0x0300B70e40F138927e3a988ce4A9a069Ff875336",
  "is_connected": true,
  "is_authenticated": true,
  "is_authenticating": false
}
[2025-03-20T09:47:10.579Z] FRONTEND:AUTH - DEBUG: Auth Flow - HeaderConnect Render
  Details: {
  "timestamp": "2025-03-20T09:47:10.579Z",
  "wallet_address": "0x0300B70e40F138927e3a988ce4A9a069Ff875336",
  "is_connected": true,
  "is_authenticated": true,
  "is_authenticating": false
}
[2025-03-20T09:47:10.606Z] FRONTEND:AUTH - DEBUG: Auth Flow - Auth Check
  Details: {
  "timestamp": "2025-03-20T09:47:10.606Z",
  "has_token": true,
  "has_user": true
}
[2025-03-20T09:47:10.607Z] FRONTEND:AUTH - DEBUG: Auth Flow - Auth state updated
  Details: {
  "timestamp": "2025-03-20T09:47:10.607Z",
  "is_connected": true,
  "is_authenticated": true,
  "wallet_address": "0x0300B70e40F138927e3a988ce4A9a069Ff875336",
  "auth_wallet_address": "0x0300B70e40F138927e3a988ce4A9a069Ff875336",
  "is_authenticating": false,
  "initial_check_done": true,
  "needs_reauthentication": false,
  "last_authenticated_address": null
}
[2025-03-20T09:47:10.607Z] FRONTEND:CS2 - INFO: Market navbar mounted with enhanced Skinport style and animations
  Details: {
  "categoriesCount": 4,
  "currentCategory": "none",
  "style": "text-only-enhanced-animated",
  "log_destination": "market",
  "timestamp": "2025-03-20T09:47:10.607Z"
}
[2025-03-20T09:47:10.608Z] FRONTEND:AUTH - DEBUG: Auth Flow - Auth state updated
  Details: {
  "timestamp": "2025-03-20T09:47:10.608Z",
  "is_connected": true,
  "is_authenticated": true,
  "wallet_address": "0x0300B70e40F138927e3a988ce4A9a069Ff875336",
  "auth_wallet_address": "0x0300B70e40F138927e3a988ce4A9a069Ff875336",
  "is_authenticating": false,
  "initial_check_done": true,
  "needs_reauthentication": false,
  "last_authenticated_address": null
}
[2025-03-20T09:47:10.617Z] FRONTEND:AUTH - DEBUG: Auth Flow - HeaderConnect Render
  Details: {
  "timestamp": "2025-03-20T09:47:10.617Z",
  "wallet_address": "0x0300B70e40F138927e3a988ce4A9a069Ff875336",
  "is_connected": true,
  "is_authenticated": true,
  "is_authenticating": false
}
[2025-03-20T09:47:10.618Z] FRONTEND:AUTH - DEBUG: Auth Flow - HeaderConnect Render
  Details: {
  "timestamp": "2025-03-20T09:47:10.618Z",
  "wallet_address": "0x0300B70e40F138927e3a988ce4A9a069Ff875336",
  "is_connected": true,
  "is_authenticated": true,
  "is_authenticating": false
}
[2025-03-20T09:47:56.051Z] FRONTEND:AUTH - DEBUG: Auth Flow - HeaderConnect Render
  Details: {
  "timestamp": "2025-03-20T09:47:56.051Z",
  "is_connected": false,
  "is_authenticated": true,
  "is_authenticating": false
}
[2025-03-20T09:47:56.050Z] FRONTEND:AUTH - DEBUG: Auth Flow - HeaderConnect Render
  Details: {
  "timestamp": "2025-03-20T09:47:56.050Z",
  "is_connected": false,
  "is_authenticated": true,
  "is_authenticating": false
}
[2025-03-20T09:47:56.062Z] FRONTEND:AUTH - DEBUG: Auth Flow - Auth state updated
  Details: {
  "timestamp": "2025-03-20T09:47:56.062Z",
  "is_connected": false,
  "is_authenticated": true,
  "auth_wallet_address": "0x0300B70e40F138927e3a988ce4A9a069Ff875336",
  "is_authenticating": false,
  "initial_check_done": false,
  "needs_reauthentication": false,
  "last_authenticated_address": null
}
[2025-03-20T09:47:56.062Z] FRONTEND:AUTH - DEBUG: Auth Flow - HeaderConnect - Wallet Disconnected while Authenticated
  Details: {
  "timestamp": "2025-03-20T09:47:56.062Z"
}
[2025-03-20T09:47:56.063Z] FRONTEND:AUTH - DEBUG: Auth Flow - Logout
  Details: {
  "timestamp": "2025-03-20T09:47:56.063Z",
  "wallet_address": "0x0300B70e40F138927e3a988ce4A9a069Ff875336"
}
[2025-03-20T09:47:56.087Z] FRONTEND:AUTH - DEBUG: Auth Flow - HeaderConnect Render
  Details: {
  "timestamp": "2025-03-20T09:47:56.087Z",
  "is_connected": false,
  "is_authenticated": false,
  "is_authenticating": false
}
[2025-03-20T09:47:56.088Z] FRONTEND:AUTH - DEBUG: Auth Flow - HeaderConnect Render
  Details: {
  "timestamp": "2025-03-20T09:47:56.088Z",
  "is_connected": false,
  "is_authenticated": false,
  "is_authenticating": false
}
[2025-03-20T09:47:56.095Z] FRONTEND:AUTH - DEBUG: Auth Flow - Auth state updated
  Details: {
  "timestamp": "2025-03-20T09:47:56.095Z",
  "is_connected": false,
  "is_authenticated": false,
  "is_authenticating": false,
  "initial_check_done": false,
  "needs_reauthentication": false,
  "last_authenticated_address": null
}
[2025-03-20T09:55:09.401Z] FRONTEND:CS2 - INFO: Navigation: none → cs2-knives
  Details: {
  "component": "MarketNavbar",
  "interactionType": "select",
  "transitionDuration": 300,
  "operation": "navigation",
  "from": "none",
  "to": "cs2-knives",
  "log_destination": "market",
  "timestamp": "2025-03-20T09:55:09.401Z"
}
[2025-03-20T09:55:14.026Z] FRONTEND:CS2 - INFO: Navigation: none → cs2-knives
  Details: {
  "component": "MarketNavbar",
  "interactionType": "select",
  "transitionDuration": 300,
  "operation": "navigation",
  "from": "none",
  "to": "cs2-knives",
  "log_destination": "market",
  "timestamp": "2025-03-20T09:55:14.026Z"
}
[2025-03-20T09:55:21.011Z] FRONTEND:AUTH - DEBUG: Auth Flow - HeaderConnect Render
  Details: {
  "timestamp": "2025-03-20T09:55:21.011Z",
  "is_connected": false,
  "is_authenticated": false,
  "is_authenticating": false
}
[2025-03-20T09:55:21.011Z] FRONTEND:AUTH - DEBUG: Auth Flow - HeaderConnect Render
  Details: {
  "timestamp": "2025-03-20T09:55:21.011Z",
  "is_connected": false,
  "is_authenticated": false,
  "is_authenticating": false
}
[2025-03-20T09:55:21.066Z] FRONTEND:AUTH - DEBUG: Auth Flow - HeaderConnect Render
  Details: {
  "timestamp": "2025-03-20T09:55:21.066Z",
  "is_connected": false,
  "is_authenticated": false,
  "is_authenticating": false
}
[2025-03-20T09:55:21.066Z] FRONTEND:AUTH - DEBUG: Auth Flow - HeaderConnect Render
  Details: {
  "timestamp": "2025-03-20T09:55:21.066Z",
  "is_connected": false,
  "is_authenticated": false,
  "is_authenticating": false
}
[2025-03-20T09:55:21.100Z] FRONTEND:CS2 - INFO: Category indicator animation
  Details: {
  "fromCategory": "none",
  "toCategory": "cs2-knives",
  "indicatorWidth": 112.265625,
  "transitionType": "indicator-animation",
  "log_destination": "market",
  "timestamp": "2025-03-20T09:55:21.100Z"
}
[2025-03-20T09:55:21.101Z] FRONTEND:CS2 - INFO: Rendering 1 products with enhanced staggered animation
  Details: {
  "productCount": 1,
  "productIds": [
    "cs2-butterfly-doppler-factory-new"
  ],
  "animationEnabled": true,
  "staggerType": "wave",
  "baseDelay": "35ms",
  "log_destination": "market",
  "timestamp": "2025-03-20T09:55:21.101Z"
}
[2025-03-20T09:55:21.101Z] FRONTEND:CS2 - DEBUG: MarketPageView unmounted
  Details: {
  "page": 1,
  "log_destination": "market",
  "timestamp": "2025-03-20T09:55:21.101Z"
}
[2025-03-20T09:55:21.101Z] FRONTEND:CS2 - INFO: MarketPageView mounted with 1 products and enhanced animations
  Details: {
  "page": 1,
  "pageSize": 20,
  "totalProducts": 1,
  "productIds": [
    "cs2-butterfly-doppler-factory-new"
  ],
  "transitionType": "initial-mount",
  "animationsEnabled": true,
  "log_destination": "market",
  "timestamp": "2025-03-20T09:55:21.101Z"
}
[2025-03-20T09:55:21.102Z] FRONTEND:CS2 - INFO: Rendering 1 products with enhanced staggered animation
  Details: {
  "productCount": 1,
  "productIds": [
    "cs2-butterfly-doppler-factory-new"
  ],
  "animationEnabled": true,
  "staggerType": "wave",
  "baseDelay": "35ms",
  "log_destination": "market",
  "timestamp": "2025-03-20T09:55:21.102Z"
}
[2025-03-20T09:55:22.994Z] FRONTEND:CS2 - INFO: Navigation: cs2-knives → cs2-rifles
  Details: {
  "component": "MarketNavbar",
  "interactionType": "select",
  "transitionDuration": 300,
  "operation": "navigation",
  "from": "cs2-knives",
  "to": "cs2-rifles",
  "log_destination": "market",
  "timestamp": "2025-03-20T09:55:22.994Z"
}
[2025-03-20T09:55:23.017Z] FRONTEND:CS2 - INFO: Category indicator animation
  Details: {
  "fromCategory": "cs2-rifles",
  "toCategory": "cs2-knives",
  "indicatorWidth": 125.265625,
  "transitionType": "indicator-animation",
  "log_destination": "market",
  "timestamp": "2025-03-20T09:55:23.017Z"
}
[2025-03-20T09:55:23.143Z] FRONTEND:AUTH - DEBUG: Auth Flow - HeaderConnect Render
  Details: {
  "timestamp": "2025-03-20T09:55:23.143Z",
  "is_connected": false,
  "is_authenticated": false,
  "is_authenticating": false
}
[2025-03-20T09:55:23.144Z] FRONTEND:AUTH - DEBUG: Auth Flow - HeaderConnect Render
  Details: {
  "timestamp": "2025-03-20T09:55:23.144Z",
  "is_connected": false,
  "is_authenticated": false,
  "is_authenticating": false
}
[2025-03-20T09:55:23.177Z] FRONTEND:CS2 - INFO: Category indicator animation
  Details: {
  "fromCategory": "cs2-rifles",
  "toCategory": "cs2-rifles",
  "indicatorWidth": 108.4375,
  "transitionType": "indicator-animation",
  "log_destination": "market",
  "timestamp": "2025-03-20T09:55:23.177Z"
}
[2025-03-20T09:55:23.178Z] FRONTEND:CS2 - INFO: Rendering 3 products with enhanced staggered animation
  Details: {
  "productCount": 3,
  "productIds": [
    "cs2-awp-crakow-minimal-wear",
    "cs2-ak47-asiimov-factory-new",
    "cs2-m4a4-howl-field-tested"
  ],
  "animationEnabled": true,
  "staggerType": "wave",
  "baseDelay": "35ms",
  "log_destination": "market",
  "timestamp": "2025-03-20T09:55:23.178Z"
}
[2025-03-20T09:55:23.178Z] FRONTEND:CS2 - INFO: MarketPageView mounted with 3 products and enhanced animations
  Details: {
  "page": 1,
  "pageSize": 20,
  "totalProducts": 3,
  "productIds": [
    "cs2-awp-crakow-minimal-wear",
    "cs2-ak47-asiimov-factory-new",
    "cs2-m4a4-howl-field-tested"
  ],
  "transitionType": "initial-mount",
  "animationsEnabled": true,
  "log_destination": "market",
  "timestamp": "2025-03-20T09:55:23.178Z"
}
[2025-03-20T09:55:23.178Z] FRONTEND:CS2 - DEBUG: MarketPageView unmounted
  Details: {
  "page": 1,
  "log_destination": "market",
  "timestamp": "2025-03-20T09:55:23.178Z"
}
[2025-03-20T09:55:23.179Z] FRONTEND:CS2 - INFO: Rendering 3 products with enhanced staggered animation
  Details: {
  "productCount": 3,
  "productIds": [
    "cs2-awp-crakow-minimal-wear",
    "cs2-ak47-asiimov-factory-new",
    "cs2-m4a4-howl-field-tested"
  ],
  "animationEnabled": true,
  "staggerType": "wave",
  "baseDelay": "35ms",
  "log_destination": "market",
  "timestamp": "2025-03-20T09:55:23.179Z"
}
[2025-03-20T09:55:23.807Z] FRONTEND:CS2 - INFO: Category indicator animation
  Details: {
  "fromCategory": "none",
  "toCategory": "cs2-rifles",
  "indicatorWidth": 121.109375,
  "transitionType": "indicator-animation",
  "log_destination": "market",
  "timestamp": "2025-03-20T09:55:23.807Z"
}
[2025-03-20T09:55:24.443Z] FRONTEND:CS2 - INFO: Navigation: cs2-rifles → cs2-pistols
  Details: {
  "component": "MarketNavbar",
  "interactionType": "select",
  "transitionDuration": 300,
  "operation": "navigation",
  "from": "cs2-rifles",
  "to": "cs2-pistols",
  "log_destination": "market",
  "timestamp": "2025-03-20T09:55:24.442Z"
}
[2025-03-20T09:55:24.468Z] FRONTEND:CS2 - INFO: Category indicator animation
  Details: {
  "fromCategory": "cs2-pistols",
  "toCategory": "cs2-rifles",
  "indicatorWidth": 121.109375,
  "transitionType": "indicator-animation",
  "log_destination": "market",
  "timestamp": "2025-03-20T09:55:24.468Z"
}
[2025-03-20T09:55:24.600Z] FRONTEND:AUTH - DEBUG: Auth Flow - HeaderConnect Render
  Details: {
  "timestamp": "2025-03-20T09:55:24.600Z",
  "is_connected": false,
  "is_authenticated": false,
  "is_authenticating": false
}
[2025-03-20T09:55:24.600Z] FRONTEND:AUTH - DEBUG: Auth Flow - HeaderConnect Render
  Details: {
  "timestamp": "2025-03-20T09:55:24.600Z",
  "is_connected": false,
  "is_authenticated": false,
  "is_authenticating": false
}
[2025-03-20T09:55:24.634Z] FRONTEND:CS2 - INFO: Category indicator animation
  Details: {
  "fromCategory": "cs2-pistols",
  "toCategory": "cs2-pistols",
  "indicatorWidth": 119.578125,
  "transitionType": "indicator-animation",
  "log_destination": "market",
  "timestamp": "2025-03-20T09:55:24.634Z"
}
[2025-03-20T09:55:24.634Z] FRONTEND:CS2 - INFO: Rendering 1 products with enhanced staggered animation
  Details: {
  "productCount": 1,
  "productIds": [
    "cs2-deagle-printstream-minimal-wear"
  ],
  "animationEnabled": true,
  "staggerType": "wave",
  "baseDelay": "35ms",
  "log_destination": "market",
  "timestamp": "2025-03-20T09:55:24.634Z"
}
[2025-03-20T09:55:24.634Z] FRONTEND:CS2 - INFO: MarketPageView mounted with 1 products and enhanced animations
  Details: {
  "page": 1,
  "pageSize": 20,
  "totalProducts": 1,
  "productIds": [
    "cs2-deagle-printstream-minimal-wear"
  ],
  "transitionType": "initial-mount",
  "animationsEnabled": true,
  "log_destination": "market",
  "timestamp": "2025-03-20T09:55:24.634Z"
}
[2025-03-20T09:55:24.635Z] FRONTEND:CS2 - DEBUG: MarketPageView unmounted
  Details: {
  "page": 1,
  "log_destination": "market",
  "timestamp": "2025-03-20T09:55:24.635Z"
}
[2025-03-20T09:55:24.635Z] FRONTEND:CS2 - INFO: Rendering 1 products with enhanced staggered animation
  Details: {
  "productCount": 1,
  "productIds": [
    "cs2-deagle-printstream-minimal-wear"
  ],
  "animationEnabled": true,
  "staggerType": "wave",
  "baseDelay": "35ms",
  "log_destination": "market",
  "timestamp": "2025-03-20T09:55:24.635Z"
}
[2025-03-20T09:55:25.251Z] FRONTEND:CS2 - INFO: Category indicator animation
  Details: {
  "fromCategory": "none",
  "toCategory": "cs2-pistols",
  "indicatorWidth": 132.609375,
  "transitionType": "indicator-animation",
  "log_destination": "market",
  "timestamp": "2025-03-20T09:55:25.251Z"
}
[2025-03-20T09:55:25.324Z] FRONTEND:CS2 - INFO: Navigation: cs2-pistols → cs2-smgs
  Details: {
  "component": "MarketNavbar",
  "interactionType": "select",
  "transitionDuration": 300,
  "operation": "navigation",
  "from": "cs2-pistols",
  "to": "cs2-smgs",
  "log_destination": "market",
  "timestamp": "2025-03-20T09:55:25.323Z"
}
[2025-03-20T09:55:25.335Z] FRONTEND:CS2 - INFO: Category indicator animation
  Details: {
  "fromCategory": "cs2-smgs",
  "toCategory": "cs2-pistols",
  "indicatorWidth": 132.609375,
  "transitionType": "indicator-animation",
  "log_destination": "market",
  "timestamp": "2025-03-20T09:55:25.335Z"
}
[2025-03-20T09:55:25.439Z] FRONTEND:AUTH - DEBUG: Auth Flow - HeaderConnect Render
  Details: {
  "timestamp": "2025-03-20T09:55:25.439Z",
  "is_connected": false,
  "is_authenticated": false,
  "is_authenticating": false
}
[2025-03-20T09:55:25.441Z] FRONTEND:AUTH - DEBUG: Auth Flow - HeaderConnect Render
  Details: {
  "timestamp": "2025-03-20T09:55:25.441Z",
  "is_connected": false,
  "is_authenticated": false,
  "is_authenticating": false
}
[2025-03-20T09:55:25.480Z] FRONTEND:CS2 - INFO: Category indicator animation
  Details: {
  "fromCategory": "cs2-smgs",
  "toCategory": "cs2-smgs",
  "indicatorWidth": 100.09375,
  "transitionType": "indicator-animation",
  "log_destination": "market",
  "timestamp": "2025-03-20T09:55:25.480Z"
}
[2025-03-20T09:55:25.480Z] FRONTEND:CS2 - INFO: MarketPageView mounted with 0 products and enhanced animations
  Details: {
  "page": 1,
  "pageSize": 20,
  "totalProducts": 0,
  "productIds": [],
  "transitionType": "initial-mount",
  "animationsEnabled": true,
  "log_destination": "market",
  "timestamp": "2025-03-20T09:55:25.480Z"
}
[2025-03-20T09:55:25.481Z] FRONTEND:CS2 - DEBUG: MarketPageView unmounted
  Details: {
  "page": 1,
  "log_destination": "market",
  "timestamp": "2025-03-20T09:55:25.481Z"
}
[2025-03-20T09:55:26.130Z] FRONTEND:CS2 - INFO: Category indicator animation
  Details: {
  "fromCategory": "none",
  "toCategory": "cs2-smgs",
  "indicatorWidth": 112.78125,
  "transitionType": "indicator-animation",
  "log_destination": "market",
  "timestamp": "2025-03-20T09:55:26.130Z"
}
[2025-03-20T09:55:26.749Z] FRONTEND:CS2 - INFO: Navigation: cs2-smgs → cs2-knives
  Details: {
  "component": "MarketNavbar",
  "interactionType": "select",
  "transitionDuration": 300,
  "operation": "navigation",
  "from": "cs2-smgs",
  "to": "cs2-knives",
  "log_destination": "market",
  "timestamp": "2025-03-20T09:55:26.749Z"
}
[2025-03-20T09:55:26.777Z] FRONTEND:CS2 - INFO: Category indicator animation
  Details: {
  "fromCategory": "cs2-knives",
  "toCategory": "cs2-smgs",
  "indicatorWidth": 112.78125,
  "transitionType": "indicator-animation",
  "log_destination": "market",
  "timestamp": "2025-03-20T09:55:26.777Z"
}
[2025-03-20T09:55:26.884Z] FRONTEND:AUTH - DEBUG: Auth Flow - HeaderConnect Render
  Details: {
  "timestamp": "2025-03-20T09:55:26.884Z",
  "is_connected": false,
  "is_authenticated": false,
  "is_authenticating": false
}
[2025-03-20T09:55:26.885Z] FRONTEND:AUTH - DEBUG: Auth Flow - HeaderConnect Render
  Details: {
  "timestamp": "2025-03-20T09:55:26.885Z",
  "is_connected": false,
  "is_authenticated": false,
  "is_authenticating": false
}
[2025-03-20T09:55:26.921Z] FRONTEND:CS2 - INFO: Category indicator animation
  Details: {
  "fromCategory": "cs2-knives",
  "toCategory": "cs2-knives",
  "indicatorWidth": 112.265625,
  "transitionType": "indicator-animation",
  "log_destination": "market",
  "timestamp": "2025-03-20T09:55:26.921Z"
}
[2025-03-20T09:55:26.921Z] FRONTEND:CS2 - INFO: Rendering 1 products with enhanced staggered animation
  Details: {
  "productCount": 1,
  "productIds": [
    "cs2-butterfly-doppler-factory-new"
  ],
  "animationEnabled": true,
  "staggerType": "wave",
  "baseDelay": "35ms",
  "log_destination": "market",
  "timestamp": "2025-03-20T09:55:26.921Z"
}
[2025-03-20T09:55:26.921Z] FRONTEND:CS2 - INFO: MarketPageView mounted with 1 products and enhanced animations
  Details: {
  "page": 1,
  "pageSize": 20,
  "totalProducts": 1,
  "productIds": [
    "cs2-butterfly-doppler-factory-new"
  ],
  "transitionType": "initial-mount",
  "animationsEnabled": true,
  "log_destination": "market",
  "timestamp": "2025-03-20T09:55:26.921Z"
}
[2025-03-20T09:55:26.922Z] FRONTEND:CS2 - DEBUG: MarketPageView unmounted
  Details: {
  "page": 1,
  "log_destination": "market",
  "timestamp": "2025-03-20T09:55:26.922Z"
}
[2025-03-20T09:55:26.923Z] FRONTEND:CS2 - INFO: Rendering 1 products with enhanced staggered animation
  Details: {
  "productCount": 1,
  "productIds": [
    "cs2-butterfly-doppler-factory-new"
  ],
  "animationEnabled": true,
  "staggerType": "wave",
  "baseDelay": "35ms",
  "log_destination": "market",
  "timestamp": "2025-03-20T09:55:26.923Z"
}
[2025-03-20T09:55:27.553Z] FRONTEND:CS2 - INFO: Category indicator animation
  Details: {
  "fromCategory": "none",
  "toCategory": "cs2-knives",
  "indicatorWidth": 125.265625,
  "transitionType": "indicator-animation",
  "log_destination": "market",
  "timestamp": "2025-03-20T09:55:27.553Z"
}
[2025-03-20T09:59:17.694Z] FRONTEND:AUTH - DEBUG: Auth Flow - Initial Auth State Check
  Details: {
  "timestamp": "2025-03-20T09:59:17.694Z",
  "has_token": false,
  "has_user": false
}
[2025-03-20T09:59:17.783Z] FRONTEND:AUTH - DEBUG: Auth Flow - Initial Auth State Check
  Details: {
  "timestamp": "2025-03-20T09:59:17.783Z",
  "has_token": false,
  "has_user": false
}
[2025-03-20T09:59:17.799Z] FRONTEND:AUTH - DEBUG: Auth Flow - HeaderConnect Render
  Details: {
  "timestamp": "2025-03-20T09:59:17.799Z",
  "is_connected": false,
  "is_authenticated": false,
  "is_authenticating": false
}
[2025-03-20T09:59:17.799Z] FRONTEND:AUTH - DEBUG: Auth Flow - HeaderConnect Render
  Details: {
  "timestamp": "2025-03-20T09:59:17.799Z",
  "is_connected": false,
  "is_authenticated": false,
  "is_authenticating": false
}
[2025-03-20T09:59:18.230Z] FRONTEND:AUTH - DEBUG: Auth Flow - Auth state updated
  Details: {
  "timestamp": "2025-03-20T09:59:18.230Z",
  "is_connected": false,
  "is_authenticated": false,
  "is_authenticating": false,
  "initial_check_done": false,
  "needs_reauthentication": false,
  "last_authenticated_address": null
}
[2025-03-20T09:59:18.264Z] FRONTEND:AUTH - DEBUG: Auth Flow - HeaderConnect Render
  Details: {
  "timestamp": "2025-03-20T09:59:18.264Z",
  "is_connected": false,
  "is_authenticated": false,
  "is_authenticating": false
}
[2025-03-20T09:59:18.895Z] FRONTEND:AUTH - DEBUG: Auth Flow - HeaderConnect Render
  Details: {
  "timestamp": "2025-03-20T09:59:18.895Z",
  "is_connected": false,
  "is_authenticated": false,
  "is_authenticating": false
}
[2025-03-20T09:59:18.896Z] FRONTEND:AUTH - DEBUG: Auth Flow - HeaderConnect Render
  Details: {
  "timestamp": "2025-03-20T09:59:18.896Z",
  "is_connected": false,
  "is_authenticated": false,
  "is_authenticating": false
}
[2025-03-20T09:59:20.445Z] FRONTEND:AUTH - DEBUG: Auth Flow - Auth state updated
  Details: {
  "timestamp": "2025-03-20T09:59:20.445Z",
  "is_connected": false,
  "is_authenticated": false,
  "is_authenticating": false,
  "initial_check_done": false,
  "needs_reauthentication": false,
  "last_authenticated_address": null
}
[2025-03-20T09:59:18.264Z] FRONTEND:AUTH - DEBUG: Auth Flow - HeaderConnect Render
  Details: {
  "timestamp": "2025-03-20T09:59:18.264Z",
  "is_connected": false,
  "is_authenticated": false,
  "is_authenticating": false
}
[2025-03-20T09:59:18.316Z] FRONTEND:AUTH - DEBUG: Auth Flow - HeaderConnect Render
  Details: {
  "timestamp": "2025-03-20T09:59:18.316Z",
  "is_connected": false,
  "is_authenticated": false,
  "is_authenticating": false
}
[2025-03-20T09:59:18.317Z] FRONTEND:AUTH - DEBUG: Auth Flow - HeaderConnect Render
  Details: {
  "timestamp": "2025-03-20T09:59:18.317Z",
  "is_connected": false,
  "is_authenticated": false,
  "is_authenticating": false
}
[2025-03-20T09:59:18.345Z] FRONTEND:AUTH - DEBUG: Auth Flow - HeaderConnect Render
  Details: {
  "timestamp": "2025-03-20T09:59:18.345Z",
  "is_connected": false,
  "is_authenticated": false,
  "is_authenticating": false
}
[2025-03-20T09:59:27.858Z] FRONTEND:AUTH - DEBUG: Auth Flow - Authentication needed - not authenticated
  Details: {
  "timestamp": "2025-03-20T09:59:27.858Z",
  "address": "0x0300B70e40F138927e3a988ce4A9a069Ff875336",
  "is_connected": true
}
[2025-03-20T09:59:27.858Z] FRONTEND:AUTH - DEBUG: Auth Flow - Authentication needed - not authenticated
  Details: {
  "timestamp": "2025-03-20T09:59:27.858Z",
  "address": "0x0300B70e40F138927e3a988ce4A9a069Ff875336",
  "is_connected": true
}
[2025-03-20T09:59:27.859Z] FRONTEND:AUTH - DEBUG: Auth Flow - HeaderConnect Render
  Details: {
  "timestamp": "2025-03-20T09:59:27.859Z",
  "wallet_address": "0x0300B70e40F138927e3a988ce4A9a069Ff875336",
  "is_connected": true,
  "is_authenticated": false,
  "is_authenticating": false
}
[2025-03-20T09:59:18.346Z] FRONTEND:AUTH - DEBUG: Auth Flow - HeaderConnect Render
  Details: {
  "timestamp": "2025-03-20T09:59:18.346Z",
  "is_connected": false,
  "is_authenticated": false,
  "is_authenticating": false
}
[2025-03-20T09:59:27.861Z] FRONTEND:AUTH - DEBUG: Auth Flow - HeaderConnect Render
  Details: {
  "timestamp": "2025-03-20T09:59:27.860Z",
  "wallet_address": "0x0300B70e40F138927e3a988ce4A9a069Ff875336",
  "is_connected": true,
  "is_authenticated": false,
  "is_authenticating": false
}
[2025-03-20T09:59:27.880Z] FRONTEND:AUTH - DEBUG: Auth Flow - Auth Check
  Details: {
  "timestamp": "2025-03-20T09:59:27.880Z",
  "has_token": false,
  "has_user": false
}
[2025-03-20T09:59:27.851Z] FRONTEND:AUTH - DEBUG: Auth Flow - Authentication needed - not authenticated
  Details: {
  "timestamp": "2025-03-20T09:59:27.851Z",
  "address": "0x0300B70e40F138927e3a988ce4A9a069Ff875336",
  "is_connected": true
}
[2025-03-20T09:59:27.852Z] FRONTEND:AUTH - DEBUG: Auth Flow - Authentication needed - not authenticated
  Details: {
  "timestamp": "2025-03-20T09:59:27.852Z",
  "address": "0x0300B70e40F138927e3a988ce4A9a069Ff875336",
  "is_connected": true
}
[2025-03-20T09:59:27.852Z] FRONTEND:AUTH - DEBUG: Auth Flow - HeaderConnect Render
  Details: {
  "timestamp": "2025-03-20T09:59:27.852Z",
  "wallet_address": "0x0300B70e40F138927e3a988ce4A9a069Ff875336",
  "is_connected": true,
  "is_authenticated": false,
  "is_authenticating": false
}
[2025-03-20T09:59:27.852Z] FRONTEND:AUTH - DEBUG: Auth Flow - HeaderConnect Render
  Details: {
  "timestamp": "2025-03-20T09:59:27.852Z",
  "wallet_address": "0x0300B70e40F138927e3a988ce4A9a069Ff875336",
  "is_connected": true,
  "is_authenticated": false,
  "is_authenticating": false
}
[2025-03-20T09:59:27.864Z] FRONTEND:AUTH - DEBUG: Auth Flow - Auth Check
  Details: {
  "timestamp": "2025-03-20T09:59:27.864Z",
  "has_token": false,
  "has_user": false
}
[2025-03-20T09:59:27.880Z] FRONTEND:AUTH - DEBUG: Auth Flow - Starting authentication
  Details: {
  "timestamp": "2025-03-20T09:59:27.880Z",
  "wallet_address": "0x0300B70e40F138927e3a988ce4A9a069Ff875336",
  "is_connected": true,
  "initial_check_done": true
}
[2025-03-20T09:59:27.881Z] FRONTEND:AUTH - DEBUG: Auth Flow - Request Signature
  Details: {
  "timestamp": "2025-03-20T09:59:27.881Z",
  "walletAddress": "0x0300B70e40F138927e3a988ce4A9a069Ff875336"
}
[2025-03-20T09:59:27.865Z] FRONTEND:AUTH - DEBUG: Auth Flow - Starting authentication
  Details: {
  "timestamp": "2025-03-20T09:59:27.865Z",
  "wallet_address": "0x0300B70e40F138927e3a988ce4A9a069Ff875336",
  "is_connected": true,
  "initial_check_done": true
}
[2025-03-20T09:59:27.883Z] FRONTEND:AUTH - DEBUG: Auth Flow - Auth state updated
  Details: {
  "timestamp": "2025-03-20T09:59:27.883Z",
  "is_connected": true,
  "is_authenticated": false,
  "wallet_address": "0x0300B70e40F138927e3a988ce4A9a069Ff875336",
  "is_authenticating": false,
  "initial_check_done": true,
  "needs_reauthentication": true,
  "last_authenticated_address": null
}
[2025-03-20T09:59:27.890Z] FRONTEND:AUTH - DEBUG: Auth Flow - Auth state restoration failed - triggering authentication
  Details: {
  "timestamp": "2025-03-20T09:59:27.890Z",
  "address": "0x0300B70e40F138927e3a988ce4A9a069Ff875336",
  "is_connected": true
}
[2025-03-20T09:59:27.892Z] FRONTEND:AUTH - DEBUG: Auth Flow - Token Retrieval
  Details: {
  "timestamp": "2025-03-20T09:59:27.892Z",
  "exists": false
}
[2025-03-20T09:59:27.865Z] FRONTEND:AUTH - DEBUG: Auth Flow - Request Signature
  Details: {
  "timestamp": "2025-03-20T09:59:27.865Z",
  "walletAddress": "0x0300B70e40F138927e3a988ce4A9a069Ff875336"
}
[2025-03-20T09:59:27.866Z] FRONTEND:AUTH - DEBUG: Auth Flow - Auth state updated
  Details: {
  "timestamp": "2025-03-20T09:59:27.866Z",
  "is_connected": true,
  "is_authenticated": false,
  "wallet_address": "0x0300B70e40F138927e3a988ce4A9a069Ff875336",
  "is_authenticating": false,
  "initial_check_done": true,
  "needs_reauthentication": true,
  "last_authenticated_address": null
}
[2025-03-20T09:59:27.878Z] FRONTEND:AUTH - DEBUG: Auth Flow - Auth state restoration failed - triggering authentication
  Details: {
  "timestamp": "2025-03-20T09:59:27.878Z",
  "address": "0x0300B70e40F138927e3a988ce4A9a069Ff875336",
  "is_connected": true
}
[2025-03-20T09:59:27.878Z] FRONTEND:AUTH - DEBUG: Auth Flow - Token Retrieval
  Details: {
  "timestamp": "2025-03-20T09:59:27.878Z",
  "exists": false
}
[2025-03-20T09:59:27.900Z] FRONTEND:AUTH - DEBUG: Auth Flow - HeaderConnect Render
  Details: {
  "timestamp": "2025-03-20T09:59:27.900Z",
  "wallet_address": "0x0300B70e40F138927e3a988ce4A9a069Ff875336",
  "is_connected": true,
  "is_authenticated": false,
  "is_authenticating": true
}
[2025-03-20T09:59:27.897Z] FRONTEND:AUTH - DEBUG: Auth Flow - HeaderConnect Render
  Details: {
  "timestamp": "2025-03-20T09:59:27.897Z",
  "wallet_address": "0x0300B70e40F138927e3a988ce4A9a069Ff875336",
  "is_connected": true,
  "is_authenticated": false,
  "is_authenticating": true
}
[2025-03-20T09:59:27.898Z] FRONTEND:AUTH - DEBUG: Auth Flow - HeaderConnect Render
  Details: {
  "timestamp": "2025-03-20T09:59:27.898Z",
  "wallet_address": "0x0300B70e40F138927e3a988ce4A9a069Ff875336",
  "is_connected": true,
  "is_authenticated": false,
  "is_authenticating": true
}
[2025-03-20T09:59:27.901Z] FRONTEND:AUTH - DEBUG: Auth Flow - HeaderConnect Render
  Details: {
  "timestamp": "2025-03-20T09:59:27.901Z",
  "wallet_address": "0x0300B70e40F138927e3a988ce4A9a069Ff875336",
  "is_connected": true,
  "is_authenticated": false,
  "is_authenticating": true
}
[2025-03-20T09:59:27.914Z] FRONTEND:AUTH - DEBUG: Auth Flow - Signature Requested
  Details: {
  "timestamp": "2025-03-20T09:59:27.914Z",
  "nonce": "9fda7894b5a37eff9797c48cfdaf4868c201b0135e9c9843d2590eba629c8a46"
}
[2025-03-20T09:59:27.918Z] FRONTEND:AUTH - DEBUG: Auth Flow - Auth state updated
  Details: {
  "timestamp": "2025-03-20T09:59:27.918Z",
  "is_connected": true,
  "is_authenticated": false,
  "wallet_address": "0x0300B70e40F138927e3a988ce4A9a069Ff875336",
  "is_authenticating": true,
  "initial_check_done": true,
  "needs_reauthentication": true,
  "last_authenticated_address": null
}
[2025-03-20T09:59:27.919Z] FRONTEND:AUTH - DEBUG: Auth Flow - HeaderConnect Render
  Details: {
  "timestamp": "2025-03-20T09:59:27.919Z",
  "wallet_address": "0x0300B70e40F138927e3a988ce4A9a069Ff875336",
  "is_connected": true,
  "is_authenticated": false,
  "is_authenticating": true
}
[2025-03-20T09:59:27.920Z] FRONTEND:AUTH - DEBUG: Auth Flow - HeaderConnect Render
  Details: {
  "timestamp": "2025-03-20T09:59:27.920Z",
  "wallet_address": "0x0300B70e40F138927e3a988ce4A9a069Ff875336",
  "is_connected": true,
  "is_authenticated": false,
  "is_authenticating": true
}
[2025-03-20T09:59:27.908Z] FRONTEND:AUTH - DEBUG: Auth Flow - Signature Requested
  Details: {
  "timestamp": "2025-03-20T09:59:27.908Z",
  "nonce": "5212e476825e2e80fa5022d3245d7ca7429b55887ac53cc3256a364ccb7c2842"
}
[2025-03-20T09:59:27.909Z] FRONTEND:AUTH - DEBUG: Auth Flow - Auth state updated
  Details: {
  "timestamp": "2025-03-20T09:59:27.909Z",
  "is_connected": true,
  "is_authenticated": false,
  "wallet_address": "0x0300B70e40F138927e3a988ce4A9a069Ff875336",
  "is_authenticating": true,
  "initial_check_done": true,
  "needs_reauthentication": true,
  "last_authenticated_address": null
}
[2025-03-20T09:59:27.910Z] FRONTEND:AUTH - DEBUG: Auth Flow - HeaderConnect Render
  Details: {
  "timestamp": "2025-03-20T09:59:27.910Z",
  "wallet_address": "0x0300B70e40F138927e3a988ce4A9a069Ff875336",
  "is_connected": true,
  "is_authenticated": false,
  "is_authenticating": true
}
[2025-03-20T09:59:27.911Z] FRONTEND:AUTH - DEBUG: Auth Flow - HeaderConnect Render
  Details: {
  "timestamp": "2025-03-20T09:59:27.911Z",
  "wallet_address": "0x0300B70e40F138927e3a988ce4A9a069Ff875336",
  "is_connected": true,
  "is_authenticated": false,
  "is_authenticating": true
}
[2025-03-20T09:59:30.817Z] FRONTEND:AUTH - DEBUG: Auth Flow - Verify Signature
  Details: {
  "timestamp": "2025-03-20T09:59:30.817Z",
  "walletAddress": "0x0300B70e40F138927e3a988ce4A9a069Ff875336",
  "nonce": "5212e476825e2e80fa5022d3245d7ca7429b55887ac53cc3256a364ccb7c2842"
}
[2025-03-20T09:59:30.818Z] FRONTEND:AUTH - DEBUG: Auth Flow - Token Retrieval
  Details: {
  "timestamp": "2025-03-20T09:59:30.818Z",
  "exists": false
}
[2025-03-20T09:59:30.819Z] FRONTEND:AUTH - DEBUG: Auth Flow - HeaderConnect Render
  Details: {
  "timestamp": "2025-03-20T09:59:30.819Z",
  "wallet_address": "0x0300B70e40F138927e3a988ce4A9a069Ff875336",
  "is_connected": true,
  "is_authenticated": false,
  "is_authenticating": true
}
[2025-03-20T09:59:30.820Z] FRONTEND:AUTH - DEBUG: Auth Flow - HeaderConnect Render
  Details: {
  "timestamp": "2025-03-20T09:59:30.820Z",
  "wallet_address": "0x0300B70e40F138927e3a988ce4A9a069Ff875336",
  "is_connected": true,
  "is_authenticated": false,
  "is_authenticating": true
}
[2025-03-20T09:59:31.283Z] FRONTEND:AUTH - DEBUG: Auth Flow - Verify Signature
  Details: {
  "timestamp": "2025-03-20T09:59:31.283Z",
  "walletAddress": "0x0300B70e40F138927e3a988ce4A9a069Ff875336",
  "nonce": "9fda7894b5a37eff9797c48cfdaf4868c201b0135e9c9843d2590eba629c8a46"
}
[2025-03-20T09:59:31.284Z] FRONTEND:AUTH - DEBUG: Auth Flow - Token Retrieval
  Details: {
  "timestamp": "2025-03-20T09:59:31.284Z",
  "exists": false
}
[2025-03-20T09:59:31.286Z] FRONTEND:AUTH - DEBUG: Auth Flow - HeaderConnect Render
  Details: {
  "timestamp": "2025-03-20T09:59:31.286Z",
  "wallet_address": "0x0300B70e40F138927e3a988ce4A9a069Ff875336",
  "is_connected": true,
  "is_authenticated": false,
  "is_authenticating": true
}
[2025-03-20T09:59:31.287Z] FRONTEND:AUTH - DEBUG: Auth Flow - HeaderConnect Render
  Details: {
  "timestamp": "2025-03-20T09:59:31.287Z",
  "wallet_address": "0x0300B70e40F138927e3a988ce4A9a069Ff875336",
  "is_connected": true,
  "is_authenticated": false,
  "is_authenticating": true
}
[2025-03-20T09:59:31.327Z] FRONTEND:AUTH - INFO: Token Operation - store
  Details: {
  "timestamp": "2025-03-20T09:59:31.327Z",
  "success": true
}
[2025-03-20T09:59:30.830Z] FRONTEND:AUTH - ERROR: Auth API Response Error
  Details: {
  "status": 500,
  "url": "/verify?nonce=5212e476825e2e80fa5022d3245d7ca7429b55887ac53cc3256a364ccb7c2842",
  "method": "post",
  "has_retry": false
}
[2025-03-20T09:59:30.831Z] FRONTEND:AUTH - ERROR: Auth Error - Verify Signature
  Details: {
  "timestamp": "2025-03-20T09:59:30.831Z",
  "error": "Request failed with status code 500",
  "code": "ERR_BAD_RESPONSE",
  "stack": "AxiosError: Request failed with status code 500\n    at settle (webpack-internal:///(app-pages-browser)/./node_modules/axios/lib/core/settle.js:24:12)\n    at XMLHttpRequest.onloadend (webpack-internal:///(app-pages-browser)/./node_modules/axios/lib/adapters/xhr.js:73:66)\n    at Axios.request (webpack-internal:///(app-pages-browser)/./node_modules/axios/lib/core/Axios.js:57:41)\n    at async verifySignature (webpack-internal:///(app-pages-browser)/./src/api/auth.ts:130:26)\n    at async useWalletAuth.useCallback[authenticate] (webpack-internal:///(app-pages-browser)/./src/hooks/useWalletAuth.ts:128:40)"
}
[2025-03-20T09:59:30.831Z] FRONTEND:AUTH - ERROR: Auth Error - Authentication failed
  Details: {
  "timestamp": "2025-03-20T09:59:30.831Z",
  "error": "Request failed with status code 500",
  "code": "ERR_BAD_RESPONSE",
  "stack": "AxiosError: Request failed with status code 500\n    at settle (webpack-internal:///(app-pages-browser)/./node_modules/axios/lib/core/settle.js:24:12)\n    at XMLHttpRequest.onloadend (webpack-internal:///(app-pages-browser)/./node_modules/axios/lib/adapters/xhr.js:73:66)\n    at Axios.request (webpack-internal:///(app-pages-browser)/./node_modules/axios/lib/core/Axios.js:57:41)\n    at async verifySignature (webpack-internal:///(app-pages-browser)/./src/api/auth.ts:130:26)\n    at async useWalletAuth.useCallback[authenticate] (webpack-internal:///(app-pages-browser)/./src/hooks/useWalletAuth.ts:128:40)"
}
[2025-03-20T09:59:30.831Z] FRONTEND:AUTH - DEBUG: Auth Flow - Logout
  Details: {
  "timestamp": "2025-03-20T09:59:30.831Z"
}
[2025-03-20T09:59:31.329Z] FRONTEND:AUTH - DEBUG: Auth Flow - Signature Verified
  Details: {
  "timestamp": "2025-03-20T09:59:31.329Z",
  "success": true
}
[2025-03-20T09:59:31.332Z] FRONTEND:AUTH - DEBUG: Auth Flow - Login
  Details: {
  "timestamp": "2025-03-20T09:59:31.332Z",
  "wallet_address": "0x0300B70e40F138927e3a988ce4A9a069Ff875336",
  "token_length": 188
}
[2025-03-20T09:59:31.334Z] FRONTEND:AUTH - DEBUG: Auth Flow - Authentication successful
  Details: {
  "timestamp": "2025-03-20T09:59:31.334Z",
  "wallet_address": "0x0300B70e40F138927e3a988ce4A9a069Ff875336"
}
[2025-03-20T09:59:31.339Z] FRONTEND:AUTH - DEBUG: Auth Flow - HeaderConnect Render
  Details: {
  "timestamp": "2025-03-20T09:59:31.339Z",
  "wallet_address": "0x0300B70e40F138927e3a988ce4A9a069Ff875336",
  "is_connected": true,
  "is_authenticated": true,
  "is_authenticating": false
}
[2025-03-20T09:59:31.342Z] FRONTEND:AUTH - DEBUG: Auth Flow - HeaderConnect Render
  Details: {
  "timestamp": "2025-03-20T09:59:31.342Z",
  "wallet_address": "0x0300B70e40F138927e3a988ce4A9a069Ff875336",
  "is_connected": true,
  "is_authenticated": true,
  "is_authenticating": false
}
[2025-03-20T09:59:30.832Z] FRONTEND:AUTH - DEBUG: Auth Flow - HeaderConnect Render
  Details: {
  "timestamp": "2025-03-20T09:59:30.832Z",
  "wallet_address": "0x0300B70e40F138927e3a988ce4A9a069Ff875336",
  "is_connected": true,
  "is_authenticated": false,
  "is_authenticating": false
}
[2025-03-20T09:59:30.833Z] FRONTEND:AUTH - DEBUG: Auth Flow - HeaderConnect Render
  Details: {
  "timestamp": "2025-03-20T09:59:30.833Z",
  "wallet_address": "0x0300B70e40F138927e3a988ce4A9a069Ff875336",
  "is_connected": true,
  "is_authenticated": false,
  "is_authenticating": false
}
[2025-03-20T09:59:30.844Z] FRONTEND:AUTH - DEBUG: Auth Flow - Auth state updated
  Details: {
  "timestamp": "2025-03-20T09:59:30.844Z",
  "is_connected": true,
  "is_authenticated": false,
  "wallet_address": "0x0300B70e40F138927e3a988ce4A9a069Ff875336",
  "is_authenticating": false,
  "initial_check_done": true,
  "needs_reauthentication": true,
  "last_authenticated_address": null
}
[2025-03-20T09:59:31.360Z] FRONTEND:AUTH - DEBUG: Auth Flow - Auth state updated
  Details: {
  "timestamp": "2025-03-20T09:59:31.360Z",
  "is_connected": true,
  "is_authenticated": true,
  "wallet_address": "0x0300B70e40F138927e3a988ce4A9a069Ff875336",
  "auth_wallet_address": "0x0300B70e40F138927e3a988ce4A9a069Ff875336",
  "is_authenticating": false,
  "initial_check_done": true,
  "needs_reauthentication": false,
  "last_authenticated_address": "0x0300B70e40F138927e3a988ce4A9a069Ff875336"
}
[2025-03-20T09:59:35.473Z] FRONTEND:AUTH - DEBUG: Auth Flow - HeaderConnect Render
  Details: {
  "timestamp": "2025-03-20T09:59:35.473Z",
  "is_connected": false,
  "is_authenticated": false,
  "is_authenticating": false
}
[2025-03-20T09:59:35.475Z] FRONTEND:AUTH - DEBUG: Auth Flow - HeaderConnect Render
  Details: {
  "timestamp": "2025-03-20T09:59:35.475Z",
  "is_connected": false,
  "is_authenticated": false,
  "is_authenticating": false
}
[2025-03-20T09:59:35.484Z] FRONTEND:AUTH - DEBUG: Auth Flow - HeaderConnect Render
  Details: {
  "timestamp": "2025-03-20T09:59:35.484Z",
  "is_connected": false,
  "is_authenticated": true,
  "is_authenticating": false
}
[2025-03-20T09:59:35.486Z] FRONTEND:AUTH - DEBUG: Auth Flow - HeaderConnect Render
  Details: {
  "timestamp": "2025-03-20T09:59:35.486Z",
  "is_connected": false,
  "is_authenticated": true,
  "is_authenticating": false
}
[2025-03-20T09:59:35.488Z] FRONTEND:AUTH - DEBUG: Auth Flow - Auth state updated
  Details: {
  "timestamp": "2025-03-20T09:59:35.488Z",
  "is_connected": false,
  "is_authenticated": false,
  "is_authenticating": false,
  "initial_check_done": false,
  "needs_reauthentication": false,
  "last_authenticated_address": null
}
[2025-03-20T09:59:35.510Z] FRONTEND:AUTH - DEBUG: Auth Flow - Auth state updated
  Details: {
  "timestamp": "2025-03-20T09:59:35.510Z",
  "is_connected": false,
  "is_authenticated": true,
  "auth_wallet_address": "0x0300B70e40F138927e3a988ce4A9a069Ff875336",
  "is_authenticating": false,
  "initial_check_done": false,
  "needs_reauthentication": false,
  "last_authenticated_address": null
}
[2025-03-20T09:59:35.512Z] FRONTEND:AUTH - DEBUG: Auth Flow - HeaderConnect - Wallet Disconnected while Authenticated
  Details: {
  "timestamp": "2025-03-20T09:59:35.512Z"
}
[2025-03-20T09:59:35.514Z] FRONTEND:AUTH - DEBUG: Auth Flow - Logout
  Details: {
  "timestamp": "2025-03-20T09:59:35.514Z",
  "wallet_address": "0x0300B70e40F138927e3a988ce4A9a069Ff875336"
}
[2025-03-20T09:59:35.540Z] FRONTEND:AUTH - DEBUG: Auth Flow - HeaderConnect Render
  Details: {
  "timestamp": "2025-03-20T09:59:35.540Z",
  "is_connected": false,
  "is_authenticated": false,
  "is_authenticating": false
}
[2025-03-20T09:59:35.544Z] FRONTEND:AUTH - DEBUG: Auth Flow - HeaderConnect Render
  Details: {
  "timestamp": "2025-03-20T09:59:35.544Z",
  "is_connected": false,
  "is_authenticated": false,
  "is_authenticating": false
}
[2025-03-20T09:59:35.561Z] FRONTEND:AUTH - DEBUG: Auth Flow - Auth state updated
  Details: {
  "timestamp": "2025-03-20T09:59:35.561Z",
  "is_connected": false,
  "is_authenticated": false,
  "is_authenticating": false,
  "initial_check_done": false,
  "needs_reauthentication": false,
  "last_authenticated_address": null
}
[2025-03-20T09:59:39.135Z] FRONTEND:AUTH - DEBUG: Auth Flow - Authentication needed - not authenticated
  Details: {
  "timestamp": "2025-03-20T09:59:39.135Z",
  "address": "0x0300B70e40F138927e3a988ce4A9a069Ff875336",
  "is_connected": true
}
[2025-03-20T09:59:39.136Z] FRONTEND:AUTH - DEBUG: Auth Flow - Authentication needed - not authenticated
  Details: {
  "timestamp": "2025-03-20T09:59:39.136Z",
  "address": "0x0300B70e40F138927e3a988ce4A9a069Ff875336",
  "is_connected": true
}
[2025-03-20T09:59:39.137Z] FRONTEND:AUTH - DEBUG: Auth Flow - Authentication needed - not authenticated
  Details: {
  "timestamp": "2025-03-20T09:59:39.137Z",
  "address": "0x0300B70e40F138927e3a988ce4A9a069Ff875336",
  "is_connected": true
}
[2025-03-20T09:59:39.136Z] FRONTEND:AUTH - DEBUG: Auth Flow - HeaderConnect Render
  Details: {
  "timestamp": "2025-03-20T09:59:39.136Z",
  "wallet_address": "0x0300B70e40F138927e3a988ce4A9a069Ff875336",
  "is_connected": true,
  "is_authenticated": false,
  "is_authenticating": false
}
[2025-03-20T09:59:39.137Z] FRONTEND:AUTH - DEBUG: Auth Flow - Authentication needed - not authenticated
  Details: {
  "timestamp": "2025-03-20T09:59:39.137Z",
  "address": "0x0300B70e40F138927e3a988ce4A9a069Ff875336",
  "is_connected": true
}
[2025-03-20T09:59:39.138Z] FRONTEND:AUTH - DEBUG: Auth Flow - HeaderConnect Render
  Details: {
  "timestamp": "2025-03-20T09:59:39.138Z",
  "wallet_address": "0x0300B70e40F138927e3a988ce4A9a069Ff875336",
  "is_connected": true,
  "is_authenticated": false,
  "is_authenticating": false
}
[2025-03-20T09:59:39.139Z] FRONTEND:AUTH - DEBUG: Auth Flow - HeaderConnect Render
  Details: {
  "timestamp": "2025-03-20T09:59:39.139Z",
  "wallet_address": "0x0300B70e40F138927e3a988ce4A9a069Ff875336",
  "is_connected": true,
  "is_authenticated": false,
  "is_authenticating": false
}
[2025-03-20T09:59:39.142Z] FRONTEND:AUTH - DEBUG: Auth Flow - HeaderConnect Render
  Details: {
  "timestamp": "2025-03-20T09:59:39.142Z",
  "wallet_address": "0x0300B70e40F138927e3a988ce4A9a069Ff875336",
  "is_connected": true,
  "is_authenticated": false,
  "is_authenticating": false
}
[2025-03-20T09:59:39.153Z] FRONTEND:AUTH - DEBUG: Auth Flow - Auth Check
  Details: {
  "timestamp": "2025-03-20T09:59:39.153Z",
  "has_token": false,
  "has_user": false
}
[2025-03-20T09:59:39.153Z] FRONTEND:AUTH - DEBUG: Auth Flow - Starting authentication
  Details: {
  "timestamp": "2025-03-20T09:59:39.153Z",
  "wallet_address": "0x0300B70e40F138927e3a988ce4A9a069Ff875336",
  "is_connected": true,
  "initial_check_done": true
}
[2025-03-20T09:59:39.168Z] FRONTEND:AUTH - DEBUG: Auth Flow - Auth Check
  Details: {
  "timestamp": "2025-03-20T09:59:39.168Z",
  "has_token": false,
  "has_user": false
}
[2025-03-20T09:59:39.170Z] FRONTEND:AUTH - DEBUG: Auth Flow - Starting authentication
  Details: {
  "timestamp": "2025-03-20T09:59:39.170Z",
  "wallet_address": "0x0300B70e40F138927e3a988ce4A9a069Ff875336",
  "is_connected": true,
  "initial_check_done": true
}
[2025-03-20T09:59:39.172Z] FRONTEND:AUTH - DEBUG: Auth Flow - Request Signature
  Details: {
  "timestamp": "2025-03-20T09:59:39.172Z",
  "walletAddress": "0x0300B70e40F138927e3a988ce4A9a069Ff875336"
}
[2025-03-20T09:59:39.175Z] FRONTEND:AUTH - DEBUG: Auth Flow - Auth state updated
  Details: {
  "timestamp": "2025-03-20T09:59:39.175Z",
  "is_connected": true,
  "is_authenticated": false,
  "wallet_address": "0x0300B70e40F138927e3a988ce4A9a069Ff875336",
  "is_authenticating": false,
  "initial_check_done": true,
  "needs_reauthentication": true,
  "last_authenticated_address": null
}
[2025-03-20T09:59:39.153Z] FRONTEND:AUTH - DEBUG: Auth Flow - Request Signature
  Details: {
  "timestamp": "2025-03-20T09:59:39.153Z",
  "walletAddress": "0x0300B70e40F138927e3a988ce4A9a069Ff875336"
}
[2025-03-20T09:59:39.180Z] FRONTEND:AUTH - DEBUG: Auth Flow - Auth state restoration failed - triggering authentication
  Details: {
  "timestamp": "2025-03-20T09:59:39.180Z",
  "address": "0x0300B70e40F138927e3a988ce4A9a069Ff875336",
  "is_connected": true
}
[2025-03-20T09:59:39.154Z] FRONTEND:AUTH - DEBUG: Auth Flow - Auth state updated
  Details: {
  "timestamp": "2025-03-20T09:59:39.154Z",
  "is_connected": true,
  "is_authenticated": false,
  "wallet_address": "0x0300B70e40F138927e3a988ce4A9a069Ff875336",
  "is_authenticating": false,
  "initial_check_done": true,
  "needs_reauthentication": true,
  "last_authenticated_address": null
}
[2025-03-20T09:59:39.170Z] FRONTEND:AUTH - DEBUG: Auth Flow - Auth state restoration failed - triggering authentication
  Details: {
  "timestamp": "2025-03-20T09:59:39.170Z",
  "address": "0x0300B70e40F138927e3a988ce4A9a069Ff875336",
  "is_connected": true
}
[2025-03-20T09:59:39.170Z] FRONTEND:AUTH - DEBUG: Auth Flow - Token Retrieval
  Details: {
  "timestamp": "2025-03-20T09:59:39.170Z",
  "exists": false
}
[2025-03-20T09:59:39.181Z] FRONTEND:AUTH - DEBUG: Auth Flow - Token Retrieval
  Details: {
  "timestamp": "2025-03-20T09:59:39.181Z",
  "exists": false
}
[2025-03-20T09:59:39.192Z] FRONTEND:AUTH - DEBUG: Auth Flow - HeaderConnect Render
  Details: {
  "timestamp": "2025-03-20T09:59:39.192Z",
  "wallet_address": "0x0300B70e40F138927e3a988ce4A9a069Ff875336",
  "is_connected": true,
  "is_authenticated": false,
  "is_authenticating": true
}
[2025-03-20T09:59:39.193Z] FRONTEND:AUTH - DEBUG: Auth Flow - HeaderConnect Render
  Details: {
  "timestamp": "2025-03-20T09:59:39.193Z",
  "wallet_address": "0x0300B70e40F138927e3a988ce4A9a069Ff875336",
  "is_connected": true,
  "is_authenticated": false,
  "is_authenticating": true
}
[2025-03-20T09:59:39.184Z] FRONTEND:AUTH - DEBUG: Auth Flow - HeaderConnect Render
  Details: {
  "timestamp": "2025-03-20T09:59:39.184Z",
  "wallet_address": "0x0300B70e40F138927e3a988ce4A9a069Ff875336",
  "is_connected": true,
  "is_authenticated": false,
  "is_authenticating": true
}
[2025-03-20T09:59:39.187Z] FRONTEND:AUTH - DEBUG: Auth Flow - HeaderConnect Render
  Details: {
  "timestamp": "2025-03-20T09:59:39.187Z",
  "wallet_address": "0x0300B70e40F138927e3a988ce4A9a069Ff875336",
  "is_connected": true,
  "is_authenticated": false,
  "is_authenticating": true
}
[2025-03-20T09:59:39.207Z] FRONTEND:AUTH - DEBUG: Auth Flow - Signature Requested
  Details: {
  "timestamp": "2025-03-20T09:59:39.207Z",
  "nonce": "a82ec94233662f0ee42503fa349f440fe46a31fcc896fbe37c56647aef4fe1c7"
}
[2025-03-20T09:59:39.209Z] FRONTEND:AUTH - DEBUG: Auth Flow - Auth state updated
  Details: {
  "timestamp": "2025-03-20T09:59:39.209Z",
  "is_connected": true,
  "is_authenticated": false,
  "wallet_address": "0x0300B70e40F138927e3a988ce4A9a069Ff875336",
  "is_authenticating": true,
  "initial_check_done": true,
  "needs_reauthentication": true,
  "last_authenticated_address": null
}
[2025-03-20T09:59:39.200Z] FRONTEND:AUTH - DEBUG: Auth Flow - Signature Requested
  Details: {
  "timestamp": "2025-03-20T09:59:39.200Z",
  "nonce": "2f123b2ebd2abc52a08e78fd1aac889b9e94970e4978cd9494a45de98e28323c"
}
[2025-03-20T09:59:39.213Z] FRONTEND:AUTH - DEBUG: Auth Flow - HeaderConnect Render
  Details: {
  "timestamp": "2025-03-20T09:59:39.213Z",
  "wallet_address": "0x0300B70e40F138927e3a988ce4A9a069Ff875336",
  "is_connected": true,
  "is_authenticated": false,
  "is_authenticating": true
}
[2025-03-20T09:59:39.201Z] FRONTEND:AUTH - DEBUG: Auth Flow - Auth state updated
  Details: {
  "timestamp": "2025-03-20T09:59:39.201Z",
  "is_connected": true,
  "is_authenticated": false,
  "wallet_address": "0x0300B70e40F138927e3a988ce4A9a069Ff875336",
  "is_authenticating": true,
  "initial_check_done": true,
  "needs_reauthentication": true,
  "last_authenticated_address": null
}
[2025-03-20T09:59:39.202Z] FRONTEND:AUTH - DEBUG: Auth Flow - HeaderConnect Render
  Details: {
  "timestamp": "2025-03-20T09:59:39.202Z",
  "wallet_address": "0x0300B70e40F138927e3a988ce4A9a069Ff875336",
  "is_connected": true,
  "is_authenticated": false,
  "is_authenticating": true
}
[2025-03-20T09:59:39.203Z] FRONTEND:AUTH - DEBUG: Auth Flow - HeaderConnect Render
  Details: {
  "timestamp": "2025-03-20T09:59:39.203Z",
  "wallet_address": "0x0300B70e40F138927e3a988ce4A9a069Ff875336",
  "is_connected": true,
  "is_authenticated": false,
  "is_authenticating": true
}
[2025-03-20T09:59:39.215Z] FRONTEND:AUTH - DEBUG: Auth Flow - HeaderConnect Render
  Details: {
  "timestamp": "2025-03-20T09:59:39.215Z",
  "wallet_address": "0x0300B70e40F138927e3a988ce4A9a069Ff875336",
  "is_connected": true,
  "is_authenticated": false,
  "is_authenticating": true
}
[2025-03-20T09:59:41.764Z] FRONTEND:AUTH - DEBUG: Auth Flow - Verify Signature
  Details: {
  "timestamp": "2025-03-20T09:59:41.764Z",
  "walletAddress": "0x0300B70e40F138927e3a988ce4A9a069Ff875336",
  "nonce": "2f123b2ebd2abc52a08e78fd1aac889b9e94970e4978cd9494a45de98e28323c"
}
[2025-03-20T09:59:41.765Z] FRONTEND:AUTH - DEBUG: Auth Flow - Token Retrieval
  Details: {
  "timestamp": "2025-03-20T09:59:41.765Z",
  "exists": false
}
[2025-03-20T09:59:41.766Z] FRONTEND:AUTH - DEBUG: Auth Flow - HeaderConnect Render
  Details: {
  "timestamp": "2025-03-20T09:59:41.766Z",
  "wallet_address": "0x0300B70e40F138927e3a988ce4A9a069Ff875336",
  "is_connected": true,
  "is_authenticated": false,
  "is_authenticating": true
}
[2025-03-20T09:59:41.767Z] FRONTEND:AUTH - DEBUG: Auth Flow - HeaderConnect Render
  Details: {
  "timestamp": "2025-03-20T09:59:41.767Z",
  "wallet_address": "0x0300B70e40F138927e3a988ce4A9a069Ff875336",
  "is_connected": true,
  "is_authenticated": false,
  "is_authenticating": true
}
[2025-03-20T09:59:41.778Z] FRONTEND:AUTH - ERROR: Auth API Response Error
  Details: {
  "status": 500,
  "url": "/verify?nonce=2f123b2ebd2abc52a08e78fd1aac889b9e94970e4978cd9494a45de98e28323c",
  "method": "post",
  "has_retry": false
}
[2025-03-20T09:59:41.778Z] FRONTEND:AUTH - ERROR: Auth Error - Verify Signature
  Details: {
  "timestamp": "2025-03-20T09:59:41.778Z",
  "error": "Request failed with status code 500",
  "code": "ERR_BAD_RESPONSE",
  "stack": "AxiosError: Request failed with status code 500\n    at settle (webpack-internal:///(app-pages-browser)/./node_modules/axios/lib/core/settle.js:24:12)\n    at XMLHttpRequest.onloadend (webpack-internal:///(app-pages-browser)/./node_modules/axios/lib/adapters/xhr.js:73:66)\n    at Axios.request (webpack-internal:///(app-pages-browser)/./node_modules/axios/lib/core/Axios.js:57:41)\n    at async verifySignature (webpack-internal:///(app-pages-browser)/./src/api/auth.ts:130:26)\n    at async useWalletAuth.useCallback[authenticate] (webpack-internal:///(app-pages-browser)/./src/hooks/useWalletAuth.ts:128:40)"
}
[2025-03-20T09:59:41.779Z] FRONTEND:AUTH - ERROR: Auth Error - Authentication failed
  Details: {
  "timestamp": "2025-03-20T09:59:41.779Z",
  "error": "Request failed with status code 500",
  "code": "ERR_BAD_RESPONSE",
  "stack": "AxiosError: Request failed with status code 500\n    at settle (webpack-internal:///(app-pages-browser)/./node_modules/axios/lib/core/settle.js:24:12)\n    at XMLHttpRequest.onloadend (webpack-internal:///(app-pages-browser)/./node_modules/axios/lib/adapters/xhr.js:73:66)\n    at Axios.request (webpack-internal:///(app-pages-browser)/./node_modules/axios/lib/core/Axios.js:57:41)\n    at async verifySignature (webpack-internal:///(app-pages-browser)/./src/api/auth.ts:130:26)\n    at async useWalletAuth.useCallback[authenticate] (webpack-internal:///(app-pages-browser)/./src/hooks/useWalletAuth.ts:128:40)"
}
[2025-03-20T09:59:41.779Z] FRONTEND:AUTH - DEBUG: Auth Flow - Logout
  Details: {
  "timestamp": "2025-03-20T09:59:41.779Z"
}
[2025-03-20T09:59:41.780Z] FRONTEND:AUTH - DEBUG: Auth Flow - HeaderConnect Render
  Details: {
  "timestamp": "2025-03-20T09:59:41.780Z",
  "wallet_address": "0x0300B70e40F138927e3a988ce4A9a069Ff875336",
  "is_connected": true,
  "is_authenticated": false,
  "is_authenticating": false
}
[2025-03-20T09:59:41.781Z] FRONTEND:AUTH - DEBUG: Auth Flow - HeaderConnect Render
  Details: {
  "timestamp": "2025-03-20T09:59:41.780Z",
  "wallet_address": "0x0300B70e40F138927e3a988ce4A9a069Ff875336",
  "is_connected": true,
  "is_authenticated": false,
  "is_authenticating": false
}
[2025-03-20T09:59:41.797Z] FRONTEND:AUTH - DEBUG: Auth Flow - Auth state updated
  Details: {
  "timestamp": "2025-03-20T09:59:41.797Z",
  "is_connected": true,
  "is_authenticated": false,
  "wallet_address": "0x0300B70e40F138927e3a988ce4A9a069Ff875336",
  "is_authenticating": false,
  "initial_check_done": true,
  "needs_reauthentication": true,
  "last_authenticated_address": null
}
[2025-03-20T09:59:42.461Z] FRONTEND:AUTH - DEBUG: Auth Flow - Verify Signature
  Details: {
  "timestamp": "2025-03-20T09:59:42.461Z",
  "walletAddress": "0x0300B70e40F138927e3a988ce4A9a069Ff875336",
  "nonce": "a82ec94233662f0ee42503fa349f440fe46a31fcc896fbe37c56647aef4fe1c7"
}
[2025-03-20T09:59:42.463Z] FRONTEND:AUTH - DEBUG: Auth Flow - Token Retrieval
  Details: {
  "timestamp": "2025-03-20T09:59:42.463Z",
  "exists": false
}
[2025-03-20T09:59:42.467Z] FRONTEND:AUTH - DEBUG: Auth Flow - HeaderConnect Render
  Details: {
  "timestamp": "2025-03-20T09:59:42.467Z",
  "wallet_address": "0x0300B70e40F138927e3a988ce4A9a069Ff875336",
  "is_connected": true,
  "is_authenticated": false,
  "is_authenticating": true
}
[2025-03-20T09:59:42.470Z] FRONTEND:AUTH - DEBUG: Auth Flow - HeaderConnect Render
  Details: {
  "timestamp": "2025-03-20T09:59:42.470Z",
  "wallet_address": "0x0300B70e40F138927e3a988ce4A9a069Ff875336",
  "is_connected": true,
  "is_authenticated": false,
  "is_authenticating": true
}
[2025-03-20T09:59:42.507Z] FRONTEND:AUTH - INFO: Token Operation - store
  Details: {
  "timestamp": "2025-03-20T09:59:42.507Z",
  "success": true
}
[2025-03-20T09:59:42.508Z] FRONTEND:AUTH - DEBUG: Auth Flow - Signature Verified
  Details: {
  "timestamp": "2025-03-20T09:59:42.508Z",
  "success": true
}
[2025-03-20T09:59:42.509Z] FRONTEND:AUTH - DEBUG: Auth Flow - Login
  Details: {
  "timestamp": "2025-03-20T09:59:42.509Z",
  "wallet_address": "0x0300B70e40F138927e3a988ce4A9a069Ff875336",
  "token_length": 188
}
[2025-03-20T09:59:42.510Z] FRONTEND:AUTH - DEBUG: Auth Flow - Authentication successful
  Details: {
  "timestamp": "2025-03-20T09:59:42.510Z",
  "wallet_address": "0x0300B70e40F138927e3a988ce4A9a069Ff875336"
}
[2025-03-20T09:59:42.514Z] FRONTEND:AUTH - DEBUG: Auth Flow - HeaderConnect Render
  Details: {
  "timestamp": "2025-03-20T09:59:42.514Z",
  "wallet_address": "0x0300B70e40F138927e3a988ce4A9a069Ff875336",
  "is_connected": true,
  "is_authenticated": true,
  "is_authenticating": false
}
[2025-03-20T09:59:42.516Z] FRONTEND:AUTH - DEBUG: Auth Flow - HeaderConnect Render
  Details: {
  "timestamp": "2025-03-20T09:59:42.516Z",
  "wallet_address": "0x0300B70e40F138927e3a988ce4A9a069Ff875336",
  "is_connected": true,
  "is_authenticated": true,
  "is_authenticating": false
}
[2025-03-20T09:59:42.546Z] FRONTEND:AUTH - DEBUG: Auth Flow - Auth state updated
  Details: {
  "timestamp": "2025-03-20T09:59:42.546Z",
  "is_connected": true,
  "is_authenticated": true,
  "wallet_address": "0x0300B70e40F138927e3a988ce4A9a069Ff875336",
  "auth_wallet_address": "0x0300B70e40F138927e3a988ce4A9a069Ff875336",
  "is_authenticating": false,
  "initial_check_done": true,
  "needs_reauthentication": false,
  "last_authenticated_address": "0x0300B70e40F138927e3a988ce4A9a069Ff875336"
}
[2025-03-20T10:00:18.700Z] FRONTEND:AUTH - DEBUG: Auth Flow - Authentication needed - not authenticated
  Details: {
  "timestamp": "2025-03-20T10:00:18.700Z",
  "address": "0x0300B70e40F138927e3a988ce4A9a069Ff875336",
  "is_connected": true
}
[2025-03-20T10:00:18.700Z] FRONTEND:AUTH - DEBUG: Auth Flow - Authentication needed - not authenticated
  Details: {
  "timestamp": "2025-03-20T10:00:18.700Z",
  "address": "0x0300B70e40F138927e3a988ce4A9a069Ff875336",
  "is_connected": true
}
[2025-03-20T10:00:18.700Z] FRONTEND:AUTH - DEBUG: Auth Flow - HeaderConnect Render
  Details: {
  "timestamp": "2025-03-20T10:00:18.700Z",
  "wallet_address": "0x0300B70e40F138927e3a988ce4A9a069Ff875336",
  "is_connected": true,
  "is_authenticated": false,
  "is_authenticating": false
}
[2025-03-20T10:00:18.700Z] FRONTEND:AUTH - DEBUG: Auth Flow - HeaderConnect Render
  Details: {
  "timestamp": "2025-03-20T10:00:18.700Z",
  "wallet_address": "0x0300B70e40F138927e3a988ce4A9a069Ff875336",
  "is_connected": true,
  "is_authenticated": false,
  "is_authenticating": false
}
[2025-03-20T10:00:18.732Z] FRONTEND:AUTH - DEBUG: Auth Flow - Authentication needed - not authenticated
  Details: {
  "timestamp": "2025-03-20T10:00:18.732Z",
  "address": "0x0300B70e40F138927e3a988ce4A9a069Ff875336",
  "is_connected": true
}
[2025-03-20T10:00:18.732Z] FRONTEND:AUTH - DEBUG: Auth Flow - HeaderConnect Render
  Details: {
  "timestamp": "2025-03-20T10:00:18.732Z",
  "wallet_address": "0x0300B70e40F138927e3a988ce4A9a069Ff875336",
  "is_connected": true,
  "is_authenticated": false,
  "is_authenticating": false
}
[2025-03-20T10:00:18.732Z] FRONTEND:AUTH - DEBUG: Auth Flow - HeaderConnect Render
  Details: {
  "timestamp": "2025-03-20T10:00:18.732Z",
  "wallet_address": "0x0300B70e40F138927e3a988ce4A9a069Ff875336",
  "is_connected": true,
  "is_authenticated": false,
  "is_authenticating": false
}
[2025-03-20T10:00:18.732Z] FRONTEND:AUTH - DEBUG: Auth Flow - Authentication needed - not authenticated
  Details: {
  "timestamp": "2025-03-20T10:00:18.732Z",
  "address": "0x0300B70e40F138927e3a988ce4A9a069Ff875336",
  "is_connected": true
}
[2025-03-20T10:00:20.300Z] FRONTEND:AUTH - DEBUG: Auth Flow - Authentication needed - not authenticated
  Details: {
  "timestamp": "2025-03-20T10:00:20.300Z",
  "address": "0x0300B70e40F138927e3a988ce4A9a069Ff875336",
  "is_connected": true
}
[2025-03-20T10:00:20.301Z] FRONTEND:AUTH - DEBUG: Auth Flow - Authentication needed - not authenticated
  Details: {
  "timestamp": "2025-03-20T10:00:20.301Z",
  "address": "0x0300B70e40F138927e3a988ce4A9a069Ff875336",
  "is_connected": true
}
[2025-03-20T10:00:20.301Z] FRONTEND:AUTH - DEBUG: Auth Flow - HeaderConnect Render
  Details: {
  "timestamp": "2025-03-20T10:00:20.301Z",
  "wallet_address": "0x0300B70e40F138927e3a988ce4A9a069Ff875336",
  "is_connected": true,
  "is_authenticated": false,
  "is_authenticating": false
}
[2025-03-20T10:00:20.301Z] FRONTEND:AUTH - DEBUG: Auth Flow - HeaderConnect Render
  Details: {
  "timestamp": "2025-03-20T10:00:20.301Z",
  "wallet_address": "0x0300B70e40F138927e3a988ce4A9a069Ff875336",
  "is_connected": true,
  "is_authenticated": false,
  "is_authenticating": false
}
[2025-03-20T10:00:20.339Z] FRONTEND:AUTH - DEBUG: Auth Flow - Auth Check
  Details: {
  "timestamp": "2025-03-20T10:00:20.339Z",
  "has_token": false,
  "has_user": false
}
[2025-03-20T10:00:20.340Z] FRONTEND:AUTH - DEBUG: Auth Flow - Starting authentication
  Details: {
  "timestamp": "2025-03-20T10:00:20.340Z",
  "wallet_address": "0x0300B70e40F138927e3a988ce4A9a069Ff875336",
  "is_connected": true,
  "initial_check_done": true
}
[2025-03-20T10:00:20.340Z] FRONTEND:AUTH - DEBUG: Auth Flow - Request Signature
  Details: {
  "timestamp": "2025-03-20T10:00:20.340Z",
  "walletAddress": "0x0300B70e40F138927e3a988ce4A9a069Ff875336"
}
[2025-03-20T10:00:20.340Z] FRONTEND:AUTH - DEBUG: Auth Flow - Auth state updated
  Details: {
  "timestamp": "2025-03-20T10:00:20.340Z",
  "is_connected": true,
  "is_authenticated": false,
  "wallet_address": "0x0300B70e40F138927e3a988ce4A9a069Ff875336",
  "is_authenticating": false,
  "initial_check_done": true,
  "needs_reauthentication": true,
  "last_authenticated_address": null
}
[2025-03-20T10:00:20.345Z] FRONTEND:USER - INFO: Wallet readiness state updated
  Details: {
  "stable_connection": true,
  "has_valid_address": true,
  "is_ready": true,
  "wallet_address": "0x0300B70e40F138927e3a988ce4A9a069Ff875336"
}
[2025-03-20T10:00:20.345Z] FRONTEND:USER - INFO: Wallet state updated
  Details: {
  "is_connected": true,
  "is_connecting": false,
  "is_disconnected": false,
  "status": "connected",
  "chain_id": 137,
  "has_address": true,
  "is_authenticated": false,
  "has_auth_wallet": false,
  "has_effective_address": true,
  "is_using_auth_wallet": false
}
[2025-03-20T10:00:20.345Z] FRONTEND:USER - INFO: Wallet hook initialized
  Details: {
  "is_connected": true,
  "is_connecting": false,
  "is_disconnected": false,
  "status": "connected",
  "chain_id": 137,
  "has_address": true,
  "is_authenticated": false,
  "has_auth_wallet": false
}
[2025-03-20T10:00:20.346Z] FRONTEND:USER - INFO: Wallet readiness state updated
  Details: {
  "stable_connection": true,
  "has_valid_address": true,
  "is_ready": true,
  "wallet_address": "0x0300B70e40F138927e3a988ce4A9a069Ff875336"
}
[2025-03-20T10:00:20.346Z] FRONTEND:USER - INFO: Wallet state updated
  Details: {
  "is_connected": true,
  "is_connecting": false,
  "is_disconnected": false,
  "status": "connected",
  "chain_id": 137,
  "has_address": true,
  "is_authenticated": false,
  "has_auth_wallet": false,
  "has_effective_address": true,
  "is_using_auth_wallet": false
}
[2025-03-20T10:00:20.346Z] FRONTEND:USER - INFO: Wallet hook initialized
  Details: {
  "is_connected": true,
  "is_connecting": false,
  "is_disconnected": false,
  "status": "connected",
  "chain_id": 137,
  "has_address": true,
  "is_authenticated": false,
  "has_auth_wallet": false
}
[2025-03-20T10:00:20.352Z] FRONTEND:AUTH - DEBUG: Auth Flow - Starting authentication
  Details: {
  "timestamp": "2025-03-20T10:00:20.352Z",
  "wallet_address": "0x0300B70e40F138927e3a988ce4A9a069Ff875336",
  "is_connected": true,
  "initial_check_done": true
}
[2025-03-20T10:00:20.352Z] FRONTEND:AUTH - DEBUG: Auth Flow - Request Signature
  Details: {
  "timestamp": "2025-03-20T10:00:20.352Z",
  "walletAddress": "0x0300B70e40F138927e3a988ce4A9a069Ff875336"
}
[2025-03-20T10:00:20.353Z] FRONTEND:AUTH - DEBUG: Auth Flow - Auth state updated
  Details: {
  "timestamp": "2025-03-20T10:00:20.353Z",
  "is_connected": true,
  "is_authenticated": false,
  "wallet_address": "0x0300B70e40F138927e3a988ce4A9a069Ff875336",
  "is_authenticating": false,
  "initial_check_done": true,
  "needs_reauthentication": true,
  "last_authenticated_address": null
}
[2025-03-20T10:00:20.353Z] FRONTEND:USER - INFO: Wallet readiness state updated
  Details: {
  "stable_connection": true,
  "has_valid_address": true,
  "is_ready": true,
  "wallet_address": "0x0300B70e40F138927e3a988ce4A9a069Ff875336"
}
[2025-03-20T10:00:20.355Z] FRONTEND:USER - INFO: Wallet state updated
  Details: {
  "is_connected": true,
  "is_connecting": false,
  "is_disconnected": false,
  "status": "connected",
  "chain_id": 137,
  "has_address": true,
  "is_authenticated": false,
  "has_auth_wallet": false,
  "has_effective_address": true,
  "is_using_auth_wallet": false
}
[2025-03-20T10:00:20.355Z] FRONTEND:USER - INFO: Wallet hook initialized
  Details: {
  "is_connected": true,
  "is_connecting": false,
  "is_disconnected": false,
  "status": "connected",
  "chain_id": 137,
  "has_address": true,
  "is_authenticated": false,
  "has_auth_wallet": false
}
[2025-03-20T10:00:20.358Z] FRONTEND:USER - INFO: Wallet readiness state updated
  Details: {
  "stable_connection": true,
  "has_valid_address": true,
  "is_ready": true,
  "wallet_address": "0x0300B70e40F138927e3a988ce4A9a069Ff875336"
}
[2025-03-20T10:00:20.359Z] FRONTEND:USER - INFO: Wallet state updated
  Details: {
  "is_connected": true,
  "is_connecting": false,
  "is_disconnected": false,
  "status": "connected",
  "chain_id": 137,
  "has_address": true,
  "is_authenticated": false,
  "has_auth_wallet": false,
  "has_effective_address": true,
  "is_using_auth_wallet": false
}
[2025-03-20T10:00:20.360Z] FRONTEND:USER - INFO: Wallet hook initialized
  Details: {
  "is_connected": true,
  "is_connecting": false,
  "is_disconnected": false,
  "status": "connected",
  "chain_id": 137,
  "has_address": true,
  "is_authenticated": false,
  "has_auth_wallet": false
}
[2025-03-20T10:00:20.378Z] FRONTEND:AUTH - DEBUG: Auth Flow - HeaderConnect Render
  Details: {
  "timestamp": "2025-03-20T10:00:20.378Z",
  "wallet_address": "0x0300B70e40F138927e3a988ce4A9a069Ff875336",
  "is_connected": true,
  "is_authenticated": false,
  "is_authenticating": true
}
[2025-03-20T10:00:20.378Z] FRONTEND:AUTH - DEBUG: Auth Flow - HeaderConnect Render
  Details: {
  "timestamp": "2025-03-20T10:00:20.378Z",
  "wallet_address": "0x0300B70e40F138927e3a988ce4A9a069Ff875336",
  "is_connected": true,
  "is_authenticated": false,
  "is_authenticating": true
}
[2025-03-20T10:00:20.382Z] FRONTEND:AUTH - DEBUG: Auth Flow - Auth state updated
  Details: {
  "timestamp": "2025-03-20T10:00:20.382Z",
  "is_connected": true,
  "is_authenticated": false,
  "wallet_address": "0x0300B70e40F138927e3a988ce4A9a069Ff875336",
  "is_authenticating": true,
  "initial_check_done": true,
  "needs_reauthentication": true,
  "last_authenticated_address": null
}
[2025-03-20T10:00:20.383Z] FRONTEND:AUTH - DEBUG: Auth Flow - Auth state restoration failed - triggering authentication
  Details: {
  "timestamp": "2025-03-20T10:00:20.383Z",
  "address": "0x0300B70e40F138927e3a988ce4A9a069Ff875336",
  "is_connected": true
}
[2025-03-20T10:00:20.383Z] FRONTEND:AUTH - DEBUG: Auth Flow - Token Retrieval
  Details: {
  "timestamp": "2025-03-20T10:00:20.383Z",
  "exists": false
}
[2025-03-20T10:00:20.384Z] FRONTEND:AUTH - DEBUG: Auth Flow - Token Retrieval
  Details: {
  "timestamp": "2025-03-20T10:00:20.384Z",
  "exists": false
}
[2025-03-20T10:00:20.436Z] FRONTEND:AUTH - DEBUG: Auth Flow - Signature Requested
  Details: {
  "timestamp": "2025-03-20T10:00:20.436Z",
  "nonce": "565ed4da7cdb5f3bb28071c287467ca290e648f592301b0cf5dbeebf906ee33e"
}
[2025-03-20T10:00:20.437Z] FRONTEND:AUTH - DEBUG: Auth Flow - Signature Requested
  Details: {
  "timestamp": "2025-03-20T10:00:20.437Z",
  "nonce": "6e176142f96591ebd165636cf3977e31665947edb13e1e62be27798843e1b106"
}
[2025-03-20T10:00:20.443Z] FRONTEND:AUTH - DEBUG: Auth Flow - HeaderConnect Render
  Details: {
  "timestamp": "2025-03-20T10:00:20.443Z",
  "wallet_address": "0x0300B70e40F138927e3a988ce4A9a069Ff875336",
  "is_connected": true,
  "is_authenticated": false,
  "is_authenticating": true
}
[2025-03-20T10:00:20.444Z] FRONTEND:AUTH - DEBUG: Auth Flow - HeaderConnect Render
  Details: {
  "timestamp": "2025-03-20T10:00:20.444Z",
  "wallet_address": "0x0300B70e40F138927e3a988ce4A9a069Ff875336",
  "is_connected": true,
  "is_authenticated": false,
  "is_authenticating": true
}
[2025-03-20T10:00:22.808Z] FRONTEND:AUTH - DEBUG: Auth Flow - Verify Signature
  Details: {
  "timestamp": "2025-03-20T10:00:22.808Z",
  "walletAddress": "0x0300B70e40F138927e3a988ce4A9a069Ff875336",
  "nonce": "565ed4da7cdb5f3bb28071c287467ca290e648f592301b0cf5dbeebf906ee33e"
}
[2025-03-20T10:00:22.809Z] FRONTEND:AUTH - DEBUG: Auth Flow - Token Retrieval
  Details: {
  "timestamp": "2025-03-20T10:00:22.809Z",
  "exists": false
}
[2025-03-20T10:00:22.895Z] FRONTEND:USER - INFO: Wallet readiness state updated
  Details: {
  "stable_connection": true,
  "has_valid_address": true,
  "is_ready": true,
  "wallet_address": "0x0300B70e40F138927e3a988ce4A9a069Ff875336"
}
[2025-03-20T10:00:22.895Z] FRONTEND:USER - INFO: Wallet state updated
  Details: {
  "is_connected": true,
  "is_connecting": false,
  "is_disconnected": false,
  "status": "connected",
  "chain_id": 137,
  "has_address": true,
  "is_authenticated": false,
  "has_auth_wallet": false,
  "has_effective_address": true,
  "is_using_auth_wallet": false
}
[2025-03-20T10:00:22.896Z] FRONTEND:USER - INFO: Wallet hook initialized
  Details: {
  "is_connected": true,
  "is_connecting": false,
  "is_disconnected": false,
  "status": "connected",
  "chain_id": 137,
  "has_address": true,
  "is_authenticated": false,
  "has_auth_wallet": false
}
[2025-03-20T10:00:22.896Z] FRONTEND:AUTH - DEBUG: Auth Flow - Route Protection Check
  Details: {
  "timestamp": "2025-03-20T10:00:22.896Z",
  "is_authenticated": false,
  "has_token": false,
  "is_connected": true,
  "has_address": true
}
[2025-03-20T10:00:22.896Z] FRONTEND:AUTH - DEBUG: Auth Flow - Auth Check
  Details: {
  "timestamp": "2025-03-20T10:00:22.896Z",
  "has_token": false,
  "has_user": false
}
[2025-03-20T10:00:22.897Z] FRONTEND:USER - INFO: Wallet readiness state updated
  Details: {
  "stable_connection": true,
  "has_valid_address": true,
  "is_ready": true,
  "wallet_address": "0x0300B70e40F138927e3a988ce4A9a069Ff875336"
}
[2025-03-20T10:00:22.898Z] FRONTEND:USER - INFO: Wallet state updated
  Details: {
  "is_connected": true,
  "is_connecting": false,
  "is_disconnected": false,
  "status": "connected",
  "chain_id": 137,
  "has_address": true,
  "is_authenticated": false,
  "has_auth_wallet": false,
  "has_effective_address": true,
  "is_using_auth_wallet": false
}
[2025-03-20T10:00:22.898Z] FRONTEND:USER - INFO: Wallet hook initialized
  Details: {
  "is_connected": true,
  "is_connecting": false,
  "is_disconnected": false,
  "status": "connected",
  "chain_id": 137,
  "has_address": true,
  "is_authenticated": false,
  "has_auth_wallet": false
}
[2025-03-20T10:00:22.898Z] FRONTEND:AUTH - DEBUG: Auth Flow - Route Protection Check
  Details: {
  "timestamp": "2025-03-20T10:00:22.898Z",
  "is_authenticated": false,
  "has_token": false,
  "is_connected": true,
  "has_address": true
}
[2025-03-20T10:00:22.899Z] FRONTEND:AUTH - DEBUG: Auth Flow - Auth Check
  Details: {
  "timestamp": "2025-03-20T10:00:22.899Z",
  "has_token": false,
  "has_user": false
}
[2025-03-20T10:00:22.899Z] FRONTEND:AUTH - DEBUG: Auth Flow - HeaderConnect Render
  Details: {
  "timestamp": "2025-03-20T10:00:22.899Z",
  "wallet_address": "0x0300B70e40F138927e3a988ce4A9a069Ff875336",
  "is_connected": true,
  "is_authenticated": false,
  "is_authenticating": true
}
[2025-03-20T10:00:22.900Z] FRONTEND:AUTH - DEBUG: Auth Flow - HeaderConnect Render
  Details: {
  "timestamp": "2025-03-20T10:00:22.900Z",
  "wallet_address": "0x0300B70e40F138927e3a988ce4A9a069Ff875336",
  "is_connected": true,
  "is_authenticated": false,
  "is_authenticating": true
}
[2025-03-20T10:00:22.911Z] FRONTEND:AUTH - DEBUG: Auth Flow - Route Protection Failed
  Details: {
  "timestamp": "2025-03-20T10:00:22.911Z",
  "reason": "Not authenticated",
  "redirect_to": "/"
}
[2025-03-20T10:00:22.912Z] FRONTEND:AUTH - DEBUG: Auth Flow - Route Protection Failed
  Details: {
  "timestamp": "2025-03-20T10:00:22.912Z",
  "reason": "Not authenticated",
  "redirect_to": "/"
}
[2025-03-20T10:00:22.933Z] FRONTEND:AUTH - ERROR: Auth API Response Error
  Details: {
  "status": 500,
  "url": "/verify?nonce=565ed4da7cdb5f3bb28071c287467ca290e648f592301b0cf5dbeebf906ee33e",
  "method": "post",
  "has_retry": false
}
[2025-03-20T10:00:22.934Z] FRONTEND:AUTH - ERROR: Auth Error - Verify Signature
  Details: {
  "timestamp": "2025-03-20T10:00:22.934Z",
  "error": "Request failed with status code 500",
  "code": "ERR_BAD_RESPONSE",
  "stack": "AxiosError: Request failed with status code 500\n    at settle (webpack-internal:///(app-pages-browser)/./node_modules/axios/lib/core/settle.js:24:12)\n    at XMLHttpRequest.onloadend (webpack-internal:///(app-pages-browser)/./node_modules/axios/lib/adapters/xhr.js:73:66)\n    at Axios.request (webpack-internal:///(app-pages-browser)/./node_modules/axios/lib/core/Axios.js:57:41)\n    at async verifySignature (webpack-internal:///(app-pages-browser)/./src/api/auth.ts:130:26)\n    at async useWalletAuth.useCallback[authenticate] (webpack-internal:///(app-pages-browser)/./src/hooks/useWalletAuth.ts:128:40)"
}
[2025-03-20T10:00:22.934Z] FRONTEND:AUTH - ERROR: Auth Error - Authentication failed
  Details: {
  "timestamp": "2025-03-20T10:00:22.934Z",
  "error": "Request failed with status code 500",
  "code": "ERR_BAD_RESPONSE",
  "stack": "AxiosError: Request failed with status code 500\n    at settle (webpack-internal:///(app-pages-browser)/./node_modules/axios/lib/core/settle.js:24:12)\n    at XMLHttpRequest.onloadend (webpack-internal:///(app-pages-browser)/./node_modules/axios/lib/adapters/xhr.js:73:66)\n    at Axios.request (webpack-internal:///(app-pages-browser)/./node_modules/axios/lib/core/Axios.js:57:41)\n    at async verifySignature (webpack-internal:///(app-pages-browser)/./src/api/auth.ts:130:26)\n    at async useWalletAuth.useCallback[authenticate] (webpack-internal:///(app-pages-browser)/./src/hooks/useWalletAuth.ts:128:40)"
}
[2025-03-20T10:00:22.934Z] FRONTEND:AUTH - DEBUG: Auth Flow - Logout
  Details: {
  "timestamp": "2025-03-20T10:00:22.934Z"
}
[2025-03-20T10:00:22.938Z] FRONTEND:AUTH - DEBUG: Auth Flow - HeaderConnect Render
  Details: {
  "timestamp": "2025-03-20T10:00:22.938Z",
  "wallet_address": "0x0300B70e40F138927e3a988ce4A9a069Ff875336",
  "is_connected": true,
  "is_authenticated": false,
  "is_authenticating": false
}
[2025-03-20T10:00:22.939Z] FRONTEND:AUTH - DEBUG: Auth Flow - HeaderConnect Render
  Details: {
  "timestamp": "2025-03-20T10:00:22.939Z",
  "wallet_address": "0x0300B70e40F138927e3a988ce4A9a069Ff875336",
  "is_connected": true,
  "is_authenticated": false,
  "is_authenticating": false
}
[2025-03-20T10:00:22.961Z] FRONTEND:AUTH - DEBUG: Auth Flow - Auth state updated
  Details: {
  "timestamp": "2025-03-20T10:00:22.961Z",
  "is_connected": true,
  "is_authenticated": false,
  "wallet_address": "0x0300B70e40F138927e3a988ce4A9a069Ff875336",
  "is_authenticating": false,
  "initial_check_done": true,
  "needs_reauthentication": true,
  "last_authenticated_address": null
}
[2025-03-20T10:00:23.286Z] FRONTEND:AUTH - DEBUG: Auth Flow - Verify Signature
  Details: {
  "timestamp": "2025-03-20T10:00:23.286Z",
  "walletAddress": "0x0300B70e40F138927e3a988ce4A9a069Ff875336",
  "nonce": "6e176142f96591ebd165636cf3977e31665947edb13e1e62be27798843e1b106"
}
[2025-03-20T10:00:23.287Z] FRONTEND:AUTH - DEBUG: Auth Flow - Token Retrieval
  Details: {
  "timestamp": "2025-03-20T10:00:23.287Z",
  "exists": false
}
[2025-03-20T10:00:23.289Z] FRONTEND:AUTH - DEBUG: Auth Flow - HeaderConnect Render
  Details: {
  "timestamp": "2025-03-20T10:00:23.289Z",
  "wallet_address": "0x0300B70e40F138927e3a988ce4A9a069Ff875336",
  "is_connected": true,
  "is_authenticated": false,
  "is_authenticating": false
}
[2025-03-20T10:00:23.290Z] FRONTEND:AUTH - DEBUG: Auth Flow - HeaderConnect Render
  Details: {
  "timestamp": "2025-03-20T10:00:23.290Z",
  "wallet_address": "0x0300B70e40F138927e3a988ce4A9a069Ff875336",
  "is_connected": true,
  "is_authenticated": false,
  "is_authenticating": false
}
[2025-03-20T10:00:23.319Z] FRONTEND:AUTH - INFO: Token Operation - store
  Details: {
  "timestamp": "2025-03-20T10:00:23.319Z",
  "success": true
}
[2025-03-20T10:00:23.319Z] FRONTEND:AUTH - DEBUG: Auth Flow - Signature Verified
  Details: {
  "timestamp": "2025-03-20T10:00:23.319Z",
  "success": true
}
[2025-03-20T10:00:23.320Z] FRONTEND:AUTH - DEBUG: Auth Flow - Login
  Details: {
  "timestamp": "2025-03-20T10:00:23.320Z",
  "wallet_address": "0x0300B70e40F138927e3a988ce4A9a069Ff875336",
  "token_length": 188
}
[2025-03-20T10:00:23.320Z] FRONTEND:AUTH - DEBUG: Auth Flow - Authentication successful
  Details: {
  "timestamp": "2025-03-20T10:00:23.320Z",
  "wallet_address": "0x0300B70e40F138927e3a988ce4A9a069Ff875336"
}
[2025-03-20T10:00:23.323Z] FRONTEND:AUTH - DEBUG: Auth Flow - HeaderConnect Render
  Details: {
  "timestamp": "2025-03-20T10:00:23.323Z",
  "wallet_address": "0x0300B70e40F138927e3a988ce4A9a069Ff875336",
  "is_connected": true,
  "is_authenticated": true,
  "is_authenticating": false
}
[2025-03-20T10:00:23.325Z] FRONTEND:AUTH - DEBUG: Auth Flow - HeaderConnect Render
  Details: {
  "timestamp": "2025-03-20T10:00:23.325Z",
  "wallet_address": "0x0300B70e40F138927e3a988ce4A9a069Ff875336",
  "is_connected": true,
  "is_authenticated": true,
  "is_authenticating": false
}
[2025-03-20T10:00:23.348Z] FRONTEND:AUTH - DEBUG: Auth Flow - Auth state updated
  Details: {
  "timestamp": "2025-03-20T10:00:23.348Z",
  "is_connected": true,
  "is_authenticated": true,
  "wallet_address": "0x0300B70e40F138927e3a988ce4A9a069Ff875336",
  "auth_wallet_address": "0x0300B70e40F138927e3a988ce4A9a069Ff875336",
  "is_authenticating": false,
  "initial_check_done": true,
  "needs_reauthentication": false,
  "last_authenticated_address": "0x0300B70e40F138927e3a988ce4A9a069Ff875336"
}
[2025-03-20T10:00:23.349Z] FRONTEND:USER - INFO: Wallet readiness state updated
  Details: {
  "stable_connection": true,
  "has_valid_address": true,
  "is_ready": true,
  "wallet_address": "0x0300B70e40F138927e3a988ce4A9a069Ff875336",
  "authenticated_address": "0x0300B70e40F138927e3a988ce4A9a069Ff875336"
}
[2025-03-20T10:00:23.349Z] FRONTEND:USER - INFO: Wallet state updated
  Details: {
  "is_connected": true,
  "is_connecting": false,
  "is_disconnected": false,
  "status": "connected",
  "chain_id": 137,
  "has_address": true,
  "is_authenticated": true,
  "has_auth_wallet": true,
  "has_effective_address": true,
  "is_using_auth_wallet": false
}
[2025-03-20T10:00:23.350Z] FRONTEND:USER - INFO: Wallet readiness state updated
  Details: {
  "stable_connection": true,
  "has_valid_address": true,
  "is_ready": true,
  "wallet_address": "0x0300B70e40F138927e3a988ce4A9a069Ff875336",
  "authenticated_address": "0x0300B70e40F138927e3a988ce4A9a069Ff875336"
}
[2025-03-20T10:00:23.351Z] FRONTEND:USER - INFO: Wallet state updated
  Details: {
  "is_connected": true,
  "is_connecting": false,
  "is_disconnected": false,
  "status": "connected",
  "chain_id": 137,
  "has_address": true,
  "is_authenticated": true,
  "has_auth_wallet": true,
  "has_effective_address": true,
  "is_using_auth_wallet": false
}
[2025-03-20T10:00:23.352Z] FRONTEND:AUTH - DEBUG: Auth Flow - Route Protection Check
  Details: {
  "timestamp": "2025-03-20T10:00:23.352Z",
  "is_authenticated": true,
  "has_token": true,
  "wallet_address": "0x0300B70e40F138927e3a988ce4A9a069Ff875336",
  "is_connected": true,
  "has_address": true
}
[2025-03-20T10:00:23.352Z] FRONTEND:USER - INFO: Wallet readiness state updated
  Details: {
  "stable_connection": true,
  "has_valid_address": true,
  "is_ready": true,
  "wallet_address": "0x0300B70e40F138927e3a988ce4A9a069Ff875336",
  "authenticated_address": "0x0300B70e40F138927e3a988ce4A9a069Ff875336"
}
[2025-03-20T10:00:23.353Z] FRONTEND:USER - INFO: Wallet state updated
  Details: {
  "is_connected": true,
  "is_connecting": false,
  "is_disconnected": false,
  "status": "connected",
  "chain_id": 137,
  "has_address": true,
  "is_authenticated": true,
  "has_auth_wallet": true,
  "has_effective_address": true,
  "is_using_auth_wallet": false
}
[2025-03-20T10:00:23.372Z] FRONTEND:AUTH - DEBUG: Auth Flow - Route Protection Render
  Details: {
  "timestamp": "2025-03-20T10:00:23.372Z",
  "status": "allowed",
  "wallet_address": "0x0300B70e40F138927e3a988ce4A9a069Ff875336"
}
[2025-03-20T10:00:23.373Z] FRONTEND:AUTH - DEBUG: Auth Flow - Route Protection Render
  Details: {
  "timestamp": "2025-03-20T10:00:23.373Z",
  "status": "allowed",
  "wallet_address": "0x0300B70e40F138927e3a988ce4A9a069Ff875336"
}
[2025-03-20T10:00:23.679Z] FRONTEND:AUTH - DEBUG: Auth Flow - HeaderConnect Render
  Details: {
  "timestamp": "2025-03-20T10:00:23.679Z",
  "wallet_address": "0x0300B70e40F138927e3a988ce4A9a069Ff875336",
  "is_connected": true,
  "is_authenticated": true,
  "is_authenticating": false
}
[2025-03-20T10:00:23.680Z] FRONTEND:AUTH - DEBUG: Auth Flow - HeaderConnect Render
  Details: {
  "timestamp": "2025-03-20T10:00:23.680Z",
  "wallet_address": "0x0300B70e40F138927e3a988ce4A9a069Ff875336",
  "is_connected": true,
  "is_authenticated": true,
  "is_authenticating": false
}
[2025-03-20T10:00:23.959Z] FRONTEND:AUTH - DEBUG: Auth Flow - HeaderConnect Render
  Details: {
  "timestamp": "2025-03-20T10:00:23.959Z",
  "wallet_address": "0x0300B70e40F138927e3a988ce4A9a069Ff875336",
  "is_connected": true,
  "is_authenticated": true,
  "is_authenticating": false
}
[2025-03-20T10:00:23.960Z] FRONTEND:AUTH - DEBUG: Auth Flow - HeaderConnect Render
  Details: {
  "timestamp": "2025-03-20T10:00:23.960Z",
  "wallet_address": "0x0300B70e40F138927e3a988ce4A9a069Ff875336",
  "is_connected": true,
  "is_authenticated": true,
  "is_authenticating": false
}
[2025-03-20T10:00:24.258Z] FRONTEND:AUTH - DEBUG: Auth Flow - Auth Check
  Details: {
  "timestamp": "2025-03-20T10:00:24.258Z",
  "has_token": true,
  "has_user": true
}
[2025-03-20T10:00:24.258Z] FRONTEND:AUTH - DEBUG: Auth Flow - Auth state updated
  Details: {
  "timestamp": "2025-03-20T10:00:24.258Z",
  "is_connected": true,
  "is_authenticated": true,
  "wallet_address": "0x0300B70e40F138927e3a988ce4A9a069Ff875336",
  "auth_wallet_address": "0x0300B70e40F138927e3a988ce4A9a069Ff875336",
  "is_authenticating": false,
  "initial_check_done": true,
  "needs_reauthentication": false,
  "last_authenticated_address": null
}
[2025-03-20T10:00:24.272Z] FRONTEND:AUTH - DEBUG: Auth Flow - Auth state updated
  Details: {
  "timestamp": "2025-03-20T10:00:24.272Z",
  "is_connected": true,
  "is_authenticated": true,
  "wallet_address": "0x0300B70e40F138927e3a988ce4A9a069Ff875336",
  "auth_wallet_address": "0x0300B70e40F138927e3a988ce4A9a069Ff875336",
  "is_authenticating": false,
  "initial_check_done": true,
  "needs_reauthentication": false,
  "last_authenticated_address": null
}
[2025-03-20T10:00:24.293Z] FRONTEND:AUTH - DEBUG: Auth Flow - HeaderConnect Render
  Details: {
  "timestamp": "2025-03-20T10:00:24.293Z",
  "wallet_address": "0x0300B70e40F138927e3a988ce4A9a069Ff875336",
  "is_connected": true,
  "is_authenticated": true,
  "is_authenticating": false
}
[2025-03-20T10:00:24.293Z] FRONTEND:AUTH - DEBUG: Auth Flow - HeaderConnect Render
  Details: {
  "timestamp": "2025-03-20T10:00:24.293Z",
  "wallet_address": "0x0300B70e40F138927e3a988ce4A9a069Ff875336",
  "is_connected": true,
  "is_authenticated": true,
  "is_authenticating": false
}
[2025-03-20T10:00:27.133Z] FRONTEND:AUTH - DEBUG: Auth Flow - HeaderConnect Render
  Details: {
  "timestamp": "2025-03-20T10:00:27.133Z",
  "wallet_address": "0x0300B70e40F138927e3a988ce4A9a069Ff875336",
  "is_connected": true,
  "is_authenticated": true,
  "is_authenticating": false
}
[2025-03-20T10:00:27.133Z] FRONTEND:AUTH - DEBUG: Auth Flow - HeaderConnect Render
  Details: {
  "timestamp": "2025-03-20T10:00:27.133Z",
  "wallet_address": "0x0300B70e40F138927e3a988ce4A9a069Ff875336",
  "is_connected": true,
  "is_authenticated": true,
  "is_authenticating": false
}
[2025-03-20T10:00:27.199Z] FRONTEND:AUTH - DEBUG: Auth Flow - Auth Check
  Details: {
  "timestamp": "2025-03-20T10:00:27.199Z",
  "has_token": true,
  "has_user": true
}
[2025-03-20T10:00:27.200Z] FRONTEND:AUTH - DEBUG: Auth Flow - Auth state updated
  Details: {
  "timestamp": "2025-03-20T10:00:27.200Z",
  "is_connected": true,
  "is_authenticated": true,
  "wallet_address": "0x0300B70e40F138927e3a988ce4A9a069Ff875336",
  "auth_wallet_address": "0x0300B70e40F138927e3a988ce4A9a069Ff875336",
  "is_authenticating": false,
  "initial_check_done": true,
  "needs_reauthentication": false,
  "last_authenticated_address": null
}
[2025-03-20T10:00:27.200Z] FRONTEND:USER - INFO: Wallet readiness state updated
  Details: {
  "stable_connection": true,
  "has_valid_address": true,
  "is_ready": true,
  "wallet_address": "0x0300B70e40F138927e3a988ce4A9a069Ff875336",
  "authenticated_address": "0x0300B70e40F138927e3a988ce4A9a069Ff875336"
}
[2025-03-20T10:00:27.200Z] FRONTEND:USER - INFO: Wallet state updated
  Details: {
  "is_connected": true,
  "is_connecting": false,
  "is_disconnected": false,
  "status": "connected",
  "chain_id": 137,
  "has_address": true,
  "is_authenticated": true,
  "has_auth_wallet": true,
  "has_effective_address": true,
  "is_using_auth_wallet": false
}
[2025-03-20T10:00:27.200Z] FRONTEND:USER - INFO: Wallet hook initialized
  Details: {
  "is_connected": true,
  "is_connecting": false,
  "is_disconnected": false,
  "status": "connected",
  "chain_id": 137,
  "has_address": true,
  "is_authenticated": true,
  "has_auth_wallet": true
}
[2025-03-20T10:00:27.201Z] FRONTEND:USER - INFO: Wallet readiness state updated
  Details: {
  "stable_connection": true,
  "has_valid_address": true,
  "is_ready": true,
  "wallet_address": "0x0300B70e40F138927e3a988ce4A9a069Ff875336",
  "authenticated_address": "0x0300B70e40F138927e3a988ce4A9a069Ff875336"
}
[2025-03-20T10:00:27.201Z] FRONTEND:USER - INFO: Wallet state updated
  Details: {
  "is_connected": true,
  "is_connecting": false,
  "is_disconnected": false,
  "status": "connected",
  "chain_id": 137,
  "has_address": true,
  "is_authenticated": true,
  "has_auth_wallet": true,
  "has_effective_address": true,
  "is_using_auth_wallet": false
}
[2025-03-20T10:00:27.202Z] FRONTEND:USER - INFO: Wallet hook initialized
  Details: {
  "is_connected": true,
  "is_connecting": false,
  "is_disconnected": false,
  "status": "connected",
  "chain_id": 137,
  "has_address": true,
  "is_authenticated": true,
  "has_auth_wallet": true
}
[2025-03-20T10:00:27.205Z] FRONTEND:AUTH - DEBUG: Auth Flow - Auth state updated
  Details: {
  "timestamp": "2025-03-20T10:00:27.205Z",
  "is_connected": true,
  "is_authenticated": true,
  "wallet_address": "0x0300B70e40F138927e3a988ce4A9a069Ff875336",
  "auth_wallet_address": "0x0300B70e40F138927e3a988ce4A9a069Ff875336",
  "is_authenticating": false,
  "initial_check_done": true,
  "needs_reauthentication": false,
  "last_authenticated_address": null
}
[2025-03-20T10:00:27.207Z] FRONTEND:USER - INFO: Wallet readiness state updated
  Details: {
  "stable_connection": true,
  "has_valid_address": true,
  "is_ready": true,
  "wallet_address": "0x0300B70e40F138927e3a988ce4A9a069Ff875336",
  "authenticated_address": "0x0300B70e40F138927e3a988ce4A9a069Ff875336"
}
[2025-03-20T10:00:27.207Z] FRONTEND:USER - INFO: Wallet state updated
  Details: {
  "is_connected": true,
  "is_connecting": false,
  "is_disconnected": false,
  "status": "connected",
  "chain_id": 137,
  "has_address": true,
  "is_authenticated": true,
  "has_auth_wallet": true,
  "has_effective_address": true,
  "is_using_auth_wallet": false
}
[2025-03-20T10:00:27.208Z] FRONTEND:USER - INFO: Wallet hook initialized
  Details: {
  "is_connected": true,
  "is_connecting": false,
  "is_disconnected": false,
  "status": "connected",
  "chain_id": 137,
  "has_address": true,
  "is_authenticated": true,
  "has_auth_wallet": true
}
[2025-03-20T10:00:27.209Z] FRONTEND:USER - INFO: Wallet readiness state updated
  Details: {
  "stable_connection": true,
  "has_valid_address": true,
  "is_ready": true,
  "wallet_address": "0x0300B70e40F138927e3a988ce4A9a069Ff875336",
  "authenticated_address": "0x0300B70e40F138927e3a988ce4A9a069Ff875336"
}
[2025-03-20T10:00:27.210Z] FRONTEND:USER - INFO: Wallet state updated
  Details: {
  "is_connected": true,
  "is_connecting": false,
  "is_disconnected": false,
  "status": "connected",
  "chain_id": 137,
  "has_address": true,
  "is_authenticated": true,
  "has_auth_wallet": true,
  "has_effective_address": true,
  "is_using_auth_wallet": false
}
[2025-03-20T10:00:27.210Z] FRONTEND:USER - INFO: Wallet hook initialized
  Details: {
  "is_connected": true,
  "is_connecting": false,
  "is_disconnected": false,
  "status": "connected",
  "chain_id": 137,
  "has_address": true,
  "is_authenticated": true,
  "has_auth_wallet": true
}
[2025-03-20T10:00:27.226Z] FRONTEND:AUTH - DEBUG: Auth Flow - HeaderConnect Render
  Details: {
  "timestamp": "2025-03-20T10:00:27.226Z",
  "wallet_address": "0x0300B70e40F138927e3a988ce4A9a069Ff875336",
  "is_connected": true,
  "is_authenticated": true,
  "is_authenticating": false
}
[2025-03-20T10:00:27.227Z] FRONTEND:AUTH - DEBUG: Auth Flow - HeaderConnect Render
  Details: {
  "timestamp": "2025-03-20T10:00:27.227Z",
  "wallet_address": "0x0300B70e40F138927e3a988ce4A9a069Ff875336",
  "is_connected": true,
  "is_authenticated": true,
  "is_authenticating": false
}
[2025-03-20T10:00:27.242Z] FRONTEND:USER - INFO: Wallet readiness state updated
  Details: {
  "stable_connection": true,
  "has_valid_address": true,
  "is_ready": true,
  "wallet_address": "0x0300B70e40F138927e3a988ce4A9a069Ff875336",
  "authenticated_address": "0x0300B70e40F138927e3a988ce4A9a069Ff875336"
}
[2025-03-20T10:00:27.243Z] FRONTEND:USER - INFO: Wallet state updated
  Details: {
  "is_connected": true,
  "is_connecting": false,
  "is_disconnected": false,
  "status": "connected",
  "chain_id": 137,
  "has_address": true,
  "is_authenticated": true,
  "has_auth_wallet": true,
  "has_effective_address": true,
  "is_using_auth_wallet": false
}
[2025-03-20T10:00:27.243Z] FRONTEND:USER - INFO: Wallet hook initialized
  Details: {
  "is_connected": true,
  "is_connecting": false,
  "is_disconnected": false,
  "status": "connected",
  "chain_id": 137,
  "has_address": true,
  "is_authenticated": true,
  "has_auth_wallet": true
}
[2025-03-20T10:00:27.243Z] FRONTEND:AUTH - DEBUG: Auth Flow - Route Protection Check
  Details: {
  "timestamp": "2025-03-20T10:00:27.243Z",
  "is_authenticated": true,
  "has_token": true,
  "wallet_address": "0x0300B70e40F138927e3a988ce4A9a069Ff875336",
  "is_connected": true,
  "has_address": true
}
[2025-03-20T10:00:27.244Z] FRONTEND:USER - INFO: Wallet readiness state updated
  Details: {
  "stable_connection": true,
  "has_valid_address": true,
  "is_ready": true,
  "wallet_address": "0x0300B70e40F138927e3a988ce4A9a069Ff875336",
  "authenticated_address": "0x0300B70e40F138927e3a988ce4A9a069Ff875336"
}
[2025-03-20T10:00:27.245Z] FRONTEND:USER - INFO: Wallet state updated
  Details: {
  "is_connected": true,
  "is_connecting": false,
  "is_disconnected": false,
  "status": "connected",
  "chain_id": 137,
  "has_address": true,
  "is_authenticated": true,
  "has_auth_wallet": true,
  "has_effective_address": true,
  "is_using_auth_wallet": false
}
[2025-03-20T10:00:27.245Z] FRONTEND:USER - INFO: Wallet hook initialized
  Details: {
  "is_connected": true,
  "is_connecting": false,
  "is_disconnected": false,
  "status": "connected",
  "chain_id": 137,
  "has_address": true,
  "is_authenticated": true,
  "has_auth_wallet": true
}
[2025-03-20T10:00:27.245Z] FRONTEND:AUTH - DEBUG: Auth Flow - Route Protection Check
  Details: {
  "timestamp": "2025-03-20T10:00:27.245Z",
  "is_authenticated": true,
  "has_token": true,
  "wallet_address": "0x0300B70e40F138927e3a988ce4A9a069Ff875336",
  "is_connected": true,
  "has_address": true
}
[2025-03-20T10:00:27.265Z] FRONTEND:AUTH - DEBUG: Auth Flow - Route Protection Render
  Details: {
  "timestamp": "2025-03-20T10:00:27.265Z",
  "status": "allowed",
  "wallet_address": "0x0300B70e40F138927e3a988ce4A9a069Ff875336"
}
[2025-03-20T10:00:27.266Z] FRONTEND:AUTH - DEBUG: Auth Flow - Route Protection Render
  Details: {
  "timestamp": "2025-03-20T10:00:27.266Z",
  "status": "allowed",
  "wallet_address": "0x0300B70e40F138927e3a988ce4A9a069Ff875336"
}
[2025-03-20T10:35:44.327Z] FRONTEND:AUTH - DEBUG: Auth Flow - Initial Auth State Check
  Details: {
  "timestamp": "2025-03-20T10:35:44.327Z",
  "has_token": true,
  "has_user": true
}
[2025-03-20T10:35:44.500Z] FRONTEND:AUTH - DEBUG: Auth Flow - HeaderConnect Render
  Details: {
  "timestamp": "2025-03-20T10:35:44.500Z",
  "is_connected": false,
  "is_authenticated": false,
  "is_authenticating": false
}
[2025-03-20T10:35:44.502Z] FRONTEND:AUTH - DEBUG: Auth Flow - HeaderConnect Render
  Details: {
  "timestamp": "2025-03-20T10:35:44.502Z",
  "is_connected": false,
  "is_authenticated": false,
  "is_authenticating": false
}
[2025-03-20T10:35:44.585Z] FRONTEND:AUTH - DEBUG: Auth Flow - HeaderConnect Render
  Details: {
  "timestamp": "2025-03-20T10:35:44.585Z",
  "is_connected": false,
  "is_authenticated": true,
  "is_authenticating": false
}
[2025-03-20T10:35:44.586Z] FRONTEND:AUTH - DEBUG: Auth Flow - HeaderConnect Render
  Details: {
  "timestamp": "2025-03-20T10:35:44.586Z",
  "is_connected": false,
  "is_authenticated": true,
  "is_authenticating": false
}
[2025-03-20T10:35:48.339Z] FRONTEND:AUTH - DEBUG: Auth Flow - HeaderConnect Render
  Details: {
  "timestamp": "2025-03-20T10:35:48.339Z",
  "is_connected": false,
  "is_authenticated": true,
  "is_authenticating": false
}
[2025-03-20T10:35:48.340Z] FRONTEND:AUTH - DEBUG: Auth Flow - HeaderConnect Render
  Details: {
  "timestamp": "2025-03-20T10:35:48.340Z",
  "is_connected": false,
  "is_authenticated": true,
  "is_authenticating": false
}
[2025-03-20T10:35:48.455Z] FRONTEND:AUTH - DEBUG: Auth Flow - Auth state updated
  Details: {
  "timestamp": "2025-03-20T10:35:48.455Z",
  "is_connected": false,
  "is_authenticated": true,
  "auth_wallet_address": "0x0300B70e40F138927e3a988ce4A9a069Ff875336",
  "is_authenticating": false,
  "initial_check_done": false,
  "needs_reauthentication": false,
  "last_authenticated_address": null
}
[2025-03-20T10:35:48.456Z] FRONTEND:AUTH - DEBUG: Auth Flow - HeaderConnect - Wallet Disconnected while Authenticated
  Details: {
  "timestamp": "2025-03-20T10:35:48.456Z"
}
[2025-03-20T10:35:48.456Z] FRONTEND:AUTH - DEBUG: Auth Flow - Logout
  Details: {
  "timestamp": "2025-03-20T10:35:48.456Z",
  "wallet_address": "0x0300B70e40F138927e3a988ce4A9a069Ff875336"
}
[2025-03-20T10:35:48.466Z] FRONTEND:USER - INFO: Wallet readiness state updated
  Details: {
  "stable_connection": false,
  "has_valid_address": true,
  "is_ready": false,
  "authenticated_address": "0x0300B70e40F138927e3a988ce4A9a069Ff875336"
}
[2025-03-20T10:35:48.467Z] FRONTEND:USER - INFO: Wallet state updated
  Details: {
  "is_connected": false,
  "is_connecting": true,
  "is_disconnected": false,
  "status": "connecting",
  "chain_id": 137,
  "has_address": false,
  "is_authenticated": true,
  "has_auth_wallet": true,
  "has_effective_address": true,
  "is_using_auth_wallet": true
}
[2025-03-20T10:35:48.467Z] FRONTEND:USER - INFO: Wallet hook initialized
  Details: {
  "is_connected": false,
  "is_connecting": true,
  "is_disconnected": false,
  "status": "connecting",
  "chain_id": 137,
  "has_address": false,
  "is_authenticated": true,
  "has_auth_wallet": true
}
[2025-03-20T10:35:48.468Z] FRONTEND:USER - INFO: Wallet readiness state updated
  Details: {
  "stable_connection": false,
  "has_valid_address": true,
  "is_ready": false,
  "authenticated_address": "0x0300B70e40F138927e3a988ce4A9a069Ff875336"
}
[2025-03-20T10:35:48.468Z] FRONTEND:USER - INFO: Wallet state updated
  Details: {
  "is_connected": false,
  "is_connecting": true,
  "is_disconnected": false,
  "status": "connecting",
  "chain_id": 137,
  "has_address": false,
  "is_authenticated": true,
  "has_auth_wallet": true,
  "has_effective_address": true,
  "is_using_auth_wallet": true
}
[2025-03-20T10:35:48.469Z] FRONTEND:USER - INFO: Wallet hook initialized
  Details: {
  "is_connected": false,
  "is_connecting": true,
  "is_disconnected": false,
  "status": "connecting",
  "chain_id": 137,
  "has_address": false,
  "is_authenticated": true,
  "has_auth_wallet": true
}
[2025-03-20T10:35:48.484Z] FRONTEND:AUTH - DEBUG: Auth Flow - Auth state updated
  Details: {
  "timestamp": "2025-03-20T10:35:48.484Z",
  "is_connected": false,
  "is_authenticated": true,
  "auth_wallet_address": "0x0300B70e40F138927e3a988ce4A9a069Ff875336",
  "is_authenticating": false,
  "initial_check_done": false,
  "needs_reauthentication": false,
  "last_authenticated_address": null
}
[2025-03-20T10:35:48.485Z] FRONTEND:AUTH - DEBUG: Auth Flow - HeaderConnect - Wallet Disconnected while Authenticated
  Details: {
  "timestamp": "2025-03-20T10:35:48.485Z"
}
[2025-03-20T10:35:48.486Z] FRONTEND:AUTH - DEBUG: Auth Flow - Logout
  Details: {
  "timestamp": "2025-03-20T10:35:48.486Z",
  "wallet_address": "0x0300B70e40F138927e3a988ce4A9a069Ff875336"
}
[2025-03-20T10:35:48.488Z] FRONTEND:USER - INFO: Wallet readiness state updated
  Details: {
  "stable_connection": false,
  "has_valid_address": true,
  "is_ready": false,
  "authenticated_address": "0x0300B70e40F138927e3a988ce4A9a069Ff875336"
}
[2025-03-20T10:35:48.489Z] FRONTEND:USER - INFO: Wallet state updated
  Details: {
  "is_connected": false,
  "is_connecting": true,
  "is_disconnected": false,
  "status": "connecting",
  "chain_id": 137,
  "has_address": false,
  "is_authenticated": true,
  "has_auth_wallet": true,
  "has_effective_address": true,
  "is_using_auth_wallet": true
}
[2025-03-20T10:35:48.490Z] FRONTEND:USER - INFO: Wallet hook initialized
  Details: {
  "is_connected": false,
  "is_connecting": true,
  "is_disconnected": false,
  "status": "connecting",
  "chain_id": 137,
  "has_address": false,
  "is_authenticated": true,
  "has_auth_wallet": true
}
[2025-03-20T10:35:48.491Z] FRONTEND:USER - INFO: Wallet readiness state updated
  Details: {
  "stable_connection": false,
  "has_valid_address": true,
  "is_ready": false,
  "authenticated_address": "0x0300B70e40F138927e3a988ce4A9a069Ff875336"
}
[2025-03-20T10:35:48.492Z] FRONTEND:USER - INFO: Wallet state updated
  Details: {
  "is_connected": false,
  "is_connecting": true,
  "is_disconnected": false,
  "status": "connecting",
  "chain_id": 137,
  "has_address": false,
  "is_authenticated": true,
  "has_auth_wallet": true,
  "has_effective_address": true,
  "is_using_auth_wallet": true
}
[2025-03-20T10:35:48.493Z] FRONTEND:USER - INFO: Wallet hook initialized
  Details: {
  "is_connected": false,
  "is_connecting": true,
  "is_disconnected": false,
  "status": "connecting",
  "chain_id": 137,
  "has_address": false,
  "is_authenticated": true,
  "has_auth_wallet": true
}
[2025-03-20T10:35:48.538Z] FRONTEND:AUTH - DEBUG: Auth Flow - HeaderConnect Render
  Details: {
  "timestamp": "2025-03-20T10:35:48.538Z",
  "is_connected": false,
  "is_authenticated": false,
  "is_authenticating": false
}
[2025-03-20T10:35:48.540Z] FRONTEND:AUTH - DEBUG: Auth Flow - HeaderConnect Render
  Details: {
  "timestamp": "2025-03-20T10:35:48.540Z",
  "is_connected": false,
  "is_authenticated": false,
  "is_authenticating": false
}
[2025-03-20T10:35:48.570Z] FRONTEND:AUTH - DEBUG: Auth Flow - Auth state updated
  Details: {
  "timestamp": "2025-03-20T10:35:48.570Z",
  "is_connected": false,
  "is_authenticated": false,
  "is_authenticating": false,
  "initial_check_done": false,
  "needs_reauthentication": false,
  "last_authenticated_address": null
}
[2025-03-20T10:35:48.571Z] FRONTEND:USER - INFO: Wallet readiness state updated
  Details: {
  "stable_connection": false,
  "has_valid_address": false,
  "is_ready": false
}
[2025-03-20T10:35:48.572Z] FRONTEND:USER - INFO: Wallet state updated
  Details: {
  "is_connected": false,
  "is_connecting": true,
  "is_disconnected": false,
  "status": "connecting",
  "chain_id": 137,
  "has_address": false,
  "is_authenticated": false,
  "has_auth_wallet": false,
  "has_effective_address": false,
  "is_using_auth_wallet": false
}
[2025-03-20T10:35:48.573Z] FRONTEND:USER - INFO: Wallet readiness state updated
  Details: {
  "stable_connection": false,
  "has_valid_address": false,
  "is_ready": false
}
[2025-03-20T10:35:48.574Z] FRONTEND:USER - INFO: Wallet state updated
  Details: {
  "is_connected": false,
  "is_connecting": true,
  "is_disconnected": false,
  "status": "connecting",
  "chain_id": 137,
  "has_address": false,
  "is_authenticated": false,
  "has_auth_wallet": false,
  "has_effective_address": false,
  "is_using_auth_wallet": false
}
[2025-03-20T10:35:48.841Z] FRONTEND:AUTH - DEBUG: Auth Flow - HeaderConnect Render
  Details: {
  "timestamp": "2025-03-20T10:35:48.841Z",
  "wallet_address": "0x0300B70e40F138927e3a988ce4A9a069Ff875336",
  "is_connected": false,
  "is_authenticated": false,
  "is_authenticating": false
}
[2025-03-20T10:35:48.842Z] FRONTEND:AUTH - DEBUG: Auth Flow - HeaderConnect Render
  Details: {
  "timestamp": "2025-03-20T10:35:48.842Z",
  "wallet_address": "0x0300B70e40F138927e3a988ce4A9a069Ff875336",
  "is_connected": false,
  "is_authenticated": false,
  "is_authenticating": false
}
[2025-03-20T10:35:48.885Z] FRONTEND:AUTH - DEBUG: Auth Flow - Auth state updated
  Details: {
  "timestamp": "2025-03-20T10:35:48.885Z",
  "is_connected": false,
  "is_authenticated": false,
  "wallet_address": "0x0300B70e40F138927e3a988ce4A9a069Ff875336",
  "is_authenticating": false,
  "initial_check_done": false,
  "needs_reauthentication": false,
  "last_authenticated_address": null
}
[2025-03-20T10:35:48.891Z] FRONTEND:USER - INFO: Wallet readiness state updated
  Details: {
  "stable_connection": false,
  "has_valid_address": true,
  "is_ready": false,
  "wallet_address": "0x0300B70e40F138927e3a988ce4A9a069Ff875336"
}
[2025-03-20T10:35:48.892Z] FRONTEND:USER - INFO: Wallet state updated
  Details: {
  "is_connected": false,
  "is_connecting": true,
  "is_disconnected": false,
  "status": "connecting",
  "chain_id": 137,
  "has_address": true,
  "is_authenticated": false,
  "has_auth_wallet": false,
  "has_effective_address": true,
  "is_using_auth_wallet": false
}
[2025-03-20T10:35:48.897Z] FRONTEND:USER - INFO: Wallet readiness state updated
  Details: {
  "stable_connection": false,
  "has_valid_address": true,
  "is_ready": false,
  "wallet_address": "0x0300B70e40F138927e3a988ce4A9a069Ff875336"
}
[2025-03-20T10:35:48.898Z] FRONTEND:USER - INFO: Wallet state updated
  Details: {
  "is_connected": false,
  "is_connecting": true,
  "is_disconnected": false,
  "status": "connecting",
  "chain_id": 137,
  "has_address": true,
  "is_authenticated": false,
  "has_auth_wallet": false,
  "has_effective_address": true,
  "is_using_auth_wallet": false
}
[2025-03-20T10:35:49.124Z] FRONTEND:AUTH - DEBUG: Auth Flow - Authentication needed - not authenticated
  Details: {
  "timestamp": "2025-03-20T10:35:49.124Z",
  "address": "0x0300B70e40F138927e3a988ce4A9a069Ff875336",
  "is_connected": true
}
[2025-03-20T10:35:49.125Z] FRONTEND:AUTH - DEBUG: Auth Flow - Authentication needed - not authenticated
  Details: {
  "timestamp": "2025-03-20T10:35:49.125Z",
  "address": "0x0300B70e40F138927e3a988ce4A9a069Ff875336",
  "is_connected": true
}
[2025-03-20T10:35:49.126Z] FRONTEND:AUTH - DEBUG: Auth Flow - HeaderConnect Render
  Details: {
  "timestamp": "2025-03-20T10:35:49.126Z",
  "wallet_address": "0x0300B70e40F138927e3a988ce4A9a069Ff875336",
  "is_connected": true,
  "is_authenticated": false,
  "is_authenticating": false
}
[2025-03-20T10:35:49.127Z] FRONTEND:AUTH - DEBUG: Auth Flow - HeaderConnect Render
  Details: {
  "timestamp": "2025-03-20T10:35:49.127Z",
  "wallet_address": "0x0300B70e40F138927e3a988ce4A9a069Ff875336",
  "is_connected": true,
  "is_authenticated": false,
  "is_authenticating": false
}
[2025-03-20T10:35:49.165Z] FRONTEND:AUTH - DEBUG: Auth Flow - Auth Check
  Details: {
  "timestamp": "2025-03-20T10:35:49.165Z",
  "has_token": false,
  "has_user": false
}
[2025-03-20T10:35:49.166Z] FRONTEND:AUTH - DEBUG: Auth Flow - Starting authentication
  Details: {
  "timestamp": "2025-03-20T10:35:49.165Z",
  "wallet_address": "0x0300B70e40F138927e3a988ce4A9a069Ff875336",
  "is_connected": true,
  "initial_check_done": true
}
[2025-03-20T10:35:49.166Z] FRONTEND:AUTH - DEBUG: Auth Flow - Request Signature
  Details: {
  "timestamp": "2025-03-20T10:35:49.166Z",
  "walletAddress": "0x0300B70e40F138927e3a988ce4A9a069Ff875336"
}
[2025-03-20T10:35:49.168Z] FRONTEND:USER - INFO: Wallet readiness state updated
  Details: {
  "stable_connection": true,
  "has_valid_address": true,
  "is_ready": true,
  "wallet_address": "0x0300B70e40F138927e3a988ce4A9a069Ff875336"
}
[2025-03-20T10:35:49.167Z] FRONTEND:AUTH - DEBUG: Auth Flow - Auth state updated
  Details: {
  "timestamp": "2025-03-20T10:35:49.167Z",
  "is_connected": true,
  "is_authenticated": false,
  "wallet_address": "0x0300B70e40F138927e3a988ce4A9a069Ff875336",
  "is_authenticating": false,
  "initial_check_done": true,
  "needs_reauthentication": true,
  "last_authenticated_address": null
}
[2025-03-20T10:35:49.168Z] FRONTEND:USER - INFO: Wallet state updated
  Details: {
  "is_connected": true,
  "is_connecting": false,
  "is_disconnected": false,
  "status": "connected",
  "chain_id": 137,
  "has_address": true,
  "is_authenticated": false,
  "has_auth_wallet": false,
  "has_effective_address": true,
  "is_using_auth_wallet": false
}
[2025-03-20T10:35:49.170Z] FRONTEND:USER - INFO: Wallet readiness state updated
  Details: {
  "stable_connection": true,
  "has_valid_address": true,
  "is_ready": true,
  "wallet_address": "0x0300B70e40F138927e3a988ce4A9a069Ff875336"
}
[2025-03-20T10:35:49.170Z] FRONTEND:USER - INFO: Wallet state updated
  Details: {
  "is_connected": true,
  "is_connecting": false,
  "is_disconnected": false,
  "status": "connected",
  "chain_id": 137,
  "has_address": true,
  "is_authenticated": false,
  "has_auth_wallet": false,
  "has_effective_address": true,
  "is_using_auth_wallet": false
}
[2025-03-20T10:35:49.175Z] FRONTEND:AUTH - DEBUG: Auth Flow - Auth state restoration failed - triggering authentication
  Details: {
  "timestamp": "2025-03-20T10:35:49.175Z",
  "address": "0x0300B70e40F138927e3a988ce4A9a069Ff875336",
  "is_connected": true
}
[2025-03-20T10:35:49.176Z] FRONTEND:AUTH - DEBUG: Auth Flow - Token Retrieval
  Details: {
  "timestamp": "2025-03-20T10:35:49.176Z",
  "exists": false
}
[2025-03-20T10:35:49.207Z] FRONTEND:AUTH - DEBUG: Auth Flow - HeaderConnect Render
  Details: {
  "timestamp": "2025-03-20T10:35:49.207Z",
  "wallet_address": "0x0300B70e40F138927e3a988ce4A9a069Ff875336",
  "is_connected": true,
  "is_authenticated": false,
  "is_authenticating": true
}
[2025-03-20T10:35:49.206Z] FRONTEND:AUTH - DEBUG: Auth Flow - HeaderConnect Render
  Details: {
  "timestamp": "2025-03-20T10:35:49.206Z",
  "wallet_address": "0x0300B70e40F138927e3a988ce4A9a069Ff875336",
  "is_connected": true,
  "is_authenticated": false,
  "is_authenticating": true
}
[2025-03-20T10:35:49.227Z] FRONTEND:AUTH - DEBUG: Auth Flow - Signature Requested
  Details: {
  "timestamp": "2025-03-20T10:35:49.227Z",
  "nonce": "0addb10b4e81f87ea5c204cdb64693910d1b2c393a2e5d1026a4e12ec45ebd72"
}
[2025-03-20T10:35:49.306Z] FRONTEND:AUTH - DEBUG: Auth Flow - Auth state updated
  Details: {
  "timestamp": "2025-03-20T10:35:49.306Z",
  "is_connected": true,
  "is_authenticated": false,
  "wallet_address": "0x0300B70e40F138927e3a988ce4A9a069Ff875336",
  "is_authenticating": true,
  "initial_check_done": true,
  "needs_reauthentication": true,
  "last_authenticated_address": null
}
[2025-03-20T10:35:49.307Z] FRONTEND:USER - INFO: Wallet readiness state updated
  Details: {
  "stable_connection": true,
  "has_valid_address": true,
  "is_ready": true,
  "wallet_address": "0x0300B70e40F138927e3a988ce4A9a069Ff875336"
}
[2025-03-20T10:35:49.307Z] FRONTEND:USER - INFO: Wallet state updated
  Details: {
  "is_connected": true,
  "is_connecting": false,
  "is_disconnected": false,
  "status": "connected",
  "chain_id": 137,
  "has_address": true,
  "is_authenticated": false,
  "has_auth_wallet": false,
  "has_effective_address": true,
  "is_using_auth_wallet": false
}
[2025-03-20T10:35:49.308Z] FRONTEND:USER - INFO: Wallet hook initialized
  Details: {
  "is_connected": true,
  "is_connecting": false,
  "is_disconnected": false,
  "status": "connected",
  "chain_id": 137,
  "has_address": true,
  "is_authenticated": false,
  "has_auth_wallet": false
}
[2025-03-20T10:35:49.308Z] FRONTEND:AUTH - DEBUG: Auth Flow - Route Protection Check
  Details: {
  "timestamp": "2025-03-20T10:35:49.308Z",
  "is_authenticated": false,
  "has_token": false,
  "is_connected": true,
  "has_address": true
}
[2025-03-20T10:35:49.309Z] FRONTEND:AUTH - DEBUG: Auth Flow - Auth Check
  Details: {
  "timestamp": "2025-03-20T10:35:49.309Z",
  "has_token": false,
  "has_user": false
}
[2025-03-20T10:35:49.310Z] FRONTEND:USER - INFO: Wallet readiness state updated
  Details: {
  "stable_connection": true,
  "has_valid_address": true,
  "is_ready": true,
  "wallet_address": "0x0300B70e40F138927e3a988ce4A9a069Ff875336"
}
[2025-03-20T10:35:49.311Z] FRONTEND:USER - INFO: Wallet state updated
  Details: {
  "is_connected": true,
  "is_connecting": false,
  "is_disconnected": false,
  "status": "connected",
  "chain_id": 137,
  "has_address": true,
  "is_authenticated": false,
  "has_auth_wallet": false,
  "has_effective_address": true,
  "is_using_auth_wallet": false
}
[2025-03-20T10:35:49.311Z] FRONTEND:USER - INFO: Wallet hook initialized
  Details: {
  "is_connected": true,
  "is_connecting": false,
  "is_disconnected": false,
  "status": "connected",
  "chain_id": 137,
  "has_address": true,
  "is_authenticated": false,
  "has_auth_wallet": false
}
[2025-03-20T10:35:49.312Z] FRONTEND:AUTH - DEBUG: Auth Flow - Route Protection Check
  Details: {
  "timestamp": "2025-03-20T10:35:49.312Z",
  "is_authenticated": false,
  "has_token": false,
  "is_connected": true,
  "has_address": true
}
[2025-03-20T10:35:49.312Z] FRONTEND:AUTH - DEBUG: Auth Flow - Auth Check
  Details: {
  "timestamp": "2025-03-20T10:35:49.312Z",
  "has_token": false,
  "has_user": false
}
[2025-03-20T10:35:49.314Z] FRONTEND:AUTH - DEBUG: Auth Flow - HeaderConnect Render
  Details: {
  "timestamp": "2025-03-20T10:35:49.314Z",
  "wallet_address": "0x0300B70e40F138927e3a988ce4A9a069Ff875336",
  "is_connected": true,
  "is_authenticated": false,
  "is_authenticating": true
}
[2025-03-20T10:35:49.315Z] FRONTEND:AUTH - DEBUG: Auth Flow - HeaderConnect Render
  Details: {
  "timestamp": "2025-03-20T10:35:49.315Z",
  "wallet_address": "0x0300B70e40F138927e3a988ce4A9a069Ff875336",
  "is_connected": true,
  "is_authenticated": false,
  "is_authenticating": true
}
[2025-03-20T10:35:49.382Z] FRONTEND:AUTH - DEBUG: Auth Flow - Route Protection Failed
  Details: {
  "timestamp": "2025-03-20T10:35:49.382Z",
  "reason": "Not authenticated",
  "redirect_to": "/"
}
[2025-03-20T10:35:49.385Z] FRONTEND:AUTH - DEBUG: Auth Flow - Route Protection Failed
  Details: {
  "timestamp": "2025-03-20T10:35:49.385Z",
  "reason": "Not authenticated",
  "redirect_to": "/"
}
[2025-03-20T10:35:51.297Z] FRONTEND:AUTH - DEBUG: Auth Flow - Verify Signature
  Details: {
  "timestamp": "2025-03-20T10:35:51.297Z",
  "walletAddress": "0x0300B70e40F138927e3a988ce4A9a069Ff875336",
  "nonce": "0addb10b4e81f87ea5c204cdb64693910d1b2c393a2e5d1026a4e12ec45ebd72"
}
[2025-03-20T10:35:51.298Z] FRONTEND:AUTH - DEBUG: Auth Flow - Token Retrieval
  Details: {
  "timestamp": "2025-03-20T10:35:51.298Z",
  "exists": false
}
[2025-03-20T10:35:51.300Z] FRONTEND:AUTH - DEBUG: Auth Flow - HeaderConnect Render
  Details: {
  "timestamp": "2025-03-20T10:35:51.300Z",
  "wallet_address": "0x0300B70e40F138927e3a988ce4A9a069Ff875336",
  "is_connected": true,
  "is_authenticated": false,
  "is_authenticating": true
}
[2025-03-20T10:35:51.301Z] FRONTEND:AUTH - DEBUG: Auth Flow - HeaderConnect Render
  Details: {
  "timestamp": "2025-03-20T10:35:51.301Z",
  "wallet_address": "0x0300B70e40F138927e3a988ce4A9a069Ff875336",
  "is_connected": true,
  "is_authenticated": false,
  "is_authenticating": true
}
[2025-03-20T10:35:51.328Z] FRONTEND:AUTH - INFO: Token Operation - store
  Details: {
  "timestamp": "2025-03-20T10:35:51.328Z",
  "success": true
}
[2025-03-20T10:35:51.329Z] FRONTEND:AUTH - DEBUG: Auth Flow - Signature Verified
  Details: {
  "timestamp": "2025-03-20T10:35:51.329Z",
  "success": true
}
[2025-03-20T10:35:51.329Z] FRONTEND:AUTH - DEBUG: Auth Flow - Login
  Details: {
  "timestamp": "2025-03-20T10:35:51.329Z",
  "wallet_address": "0x0300B70e40F138927e3a988ce4A9a069Ff875336",
  "token_length": 188
}
[2025-03-20T10:35:51.330Z] FRONTEND:AUTH - DEBUG: Auth Flow - Authentication successful
  Details: {
  "timestamp": "2025-03-20T10:35:51.330Z",
  "wallet_address": "0x0300B70e40F138927e3a988ce4A9a069Ff875336"
}
[2025-03-20T10:35:51.331Z] FRONTEND:AUTH - DEBUG: Auth Flow - HeaderConnect Render
  Details: {
  "timestamp": "2025-03-20T10:35:51.331Z",
  "wallet_address": "0x0300B70e40F138927e3a988ce4A9a069Ff875336",
  "is_connected": true,
  "is_authenticated": true,
  "is_authenticating": false
}
[2025-03-20T10:35:51.332Z] FRONTEND:AUTH - DEBUG: Auth Flow - HeaderConnect Render
  Details: {
  "timestamp": "2025-03-20T10:35:51.331Z",
  "wallet_address": "0x0300B70e40F138927e3a988ce4A9a069Ff875336",
  "is_connected": true,
  "is_authenticated": true,
  "is_authenticating": false
}
[2025-03-20T10:35:51.351Z] FRONTEND:AUTH - DEBUG: Auth Flow - Auth state updated
  Details: {
  "timestamp": "2025-03-20T10:35:51.351Z",
  "is_connected": true,
  "is_authenticated": true,
  "wallet_address": "0x0300B70e40F138927e3a988ce4A9a069Ff875336",
  "auth_wallet_address": "0x0300B70e40F138927e3a988ce4A9a069Ff875336",
  "is_authenticating": false,
  "initial_check_done": true,
  "needs_reauthentication": false,
  "last_authenticated_address": "0x0300B70e40F138927e3a988ce4A9a069Ff875336"
}
[2025-03-20T10:35:51.352Z] FRONTEND:USER - INFO: Wallet readiness state updated
  Details: {
  "stable_connection": true,
  "has_valid_address": true,
  "is_ready": true,
  "wallet_address": "0x0300B70e40F138927e3a988ce4A9a069Ff875336",
  "authenticated_address": "0x0300B70e40F138927e3a988ce4A9a069Ff875336"
}
[2025-03-20T10:35:51.352Z] FRONTEND:USER - INFO: Wallet state updated
  Details: {
  "is_connected": true,
  "is_connecting": false,
  "is_disconnected": false,
  "status": "connected",
  "chain_id": 137,
  "has_address": true,
  "is_authenticated": true,
  "has_auth_wallet": true,
  "has_effective_address": true,
  "is_using_auth_wallet": false
}
[2025-03-20T10:35:51.353Z] FRONTEND:USER - INFO: Wallet readiness state updated
  Details: {
  "stable_connection": true,
  "has_valid_address": true,
  "is_ready": true,
  "wallet_address": "0x0300B70e40F138927e3a988ce4A9a069Ff875336",
  "authenticated_address": "0x0300B70e40F138927e3a988ce4A9a069Ff875336"
}
[2025-03-20T10:35:51.353Z] FRONTEND:USER - INFO: Wallet state updated
  Details: {
  "is_connected": true,
  "is_connecting": false,
  "is_disconnected": false,
  "status": "connected",
  "chain_id": 137,
  "has_address": true,
  "is_authenticated": true,
  "has_auth_wallet": true,
  "has_effective_address": true,
  "is_using_auth_wallet": false
}
[2025-03-20T10:35:51.354Z] FRONTEND:AUTH - DEBUG: Auth Flow - Route Protection Check
  Details: {
  "timestamp": "2025-03-20T10:35:51.354Z",
  "is_authenticated": true,
  "has_token": true,
  "wallet_address": "0x0300B70e40F138927e3a988ce4A9a069Ff875336",
  "is_connected": true,
  "has_address": true
}
[2025-03-20T10:35:51.355Z] FRONTEND:USER - INFO: Wallet state updated
  Details: {
  "is_connected": true,
  "is_connecting": false,
  "is_disconnected": false,
  "status": "connected",
  "chain_id": 137,
  "has_address": true,
  "is_authenticated": true,
  "has_auth_wallet": true,
  "has_effective_address": true,
  "is_using_auth_wallet": false
}
[2025-03-20T10:35:51.354Z] FRONTEND:USER - INFO: Wallet readiness state updated
  Details: {
  "stable_connection": true,
  "has_valid_address": true,
  "is_ready": true,
  "wallet_address": "0x0300B70e40F138927e3a988ce4A9a069Ff875336",
  "authenticated_address": "0x0300B70e40F138927e3a988ce4A9a069Ff875336"
}
[2025-03-20T10:35:51.369Z] FRONTEND:AUTH - DEBUG: Auth Flow - Route Protection Render
  Details: {
  "timestamp": "2025-03-20T10:35:51.369Z",
  "status": "allowed",
  "wallet_address": "0x0300B70e40F138927e3a988ce4A9a069Ff875336"
}
[2025-03-20T10:35:51.370Z] FRONTEND:AUTH - DEBUG: Auth Flow - Route Protection Render
  Details: {
  "timestamp": "2025-03-20T10:35:51.370Z",
  "status": "allowed",
  "wallet_address": "0x0300B70e40F138927e3a988ce4A9a069Ff875336"
}
[2025-03-20T10:35:53.478Z] FRONTEND:AUTH - DEBUG: Auth Flow - HeaderConnect Render
  Details: {
  "timestamp": "2025-03-20T10:35:53.478Z",
  "wallet_address": "0x0300B70e40F138927e3a988ce4A9a069Ff875336",
  "is_connected": true,
  "is_authenticated": true,
  "is_authenticating": false
}
[2025-03-20T10:35:53.479Z] FRONTEND:AUTH - DEBUG: Auth Flow - HeaderConnect Render
  Details: {
  "timestamp": "2025-03-20T10:35:53.479Z",
  "wallet_address": "0x0300B70e40F138927e3a988ce4A9a069Ff875336",
  "is_connected": true,
  "is_authenticated": true,
  "is_authenticating": false
}
[2025-03-20T10:35:54.104Z] FRONTEND:AUTH - DEBUG: Auth Flow - Auth Check
  Details: {
  "timestamp": "2025-03-20T10:35:54.104Z",
  "has_token": true,
  "has_user": true
}
[2025-03-20T10:35:54.105Z] FRONTEND:AUTH - DEBUG: Auth Flow - Auth state updated
  Details: {
  "timestamp": "2025-03-20T10:35:54.105Z",
  "is_connected": true,
  "is_authenticated": true,
  "wallet_address": "0x0300B70e40F138927e3a988ce4A9a069Ff875336",
  "auth_wallet_address": "0x0300B70e40F138927e3a988ce4A9a069Ff875336",
  "is_authenticating": false,
  "initial_check_done": true,
  "needs_reauthentication": false,
  "last_authenticated_address": null
}
[2025-03-20T10:35:54.123Z] FRONTEND:AUTH - DEBUG: Auth Flow - Auth state updated
  Details: {
  "timestamp": "2025-03-20T10:35:54.123Z",
  "is_connected": true,
  "is_authenticated": true,
  "wallet_address": "0x0300B70e40F138927e3a988ce4A9a069Ff875336",
  "auth_wallet_address": "0x0300B70e40F138927e3a988ce4A9a069Ff875336",
  "is_authenticating": false,
  "initial_check_done": true,
  "needs_reauthentication": false,
  "last_authenticated_address": null
}
[2025-03-20T10:35:54.148Z] FRONTEND:AUTH - DEBUG: Auth Flow - HeaderConnect Render
  Details: {
  "timestamp": "2025-03-20T10:35:54.148Z",
  "wallet_address": "0x0300B70e40F138927e3a988ce4A9a069Ff875336",
  "is_connected": true,
  "is_authenticated": true,
  "is_authenticating": false
}
[2025-03-20T10:35:54.149Z] FRONTEND:AUTH - DEBUG: Auth Flow - HeaderConnect Render
  Details: {
  "timestamp": "2025-03-20T10:35:54.149Z",
  "wallet_address": "0x0300B70e40F138927e3a988ce4A9a069Ff875336",
  "is_connected": true,
  "is_authenticated": true,
  "is_authenticating": false
}
[2025-03-20T10:36:04.907Z] FRONTEND:AUTH - DEBUG: Auth Flow - HeaderConnect Render
  Details: {
  "timestamp": "2025-03-20T10:36:04.907Z",
  "wallet_address": "0x0300B70e40F138927e3a988ce4A9a069Ff875336",
  "is_connected": true,
  "is_authenticated": true,
  "is_authenticating": false
}
[2025-03-20T10:36:04.907Z] FRONTEND:AUTH - DEBUG: Auth Flow - HeaderConnect Render
  Details: {
  "timestamp": "2025-03-20T10:36:04.907Z",
  "wallet_address": "0x0300B70e40F138927e3a988ce4A9a069Ff875336",
  "is_connected": true,
  "is_authenticated": true,
  "is_authenticating": false
}
[2025-03-20T10:36:04.943Z] FRONTEND:AUTH - DEBUG: Auth Flow - HeaderConnect Render
  Details: {
  "timestamp": "2025-03-20T10:36:04.943Z",
  "wallet_address": "0x0300B70e40F138927e3a988ce4A9a069Ff875336",
  "is_connected": true,
  "is_authenticated": true,
  "is_authenticating": false
}
[2025-03-20T10:36:04.943Z] FRONTEND:AUTH - DEBUG: Auth Flow - HeaderConnect Render
  Details: {
  "timestamp": "2025-03-20T10:36:04.943Z",
  "wallet_address": "0x0300B70e40F138927e3a988ce4A9a069Ff875336",
  "is_connected": true,
  "is_authenticated": true,
  "is_authenticating": false
}
[2025-03-20T10:36:05.015Z] FRONTEND:AUTH - DEBUG: Auth Flow - Auth Check
  Details: {
  "timestamp": "2025-03-20T10:36:05.015Z",
  "has_token": true,
  "has_user": true
}
[2025-03-20T10:36:05.015Z] FRONTEND:AUTH - DEBUG: Auth Flow - Auth state updated
  Details: {
  "timestamp": "2025-03-20T10:36:05.015Z",
  "is_connected": true,
  "is_authenticated": true,
  "wallet_address": "0x0300B70e40F138927e3a988ce4A9a069Ff875336",
  "auth_wallet_address": "0x0300B70e40F138927e3a988ce4A9a069Ff875336",
  "is_authenticating": false,
  "initial_check_done": true,
  "needs_reauthentication": false,
  "last_authenticated_address": null
}
[2025-03-20T10:36:05.016Z] FRONTEND:CS2 - INFO: Market navbar mounted with enhanced Skinport style and animations
  Details: {
  "categoriesCount": 4,
  "currentCategory": "none",
  "style": "text-only-enhanced-animated",
  "log_destination": "market",
  "timestamp": "2025-03-20T10:36:05.016Z"
}
[2025-03-20T10:36:05.027Z] FRONTEND:CS2 - INFO: Rendering 5 products with enhanced staggered animation
  Details: {
  "productCount": 5,
  "productIds": [
    "cs2-awp-crakow-minimal-wear",
    "cs2-ak47-asiimov-factory-new",
    "cs2-m4a4-howl-field-tested",
    "cs2-deagle-printstream-minimal-wear",
    "cs2-butterfly-doppler-factory-new"
  ],
  "animationEnabled": true,
  "staggerType": "wave",
  "baseDelay": "35ms",
  "log_destination": "market",
  "timestamp": "2025-03-20T10:36:05.027Z"
}
[2025-03-20T10:36:05.028Z] FRONTEND:CS2 - INFO: MarketPageView mounted with 5 products and enhanced animations
  Details: {
  "page": 1,
  "pageSize": 20,
  "totalProducts": 5,
  "productIds": [
    "cs2-awp-crakow-minimal-wear",
    "cs2-ak47-asiimov-factory-new",
    "cs2-m4a4-howl-field-tested",
    "cs2-deagle-printstream-minimal-wear",
    "cs2-butterfly-doppler-factory-new"
  ],
  "transitionType": "initial-mount",
  "animationsEnabled": true,
  "log_destination": "market",
  "timestamp": "2025-03-20T10:36:05.028Z"
}
[2025-03-20T10:36:05.029Z] FRONTEND:CS2 - DEBUG: MarketPageView unmounted
  Details: {
  "page": 1,
  "log_destination": "market",
  "timestamp": "2025-03-20T10:36:05.029Z"
}
[2025-03-20T10:36:05.031Z] FRONTEND:AUTH - DEBUG: Auth Flow - Auth state updated
  Details: {
  "timestamp": "2025-03-20T10:36:05.031Z",
  "is_connected": true,
  "is_authenticated": true,
  "wallet_address": "0x0300B70e40F138927e3a988ce4A9a069Ff875336",
  "auth_wallet_address": "0x0300B70e40F138927e3a988ce4A9a069Ff875336",
  "is_authenticating": false,
  "initial_check_done": true,
  "needs_reauthentication": false,
  "last_authenticated_address": null
}
[2025-03-20T10:36:05.032Z] FRONTEND:CS2 - INFO: Rendering 5 products with enhanced staggered animation
  Details: {
  "productCount": 5,
  "productIds": [
    "cs2-awp-crakow-minimal-wear",
    "cs2-ak47-asiimov-factory-new",
    "cs2-m4a4-howl-field-tested",
    "cs2-deagle-printstream-minimal-wear",
    "cs2-butterfly-doppler-factory-new"
  ],
  "animationEnabled": true,
  "staggerType": "wave",
  "baseDelay": "35ms",
  "log_destination": "market",
  "timestamp": "2025-03-20T10:36:05.032Z"
}
[2025-03-20T10:36:05.046Z] FRONTEND:AUTH - DEBUG: Auth Flow - HeaderConnect Render
  Details: {
  "timestamp": "2025-03-20T10:36:05.046Z",
  "wallet_address": "0x0300B70e40F138927e3a988ce4A9a069Ff875336",
  "is_connected": true,
  "is_authenticated": true,
  "is_authenticating": false
}
[2025-03-20T10:36:05.047Z] FRONTEND:AUTH - DEBUG: Auth Flow - HeaderConnect Render
  Details: {
  "timestamp": "2025-03-20T10:36:05.047Z",
  "wallet_address": "0x0300B70e40F138927e3a988ce4A9a069Ff875336",
  "is_connected": true,
  "is_authenticated": true,
  "is_authenticating": false
}
[2025-03-20T10:36:05.099Z] FRONTEND:AUTH - DEBUG: Auth Flow - HeaderConnect Render
  Details: {
  "timestamp": "2025-03-20T10:36:05.099Z",
  "wallet_address": "0x0300B70e40F138927e3a988ce4A9a069Ff875336",
  "is_connected": true,
  "is_authenticated": true,
  "is_authenticating": false
}
[2025-03-20T10:36:05.100Z] FRONTEND:AUTH - DEBUG: Auth Flow - HeaderConnect Render
  Details: {
  "timestamp": "2025-03-20T10:36:05.100Z",
  "wallet_address": "0x0300B70e40F138927e3a988ce4A9a069Ff875336",
  "is_connected": true,
  "is_authenticated": true,
  "is_authenticating": false
}
[2025-03-20T10:36:05.111Z] FRONTEND:AUTH - DEBUG: Auth Flow - Auth Check
  Details: {
  "timestamp": "2025-03-20T10:36:05.111Z",
  "has_token": true,
  "has_user": true
}
[2025-03-20T10:36:05.112Z] FRONTEND:AUTH - DEBUG: Auth Flow - Auth state updated
  Details: {
  "timestamp": "2025-03-20T10:36:05.112Z",
  "is_connected": true,
  "is_authenticated": true,
  "wallet_address": "0x0300B70e40F138927e3a988ce4A9a069Ff875336",
  "auth_wallet_address": "0x0300B70e40F138927e3a988ce4A9a069Ff875336",
  "is_authenticating": false,
  "initial_check_done": true,
  "needs_reauthentication": false,
  "last_authenticated_address": null
}
[2025-03-20T10:36:05.112Z] FRONTEND:CS2 - INFO: Market navbar mounted with enhanced Skinport style and animations
  Details: {
  "categoriesCount": 4,
  "currentCategory": "none",
  "style": "text-only-enhanced-animated",
  "log_destination": "market",
  "timestamp": "2025-03-20T10:36:05.112Z"
}
[2025-03-20T10:36:05.112Z] FRONTEND:AUTH - DEBUG: Auth Flow - Auth state updated
  Details: {
  "timestamp": "2025-03-20T10:36:05.112Z",
  "is_connected": true,
  "is_authenticated": true,
  "wallet_address": "0x0300B70e40F138927e3a988ce4A9a069Ff875336",
  "auth_wallet_address": "0x0300B70e40F138927e3a988ce4A9a069Ff875336",
  "is_authenticating": false,
  "initial_check_done": true,
  "needs_reauthentication": false,
  "last_authenticated_address": null
}
[2025-03-20T10:36:05.121Z] FRONTEND:AUTH - DEBUG: Auth Flow - HeaderConnect Render
  Details: {
  "timestamp": "2025-03-20T10:36:05.121Z",
  "wallet_address": "0x0300B70e40F138927e3a988ce4A9a069Ff875336",
  "is_connected": true,
  "is_authenticated": true,
  "is_authenticating": false
}
[2025-03-20T10:36:05.121Z] FRONTEND:AUTH - DEBUG: Auth Flow - HeaderConnect Render
  Details: {
  "timestamp": "2025-03-20T10:36:05.121Z",
  "wallet_address": "0x0300B70e40F138927e3a988ce4A9a069Ff875336",
  "is_connected": true,
  "is_authenticated": true,
  "is_authenticating": false
}
[2025-03-20T10:36:10.619Z] FRONTEND:AUTH - DEBUG: Auth Flow - HeaderConnect Render
  Details: {
  "timestamp": "2025-03-20T10:36:10.619Z",
  "wallet_address": "0x0300B70e40F138927e3a988ce4A9a069Ff875336",
  "is_connected": true,
  "is_authenticated": true,
  "is_authenticating": false
}
[2025-03-20T10:36:10.619Z] FRONTEND:AUTH - DEBUG: Auth Flow - HeaderConnect Render
  Details: {
  "timestamp": "2025-03-20T10:36:10.619Z",
  "wallet_address": "0x0300B70e40F138927e3a988ce4A9a069Ff875336",
  "is_connected": true,
  "is_authenticated": true,
  "is_authenticating": false
}
[2025-03-20T10:36:10.682Z] FRONTEND:AUTH - DEBUG: Auth Flow - Auth Check
  Details: {
  "timestamp": "2025-03-20T10:36:10.682Z",
  "has_token": true,
  "has_user": true
}
[2025-03-20T10:36:10.683Z] FRONTEND:AUTH - DEBUG: Auth Flow - Auth state updated
  Details: {
  "timestamp": "2025-03-20T10:36:10.683Z",
  "is_connected": true,
  "is_authenticated": true,
  "wallet_address": "0x0300B70e40F138927e3a988ce4A9a069Ff875336",
  "auth_wallet_address": "0x0300B70e40F138927e3a988ce4A9a069Ff875336",
  "is_authenticating": false,
  "initial_check_done": true,
  "needs_reauthentication": false,
  "last_authenticated_address": null
}
[2025-03-20T10:36:10.683Z] FRONTEND:USER - INFO: Wallet readiness state updated
  Details: {
  "stable_connection": true,
  "has_valid_address": true,
  "is_ready": true,
  "wallet_address": "0x0300B70e40F138927e3a988ce4A9a069Ff875336",
  "authenticated_address": "0x0300B70e40F138927e3a988ce4A9a069Ff875336"
}
[2025-03-20T10:36:10.684Z] FRONTEND:USER - INFO: Wallet state updated
  Details: {
  "is_connected": true,
  "is_connecting": false,
  "is_disconnected": false,
  "status": "connected",
  "chain_id": 137,
  "has_address": true,
  "is_authenticated": true,
  "has_auth_wallet": true,
  "has_effective_address": true,
  "is_using_auth_wallet": false
}
[2025-03-20T10:36:10.684Z] FRONTEND:USER - INFO: Wallet hook initialized
  Details: {
  "is_connected": true,
  "is_connecting": false,
  "is_disconnected": false,
  "status": "connected",
  "chain_id": 137,
  "has_address": true,
  "is_authenticated": true,
  "has_auth_wallet": true
}
[2025-03-20T10:36:10.686Z] FRONTEND:USER - INFO: Wallet readiness state updated
  Details: {
  "stable_connection": true,
  "has_valid_address": true,
  "is_ready": true,
  "wallet_address": "0x0300B70e40F138927e3a988ce4A9a069Ff875336",
  "authenticated_address": "0x0300B70e40F138927e3a988ce4A9a069Ff875336"
}
[2025-03-20T10:36:10.686Z] FRONTEND:USER - INFO: Wallet state updated
  Details: {
  "is_connected": true,
  "is_connecting": false,
  "is_disconnected": false,
  "status": "connected",
  "chain_id": 137,
  "has_address": true,
  "is_authenticated": true,
  "has_auth_wallet": true,
  "has_effective_address": true,
  "is_using_auth_wallet": false
}
[2025-03-20T10:36:10.687Z] FRONTEND:USER - INFO: Wallet hook initialized
  Details: {
  "is_connected": true,
  "is_connecting": false,
  "is_disconnected": false,
  "status": "connected",
  "chain_id": 137,
  "has_address": true,
  "is_authenticated": true,
  "has_auth_wallet": true
}
[2025-03-20T10:36:10.693Z] FRONTEND:USER - INFO: Wallet readiness state updated
  Details: {
  "stable_connection": true,
  "has_valid_address": true,
  "is_ready": true,
  "wallet_address": "0x0300B70e40F138927e3a988ce4A9a069Ff875336",
  "authenticated_address": "0x0300B70e40F138927e3a988ce4A9a069Ff875336"
}
[2025-03-20T10:36:10.693Z] FRONTEND:AUTH - DEBUG: Auth Flow - Auth state updated
  Details: {
  "timestamp": "2025-03-20T10:36:10.693Z",
  "is_connected": true,
  "is_authenticated": true,
  "wallet_address": "0x0300B70e40F138927e3a988ce4A9a069Ff875336",
  "auth_wallet_address": "0x0300B70e40F138927e3a988ce4A9a069Ff875336",
  "is_authenticating": false,
  "initial_check_done": true,
  "needs_reauthentication": false,
  "last_authenticated_address": null
}
[2025-03-20T10:36:10.693Z] FRONTEND:USER - INFO: Wallet state updated
  Details: {
  "is_connected": true,
  "is_connecting": false,
  "is_disconnected": false,
  "status": "connected",
  "chain_id": 137,
  "has_address": true,
  "is_authenticated": true,
  "has_auth_wallet": true,
  "has_effective_address": true,
  "is_using_auth_wallet": false
}
[2025-03-20T10:36:10.694Z] FRONTEND:USER - INFO: Wallet hook initialized
  Details: {
  "is_connected": true,
  "is_connecting": false,
  "is_disconnected": false,
  "status": "connected",
  "chain_id": 137,
  "has_address": true,
  "is_authenticated": true,
  "has_auth_wallet": true
}
[2025-03-20T10:36:10.695Z] FRONTEND:USER - INFO: Wallet readiness state updated
  Details: {
  "stable_connection": true,
  "has_valid_address": true,
  "is_ready": true,
  "wallet_address": "0x0300B70e40F138927e3a988ce4A9a069Ff875336",
  "authenticated_address": "0x0300B70e40F138927e3a988ce4A9a069Ff875336"
}
[2025-03-20T10:36:10.695Z] FRONTEND:USER - INFO: Wallet state updated
  Details: {
  "is_connected": true,
  "is_connecting": false,
  "is_disconnected": false,
  "status": "connected",
  "chain_id": 137,
  "has_address": true,
  "is_authenticated": true,
  "has_auth_wallet": true,
  "has_effective_address": true,
  "is_using_auth_wallet": false
}
[2025-03-20T10:36:10.696Z] FRONTEND:USER - INFO: Wallet hook initialized
  Details: {
  "is_connected": true,
  "is_connecting": false,
  "is_disconnected": false,
  "status": "connected",
  "chain_id": 137,
  "has_address": true,
  "is_authenticated": true,
  "has_auth_wallet": true
}
[2025-03-20T10:36:10.711Z] FRONTEND:AUTH - DEBUG: Auth Flow - HeaderConnect Render
  Details: {
  "timestamp": "2025-03-20T10:36:10.711Z",
  "wallet_address": "0x0300B70e40F138927e3a988ce4A9a069Ff875336",
  "is_connected": true,
  "is_authenticated": true,
  "is_authenticating": false
}
[2025-03-20T10:36:10.712Z] FRONTEND:AUTH - DEBUG: Auth Flow - HeaderConnect Render
  Details: {
  "timestamp": "2025-03-20T10:36:10.712Z",
  "wallet_address": "0x0300B70e40F138927e3a988ce4A9a069Ff875336",
  "is_connected": true,
  "is_authenticated": true,
  "is_authenticating": false
}
[2025-03-20T10:36:10.727Z] FRONTEND:USER - INFO: Wallet readiness state updated
  Details: {
  "stable_connection": true,
  "has_valid_address": true,
  "is_ready": true,
  "wallet_address": "0x0300B70e40F138927e3a988ce4A9a069Ff875336",
  "authenticated_address": "0x0300B70e40F138927e3a988ce4A9a069Ff875336"
}
[2025-03-20T10:36:10.727Z] FRONTEND:USER - INFO: Wallet state updated
  Details: {
  "is_connected": true,
  "is_connecting": false,
  "is_disconnected": false,
  "status": "connected",
  "chain_id": 137,
  "has_address": true,
  "is_authenticated": true,
  "has_auth_wallet": true,
  "has_effective_address": true,
  "is_using_auth_wallet": false
}
[2025-03-20T10:36:10.727Z] FRONTEND:USER - INFO: Wallet hook initialized
  Details: {
  "is_connected": true,
  "is_connecting": false,
  "is_disconnected": false,
  "status": "connected",
  "chain_id": 137,
  "has_address": true,
  "is_authenticated": true,
  "has_auth_wallet": true
}
[2025-03-20T10:36:10.728Z] FRONTEND:AUTH - DEBUG: Auth Flow - Route Protection Check
  Details: {
  "timestamp": "2025-03-20T10:36:10.728Z",
  "is_authenticated": true,
  "has_token": true,
  "wallet_address": "0x0300B70e40F138927e3a988ce4A9a069Ff875336",
  "is_connected": true,
  "has_address": true
}
[2025-03-20T10:36:10.728Z] FRONTEND:USER - INFO: Wallet readiness state updated
  Details: {
  "stable_connection": true,
  "has_valid_address": true,
  "is_ready": true,
  "wallet_address": "0x0300B70e40F138927e3a988ce4A9a069Ff875336",
  "authenticated_address": "0x0300B70e40F138927e3a988ce4A9a069Ff875336"
}
[2025-03-20T10:36:10.728Z] FRONTEND:USER - INFO: Wallet state updated
  Details: {
  "is_connected": true,
  "is_connecting": false,
  "is_disconnected": false,
  "status": "connected",
  "chain_id": 137,
  "has_address": true,
  "is_authenticated": true,
  "has_auth_wallet": true,
  "has_effective_address": true,
  "is_using_auth_wallet": false
}
[2025-03-20T10:36:10.728Z] FRONTEND:USER - INFO: Wallet hook initialized
  Details: {
  "is_connected": true,
  "is_connecting": false,
  "is_disconnected": false,
  "status": "connected",
  "chain_id": 137,
  "has_address": true,
  "is_authenticated": true,
  "has_auth_wallet": true
}
[2025-03-20T10:36:10.729Z] FRONTEND:AUTH - DEBUG: Auth Flow - Route Protection Check
  Details: {
  "timestamp": "2025-03-20T10:36:10.729Z",
  "is_authenticated": true,
  "has_token": true,
  "wallet_address": "0x0300B70e40F138927e3a988ce4A9a069Ff875336",
  "is_connected": true,
  "has_address": true
}
[2025-03-20T10:36:10.746Z] FRONTEND:AUTH - DEBUG: Auth Flow - Route Protection Render
  Details: {
  "timestamp": "2025-03-20T10:36:10.746Z",
  "status": "allowed",
  "wallet_address": "0x0300B70e40F138927e3a988ce4A9a069Ff875336"
}
[2025-03-20T10:36:10.746Z] FRONTEND:AUTH - DEBUG: Auth Flow - Route Protection Render
  Details: {
  "timestamp": "2025-03-20T10:36:10.746Z",
  "status": "allowed",
  "wallet_address": "0x0300B70e40F138927e3a988ce4A9a069Ff875336"
}
[2025-03-20T10:36:23.338Z] FRONTEND:AUTH - DEBUG: Auth Flow - HeaderConnect Render
  Details: {
  "timestamp": "2025-03-20T10:36:23.338Z",
  "wallet_address": "0x0300B70e40F138927e3a988ce4A9a069Ff875336",
  "is_connected": true,
  "is_authenticated": true,
  "is_authenticating": false
}
[2025-03-20T10:36:23.339Z] FRONTEND:AUTH - DEBUG: Auth Flow - HeaderConnect Render
  Details: {
  "timestamp": "2025-03-20T10:36:23.339Z",
  "wallet_address": "0x0300B70e40F138927e3a988ce4A9a069Ff875336",
  "is_connected": true,
  "is_authenticated": true,
  "is_authenticating": false
}
[2025-03-20T10:36:23.503Z] FRONTEND:AUTH - DEBUG: Auth Flow - HeaderConnect Render
  Details: {
  "timestamp": "2025-03-20T10:36:23.503Z",
  "wallet_address": "0x0300B70e40F138927e3a988ce4A9a069Ff875336",
  "is_connected": true,
  "is_authenticated": true,
  "is_authenticating": false
}
[2025-03-20T10:36:23.504Z] FRONTEND:AUTH - DEBUG: Auth Flow - HeaderConnect Render
  Details: {
  "timestamp": "2025-03-20T10:36:23.504Z",
  "wallet_address": "0x0300B70e40F138927e3a988ce4A9a069Ff875336",
  "is_connected": true,
  "is_authenticated": true,
  "is_authenticating": false
}
[2025-03-20T10:36:23.603Z] FRONTEND:AUTH - DEBUG: Auth Flow - HeaderConnect Render
  Details: {
  "timestamp": "2025-03-20T10:36:23.603Z",
  "wallet_address": "0x0300B70e40F138927e3a988ce4A9a069Ff875336",
  "is_connected": true,
  "is_authenticated": true,
  "is_authenticating": false
}
[2025-03-20T10:36:23.604Z] FRONTEND:AUTH - DEBUG: Auth Flow - HeaderConnect Render
  Details: {
  "timestamp": "2025-03-20T10:36:23.604Z",
  "wallet_address": "0x0300B70e40F138927e3a988ce4A9a069Ff875336",
  "is_connected": true,
  "is_authenticated": true,
  "is_authenticating": false
}
[2025-03-20T10:36:23.693Z] FRONTEND:AUTH - DEBUG: Auth Flow - HeaderConnect Render
  Details: {
  "timestamp": "2025-03-20T10:36:23.693Z",
  "wallet_address": "0x0300B70e40F138927e3a988ce4A9a069Ff875336",
  "is_connected": true,
  "is_authenticated": true,
  "is_authenticating": false
}
[2025-03-20T10:36:23.694Z] FRONTEND:AUTH - DEBUG: Auth Flow - HeaderConnect Render
  Details: {
  "timestamp": "2025-03-20T10:36:23.694Z",
  "wallet_address": "0x0300B70e40F138927e3a988ce4A9a069Ff875336",
  "is_connected": true,
  "is_authenticated": true,
  "is_authenticating": false
}
[2025-03-20T10:36:23.793Z] FRONTEND:AUTH - DEBUG: Auth Flow - HeaderConnect Render
  Details: {
  "timestamp": "2025-03-20T10:36:23.793Z",
  "wallet_address": "0x0300B70e40F138927e3a988ce4A9a069Ff875336",
  "is_connected": true,
  "is_authenticated": true,
  "is_authenticating": false
}
[2025-03-20T10:36:23.794Z] FRONTEND:AUTH - DEBUG: Auth Flow - HeaderConnect Render
  Details: {
  "timestamp": "2025-03-20T10:36:23.794Z",
  "wallet_address": "0x0300B70e40F138927e3a988ce4A9a069Ff875336",
  "is_connected": true,
  "is_authenticated": true,
  "is_authenticating": false
}
[2025-03-20T10:36:24.376Z] FRONTEND:AUTH - DEBUG: Auth Flow - HeaderConnect Render
  Details: {
  "timestamp": "2025-03-20T10:36:24.376Z",
  "wallet_address": "0x0300B70e40F138927e3a988ce4A9a069Ff875336",
  "is_connected": true,
  "is_authenticated": true,
  "is_authenticating": false
}
[2025-03-20T10:36:24.376Z] FRONTEND:AUTH - DEBUG: Auth Flow - HeaderConnect Render
  Details: {
  "timestamp": "2025-03-20T10:36:24.376Z",
  "wallet_address": "0x0300B70e40F138927e3a988ce4A9a069Ff875336",
  "is_connected": true,
  "is_authenticated": true,
  "is_authenticating": false
}
[2025-03-20T10:36:24.631Z] FRONTEND:AUTH - DEBUG: Auth Flow - HeaderConnect Render
  Details: {
  "timestamp": "2025-03-20T10:36:24.631Z",
  "wallet_address": "0x0300B70e40F138927e3a988ce4A9a069Ff875336",
  "is_connected": true,
  "is_authenticated": true,
  "is_authenticating": false
}
[2025-03-20T10:36:24.631Z] FRONTEND:AUTH - DEBUG: Auth Flow - HeaderConnect Render
  Details: {
  "timestamp": "2025-03-20T10:36:24.631Z",
  "wallet_address": "0x0300B70e40F138927e3a988ce4A9a069Ff875336",
  "is_connected": true,
  "is_authenticated": true,
  "is_authenticating": false
}
[2025-03-20T10:36:24.777Z] FRONTEND:USER - INFO: Wallet readiness state updated
  Details: {
  "stable_connection": true,
  "has_valid_address": true,
  "is_ready": true,
  "wallet_address": "0x0300B70e40F138927e3a988ce4A9a069Ff875336",
  "authenticated_address": "0x0300B70e40F138927e3a988ce4A9a069Ff875336"
}
[2025-03-20T10:36:24.777Z] FRONTEND:USER - INFO: Wallet state updated
  Details: {
  "is_connected": true,
  "is_connecting": false,
  "is_disconnected": false,
  "status": "connected",
  "chain_id": 137,
  "has_address": true,
  "is_authenticated": true,
  "has_auth_wallet": true,
  "has_effective_address": true,
  "is_using_auth_wallet": false
}
[2025-03-20T10:36:24.777Z] FRONTEND:USER - INFO: Wallet hook initialized
  Details: {
  "is_connected": true,
  "is_connecting": false,
  "is_disconnected": false,
  "status": "connected",
  "chain_id": 137,
  "has_address": true,
  "is_authenticated": true,
  "has_auth_wallet": true
}
[2025-03-20T10:36:24.781Z] FRONTEND:USER - INFO: Wallet readiness state updated
  Details: {
  "stable_connection": true,
  "has_valid_address": true,
  "is_ready": true,
  "wallet_address": "0x0300B70e40F138927e3a988ce4A9a069Ff875336",
  "authenticated_address": "0x0300B70e40F138927e3a988ce4A9a069Ff875336"
}
[2025-03-20T10:36:24.781Z] FRONTEND:USER - INFO: Wallet state updated
  Details: {
  "is_connected": true,
  "is_connecting": false,
  "is_disconnected": false,
  "status": "connected",
  "chain_id": 137,
  "has_address": true,
  "is_authenticated": true,
  "has_auth_wallet": true,
  "has_effective_address": true,
  "is_using_auth_wallet": false
}
[2025-03-20T10:36:24.782Z] FRONTEND:USER - INFO: Wallet hook initialized
  Details: {
  "is_connected": true,
  "is_connecting": false,
  "is_disconnected": false,
  "status": "connected",
  "chain_id": 137,
  "has_address": true,
  "is_authenticated": true,
  "has_auth_wallet": true
}
[2025-03-20T12:09:40.345Z] FRONTEND:AUTH - DEBUG: Auth Flow - Initial Auth State Check
  Details: {
  "timestamp": "2025-03-20T12:09:40.345Z",
  "has_token": true,
  "has_user": true
}
[2025-03-20T12:09:40.401Z] FRONTEND:AUTH - DEBUG: Auth Flow - HeaderConnect Render
  Details: {
  "timestamp": "2025-03-20T12:09:40.401Z",
  "is_connected": false,
  "is_authenticated": true,
  "is_authenticating": false
}
[2025-03-20T12:09:40.401Z] FRONTEND:AUTH - DEBUG: Auth Flow - HeaderConnect Render
  Details: {
  "timestamp": "2025-03-20T12:09:40.401Z",
  "is_connected": false,
  "is_authenticated": true,
  "is_authenticating": false
}
[2025-03-20T12:09:40.725Z] FRONTEND:AUTH - DEBUG: Auth Flow - HeaderConnect Render
  Details: {
  "timestamp": "2025-03-20T12:09:40.725Z",
  "is_connected": false,
  "is_authenticated": true,
  "is_authenticating": false
}
[2025-03-20T12:09:40.726Z] FRONTEND:AUTH - DEBUG: Auth Flow - HeaderConnect Render
  Details: {
  "timestamp": "2025-03-20T12:09:40.726Z",
  "is_connected": false,
  "is_authenticated": true,
  "is_authenticating": false
}
[2025-03-20T12:09:41.082Z] FRONTEND:CLIENT - ERROR: Client Error: Failed prop type: The prop `href` expects a `string` or `object` in `<Link>`, but got `undefined` instead.
Open your browser's console to view the Component stack trace.
  Details: {
  "stack": "Error: Failed prop type: The prop `href` expects a `string` or `object` in `<Link>`, but got `undefined` instead.\nOpen your browser's console to view the Component stack trace.\n    at createPropError (webpack-internal:///(app-pages-browser)/./node_modules/next/dist/client/app-dir/link.js:90:42)\n    at eval (webpack-internal:///(app-pages-browser)/./node_modules/next/dist/client/app-dir/link.js:104:27)\n    at Array.forEach (<anonymous>)\n    at LinkComponent (webpack-internal:///(app-pages-browser)/./node_modules/next/dist/client/app-dir/link.js:101:23)\n    at react-stack-bottom-frame (webpack-internal:///(app-pages-browser)/./node_modules/next/dist/compiled/react-dom/cjs/react-dom-client.development.js:23950:20)\n    at renderWithHooks (webpack-internal:///(app-pages-browser)/./node_modules/next/dist/compiled/react-dom/cjs/react-dom-client.development.js:5079:22)\n    at updateForwardRef (webpack-internal:///(app-pages-browser)/./node_modules/next/dist/compiled/react-dom/cjs/react-dom-client.development.js:8072:19)\n    at beginWork (webpack-internal:///(app-pages-browser)/./node_modules/next/dist/compiled/react-dom/cjs/react-dom-client.development.js:10284:18)\n    at runWithFiberInDEV (webpack-internal:///(app-pages-browser)/./node_modules/next/dist/compiled/react-dom/cjs/react-dom-client.development.js:1511:30)\n    at performUnitOfWork (webpack-internal:///(app-pages-browser)/./node_modules/next/dist/compiled/react-dom/cjs/react-dom-client.development.js:15120:22)\n    at workLoopSync (webpack-internal:///(app-pages-browser)/./node_modules/next/dist/compiled/react-dom/cjs/react-dom-client.development.js:14944:41)\n    at renderRootSync (webpack-internal:///(app-pages-browser)/./node_modules/next/dist/compiled/react-dom/cjs/react-dom-client.development.js:14924:11)\n    at performWorkOnRoot (webpack-internal:///(app-pages-browser)/./node_modules/next/dist/compiled/react-dom/cjs/react-dom-client.development.js:14454:44)\n    at performSyncWorkOnRoot (webpack-internal:///(app-pages-browser)/./node_modules/next/dist/compiled/react-dom/cjs/react-dom-client.development.js:16290:7)\n    at flushSyncWorkAcrossRoots_impl (webpack-internal:///(app-pages-browser)/./node_modules/next/dist/compiled/react-dom/cjs/react-dom-client.development.js:16138:21)\n    at flushSpawnedWork (webpack-internal:///(app-pages-browser)/./node_modules/next/dist/compiled/react-dom/cjs/react-dom-client.development.js:15665:9)\n    at commitRoot (webpack-internal:///(app-pages-browser)/./node_modules/next/dist/compiled/react-dom/cjs/react-dom-client.development.js:15391:9)\n    at commitRootWhenReady (webpack-internal:///(app-pages-browser)/./node_modules/next/dist/compiled/react-dom/cjs/react-dom-client.development.js:14644:7)\n    at performWorkOnRoot (webpack-internal:///(app-pages-browser)/./node_modules/next/dist/compiled/react-dom/cjs/react-dom-client.development.js:14567:15)\n    at performWorkOnRootViaSchedulerTask (webpack-internal:///(app-pages-browser)/./node_modules/next/dist/compiled/react-dom/cjs/react-dom-client.development.js:16275:7)\n    at MessagePort.performWorkUntilDeadline (webpack-internal:///(app-pages-browser)/./node_modules/next/dist/compiled/scheduler/cjs/scheduler.development.js:45:48)",
  "location": "global-error-boundary",
  "errorType": "unhandled-error"
}
[2025-03-20T12:09:41.086Z] FRONTEND:CLIENT - ERROR: Client Error: Failed prop type: The prop `href` expects a `string` or `object` in `<Link>`, but got `undefined` instead.
Open your browser's console to view the Component stack trace.
  Details: {
  "stack": "Error: Failed prop type: The prop `href` expects a `string` or `object` in `<Link>`, but got `undefined` instead.\nOpen your browser's console to view the Component stack trace.\n    at createPropError (webpack-internal:///(app-pages-browser)/./node_modules/next/dist/client/app-dir/link.js:90:42)\n    at eval (webpack-internal:///(app-pages-browser)/./node_modules/next/dist/client/app-dir/link.js:104:27)\n    at Array.forEach (<anonymous>)\n    at LinkComponent (webpack-internal:///(app-pages-browser)/./node_modules/next/dist/client/app-dir/link.js:101:23)\n    at react-stack-bottom-frame (webpack-internal:///(app-pages-browser)/./node_modules/next/dist/compiled/react-dom/cjs/react-dom-client.development.js:23950:20)\n    at renderWithHooks (webpack-internal:///(app-pages-browser)/./node_modules/next/dist/compiled/react-dom/cjs/react-dom-client.development.js:5079:22)\n    at updateForwardRef (webpack-internal:///(app-pages-browser)/./node_modules/next/dist/compiled/react-dom/cjs/react-dom-client.development.js:8072:19)\n    at beginWork (webpack-internal:///(app-pages-browser)/./node_modules/next/dist/compiled/react-dom/cjs/react-dom-client.development.js:10284:18)\n    at runWithFiberInDEV (webpack-internal:///(app-pages-browser)/./node_modules/next/dist/compiled/react-dom/cjs/react-dom-client.development.js:1511:30)\n    at performUnitOfWork (webpack-internal:///(app-pages-browser)/./node_modules/next/dist/compiled/react-dom/cjs/react-dom-client.development.js:15120:22)\n    at workLoopSync (webpack-internal:///(app-pages-browser)/./node_modules/next/dist/compiled/react-dom/cjs/react-dom-client.development.js:14944:41)\n    at renderRootSync (webpack-internal:///(app-pages-browser)/./node_modules/next/dist/compiled/react-dom/cjs/react-dom-client.development.js:14924:11)\n    at performWorkOnRoot (webpack-internal:///(app-pages-browser)/./node_modules/next/dist/compiled/react-dom/cjs/react-dom-client.development.js:14454:44)\n    at performSyncWorkOnRoot (webpack-internal:///(app-pages-browser)/./node_modules/next/dist/compiled/react-dom/cjs/react-dom-client.development.js:16290:7)\n    at flushSyncWorkAcrossRoots_impl (webpack-internal:///(app-pages-browser)/./node_modules/next/dist/compiled/react-dom/cjs/react-dom-client.development.js:16138:21)\n    at flushSpawnedWork (webpack-internal:///(app-pages-browser)/./node_modules/next/dist/compiled/react-dom/cjs/react-dom-client.development.js:15665:9)\n    at commitRoot (webpack-internal:///(app-pages-browser)/./node_modules/next/dist/compiled/react-dom/cjs/react-dom-client.development.js:15391:9)\n    at commitRootWhenReady (webpack-internal:///(app-pages-browser)/./node_modules/next/dist/compiled/react-dom/cjs/react-dom-client.development.js:14644:7)\n    at performWorkOnRoot (webpack-internal:///(app-pages-browser)/./node_modules/next/dist/compiled/react-dom/cjs/react-dom-client.development.js:14567:15)\n    at performWorkOnRootViaSchedulerTask (webpack-internal:///(app-pages-browser)/./node_modules/next/dist/compiled/react-dom/cjs/react-dom-client.development.js:16275:7)\n    at MessagePort.performWorkUntilDeadline (webpack-internal:///(app-pages-browser)/./node_modules/next/dist/compiled/scheduler/cjs/scheduler.development.js:45:48)",
  "location": "global-error-boundary",
  "errorType": "unhandled-error"
}
[2025-03-20T12:09:53.587Z] FRONTEND:AUTH - DEBUG: Auth Flow - Initial Auth State Check
  Details: {
  "timestamp": "2025-03-20T12:09:53.587Z",
  "has_token": true,
  "has_user": true
}
[2025-03-20T12:09:53.658Z] FRONTEND:AUTH - DEBUG: Auth Flow - HeaderConnect Render
  Details: {
  "timestamp": "2025-03-20T12:09:53.658Z",
  "is_connected": false,
  "is_authenticated": true,
  "is_authenticating": false
}
[2025-03-20T12:09:53.660Z] FRONTEND:AUTH - DEBUG: Auth Flow - HeaderConnect Render
  Details: {
  "timestamp": "2025-03-20T12:09:53.660Z",
  "is_connected": false,
  "is_authenticated": true,
  "is_authenticating": false
}
[2025-03-20T12:09:54.068Z] FRONTEND:AUTH - DEBUG: Auth Flow - HeaderConnect Render
  Details: {
  "timestamp": "2025-03-20T12:09:54.068Z",
  "is_connected": false,
  "is_authenticated": true,
  "is_authenticating": false
}
[2025-03-20T12:09:54.068Z] FRONTEND:AUTH - DEBUG: Auth Flow - HeaderConnect Render
  Details: {
  "timestamp": "2025-03-20T12:09:54.068Z",
  "is_connected": false,
  "is_authenticated": true,
  "is_authenticating": false
}
[2025-03-20T12:09:54.367Z] FRONTEND:CLIENT - ERROR: Client Error: Failed prop type: The prop `href` expects a `string` or `object` in `<Link>`, but got `undefined` instead.
Open your browser's console to view the Component stack trace.
  Details: {
  "stack": "Error: Failed prop type: The prop `href` expects a `string` or `object` in `<Link>`, but got `undefined` instead.\nOpen your browser's console to view the Component stack trace.\n    at createPropError (webpack-internal:///(app-pages-browser)/./node_modules/next/dist/client/app-dir/link.js:90:42)\n    at eval (webpack-internal:///(app-pages-browser)/./node_modules/next/dist/client/app-dir/link.js:104:27)\n    at Array.forEach (<anonymous>)\n    at LinkComponent (webpack-internal:///(app-pages-browser)/./node_modules/next/dist/client/app-dir/link.js:101:23)\n    at react-stack-bottom-frame (webpack-internal:///(app-pages-browser)/./node_modules/next/dist/compiled/react-dom/cjs/react-dom-client.development.js:23950:20)\n    at renderWithHooks (webpack-internal:///(app-pages-browser)/./node_modules/next/dist/compiled/react-dom/cjs/react-dom-client.development.js:5079:22)\n    at updateForwardRef (webpack-internal:///(app-pages-browser)/./node_modules/next/dist/compiled/react-dom/cjs/react-dom-client.development.js:8072:19)\n    at beginWork (webpack-internal:///(app-pages-browser)/./node_modules/next/dist/compiled/react-dom/cjs/react-dom-client.development.js:10284:18)\n    at runWithFiberInDEV (webpack-internal:///(app-pages-browser)/./node_modules/next/dist/compiled/react-dom/cjs/react-dom-client.development.js:1511:30)\n    at performUnitOfWork (webpack-internal:///(app-pages-browser)/./node_modules/next/dist/compiled/react-dom/cjs/react-dom-client.development.js:15120:22)\n    at workLoopSync (webpack-internal:///(app-pages-browser)/./node_modules/next/dist/compiled/react-dom/cjs/react-dom-client.development.js:14944:41)\n    at renderRootSync (webpack-internal:///(app-pages-browser)/./node_modules/next/dist/compiled/react-dom/cjs/react-dom-client.development.js:14924:11)\n    at performWorkOnRoot (webpack-internal:///(app-pages-browser)/./node_modules/next/dist/compiled/react-dom/cjs/react-dom-client.development.js:14454:44)\n    at performSyncWorkOnRoot (webpack-internal:///(app-pages-browser)/./node_modules/next/dist/compiled/react-dom/cjs/react-dom-client.development.js:16290:7)\n    at flushSyncWorkAcrossRoots_impl (webpack-internal:///(app-pages-browser)/./node_modules/next/dist/compiled/react-dom/cjs/react-dom-client.development.js:16138:21)\n    at flushSpawnedWork (webpack-internal:///(app-pages-browser)/./node_modules/next/dist/compiled/react-dom/cjs/react-dom-client.development.js:15665:9)\n    at commitRoot (webpack-internal:///(app-pages-browser)/./node_modules/next/dist/compiled/react-dom/cjs/react-dom-client.development.js:15391:9)\n    at commitRootWhenReady (webpack-internal:///(app-pages-browser)/./node_modules/next/dist/compiled/react-dom/cjs/react-dom-client.development.js:14644:7)\n    at performWorkOnRoot (webpack-internal:///(app-pages-browser)/./node_modules/next/dist/compiled/react-dom/cjs/react-dom-client.development.js:14567:15)\n    at performWorkOnRootViaSchedulerTask (webpack-internal:///(app-pages-browser)/./node_modules/next/dist/compiled/react-dom/cjs/react-dom-client.development.js:16275:7)\n    at MessagePort.performWorkUntilDeadline (webpack-internal:///(app-pages-browser)/./node_modules/next/dist/compiled/scheduler/cjs/scheduler.development.js:45:48)",
  "location": "global-error-boundary",
  "errorType": "unhandled-error"
}
[2025-03-20T12:09:54.370Z] FRONTEND:CLIENT - ERROR: Client Error: Failed prop type: The prop `href` expects a `string` or `object` in `<Link>`, but got `undefined` instead.
Open your browser's console to view the Component stack trace.
  Details: {
  "stack": "Error: Failed prop type: The prop `href` expects a `string` or `object` in `<Link>`, but got `undefined` instead.\nOpen your browser's console to view the Component stack trace.\n    at createPropError (webpack-internal:///(app-pages-browser)/./node_modules/next/dist/client/app-dir/link.js:90:42)\n    at eval (webpack-internal:///(app-pages-browser)/./node_modules/next/dist/client/app-dir/link.js:104:27)\n    at Array.forEach (<anonymous>)\n    at LinkComponent (webpack-internal:///(app-pages-browser)/./node_modules/next/dist/client/app-dir/link.js:101:23)\n    at react-stack-bottom-frame (webpack-internal:///(app-pages-browser)/./node_modules/next/dist/compiled/react-dom/cjs/react-dom-client.development.js:23950:20)\n    at renderWithHooks (webpack-internal:///(app-pages-browser)/./node_modules/next/dist/compiled/react-dom/cjs/react-dom-client.development.js:5079:22)\n    at updateForwardRef (webpack-internal:///(app-pages-browser)/./node_modules/next/dist/compiled/react-dom/cjs/react-dom-client.development.js:8072:19)\n    at beginWork (webpack-internal:///(app-pages-browser)/./node_modules/next/dist/compiled/react-dom/cjs/react-dom-client.development.js:10284:18)\n    at runWithFiberInDEV (webpack-internal:///(app-pages-browser)/./node_modules/next/dist/compiled/react-dom/cjs/react-dom-client.development.js:1511:30)\n    at performUnitOfWork (webpack-internal:///(app-pages-browser)/./node_modules/next/dist/compiled/react-dom/cjs/react-dom-client.development.js:15120:22)\n    at workLoopSync (webpack-internal:///(app-pages-browser)/./node_modules/next/dist/compiled/react-dom/cjs/react-dom-client.development.js:14944:41)\n    at renderRootSync (webpack-internal:///(app-pages-browser)/./node_modules/next/dist/compiled/react-dom/cjs/react-dom-client.development.js:14924:11)\n    at performWorkOnRoot (webpack-internal:///(app-pages-browser)/./node_modules/next/dist/compiled/react-dom/cjs/react-dom-client.development.js:14454:44)\n    at performSyncWorkOnRoot (webpack-internal:///(app-pages-browser)/./node_modules/next/dist/compiled/react-dom/cjs/react-dom-client.development.js:16290:7)\n    at flushSyncWorkAcrossRoots_impl (webpack-internal:///(app-pages-browser)/./node_modules/next/dist/compiled/react-dom/cjs/react-dom-client.development.js:16138:21)\n    at flushSpawnedWork (webpack-internal:///(app-pages-browser)/./node_modules/next/dist/compiled/react-dom/cjs/react-dom-client.development.js:15665:9)\n    at commitRoot (webpack-internal:///(app-pages-browser)/./node_modules/next/dist/compiled/react-dom/cjs/react-dom-client.development.js:15391:9)\n    at commitRootWhenReady (webpack-internal:///(app-pages-browser)/./node_modules/next/dist/compiled/react-dom/cjs/react-dom-client.development.js:14644:7)\n    at performWorkOnRoot (webpack-internal:///(app-pages-browser)/./node_modules/next/dist/compiled/react-dom/cjs/react-dom-client.development.js:14567:15)\n    at performWorkOnRootViaSchedulerTask (webpack-internal:///(app-pages-browser)/./node_modules/next/dist/compiled/react-dom/cjs/react-dom-client.development.js:16275:7)\n    at MessagePort.performWorkUntilDeadline (webpack-internal:///(app-pages-browser)/./node_modules/next/dist/compiled/scheduler/cjs/scheduler.development.js:45:48)",
  "location": "global-error-boundary",
  "errorType": "unhandled-error"
}
[2025-03-20T12:10:37.794Z] FRONTEND:AUTH - DEBUG: Auth Flow - Initial Auth State Check
  Details: {
  "timestamp": "2025-03-20T12:10:37.794Z",
  "has_token": true,
  "has_user": true
}
[2025-03-20T12:10:37.963Z] FRONTEND:AUTH - DEBUG: Auth Flow - HeaderConnect Render
  Details: {
  "timestamp": "2025-03-20T12:10:37.963Z",
  "is_connected": false,
  "is_authenticated": true,
  "is_authenticating": false
}
[2025-03-20T12:10:37.964Z] FRONTEND:AUTH - DEBUG: Auth Flow - HeaderConnect Render
  Details: {
  "timestamp": "2025-03-20T12:10:37.964Z",
  "is_connected": false,
  "is_authenticated": true,
  "is_authenticating": false
}
[2025-03-20T12:10:38.007Z] FRONTEND:AUTH - DEBUG: Auth Flow - HeaderConnect Render
  Details: {
  "timestamp": "2025-03-20T12:10:38.007Z",
  "wallet_address": "0x0300B70e40F138927e3a988ce4A9a069Ff875336",
  "is_connected": false,
  "is_authenticated": true,
  "is_authenticating": false
}
[2025-03-20T12:10:38.008Z] FRONTEND:AUTH - DEBUG: Auth Flow - HeaderConnect Render
  Details: {
  "timestamp": "2025-03-20T12:10:38.008Z",
  "wallet_address": "0x0300B70e40F138927e3a988ce4A9a069Ff875336",
  "is_connected": false,
  "is_authenticated": true,
  "is_authenticating": false
}
[2025-03-20T12:10:38.314Z] FRONTEND:AUTH - DEBUG: Auth Flow - HeaderConnect Render
  Details: {
  "timestamp": "2025-03-20T12:10:38.314Z",
  "wallet_address": "0x0300B70e40F138927e3a988ce4A9a069Ff875336",
  "is_connected": false,
  "is_authenticated": true,
  "is_authenticating": false
}
[2025-03-20T12:10:38.315Z] FRONTEND:AUTH - DEBUG: Auth Flow - HeaderConnect Render
  Details: {
  "timestamp": "2025-03-20T12:10:38.315Z",
  "wallet_address": "0x0300B70e40F138927e3a988ce4A9a069Ff875336",
  "is_connected": false,
  "is_authenticated": true,
  "is_authenticating": false
}
[2025-03-20T12:10:38.539Z] FRONTEND:CLIENT - ERROR: Client Error: Failed prop type: The prop `href` expects a `string` or `object` in `<Link>`, but got `undefined` instead.
Open your browser's console to view the Component stack trace.
  Details: {
  "stack": "Error: Failed prop type: The prop `href` expects a `string` or `object` in `<Link>`, but got `undefined` instead.\nOpen your browser's console to view the Component stack trace.\n    at createPropError (webpack-internal:///(app-pages-browser)/./node_modules/next/dist/client/app-dir/link.js:90:42)\n    at eval (webpack-internal:///(app-pages-browser)/./node_modules/next/dist/client/app-dir/link.js:104:27)\n    at Array.forEach (<anonymous>)\n    at LinkComponent (webpack-internal:///(app-pages-browser)/./node_modules/next/dist/client/app-dir/link.js:101:23)\n    at react-stack-bottom-frame (webpack-internal:///(app-pages-browser)/./node_modules/next/dist/compiled/react-dom/cjs/react-dom-client.development.js:23950:20)\n    at renderWithHooks (webpack-internal:///(app-pages-browser)/./node_modules/next/dist/compiled/react-dom/cjs/react-dom-client.development.js:5079:22)\n    at updateForwardRef (webpack-internal:///(app-pages-browser)/./node_modules/next/dist/compiled/react-dom/cjs/react-dom-client.development.js:8072:19)\n    at beginWork (webpack-internal:///(app-pages-browser)/./node_modules/next/dist/compiled/react-dom/cjs/react-dom-client.development.js:10284:18)\n    at runWithFiberInDEV (webpack-internal:///(app-pages-browser)/./node_modules/next/dist/compiled/react-dom/cjs/react-dom-client.development.js:1511:30)\n    at performUnitOfWork (webpack-internal:///(app-pages-browser)/./node_modules/next/dist/compiled/react-dom/cjs/react-dom-client.development.js:15120:22)\n    at workLoopSync (webpack-internal:///(app-pages-browser)/./node_modules/next/dist/compiled/react-dom/cjs/react-dom-client.development.js:14944:41)\n    at renderRootSync (webpack-internal:///(app-pages-browser)/./node_modules/next/dist/compiled/react-dom/cjs/react-dom-client.development.js:14924:11)\n    at performWorkOnRoot (webpack-internal:///(app-pages-browser)/./node_modules/next/dist/compiled/react-dom/cjs/react-dom-client.development.js:14454:44)\n    at performSyncWorkOnRoot (webpack-internal:///(app-pages-browser)/./node_modules/next/dist/compiled/react-dom/cjs/react-dom-client.development.js:16290:7)\n    at flushSyncWorkAcrossRoots_impl (webpack-internal:///(app-pages-browser)/./node_modules/next/dist/compiled/react-dom/cjs/react-dom-client.development.js:16138:21)\n    at processRootScheduleInMicrotask (webpack-internal:///(app-pages-browser)/./node_modules/next/dist/compiled/react-dom/cjs/react-dom-client.development.js:16175:7)\n    at eval (webpack-internal:///(app-pages-browser)/./node_modules/next/dist/compiled/react-dom/cjs/react-dom-client.development.js:16309:13)",
  "location": "global-error-boundary",
  "errorType": "unhandled-error"
}
[2025-03-20T12:10:38.550Z] FRONTEND:CLIENT - ERROR: Client Error: Failed prop type: The prop `href` expects a `string` or `object` in `<Link>`, but got `undefined` instead.
Open your browser's console to view the Component stack trace.
  Details: {
  "stack": "Error: Failed prop type: The prop `href` expects a `string` or `object` in `<Link>`, but got `undefined` instead.\nOpen your browser's console to view the Component stack trace.\n    at createPropError (webpack-internal:///(app-pages-browser)/./node_modules/next/dist/client/app-dir/link.js:90:42)\n    at eval (webpack-internal:///(app-pages-browser)/./node_modules/next/dist/client/app-dir/link.js:104:27)\n    at Array.forEach (<anonymous>)\n    at LinkComponent (webpack-internal:///(app-pages-browser)/./node_modules/next/dist/client/app-dir/link.js:101:23)\n    at react-stack-bottom-frame (webpack-internal:///(app-pages-browser)/./node_modules/next/dist/compiled/react-dom/cjs/react-dom-client.development.js:23950:20)\n    at renderWithHooks (webpack-internal:///(app-pages-browser)/./node_modules/next/dist/compiled/react-dom/cjs/react-dom-client.development.js:5079:22)\n    at updateForwardRef (webpack-internal:///(app-pages-browser)/./node_modules/next/dist/compiled/react-dom/cjs/react-dom-client.development.js:8072:19)\n    at beginWork (webpack-internal:///(app-pages-browser)/./node_modules/next/dist/compiled/react-dom/cjs/react-dom-client.development.js:10284:18)\n    at runWithFiberInDEV (webpack-internal:///(app-pages-browser)/./node_modules/next/dist/compiled/react-dom/cjs/react-dom-client.development.js:1511:30)\n    at performUnitOfWork (webpack-internal:///(app-pages-browser)/./node_modules/next/dist/compiled/react-dom/cjs/react-dom-client.development.js:15120:22)\n    at workLoopSync (webpack-internal:///(app-pages-browser)/./node_modules/next/dist/compiled/react-dom/cjs/react-dom-client.development.js:14944:41)\n    at renderRootSync (webpack-internal:///(app-pages-browser)/./node_modules/next/dist/compiled/react-dom/cjs/react-dom-client.development.js:14924:11)\n    at performWorkOnRoot (webpack-internal:///(app-pages-browser)/./node_modules/next/dist/compiled/react-dom/cjs/react-dom-client.development.js:14454:44)\n    at performSyncWorkOnRoot (webpack-internal:///(app-pages-browser)/./node_modules/next/dist/compiled/react-dom/cjs/react-dom-client.development.js:16290:7)\n    at flushSyncWorkAcrossRoots_impl (webpack-internal:///(app-pages-browser)/./node_modules/next/dist/compiled/react-dom/cjs/react-dom-client.development.js:16138:21)\n    at processRootScheduleInMicrotask (webpack-internal:///(app-pages-browser)/./node_modules/next/dist/compiled/react-dom/cjs/react-dom-client.development.js:16175:7)\n    at eval (webpack-internal:///(app-pages-browser)/./node_modules/next/dist/compiled/react-dom/cjs/react-dom-client.development.js:16309:13)",
  "location": "global-error-boundary",
  "errorType": "unhandled-error"
}
[2025-03-20T12:11:59.562Z] FRONTEND:AUTH - DEBUG: Auth Flow - HeaderConnect Render
  Details: {
  "timestamp": "2025-03-20T12:11:59.562Z",
  "is_connected": false,
  "is_authenticated": true,
  "is_authenticating": false
}
[2025-03-20T12:11:59.563Z] FRONTEND:AUTH - DEBUG: Auth Flow - HeaderConnect Render
  Details: {
  "timestamp": "2025-03-20T12:11:59.563Z",
  "is_connected": false,
  "is_authenticated": true,
  "is_authenticating": false
}
[2025-03-20T12:12:00.042Z] FRONTEND:AUTH - DEBUG: Auth Flow - HeaderConnect Render
  Details: {
  "timestamp": "2025-03-20T12:12:00.042Z",
  "is_connected": false,
  "is_authenticated": true,
  "is_authenticating": false
}
[2025-03-20T12:12:00.043Z] FRONTEND:AUTH - DEBUG: Auth Flow - HeaderConnect Render
  Details: {
  "timestamp": "2025-03-20T12:12:00.043Z",
  "is_connected": false,
  "is_authenticated": true,
  "is_authenticating": false
}
[2025-03-20T12:11:59.490Z] FRONTEND:AUTH - DEBUG: Auth Flow - Initial Auth State Check
  Details: {
  "timestamp": "2025-03-20T12:11:59.490Z",
  "has_token": true,
  "has_user": true
}
[2025-03-20T12:12:00.343Z] FRONTEND:CLIENT - ERROR: Client Error: Failed prop type: The prop `href` expects a `string` or `object` in `<Link>`, but got `undefined` instead.
Open your browser's console to view the Component stack trace.
  Details: {
  "stack": "Error: Failed prop type: The prop `href` expects a `string` or `object` in `<Link>`, but got `undefined` instead.\nOpen your browser's console to view the Component stack trace.\n    at createPropError (webpack-internal:///(app-pages-browser)/./node_modules/next/dist/client/app-dir/link.js:90:42)\n    at eval (webpack-internal:///(app-pages-browser)/./node_modules/next/dist/client/app-dir/link.js:104:27)\n    at Array.forEach (<anonymous>)\n    at LinkComponent (webpack-internal:///(app-pages-browser)/./node_modules/next/dist/client/app-dir/link.js:101:23)\n    at react-stack-bottom-frame (webpack-internal:///(app-pages-browser)/./node_modules/next/dist/compiled/react-dom/cjs/react-dom-client.development.js:23950:20)\n    at renderWithHooks (webpack-internal:///(app-pages-browser)/./node_modules/next/dist/compiled/react-dom/cjs/react-dom-client.development.js:5079:22)\n    at updateForwardRef (webpack-internal:///(app-pages-browser)/./node_modules/next/dist/compiled/react-dom/cjs/react-dom-client.development.js:8072:19)\n    at beginWork (webpack-internal:///(app-pages-browser)/./node_modules/next/dist/compiled/react-dom/cjs/react-dom-client.development.js:10284:18)\n    at runWithFiberInDEV (webpack-internal:///(app-pages-browser)/./node_modules/next/dist/compiled/react-dom/cjs/react-dom-client.development.js:1511:30)\n    at performUnitOfWork (webpack-internal:///(app-pages-browser)/./node_modules/next/dist/compiled/react-dom/cjs/react-dom-client.development.js:15120:22)\n    at workLoopSync (webpack-internal:///(app-pages-browser)/./node_modules/next/dist/compiled/react-dom/cjs/react-dom-client.development.js:14944:41)\n    at renderRootSync (webpack-internal:///(app-pages-browser)/./node_modules/next/dist/compiled/react-dom/cjs/react-dom-client.development.js:14924:11)\n    at performWorkOnRoot (webpack-internal:///(app-pages-browser)/./node_modules/next/dist/compiled/react-dom/cjs/react-dom-client.development.js:14454:44)\n    at performSyncWorkOnRoot (webpack-internal:///(app-pages-browser)/./node_modules/next/dist/compiled/react-dom/cjs/react-dom-client.development.js:16290:7)\n    at flushSyncWorkAcrossRoots_impl (webpack-internal:///(app-pages-browser)/./node_modules/next/dist/compiled/react-dom/cjs/react-dom-client.development.js:16138:21)\n    at flushSpawnedWork (webpack-internal:///(app-pages-browser)/./node_modules/next/dist/compiled/react-dom/cjs/react-dom-client.development.js:15665:9)\n    at commitRoot (webpack-internal:///(app-pages-browser)/./node_modules/next/dist/compiled/react-dom/cjs/react-dom-client.development.js:15391:9)\n    at commitRootWhenReady (webpack-internal:///(app-pages-browser)/./node_modules/next/dist/compiled/react-dom/cjs/react-dom-client.development.js:14644:7)\n    at performWorkOnRoot (webpack-internal:///(app-pages-browser)/./node_modules/next/dist/compiled/react-dom/cjs/react-dom-client.development.js:14567:15)\n    at performWorkOnRootViaSchedulerTask (webpack-internal:///(app-pages-browser)/./node_modules/next/dist/compiled/react-dom/cjs/react-dom-client.development.js:16275:7)\n    at MessagePort.performWorkUntilDeadline (webpack-internal:///(app-pages-browser)/./node_modules/next/dist/compiled/scheduler/cjs/scheduler.development.js:45:48)",
  "location": "global-error-boundary",
  "errorType": "unhandled-error"
}
[2025-03-20T12:12:00.340Z] FRONTEND:CLIENT - ERROR: Client Error: Failed prop type: The prop `href` expects a `string` or `object` in `<Link>`, but got `undefined` instead.
Open your browser's console to view the Component stack trace.
  Details: {
  "stack": "Error: Failed prop type: The prop `href` expects a `string` or `object` in `<Link>`, but got `undefined` instead.\nOpen your browser's console to view the Component stack trace.\n    at createPropError (webpack-internal:///(app-pages-browser)/./node_modules/next/dist/client/app-dir/link.js:90:42)\n    at eval (webpack-internal:///(app-pages-browser)/./node_modules/next/dist/client/app-dir/link.js:104:27)\n    at Array.forEach (<anonymous>)\n    at LinkComponent (webpack-internal:///(app-pages-browser)/./node_modules/next/dist/client/app-dir/link.js:101:23)\n    at react-stack-bottom-frame (webpack-internal:///(app-pages-browser)/./node_modules/next/dist/compiled/react-dom/cjs/react-dom-client.development.js:23950:20)\n    at renderWithHooks (webpack-internal:///(app-pages-browser)/./node_modules/next/dist/compiled/react-dom/cjs/react-dom-client.development.js:5079:22)\n    at updateForwardRef (webpack-internal:///(app-pages-browser)/./node_modules/next/dist/compiled/react-dom/cjs/react-dom-client.development.js:8072:19)\n    at beginWork (webpack-internal:///(app-pages-browser)/./node_modules/next/dist/compiled/react-dom/cjs/react-dom-client.development.js:10284:18)\n    at runWithFiberInDEV (webpack-internal:///(app-pages-browser)/./node_modules/next/dist/compiled/react-dom/cjs/react-dom-client.development.js:1511:30)\n    at performUnitOfWork (webpack-internal:///(app-pages-browser)/./node_modules/next/dist/compiled/react-dom/cjs/react-dom-client.development.js:15120:22)\n    at workLoopSync (webpack-internal:///(app-pages-browser)/./node_modules/next/dist/compiled/react-dom/cjs/react-dom-client.development.js:14944:41)\n    at renderRootSync (webpack-internal:///(app-pages-browser)/./node_modules/next/dist/compiled/react-dom/cjs/react-dom-client.development.js:14924:11)\n    at performWorkOnRoot (webpack-internal:///(app-pages-browser)/./node_modules/next/dist/compiled/react-dom/cjs/react-dom-client.development.js:14454:44)\n    at performSyncWorkOnRoot (webpack-internal:///(app-pages-browser)/./node_modules/next/dist/compiled/react-dom/cjs/react-dom-client.development.js:16290:7)\n    at flushSyncWorkAcrossRoots_impl (webpack-internal:///(app-pages-browser)/./node_modules/next/dist/compiled/react-dom/cjs/react-dom-client.development.js:16138:21)\n    at flushSpawnedWork (webpack-internal:///(app-pages-browser)/./node_modules/next/dist/compiled/react-dom/cjs/react-dom-client.development.js:15665:9)\n    at commitRoot (webpack-internal:///(app-pages-browser)/./node_modules/next/dist/compiled/react-dom/cjs/react-dom-client.development.js:15391:9)\n    at commitRootWhenReady (webpack-internal:///(app-pages-browser)/./node_modules/next/dist/compiled/react-dom/cjs/react-dom-client.development.js:14644:7)\n    at performWorkOnRoot (webpack-internal:///(app-pages-browser)/./node_modules/next/dist/compiled/react-dom/cjs/react-dom-client.development.js:14567:15)\n    at performWorkOnRootViaSchedulerTask (webpack-internal:///(app-pages-browser)/./node_modules/next/dist/compiled/react-dom/cjs/react-dom-client.development.js:16275:7)\n    at MessagePort.performWorkUntilDeadline (webpack-internal:///(app-pages-browser)/./node_modules/next/dist/compiled/scheduler/cjs/scheduler.development.js:45:48)",
  "location": "global-error-boundary",
  "errorType": "unhandled-error"
}
[2025-03-20T12:12:12.720Z] FRONTEND:AUTH - DEBUG: Auth Flow - Initial Auth State Check
  Details: {
  "timestamp": "2025-03-20T12:12:12.720Z",
  "has_token": true,
  "has_user": true
}
[2025-03-20T12:12:12.897Z] FRONTEND:AUTH - DEBUG: Auth Flow - HeaderConnect Render
  Details: {
  "timestamp": "2025-03-20T12:12:12.897Z",
  "is_connected": false,
  "is_authenticated": true,
  "is_authenticating": false
}
[2025-03-20T12:12:12.898Z] FRONTEND:AUTH - DEBUG: Auth Flow - HeaderConnect Render
  Details: {
  "timestamp": "2025-03-20T12:12:12.898Z",
  "is_connected": false,
  "is_authenticated": true,
  "is_authenticating": false
}
[2025-03-20T12:12:13.183Z] FRONTEND:AUTH - DEBUG: Auth Flow - HeaderConnect Render
  Details: {
  "timestamp": "2025-03-20T12:12:13.183Z",
  "is_connected": false,
  "is_authenticated": true,
  "is_authenticating": false
}
[2025-03-20T12:12:13.183Z] FRONTEND:AUTH - DEBUG: Auth Flow - HeaderConnect Render
  Details: {
  "timestamp": "2025-03-20T12:12:13.183Z",
  "is_connected": false,
  "is_authenticated": true,
  "is_authenticating": false
}
[2025-03-20T12:12:13.413Z] FRONTEND:CLIENT - ERROR: Client Error: Failed prop type: The prop `href` expects a `string` or `object` in `<Link>`, but got `undefined` instead.
Open your browser's console to view the Component stack trace.
  Details: {
  "stack": "Error: Failed prop type: The prop `href` expects a `string` or `object` in `<Link>`, but got `undefined` instead.\nOpen your browser's console to view the Component stack trace.\n    at createPropError (webpack-internal:///(app-pages-browser)/./node_modules/next/dist/client/app-dir/link.js:90:42)\n    at eval (webpack-internal:///(app-pages-browser)/./node_modules/next/dist/client/app-dir/link.js:104:27)\n    at Array.forEach (<anonymous>)\n    at LinkComponent (webpack-internal:///(app-pages-browser)/./node_modules/next/dist/client/app-dir/link.js:101:23)\n    at react-stack-bottom-frame (webpack-internal:///(app-pages-browser)/./node_modules/next/dist/compiled/react-dom/cjs/react-dom-client.development.js:23950:20)\n    at renderWithHooks (webpack-internal:///(app-pages-browser)/./node_modules/next/dist/compiled/react-dom/cjs/react-dom-client.development.js:5079:22)\n    at updateForwardRef (webpack-internal:///(app-pages-browser)/./node_modules/next/dist/compiled/react-dom/cjs/react-dom-client.development.js:8072:19)\n    at beginWork (webpack-internal:///(app-pages-browser)/./node_modules/next/dist/compiled/react-dom/cjs/react-dom-client.development.js:10284:18)\n    at runWithFiberInDEV (webpack-internal:///(app-pages-browser)/./node_modules/next/dist/compiled/react-dom/cjs/react-dom-client.development.js:1511:30)\n    at performUnitOfWork (webpack-internal:///(app-pages-browser)/./node_modules/next/dist/compiled/react-dom/cjs/react-dom-client.development.js:15120:22)\n    at workLoopSync (webpack-internal:///(app-pages-browser)/./node_modules/next/dist/compiled/react-dom/cjs/react-dom-client.development.js:14944:41)\n    at renderRootSync (webpack-internal:///(app-pages-browser)/./node_modules/next/dist/compiled/react-dom/cjs/react-dom-client.development.js:14924:11)\n    at performWorkOnRoot (webpack-internal:///(app-pages-browser)/./node_modules/next/dist/compiled/react-dom/cjs/react-dom-client.development.js:14454:44)\n    at performSyncWorkOnRoot (webpack-internal:///(app-pages-browser)/./node_modules/next/dist/compiled/react-dom/cjs/react-dom-client.development.js:16290:7)\n    at flushSyncWorkAcrossRoots_impl (webpack-internal:///(app-pages-browser)/./node_modules/next/dist/compiled/react-dom/cjs/react-dom-client.development.js:16138:21)\n    at processRootScheduleInMicrotask (webpack-internal:///(app-pages-browser)/./node_modules/next/dist/compiled/react-dom/cjs/react-dom-client.development.js:16175:7)\n    at eval (webpack-internal:///(app-pages-browser)/./node_modules/next/dist/compiled/react-dom/cjs/react-dom-client.development.js:16309:13)",
  "location": "global-error-boundary",
  "errorType": "unhandled-error"
}
[2025-03-20T12:12:13.417Z] FRONTEND:CLIENT - ERROR: Client Error: Failed prop type: The prop `href` expects a `string` or `object` in `<Link>`, but got `undefined` instead.
Open your browser's console to view the Component stack trace.
  Details: {
  "stack": "Error: Failed prop type: The prop `href` expects a `string` or `object` in `<Link>`, but got `undefined` instead.\nOpen your browser's console to view the Component stack trace.\n    at createPropError (webpack-internal:///(app-pages-browser)/./node_modules/next/dist/client/app-dir/link.js:90:42)\n    at eval (webpack-internal:///(app-pages-browser)/./node_modules/next/dist/client/app-dir/link.js:104:27)\n    at Array.forEach (<anonymous>)\n    at LinkComponent (webpack-internal:///(app-pages-browser)/./node_modules/next/dist/client/app-dir/link.js:101:23)\n    at react-stack-bottom-frame (webpack-internal:///(app-pages-browser)/./node_modules/next/dist/compiled/react-dom/cjs/react-dom-client.development.js:23950:20)\n    at renderWithHooks (webpack-internal:///(app-pages-browser)/./node_modules/next/dist/compiled/react-dom/cjs/react-dom-client.development.js:5079:22)\n    at updateForwardRef (webpack-internal:///(app-pages-browser)/./node_modules/next/dist/compiled/react-dom/cjs/react-dom-client.development.js:8072:19)\n    at beginWork (webpack-internal:///(app-pages-browser)/./node_modules/next/dist/compiled/react-dom/cjs/react-dom-client.development.js:10284:18)\n    at runWithFiberInDEV (webpack-internal:///(app-pages-browser)/./node_modules/next/dist/compiled/react-dom/cjs/react-dom-client.development.js:1511:30)\n    at performUnitOfWork (webpack-internal:///(app-pages-browser)/./node_modules/next/dist/compiled/react-dom/cjs/react-dom-client.development.js:15120:22)\n    at workLoopSync (webpack-internal:///(app-pages-browser)/./node_modules/next/dist/compiled/react-dom/cjs/react-dom-client.development.js:14944:41)\n    at renderRootSync (webpack-internal:///(app-pages-browser)/./node_modules/next/dist/compiled/react-dom/cjs/react-dom-client.development.js:14924:11)\n    at performWorkOnRoot (webpack-internal:///(app-pages-browser)/./node_modules/next/dist/compiled/react-dom/cjs/react-dom-client.development.js:14454:44)\n    at performSyncWorkOnRoot (webpack-internal:///(app-pages-browser)/./node_modules/next/dist/compiled/react-dom/cjs/react-dom-client.development.js:16290:7)\n    at flushSyncWorkAcrossRoots_impl (webpack-internal:///(app-pages-browser)/./node_modules/next/dist/compiled/react-dom/cjs/react-dom-client.development.js:16138:21)\n    at processRootScheduleInMicrotask (webpack-internal:///(app-pages-browser)/./node_modules/next/dist/compiled/react-dom/cjs/react-dom-client.development.js:16175:7)\n    at eval (webpack-internal:///(app-pages-browser)/./node_modules/next/dist/compiled/react-dom/cjs/react-dom-client.development.js:16309:13)",
  "location": "global-error-boundary",
  "errorType": "unhandled-error"
}
[2025-03-20T12:13:13.970Z] FRONTEND:AUTH - DEBUG: Auth Flow - Initial Auth State Check
  Details: {
  "timestamp": "2025-03-20T12:13:13.970Z",
  "has_token": true,
  "has_user": true
}
[2025-03-20T12:13:14.055Z] FRONTEND:AUTH - DEBUG: Auth Flow - HeaderConnect Render
  Details: {
  "timestamp": "2025-03-20T12:13:14.055Z",
  "is_connected": false,
  "is_authenticated": false,
  "is_authenticating": false
}
[2025-03-20T12:13:14.056Z] FRONTEND:AUTH - DEBUG: Auth Flow - HeaderConnect Render
  Details: {
  "timestamp": "2025-03-20T12:13:14.056Z",
  "is_connected": false,
  "is_authenticated": false,
  "is_authenticating": false
}
[2025-03-20T12:13:14.696Z] FRONTEND:AUTH - DEBUG: Auth Flow - Auth state updated
  Details: {
  "timestamp": "2025-03-20T12:13:14.696Z",
  "is_connected": false,
  "is_authenticated": false,
  "is_authenticating": false,
  "initial_check_done": false,
  "needs_reauthentication": false,
  "last_authenticated_address": null
}
[2025-03-20T12:13:14.728Z] FRONTEND:AUTH - DEBUG: Auth Flow - HeaderConnect Render
  Details: {
  "timestamp": "2025-03-20T12:13:14.728Z",
  "is_connected": false,
  "is_authenticated": true,
  "is_authenticating": false
}
[2025-03-20T12:13:14.729Z] FRONTEND:AUTH - DEBUG: Auth Flow - HeaderConnect Render
  Details: {
  "timestamp": "2025-03-20T12:13:14.729Z",
  "is_connected": false,
  "is_authenticated": true,
  "is_authenticating": false
}
[2025-03-20T12:13:14.775Z] FRONTEND:AUTH - DEBUG: Auth Flow - HeaderConnect Render
  Details: {
  "timestamp": "2025-03-20T12:13:14.775Z",
  "is_connected": false,
  "is_authenticated": true,
  "is_authenticating": false
}
[2025-03-20T12:13:14.776Z] FRONTEND:AUTH - DEBUG: Auth Flow - HeaderConnect Render
  Details: {
  "timestamp": "2025-03-20T12:13:14.776Z",
  "is_connected": false,
  "is_authenticated": true,
  "is_authenticating": false
}
[2025-03-20T12:13:14.811Z] FRONTEND:AUTH - DEBUG: Auth Flow - HeaderConnect Render
  Details: {
  "timestamp": "2025-03-20T12:13:14.811Z",
  "is_connected": false,
  "is_authenticated": true,
  "is_authenticating": false
}
[2025-03-20T12:13:14.811Z] FRONTEND:AUTH - DEBUG: Auth Flow - HeaderConnect Render
  Details: {
  "timestamp": "2025-03-20T12:13:14.811Z",
  "is_connected": false,
  "is_authenticated": true,
  "is_authenticating": false
}
[2025-03-20T12:13:14.858Z] FRONTEND:AUTH - DEBUG: Auth Flow - Auth state updated
  Details: {
  "timestamp": "2025-03-20T12:13:14.858Z",
  "is_connected": false,
  "is_authenticated": true,
  "auth_wallet_address": "0x0300B70e40F138927e3a988ce4A9a069Ff875336",
  "is_authenticating": false,
  "initial_check_done": false,
  "needs_reauthentication": false,
  "last_authenticated_address": null
}
[2025-03-20T12:13:14.858Z] FRONTEND:AUTH - DEBUG: Auth Flow - HeaderConnect - Wallet Disconnected while Authenticated
  Details: {
  "timestamp": "2025-03-20T12:13:14.858Z"
}
[2025-03-20T12:13:14.859Z] FRONTEND:AUTH - DEBUG: Auth Flow - Logout
  Details: {
  "timestamp": "2025-03-20T12:13:14.859Z",
  "wallet_address": "0x0300B70e40F138927e3a988ce4A9a069Ff875336"
}
[2025-03-20T12:13:14.880Z] FRONTEND:AUTH - DEBUG: Auth Flow - HeaderConnect Render
  Details: {
  "timestamp": "2025-03-20T12:13:14.880Z",
  "is_connected": false,
  "is_authenticated": false,
  "is_authenticating": false
}
[2025-03-20T12:13:14.901Z] FRONTEND:AUTH - DEBUG: Auth Flow - Auth state updated
  Details: {
  "timestamp": "2025-03-20T12:13:14.901Z",
  "is_connected": false,
  "is_authenticated": false,
  "is_authenticating": false,
  "initial_check_done": false,
  "needs_reauthentication": false,
  "last_authenticated_address": null
}
[2025-03-20T12:13:14.881Z] FRONTEND:AUTH - DEBUG: Auth Flow - HeaderConnect Render
  Details: {
  "timestamp": "2025-03-20T12:13:14.881Z",
  "is_connected": false,
  "is_authenticated": false,
  "is_authenticating": false
}
[2025-03-20T12:13:15.461Z] FRONTEND:AUTH - DEBUG: Auth Flow - HeaderConnect Render
  Details: {
  "timestamp": "2025-03-20T12:13:15.461Z",
  "wallet_address": "0x0300B70e40F138927e3a988ce4A9a069Ff875336",
  "is_connected": false,
  "is_authenticated": false,
  "is_authenticating": false
}
[2025-03-20T12:13:15.462Z] FRONTEND:AUTH - DEBUG: Auth Flow - HeaderConnect Render
  Details: {
  "timestamp": "2025-03-20T12:13:15.462Z",
  "wallet_address": "0x0300B70e40F138927e3a988ce4A9a069Ff875336",
  "is_connected": false,
  "is_authenticated": false,
  "is_authenticating": false
}
[2025-03-20T12:13:15.475Z] FRONTEND:AUTH - DEBUG: Auth Flow - Auth state updated
  Details: {
  "timestamp": "2025-03-20T12:13:15.475Z",
  "is_connected": false,
  "is_authenticated": false,
  "wallet_address": "0x0300B70e40F138927e3a988ce4A9a069Ff875336",
  "is_authenticating": false,
  "initial_check_done": false,
  "needs_reauthentication": false,
  "last_authenticated_address": null
}
[2025-03-20T12:13:15.548Z] FRONTEND:AUTH - DEBUG: Auth Flow - Authentication needed - not authenticated
  Details: {
  "timestamp": "2025-03-20T12:13:15.548Z",
  "address": "0x0300B70e40F138927e3a988ce4A9a069Ff875336",
  "is_connected": true
}
[2025-03-20T12:13:15.549Z] FRONTEND:AUTH - DEBUG: Auth Flow - Authentication needed - not authenticated
  Details: {
  "timestamp": "2025-03-20T12:13:15.549Z",
  "address": "0x0300B70e40F138927e3a988ce4A9a069Ff875336",
  "is_connected": true
}
[2025-03-20T12:13:15.549Z] FRONTEND:AUTH - DEBUG: Auth Flow - HeaderConnect Render
  Details: {
  "timestamp": "2025-03-20T12:13:15.549Z",
  "wallet_address": "0x0300B70e40F138927e3a988ce4A9a069Ff875336",
  "is_connected": true,
  "is_authenticated": false,
  "is_authenticating": false
}
[2025-03-20T12:13:15.550Z] FRONTEND:AUTH - DEBUG: Auth Flow - HeaderConnect Render
  Details: {
  "timestamp": "2025-03-20T12:13:15.550Z",
  "wallet_address": "0x0300B70e40F138927e3a988ce4A9a069Ff875336",
  "is_connected": true,
  "is_authenticated": false,
  "is_authenticating": false
}
[2025-03-20T12:13:15.564Z] FRONTEND:AUTH - DEBUG: Auth Flow - Auth Check
  Details: {
  "timestamp": "2025-03-20T12:13:15.564Z",
  "has_token": false,
  "has_user": false
}
[2025-03-20T12:13:15.565Z] FRONTEND:AUTH - DEBUG: Auth Flow - Starting authentication
  Details: {
  "timestamp": "2025-03-20T12:13:15.565Z",
  "wallet_address": "0x0300B70e40F138927e3a988ce4A9a069Ff875336",
  "is_connected": true,
  "initial_check_done": true
}
[2025-03-20T12:13:15.565Z] FRONTEND:AUTH - DEBUG: Auth Flow - Request Signature
  Details: {
  "timestamp": "2025-03-20T12:13:15.565Z",
  "walletAddress": "0x0300B70e40F138927e3a988ce4A9a069Ff875336"
}
[2025-03-20T12:13:15.567Z] FRONTEND:AUTH - DEBUG: Auth Flow - Auth state updated
  Details: {
  "timestamp": "2025-03-20T12:13:15.567Z",
  "is_connected": true,
  "is_authenticated": false,
  "wallet_address": "0x0300B70e40F138927e3a988ce4A9a069Ff875336",
  "is_authenticating": false,
  "initial_check_done": true,
  "needs_reauthentication": true,
  "last_authenticated_address": null
}
[2025-03-20T12:13:15.570Z] FRONTEND:AUTH - DEBUG: Auth Flow - Auth state restoration failed - triggering authentication
  Details: {
  "timestamp": "2025-03-20T12:13:15.570Z",
  "address": "0x0300B70e40F138927e3a988ce4A9a069Ff875336",
  "is_connected": true
}
[2025-03-20T12:13:15.571Z] FRONTEND:AUTH - DEBUG: Auth Flow - Token Retrieval
  Details: {
  "timestamp": "2025-03-20T12:13:15.570Z",
  "exists": false
}
[2025-03-20T12:13:15.591Z] FRONTEND:AUTH - DEBUG: Auth Flow - HeaderConnect Render
  Details: {
  "timestamp": "2025-03-20T12:13:15.591Z",
  "wallet_address": "0x0300B70e40F138927e3a988ce4A9a069Ff875336",
  "is_connected": true,
  "is_authenticated": false,
  "is_authenticating": true
}
[2025-03-20T12:13:15.592Z] FRONTEND:AUTH - DEBUG: Auth Flow - HeaderConnect Render
  Details: {
  "timestamp": "2025-03-20T12:13:15.592Z",
  "wallet_address": "0x0300B70e40F138927e3a988ce4A9a069Ff875336",
  "is_connected": true,
  "is_authenticated": false,
  "is_authenticating": true
}
[2025-03-20T12:13:15.605Z] FRONTEND:AUTH - DEBUG: Auth Flow - Signature Requested
  Details: {
  "timestamp": "2025-03-20T12:13:15.605Z",
  "nonce": "aa7911eaedbf439b604d6780be457f1b7fbc5702869166cc94ba4ef7b9d27b3f"
}
[2025-03-20T12:13:15.608Z] FRONTEND:AUTH - DEBUG: Auth Flow - Auth state updated
  Details: {
  "timestamp": "2025-03-20T12:13:15.608Z",
  "is_connected": true,
  "is_authenticated": false,
  "wallet_address": "0x0300B70e40F138927e3a988ce4A9a069Ff875336",
  "is_authenticating": true,
  "initial_check_done": true,
  "needs_reauthentication": true,
  "last_authenticated_address": null
}
[2025-03-20T12:13:15.610Z] FRONTEND:AUTH - DEBUG: Auth Flow - HeaderConnect Render
  Details: {
  "timestamp": "2025-03-20T12:13:15.610Z",
  "wallet_address": "0x0300B70e40F138927e3a988ce4A9a069Ff875336",
  "is_connected": true,
  "is_authenticated": false,
  "is_authenticating": true
}
[2025-03-20T12:13:15.611Z] FRONTEND:AUTH - DEBUG: Auth Flow - HeaderConnect Render
  Details: {
  "timestamp": "2025-03-20T12:13:15.611Z",
  "wallet_address": "0x0300B70e40F138927e3a988ce4A9a069Ff875336",
  "is_connected": true,
  "is_authenticated": false,
  "is_authenticating": true
}
[2025-03-20T12:13:30.187Z] FRONTEND:AUTH - DEBUG: Auth Flow - Verify Signature
  Details: {
  "timestamp": "2025-03-20T12:13:30.187Z",
  "walletAddress": "0x0300B70e40F138927e3a988ce4A9a069Ff875336",
  "nonce": "aa7911eaedbf439b604d6780be457f1b7fbc5702869166cc94ba4ef7b9d27b3f"
}
[2025-03-20T12:13:30.188Z] FRONTEND:AUTH - DEBUG: Auth Flow - Token Retrieval
  Details: {
  "timestamp": "2025-03-20T12:13:30.188Z",
  "exists": false
}
[2025-03-20T12:13:30.190Z] FRONTEND:AUTH - DEBUG: Auth Flow - HeaderConnect Render
  Details: {
  "timestamp": "2025-03-20T12:13:30.190Z",
  "wallet_address": "0x0300B70e40F138927e3a988ce4A9a069Ff875336",
  "is_connected": true,
  "is_authenticated": false,
  "is_authenticating": true
}
[2025-03-20T12:13:30.191Z] FRONTEND:AUTH - DEBUG: Auth Flow - HeaderConnect Render
  Details: {
  "timestamp": "2025-03-20T12:13:30.191Z",
  "wallet_address": "0x0300B70e40F138927e3a988ce4A9a069Ff875336",
  "is_connected": true,
  "is_authenticated": false,
  "is_authenticating": true
}
[2025-03-20T12:13:30.366Z] FRONTEND:AUTH - INFO: Token Operation - store
  Details: {
  "timestamp": "2025-03-20T12:13:30.365Z",
  "success": true
}
[2025-03-20T12:13:30.366Z] FRONTEND:AUTH - DEBUG: Auth Flow - Signature Verified
  Details: {
  "timestamp": "2025-03-20T12:13:30.366Z",
  "success": true
}
[2025-03-20T12:13:30.367Z] FRONTEND:AUTH - DEBUG: Auth Flow - Login
  Details: {
  "timestamp": "2025-03-20T12:13:30.367Z",
  "wallet_address": "0x0300B70e40F138927e3a988ce4A9a069Ff875336",
  "token_length": 188
}
[2025-03-20T12:13:30.368Z] FRONTEND:AUTH - DEBUG: Auth Flow - Authentication successful
  Details: {
  "timestamp": "2025-03-20T12:13:30.368Z",
  "wallet_address": "0x0300B70e40F138927e3a988ce4A9a069Ff875336"
}
[2025-03-20T12:13:30.370Z] FRONTEND:AUTH - DEBUG: Auth Flow - HeaderConnect Render
  Details: {
  "timestamp": "2025-03-20T12:13:30.370Z",
  "wallet_address": "0x0300B70e40F138927e3a988ce4A9a069Ff875336",
  "is_connected": true,
  "is_authenticated": true,
  "is_authenticating": false
}
[2025-03-20T12:13:30.371Z] FRONTEND:AUTH - DEBUG: Auth Flow - HeaderConnect Render
  Details: {
  "timestamp": "2025-03-20T12:13:30.371Z",
  "wallet_address": "0x0300B70e40F138927e3a988ce4A9a069Ff875336",
  "is_connected": true,
  "is_authenticated": true,
  "is_authenticating": false
}
[2025-03-20T12:13:30.385Z] FRONTEND:AUTH - DEBUG: Auth Flow - Auth state updated
  Details: {
  "timestamp": "2025-03-20T12:13:30.385Z",
  "is_connected": true,
  "is_authenticated": true,
  "wallet_address": "0x0300B70e40F138927e3a988ce4A9a069Ff875336",
  "auth_wallet_address": "0x0300B70e40F138927e3a988ce4A9a069Ff875336",
  "is_authenticating": false,
  "initial_check_done": true,
  "needs_reauthentication": false,
  "last_authenticated_address": "0x0300B70e40F138927e3a988ce4A9a069Ff875336"
}
[2025-03-20T12:15:55.775Z] FRONTEND:AUTH - DEBUG: Auth Flow - HeaderConnect Render
  Details: {
  "timestamp": "2025-03-20T12:15:55.775Z",
  "wallet_address": "0x0300B70e40F138927e3a988ce4A9a069Ff875336",
  "is_connected": true,
  "is_authenticated": true,
  "is_authenticating": false
}
[2025-03-20T12:15:55.896Z] FRONTEND:AUTH - DEBUG: Auth Flow - Auth Check
  Details: {
  "timestamp": "2025-03-20T12:15:55.896Z",
  "has_token": true,
  "has_user": true
}
[2025-03-20T12:15:55.897Z] FRONTEND:AUTH - DEBUG: Auth Flow - Auth state updated
  Details: {
  "timestamp": "2025-03-20T12:15:55.897Z",
  "is_connected": true,
  "is_authenticated": true,
  "wallet_address": "0x0300B70e40F138927e3a988ce4A9a069Ff875336",
  "auth_wallet_address": "0x0300B70e40F138927e3a988ce4A9a069Ff875336",
  "is_authenticating": false,
  "initial_check_done": true,
  "needs_reauthentication": false,
  "last_authenticated_address": null
}
[2025-03-20T12:15:55.898Z] FRONTEND:CS2 - INFO: Market navbar mounted with enhanced Skinport style and animations
  Details: {
  "categoriesCount": 4,
  "currentCategory": "none",
  "style": "text-only-enhanced-animated",
  "log_destination": "market",
  "timestamp": "2025-03-20T12:15:55.898Z"
}
[2025-03-20T12:15:55.900Z] FRONTEND:CS2 - INFO: Rendering 5 products with enhanced staggered animation
  Details: {
  "productCount": 5,
  "productIds": [
    "cs2-awp-crakow-minimal-wear",
    "cs2-ak47-asiimov-factory-new",
    "cs2-m4a4-howl-field-tested",
    "cs2-deagle-printstream-minimal-wear",
    "cs2-butterfly-doppler-factory-new"
  ],
  "animationEnabled": true,
  "staggerType": "wave",
  "baseDelay": "35ms",
  "log_destination": "market",
  "timestamp": "2025-03-20T12:15:55.899Z"
}
[2025-03-20T12:15:55.774Z] FRONTEND:AUTH - DEBUG: Auth Flow - HeaderConnect Render
  Details: {
  "timestamp": "2025-03-20T12:15:55.774Z",
  "wallet_address": "0x0300B70e40F138927e3a988ce4A9a069Ff875336",
  "is_connected": true,
  "is_authenticated": true,
  "is_authenticating": false
}
[2025-03-20T12:15:55.900Z] FRONTEND:CS2 - INFO: MarketPageView mounted with 5 products and enhanced animations
  Details: {
  "page": 1,
  "pageSize": 20,
  "totalProducts": 5,
  "productIds": [
    "cs2-awp-crakow-minimal-wear",
    "cs2-ak47-asiimov-factory-new",
    "cs2-m4a4-howl-field-tested",
    "cs2-deagle-printstream-minimal-wear",
    "cs2-butterfly-doppler-factory-new"
  ],
  "transitionType": "initial-mount",
  "animationsEnabled": true,
  "log_destination": "market",
  "timestamp": "2025-03-20T12:15:55.900Z"
}
[2025-03-20T12:15:55.903Z] FRONTEND:CS2 - DEBUG: MarketPageView unmounted
  Details: {
  "page": 1,
  "log_destination": "market",
  "timestamp": "2025-03-20T12:15:55.903Z"
}
[2025-03-20T12:15:55.904Z] FRONTEND:AUTH - DEBUG: Auth Flow - Auth state updated
  Details: {
  "timestamp": "2025-03-20T12:15:55.904Z",
  "is_connected": true,
  "is_authenticated": true,
  "wallet_address": "0x0300B70e40F138927e3a988ce4A9a069Ff875336",
  "auth_wallet_address": "0x0300B70e40F138927e3a988ce4A9a069Ff875336",
  "is_authenticating": false,
  "initial_check_done": true,
  "needs_reauthentication": false,
  "last_authenticated_address": null
}
[2025-03-20T12:15:55.905Z] FRONTEND:CS2 - INFO: Rendering 5 products with enhanced staggered animation
  Details: {
  "productCount": 5,
  "productIds": [
    "cs2-awp-crakow-minimal-wear",
    "cs2-ak47-asiimov-factory-new",
    "cs2-m4a4-howl-field-tested",
    "cs2-deagle-printstream-minimal-wear",
    "cs2-butterfly-doppler-factory-new"
  ],
  "animationEnabled": true,
  "staggerType": "wave",
  "baseDelay": "35ms",
  "log_destination": "market",
  "timestamp": "2025-03-20T12:15:55.905Z"
}
[2025-03-20T12:15:55.921Z] FRONTEND:AUTH - DEBUG: Auth Flow - HeaderConnect Render
  Details: {
  "timestamp": "2025-03-20T12:15:55.921Z",
  "wallet_address": "0x0300B70e40F138927e3a988ce4A9a069Ff875336",
  "is_connected": true,
  "is_authenticated": true,
  "is_authenticating": false
}
[2025-03-20T12:15:55.921Z] FRONTEND:AUTH - DEBUG: Auth Flow - HeaderConnect Render
  Details: {
  "timestamp": "2025-03-20T12:15:55.921Z",
  "wallet_address": "0x0300B70e40F138927e3a988ce4A9a069Ff875336",
  "is_connected": true,
  "is_authenticated": true,
  "is_authenticating": false
}
[2025-03-20T12:15:55.988Z] FRONTEND:AUTH - DEBUG: Auth Flow - HeaderConnect Render
  Details: {
  "timestamp": "2025-03-20T12:15:55.988Z",
  "wallet_address": "0x0300B70e40F138927e3a988ce4A9a069Ff875336",
  "is_connected": true,
  "is_authenticated": true,
  "is_authenticating": false
}
[2025-03-20T12:15:56.043Z] FRONTEND:AUTH - DEBUG: Auth Flow - Auth Check
  Details: {
  "timestamp": "2025-03-20T12:15:56.043Z",
  "has_token": true,
  "has_user": true
}
[2025-03-20T12:15:56.043Z] FRONTEND:AUTH - DEBUG: Auth Flow - Auth state updated
  Details: {
  "timestamp": "2025-03-20T12:15:56.043Z",
  "is_connected": true,
  "is_authenticated": true,
  "wallet_address": "0x0300B70e40F138927e3a988ce4A9a069Ff875336",
  "auth_wallet_address": "0x0300B70e40F138927e3a988ce4A9a069Ff875336",
  "is_authenticating": false,
  "initial_check_done": true,
  "needs_reauthentication": false,
  "last_authenticated_address": null
}
[2025-03-20T12:15:56.043Z] FRONTEND:CS2 - INFO: Market navbar mounted with enhanced Skinport style and animations
  Details: {
  "categoriesCount": 4,
  "currentCategory": "none",
  "style": "text-only-enhanced-animated",
  "log_destination": "market",
  "timestamp": "2025-03-20T12:15:56.043Z"
}
[2025-03-20T12:15:55.988Z] FRONTEND:AUTH - DEBUG: Auth Flow - HeaderConnect Render
  Details: {
  "timestamp": "2025-03-20T12:15:55.988Z",
  "wallet_address": "0x0300B70e40F138927e3a988ce4A9a069Ff875336",
  "is_connected": true,
  "is_authenticated": true,
  "is_authenticating": false
}
[2025-03-20T12:15:56.044Z] FRONTEND:AUTH - DEBUG: Auth Flow - Auth state updated
  Details: {
  "timestamp": "2025-03-20T12:15:56.044Z",
  "is_connected": true,
  "is_authenticated": true,
  "wallet_address": "0x0300B70e40F138927e3a988ce4A9a069Ff875336",
  "auth_wallet_address": "0x0300B70e40F138927e3a988ce4A9a069Ff875336",
  "is_authenticating": false,
  "initial_check_done": true,
  "needs_reauthentication": false,
  "last_authenticated_address": null
}
[2025-03-20T12:15:56.064Z] FRONTEND:AUTH - DEBUG: Auth Flow - HeaderConnect Render
  Details: {
  "timestamp": "2025-03-20T12:15:56.064Z",
  "wallet_address": "0x0300B70e40F138927e3a988ce4A9a069Ff875336",
  "is_connected": true,
  "is_authenticated": true,
  "is_authenticating": false
}
[2025-03-20T12:15:56.065Z] FRONTEND:AUTH - DEBUG: Auth Flow - HeaderConnect Render
  Details: {
  "timestamp": "2025-03-20T12:15:56.065Z",
  "wallet_address": "0x0300B70e40F138927e3a988ce4A9a069Ff875336",
  "is_connected": true,
  "is_authenticated": true,
  "is_authenticating": false
}
[2025-03-20T12:17:09.773Z] FRONTEND:AUTH - DEBUG: Auth Flow - Initial Auth State Check
  Details: {
  "timestamp": "2025-03-20T12:17:09.772Z",
  "has_token": true,
  "has_user": true
}
[2025-03-20T12:17:09.868Z] FRONTEND:AUTH - DEBUG: Auth Flow - HeaderConnect Render
  Details: {
  "timestamp": "2025-03-20T12:17:09.868Z",
  "is_connected": false,
  "is_authenticated": false,
  "is_authenticating": false
}
[2025-03-20T12:17:09.869Z] FRONTEND:AUTH - DEBUG: Auth Flow - HeaderConnect Render
  Details: {
  "timestamp": "2025-03-20T12:17:09.869Z",
  "is_connected": false,
  "is_authenticated": false,
  "is_authenticating": false
}
[2025-03-20T12:17:09.960Z] FRONTEND:AUTH - DEBUG: Auth Flow - Auth state updated
  Details: {
  "timestamp": "2025-03-20T12:17:09.960Z",
  "is_connected": false,
  "is_authenticated": false,
  "is_authenticating": false,
  "initial_check_done": false,
  "needs_reauthentication": false,
  "last_authenticated_address": null
}
[2025-03-20T12:17:09.961Z] FRONTEND:CS2 - INFO: Market navbar mounted with enhanced Skinport style and animations
  Details: {
  "categoriesCount": 4,
  "currentCategory": "none",
  "style": "text-only-enhanced-animated",
  "log_destination": "market",
  "timestamp": "2025-03-20T12:17:09.961Z"
}
[2025-03-20T12:17:09.968Z] FRONTEND:CS2 - INFO: Rendering 5 products with enhanced staggered animation
  Details: {
  "productCount": 5,
  "productIds": [
    "cs2-awp-crakow-minimal-wear",
    "cs2-ak47-asiimov-factory-new",
    "cs2-m4a4-howl-field-tested",
    "cs2-deagle-printstream-minimal-wear",
    "cs2-butterfly-doppler-factory-new"
  ],
  "animationEnabled": true,
  "staggerType": "wave",
  "baseDelay": "35ms",
  "log_destination": "market",
  "timestamp": "2025-03-20T12:17:09.968Z"
}
[2025-03-20T12:17:09.970Z] FRONTEND:CS2 - INFO: MarketPageView mounted with 5 products and enhanced animations
  Details: {
  "page": 1,
  "pageSize": 20,
  "totalProducts": 5,
  "productIds": [
    "cs2-awp-crakow-minimal-wear",
    "cs2-ak47-asiimov-factory-new",
    "cs2-m4a4-howl-field-tested",
    "cs2-deagle-printstream-minimal-wear",
    "cs2-butterfly-doppler-factory-new"
  ],
  "transitionType": "initial-mount",
  "animationsEnabled": true,
  "log_destination": "market",
  "timestamp": "2025-03-20T12:17:09.970Z"
}
[2025-03-20T12:17:10.045Z] FRONTEND:AUTH - DEBUG: Auth Flow - HeaderConnect Render
  Details: {
  "timestamp": "2025-03-20T12:17:10.045Z",
  "is_connected": false,
  "is_authenticated": true,
  "is_authenticating": false
}
[2025-03-20T12:17:10.049Z] FRONTEND:AUTH - DEBUG: Auth Flow - HeaderConnect Render
  Details: {
  "timestamp": "2025-03-20T12:17:10.049Z",
  "is_connected": false,
  "is_authenticated": true,
  "is_authenticating": false
}
[2025-03-20T12:17:10.126Z] FRONTEND:AUTH - DEBUG: Auth Flow - HeaderConnect Render
  Details: {
  "timestamp": "2025-03-20T12:17:10.126Z",
  "is_connected": false,
  "is_authenticated": true,
  "is_authenticating": false
}
[2025-03-20T12:17:10.127Z] FRONTEND:AUTH - DEBUG: Auth Flow - HeaderConnect Render
  Details: {
  "timestamp": "2025-03-20T12:17:10.127Z",
  "is_connected": false,
  "is_authenticated": true,
  "is_authenticating": false
}
[2025-03-20T12:17:10.179Z] FRONTEND:AUTH - DEBUG: Auth Flow - HeaderConnect Render
  Details: {
  "timestamp": "2025-03-20T12:17:10.179Z",
  "is_connected": false,
  "is_authenticated": true,
  "is_authenticating": false
}
[2025-03-20T12:17:10.180Z] FRONTEND:AUTH - DEBUG: Auth Flow - HeaderConnect Render
  Details: {
  "timestamp": "2025-03-20T12:17:10.180Z",
  "is_connected": false,
  "is_authenticated": true,
  "is_authenticating": false
}
[2025-03-20T12:17:10.242Z] FRONTEND:AUTH - DEBUG: Auth Flow - Auth state updated
  Details: {
  "timestamp": "2025-03-20T12:17:10.242Z",
  "is_connected": false,
  "is_authenticated": true,
  "auth_wallet_address": "0x0300B70e40F138927e3a988ce4A9a069Ff875336",
  "is_authenticating": false,
  "initial_check_done": false,
  "needs_reauthentication": false,
  "last_authenticated_address": null
}
[2025-03-20T12:17:10.242Z] FRONTEND:AUTH - DEBUG: Auth Flow - HeaderConnect - Wallet Disconnected while Authenticated
  Details: {
  "timestamp": "2025-03-20T12:17:10.242Z"
}
[2025-03-20T12:17:10.243Z] FRONTEND:AUTH - DEBUG: Auth Flow - Logout
  Details: {
  "timestamp": "2025-03-20T12:17:10.243Z",
  "wallet_address": "0x0300B70e40F138927e3a988ce4A9a069Ff875336"
}
[2025-03-20T12:17:10.295Z] FRONTEND:AUTH - DEBUG: Auth Flow - HeaderConnect Render
  Details: {
  "timestamp": "2025-03-20T12:17:10.295Z",
  "is_connected": false,
  "is_authenticated": false,
  "is_authenticating": false
}
[2025-03-20T12:17:10.296Z] FRONTEND:AUTH - DEBUG: Auth Flow - HeaderConnect Render
  Details: {
  "timestamp": "2025-03-20T12:17:10.296Z",
  "is_connected": false,
  "is_authenticated": false,
  "is_authenticating": false
}
[2025-03-20T12:17:10.345Z] FRONTEND:AUTH - DEBUG: Auth Flow - Auth state updated
  Details: {
  "timestamp": "2025-03-20T12:17:10.345Z",
  "is_connected": false,
  "is_authenticated": false,
  "is_authenticating": false,
  "initial_check_done": false,
  "needs_reauthentication": false,
  "last_authenticated_address": null
}
[2025-03-20T12:17:10.345Z] FRONTEND:CS2 - INFO: Market navbar mounted with enhanced Skinport style and animations
  Details: {
  "categoriesCount": 4,
  "currentCategory": "none",
  "style": "text-only-enhanced-animated",
  "log_destination": "market",
  "timestamp": "2025-03-20T12:17:10.345Z"
}
[2025-03-20T12:17:10.349Z] FRONTEND:AUTH - DEBUG: Auth Flow - Auth state updated
  Details: {
  "timestamp": "2025-03-20T12:17:10.349Z",
  "is_connected": false,
  "is_authenticated": false,
  "is_authenticating": false,
  "initial_check_done": false,
  "needs_reauthentication": false,
  "last_authenticated_address": null
}
[2025-03-20T12:17:10.758Z] FRONTEND:AUTH - DEBUG: Auth Flow - HeaderConnect Render
  Details: {
  "timestamp": "2025-03-20T12:17:10.758Z",
  "wallet_address": "0x0300B70e40F138927e3a988ce4A9a069Ff875336",
  "is_connected": false,
  "is_authenticated": false,
  "is_authenticating": false
}
[2025-03-20T12:17:10.758Z] FRONTEND:AUTH - DEBUG: Auth Flow - HeaderConnect Render
  Details: {
  "timestamp": "2025-03-20T12:17:10.758Z",
  "wallet_address": "0x0300B70e40F138927e3a988ce4A9a069Ff875336",
  "is_connected": false,
  "is_authenticated": false,
  "is_authenticating": false
}
[2025-03-20T12:17:10.764Z] FRONTEND:AUTH - DEBUG: Auth Flow - Auth state updated
  Details: {
  "timestamp": "2025-03-20T12:17:10.764Z",
  "is_connected": false,
  "is_authenticated": false,
  "wallet_address": "0x0300B70e40F138927e3a988ce4A9a069Ff875336",
  "is_authenticating": false,
  "initial_check_done": false,
  "needs_reauthentication": false,
  "last_authenticated_address": null
}
[2025-03-20T12:17:10.838Z] FRONTEND:AUTH - DEBUG: Auth Flow - Authentication needed - not authenticated
  Details: {
  "timestamp": "2025-03-20T12:17:10.838Z",
  "address": "0x0300B70e40F138927e3a988ce4A9a069Ff875336",
  "is_connected": true
}
[2025-03-20T12:17:10.838Z] FRONTEND:AUTH - DEBUG: Auth Flow - Authentication needed - not authenticated
  Details: {
  "timestamp": "2025-03-20T12:17:10.838Z",
  "address": "0x0300B70e40F138927e3a988ce4A9a069Ff875336",
  "is_connected": true
}
[2025-03-20T12:17:10.839Z] FRONTEND:AUTH - DEBUG: Auth Flow - HeaderConnect Render
  Details: {
  "timestamp": "2025-03-20T12:17:10.839Z",
  "wallet_address": "0x0300B70e40F138927e3a988ce4A9a069Ff875336",
  "is_connected": true,
  "is_authenticated": false,
  "is_authenticating": false
}
[2025-03-20T12:17:10.840Z] FRONTEND:AUTH - DEBUG: Auth Flow - HeaderConnect Render
  Details: {
  "timestamp": "2025-03-20T12:17:10.840Z",
  "wallet_address": "0x0300B70e40F138927e3a988ce4A9a069Ff875336",
  "is_connected": true,
  "is_authenticated": false,
  "is_authenticating": false
}
[2025-03-20T12:17:10.853Z] FRONTEND:AUTH - DEBUG: Auth Flow - Auth Check
  Details: {
  "timestamp": "2025-03-20T12:17:10.853Z",
  "has_token": false,
  "has_user": false
}
[2025-03-20T12:17:10.853Z] FRONTEND:AUTH - DEBUG: Auth Flow - Starting authentication
  Details: {
  "timestamp": "2025-03-20T12:17:10.853Z",
  "wallet_address": "0x0300B70e40F138927e3a988ce4A9a069Ff875336",
  "is_connected": true,
  "initial_check_done": true
}
[2025-03-20T12:17:10.854Z] FRONTEND:AUTH - DEBUG: Auth Flow - Request Signature
  Details: {
  "timestamp": "2025-03-20T12:17:10.854Z",
  "walletAddress": "0x0300B70e40F138927e3a988ce4A9a069Ff875336"
}
[2025-03-20T12:17:10.855Z] FRONTEND:AUTH - DEBUG: Auth Flow - Auth state updated
  Details: {
  "timestamp": "2025-03-20T12:17:10.855Z",
  "is_connected": true,
  "is_authenticated": false,
  "wallet_address": "0x0300B70e40F138927e3a988ce4A9a069Ff875336",
  "is_authenticating": false,
  "initial_check_done": true,
  "needs_reauthentication": true,
  "last_authenticated_address": null
}
[2025-03-20T12:17:10.858Z] FRONTEND:AUTH - DEBUG: Auth Flow - Auth state restoration failed - triggering authentication
  Details: {
  "timestamp": "2025-03-20T12:17:10.858Z",
  "address": "0x0300B70e40F138927e3a988ce4A9a069Ff875336",
  "is_connected": true
}
[2025-03-20T12:17:10.858Z] FRONTEND:AUTH - DEBUG: Auth Flow - Token Retrieval
  Details: {
  "timestamp": "2025-03-20T12:17:10.858Z",
  "exists": false
}
[2025-03-20T12:17:10.868Z] FRONTEND:AUTH - DEBUG: Auth Flow - HeaderConnect Render
  Details: {
  "timestamp": "2025-03-20T12:17:10.868Z",
  "wallet_address": "0x0300B70e40F138927e3a988ce4A9a069Ff875336",
  "is_connected": true,
  "is_authenticated": false,
  "is_authenticating": true
}
[2025-03-20T12:17:10.869Z] FRONTEND:AUTH - DEBUG: Auth Flow - HeaderConnect Render
  Details: {
  "timestamp": "2025-03-20T12:17:10.869Z",
  "wallet_address": "0x0300B70e40F138927e3a988ce4A9a069Ff875336",
  "is_connected": true,
  "is_authenticated": false,
  "is_authenticating": true
}
[2025-03-20T12:17:10.878Z] FRONTEND:AUTH - DEBUG: Auth Flow - Signature Requested
  Details: {
  "timestamp": "2025-03-20T12:17:10.878Z",
  "nonce": "7335bc9ca4031e37a5815cda15ea4633a0aca7ca95992112cb4cd1196b7b2407"
}
[2025-03-20T12:17:10.917Z] FRONTEND:AUTH - DEBUG: Auth Flow - Auth state updated
  Details: {
  "timestamp": "2025-03-20T12:17:10.917Z",
  "is_connected": true,
  "is_authenticated": false,
  "wallet_address": "0x0300B70e40F138927e3a988ce4A9a069Ff875336",
  "is_authenticating": true,
  "initial_check_done": true,
  "needs_reauthentication": true,
  "last_authenticated_address": null
}
[2025-03-20T12:17:10.918Z] FRONTEND:AUTH - DEBUG: Auth Flow - HeaderConnect Render
  Details: {
  "timestamp": "2025-03-20T12:17:10.918Z",
  "wallet_address": "0x0300B70e40F138927e3a988ce4A9a069Ff875336",
  "is_connected": true,
  "is_authenticated": false,
  "is_authenticating": true
}
[2025-03-20T12:17:10.919Z] FRONTEND:AUTH - DEBUG: Auth Flow - HeaderConnect Render
  Details: {
  "timestamp": "2025-03-20T12:17:10.919Z",
  "wallet_address": "0x0300B70e40F138927e3a988ce4A9a069Ff875336",
  "is_connected": true,
  "is_authenticated": false,
  "is_authenticating": true
}
[2025-03-20T12:17:12.736Z] FRONTEND:AUTH - DEBUG: Auth Flow - Verify Signature
  Details: {
  "timestamp": "2025-03-20T12:17:12.736Z",
  "walletAddress": "0x0300B70e40F138927e3a988ce4A9a069Ff875336",
  "nonce": "7335bc9ca4031e37a5815cda15ea4633a0aca7ca95992112cb4cd1196b7b2407"
}
[2025-03-20T12:17:12.738Z] FRONTEND:AUTH - DEBUG: Auth Flow - Token Retrieval
  Details: {
  "timestamp": "2025-03-20T12:17:12.738Z",
  "exists": false
}
[2025-03-20T12:17:12.740Z] FRONTEND:AUTH - DEBUG: Auth Flow - HeaderConnect Render
  Details: {
  "timestamp": "2025-03-20T12:17:12.740Z",
  "wallet_address": "0x0300B70e40F138927e3a988ce4A9a069Ff875336",
  "is_connected": true,
  "is_authenticated": false,
  "is_authenticating": true
}
[2025-03-20T12:17:12.741Z] FRONTEND:AUTH - DEBUG: Auth Flow - HeaderConnect Render
  Details: {
  "timestamp": "2025-03-20T12:17:12.741Z",
  "wallet_address": "0x0300B70e40F138927e3a988ce4A9a069Ff875336",
  "is_connected": true,
  "is_authenticated": false,
  "is_authenticating": true
}
[2025-03-20T12:17:12.788Z] FRONTEND:AUTH - INFO: Token Operation - store
  Details: {
  "timestamp": "2025-03-20T12:17:12.788Z",
  "success": true
}
[2025-03-20T12:17:12.788Z] FRONTEND:AUTH - DEBUG: Auth Flow - Signature Verified
  Details: {
  "timestamp": "2025-03-20T12:17:12.788Z",
  "success": true
}
[2025-03-20T12:17:12.789Z] FRONTEND:AUTH - DEBUG: Auth Flow - Login
  Details: {
  "timestamp": "2025-03-20T12:17:12.789Z",
  "wallet_address": "0x0300B70e40F138927e3a988ce4A9a069Ff875336",
  "token_length": 188
}
[2025-03-20T12:17:12.790Z] FRONTEND:AUTH - DEBUG: Auth Flow - Authentication successful
  Details: {
  "timestamp": "2025-03-20T12:17:12.790Z",
  "wallet_address": "0x0300B70e40F138927e3a988ce4A9a069Ff875336"
}
[2025-03-20T12:17:12.792Z] FRONTEND:AUTH - DEBUG: Auth Flow - HeaderConnect Render
  Details: {
  "timestamp": "2025-03-20T12:17:12.792Z",
  "wallet_address": "0x0300B70e40F138927e3a988ce4A9a069Ff875336",
  "is_connected": true,
  "is_authenticated": true,
  "is_authenticating": false
}
[2025-03-20T12:17:12.792Z] FRONTEND:AUTH - DEBUG: Auth Flow - HeaderConnect Render
  Details: {
  "timestamp": "2025-03-20T12:17:12.792Z",
  "wallet_address": "0x0300B70e40F138927e3a988ce4A9a069Ff875336",
  "is_connected": true,
  "is_authenticated": true,
  "is_authenticating": false
}
[2025-03-20T12:17:12.800Z] FRONTEND:AUTH - DEBUG: Auth Flow - Auth state updated
  Details: {
  "timestamp": "2025-03-20T12:17:12.800Z",
  "is_connected": true,
  "is_authenticated": true,
  "wallet_address": "0x0300B70e40F138927e3a988ce4A9a069Ff875336",
  "auth_wallet_address": "0x0300B70e40F138927e3a988ce4A9a069Ff875336",
  "is_authenticating": false,
  "initial_check_done": true,
  "needs_reauthentication": false,
  "last_authenticated_address": "0x0300B70e40F138927e3a988ce4A9a069Ff875336"
}
[2025-03-20T12:17:16.501Z] FRONTEND:AUTH - DEBUG: Auth Flow - HeaderConnect Render
  Details: {
  "timestamp": "2025-03-20T12:17:16.501Z",
  "is_connected": false,
  "is_authenticated": true,
  "is_authenticating": false
}
[2025-03-20T12:17:16.502Z] FRONTEND:AUTH - DEBUG: Auth Flow - HeaderConnect Render
  Details: {
  "timestamp": "2025-03-20T12:17:16.502Z",
  "is_connected": false,
  "is_authenticated": true,
  "is_authenticating": false
}
[2025-03-20T12:17:16.509Z] FRONTEND:AUTH - DEBUG: Auth Flow - Auth state updated
  Details: {
  "timestamp": "2025-03-20T12:17:16.509Z",
  "is_connected": false,
  "is_authenticated": true,
  "auth_wallet_address": "0x0300B70e40F138927e3a988ce4A9a069Ff875336",
  "is_authenticating": false,
  "initial_check_done": false,
  "needs_reauthentication": false,
  "last_authenticated_address": null
}
[2025-03-20T12:17:16.509Z] FRONTEND:AUTH - DEBUG: Auth Flow - HeaderConnect - Wallet Disconnected while Authenticated
  Details: {
  "timestamp": "2025-03-20T12:17:16.509Z"
}
[2025-03-20T12:17:16.510Z] FRONTEND:AUTH - DEBUG: Auth Flow - Logout
  Details: {
  "timestamp": "2025-03-20T12:17:16.510Z",
  "wallet_address": "0x0300B70e40F138927e3a988ce4A9a069Ff875336"
}
[2025-03-20T12:17:16.533Z] FRONTEND:AUTH - DEBUG: Auth Flow - HeaderConnect Render
  Details: {
  "timestamp": "2025-03-20T12:17:16.533Z",
  "is_connected": false,
  "is_authenticated": false,
  "is_authenticating": false
}
[2025-03-20T12:17:16.534Z] FRONTEND:AUTH - DEBUG: Auth Flow - HeaderConnect Render
  Details: {
  "timestamp": "2025-03-20T12:17:16.534Z",
  "is_connected": false,
  "is_authenticated": false,
  "is_authenticating": false
}
[2025-03-20T12:17:16.537Z] FRONTEND:AUTH - DEBUG: Auth Flow - Auth state updated
  Details: {
  "timestamp": "2025-03-20T12:17:16.537Z",
  "is_connected": false,
  "is_authenticated": false,
  "is_authenticating": false,
  "initial_check_done": false,
  "needs_reauthentication": false,
  "last_authenticated_address": null
}
[2025-03-20T12:39:19.660Z] FRONTEND:AUTH - DEBUG: Auth Flow - HeaderConnect Render
  Details: {
  "timestamp": "2025-03-20T12:39:19.660Z",
  "is_connected": false,
  "is_authenticated": false,
  "is_authenticating": false
}
[2025-03-20T12:39:20.022Z] FRONTEND:CS2 - DEBUG: MarketPageView unmounted
  Details: {
  "page": 1,
  "log_destination": "market",
  "timestamp": "2025-03-20T12:39:20.022Z"
}
[2025-03-20T12:39:20.024Z] FRONTEND:AUTH - DEBUG: Auth Flow - Auth state updated
  Details: {
  "timestamp": "2025-03-20T12:39:20.024Z",
  "is_connected": false,
  "is_authenticated": false,
  "is_authenticating": false,
  "initial_check_done": false,
  "needs_reauthentication": false,
  "last_authenticated_address": null
}
[2025-03-20T12:39:20.025Z] FRONTEND:CS2 - INFO: Market navbar mounted with enhanced Skinport style and animations
  Details: {
  "categoriesCount": 4,
  "currentCategory": "none",
  "style": "text-only-enhanced-animated",
  "log_destination": "market",
  "timestamp": "2025-03-20T12:39:20.025Z"
}
[2025-03-20T12:39:20.026Z] FRONTEND:CS2 - INFO: Rendering 5 products with enhanced staggered animation
  Details: {
  "productCount": 5,
  "productIds": [
    "cs2-awp-crakow-minimal-wear",
    "cs2-ak47-asiimov-factory-new",
    "cs2-m4a4-howl-field-tested",
    "cs2-deagle-printstream-minimal-wear",
    "cs2-butterfly-doppler-factory-new"
  ],
  "animationEnabled": true,
  "staggerType": "wave",
  "baseDelay": "35ms",
  "log_destination": "market",
  "timestamp": "2025-03-20T12:39:20.026Z"
}
[2025-03-20T12:39:19.659Z] FRONTEND:AUTH - DEBUG: Auth Flow - HeaderConnect Render
  Details: {
  "timestamp": "2025-03-20T12:39:19.659Z",
  "is_connected": false,
  "is_authenticated": false,
  "is_authenticating": false
}
[2025-03-20T12:39:20.031Z] FRONTEND:AUTH - DEBUG: Auth Flow - Auth state updated
  Details: {
  "timestamp": "2025-03-20T12:39:20.031Z",
  "is_connected": false,
  "is_authenticated": false,
  "is_authenticating": false,
  "initial_check_done": false,
  "needs_reauthentication": false,
  "last_authenticated_address": null
}
[2025-03-20T12:39:31.683Z] FRONTEND:AUTH - DEBUG: Auth Flow - HeaderConnect Render
  Details: {
  "timestamp": "2025-03-20T12:39:31.683Z",
  "is_connected": false,
  "is_authenticated": false,
  "is_authenticating": false
}
[2025-03-20T12:39:31.684Z] FRONTEND:AUTH - DEBUG: Auth Flow - HeaderConnect Render
  Details: {
  "timestamp": "2025-03-20T12:39:31.684Z",
  "is_connected": false,
  "is_authenticated": false,
  "is_authenticating": false
}
[2025-03-20T12:39:31.988Z] FRONTEND:AUTH - DEBUG: Auth Flow - Auth state updated
  Details: {
  "timestamp": "2025-03-20T12:39:31.988Z",
  "is_connected": false,
  "is_authenticated": false,
  "is_authenticating": false,
  "initial_check_done": false,
  "needs_reauthentication": false,
  "last_authenticated_address": null
}
[2025-03-20T12:39:31.988Z] FRONTEND:CS2 - INFO: Market navbar mounted with enhanced Skinport style and animations
  Details: {
  "categoriesCount": 4,
  "currentCategory": "none",
  "style": "text-only-enhanced-animated",
  "log_destination": "market",
  "timestamp": "2025-03-20T12:39:31.988Z"
}
[2025-03-20T12:39:31.989Z] FRONTEND:CS2 - INFO: Rendering 5 products with enhanced staggered animation
  Details: {
  "productCount": 5,
  "productIds": [
    "cs2-awp-crakow-minimal-wear",
    "cs2-ak47-asiimov-factory-new",
    "cs2-m4a4-howl-field-tested",
    "cs2-deagle-printstream-minimal-wear",
    "cs2-butterfly-doppler-factory-new"
  ],
  "animationEnabled": true,
  "staggerType": "wave",
  "baseDelay": "35ms",
  "log_destination": "market",
  "timestamp": "2025-03-20T12:39:31.989Z"
}
[2025-03-20T12:39:31.997Z] FRONTEND:AUTH - DEBUG: Auth Flow - Auth state updated
  Details: {
  "timestamp": "2025-03-20T12:39:31.997Z",
  "is_connected": false,
  "is_authenticated": false,
  "is_authenticating": false,
  "initial_check_done": false,
  "needs_reauthentication": false,
  "last_authenticated_address": null
}
[2025-03-20T12:49:50.886Z] FRONTEND:CLIENT - ERROR: Client Error: Failed prop type: The prop `href` expects a `string` or `object` in `<Link>`, but got `undefined` instead.
Open your browser's console to view the Component stack trace.
  Details: {
  "stack": "Error: Failed prop type: The prop `href` expects a `string` or `object` in `<Link>`, but got `undefined` instead.\nOpen your browser's console to view the Component stack trace.\n    at createPropError (webpack-internal:///(app-pages-browser)/./node_modules/next/dist/client/app-dir/link.js:90:42)\n    at eval (webpack-internal:///(app-pages-browser)/./node_modules/next/dist/client/app-dir/link.js:104:27)\n    at Array.forEach (<anonymous>)\n    at LinkComponent (webpack-internal:///(app-pages-browser)/./node_modules/next/dist/client/app-dir/link.js:101:23)\n    at react-stack-bottom-frame (webpack-internal:///(app-pages-browser)/./node_modules/next/dist/compiled/react-dom/cjs/react-dom-client.development.js:23950:20)\n    at renderWithHooks (webpack-internal:///(app-pages-browser)/./node_modules/next/dist/compiled/react-dom/cjs/react-dom-client.development.js:5079:22)\n    at updateForwardRef (webpack-internal:///(app-pages-browser)/./node_modules/next/dist/compiled/react-dom/cjs/react-dom-client.development.js:8072:19)\n    at beginWork (webpack-internal:///(app-pages-browser)/./node_modules/next/dist/compiled/react-dom/cjs/react-dom-client.development.js:9910:34)\n    at runWithFiberInDEV (webpack-internal:///(app-pages-browser)/./node_modules/next/dist/compiled/react-dom/cjs/react-dom-client.development.js:1511:30)\n    at performUnitOfWork (webpack-internal:///(app-pages-browser)/./node_modules/next/dist/compiled/react-dom/cjs/react-dom-client.development.js:15120:22)\n    at workLoopSync (webpack-internal:///(app-pages-browser)/./node_modules/next/dist/compiled/react-dom/cjs/react-dom-client.development.js:14944:41)\n    at renderRootSync (webpack-internal:///(app-pages-browser)/./node_modules/next/dist/compiled/react-dom/cjs/react-dom-client.development.js:14924:11)\n    at performWorkOnRoot (webpack-internal:///(app-pages-browser)/./node_modules/next/dist/compiled/react-dom/cjs/react-dom-client.development.js:14454:44)\n    at performSyncWorkOnRoot (webpack-internal:///(app-pages-browser)/./node_modules/next/dist/compiled/react-dom/cjs/react-dom-client.development.js:16290:7)\n    at flushSyncWorkAcrossRoots_impl (webpack-internal:///(app-pages-browser)/./node_modules/next/dist/compiled/react-dom/cjs/react-dom-client.development.js:16138:21)\n    at flushSpawnedWork (webpack-internal:///(app-pages-browser)/./node_modules/next/dist/compiled/react-dom/cjs/react-dom-client.development.js:15665:9)\n    at commitRoot (webpack-internal:///(app-pages-browser)/./node_modules/next/dist/compiled/react-dom/cjs/react-dom-client.development.js:15391:9)\n    at commitRootWhenReady (webpack-internal:///(app-pages-browser)/./node_modules/next/dist/compiled/react-dom/cjs/react-dom-client.development.js:14644:7)\n    at performWorkOnRoot (webpack-internal:///(app-pages-browser)/./node_modules/next/dist/compiled/react-dom/cjs/react-dom-client.development.js:14567:15)\n    at performWorkOnRootViaSchedulerTask (webpack-internal:///(app-pages-browser)/./node_modules/next/dist/compiled/react-dom/cjs/react-dom-client.development.js:16275:7)\n    at MessagePort.performWorkUntilDeadline (webpack-internal:///(app-pages-browser)/./node_modules/next/dist/compiled/scheduler/cjs/scheduler.development.js:45:48)",
  "location": "global-error-boundary",
  "errorType": "unhandled-error"
}
[2025-03-20T12:49:50.889Z] FRONTEND:CLIENT - ERROR: Client Error: Failed prop type: The prop `href` expects a `string` or `object` in `<Link>`, but got `undefined` instead.
Open your browser's console to view the Component stack trace.
  Details: {
  "stack": "Error: Failed prop type: The prop `href` expects a `string` or `object` in `<Link>`, but got `undefined` instead.\nOpen your browser's console to view the Component stack trace.\n    at createPropError (webpack-internal:///(app-pages-browser)/./node_modules/next/dist/client/app-dir/link.js:90:42)\n    at eval (webpack-internal:///(app-pages-browser)/./node_modules/next/dist/client/app-dir/link.js:104:27)\n    at Array.forEach (<anonymous>)\n    at LinkComponent (webpack-internal:///(app-pages-browser)/./node_modules/next/dist/client/app-dir/link.js:101:23)\n    at react-stack-bottom-frame (webpack-internal:///(app-pages-browser)/./node_modules/next/dist/compiled/react-dom/cjs/react-dom-client.development.js:23950:20)\n    at renderWithHooks (webpack-internal:///(app-pages-browser)/./node_modules/next/dist/compiled/react-dom/cjs/react-dom-client.development.js:5079:22)\n    at updateForwardRef (webpack-internal:///(app-pages-browser)/./node_modules/next/dist/compiled/react-dom/cjs/react-dom-client.development.js:8072:19)\n    at beginWork (webpack-internal:///(app-pages-browser)/./node_modules/next/dist/compiled/react-dom/cjs/react-dom-client.development.js:9910:34)\n    at runWithFiberInDEV (webpack-internal:///(app-pages-browser)/./node_modules/next/dist/compiled/react-dom/cjs/react-dom-client.development.js:1511:30)\n    at performUnitOfWork (webpack-internal:///(app-pages-browser)/./node_modules/next/dist/compiled/react-dom/cjs/react-dom-client.development.js:15120:22)\n    at workLoopSync (webpack-internal:///(app-pages-browser)/./node_modules/next/dist/compiled/react-dom/cjs/react-dom-client.development.js:14944:41)\n    at renderRootSync (webpack-internal:///(app-pages-browser)/./node_modules/next/dist/compiled/react-dom/cjs/react-dom-client.development.js:14924:11)\n    at performWorkOnRoot (webpack-internal:///(app-pages-browser)/./node_modules/next/dist/compiled/react-dom/cjs/react-dom-client.development.js:14454:44)\n    at performSyncWorkOnRoot (webpack-internal:///(app-pages-browser)/./node_modules/next/dist/compiled/react-dom/cjs/react-dom-client.development.js:16290:7)\n    at flushSyncWorkAcrossRoots_impl (webpack-internal:///(app-pages-browser)/./node_modules/next/dist/compiled/react-dom/cjs/react-dom-client.development.js:16138:21)\n    at flushSpawnedWork (webpack-internal:///(app-pages-browser)/./node_modules/next/dist/compiled/react-dom/cjs/react-dom-client.development.js:15665:9)\n    at commitRoot (webpack-internal:///(app-pages-browser)/./node_modules/next/dist/compiled/react-dom/cjs/react-dom-client.development.js:15391:9)\n    at commitRootWhenReady (webpack-internal:///(app-pages-browser)/./node_modules/next/dist/compiled/react-dom/cjs/react-dom-client.development.js:14644:7)\n    at performWorkOnRoot (webpack-internal:///(app-pages-browser)/./node_modules/next/dist/compiled/react-dom/cjs/react-dom-client.development.js:14567:15)\n    at performWorkOnRootViaSchedulerTask (webpack-internal:///(app-pages-browser)/./node_modules/next/dist/compiled/react-dom/cjs/react-dom-client.development.js:16275:7)\n    at MessagePort.performWorkUntilDeadline (webpack-internal:///(app-pages-browser)/./node_modules/next/dist/compiled/scheduler/cjs/scheduler.development.js:45:48)",
  "location": "global-error-boundary",
  "errorType": "unhandled-error"
}
[2025-03-20T12:49:50.490Z] FRONTEND:AUTH - DEBUG: Auth Flow - Initial Auth State Check
  Details: {
  "timestamp": "2025-03-20T12:49:50.490Z",
  "has_token": false,
  "has_user": false
}
[2025-03-20T12:50:08.923Z] FRONTEND:AUTH - DEBUG: Auth Flow - Initial Auth State Check
  Details: {
  "timestamp": "2025-03-20T12:50:08.923Z",
  "has_token": false,
  "has_user": false
}
[2025-03-20T12:50:09.268Z] FRONTEND:CLIENT - ERROR: Client Error: Failed prop type: The prop `href` expects a `string` or `object` in `<Link>`, but got `undefined` instead.
Open your browser's console to view the Component stack trace.
  Details: {
  "stack": "Error: Failed prop type: The prop `href` expects a `string` or `object` in `<Link>`, but got `undefined` instead.\nOpen your browser's console to view the Component stack trace.\n    at createPropError (webpack-internal:///(app-pages-browser)/./node_modules/next/dist/client/app-dir/link.js:90:42)\n    at eval (webpack-internal:///(app-pages-browser)/./node_modules/next/dist/client/app-dir/link.js:104:27)\n    at Array.forEach (<anonymous>)\n    at LinkComponent (webpack-internal:///(app-pages-browser)/./node_modules/next/dist/client/app-dir/link.js:101:23)\n    at react-stack-bottom-frame (webpack-internal:///(app-pages-browser)/./node_modules/next/dist/compiled/react-dom/cjs/react-dom-client.development.js:23950:20)\n    at renderWithHooks (webpack-internal:///(app-pages-browser)/./node_modules/next/dist/compiled/react-dom/cjs/react-dom-client.development.js:5079:22)\n    at updateForwardRef (webpack-internal:///(app-pages-browser)/./node_modules/next/dist/compiled/react-dom/cjs/react-dom-client.development.js:8072:19)\n    at beginWork (webpack-internal:///(app-pages-browser)/./node_modules/next/dist/compiled/react-dom/cjs/react-dom-client.development.js:9910:34)\n    at runWithFiberInDEV (webpack-internal:///(app-pages-browser)/./node_modules/next/dist/compiled/react-dom/cjs/react-dom-client.development.js:1511:30)\n    at performUnitOfWork (webpack-internal:///(app-pages-browser)/./node_modules/next/dist/compiled/react-dom/cjs/react-dom-client.development.js:15120:22)\n    at workLoopSync (webpack-internal:///(app-pages-browser)/./node_modules/next/dist/compiled/react-dom/cjs/react-dom-client.development.js:14944:41)\n    at renderRootSync (webpack-internal:///(app-pages-browser)/./node_modules/next/dist/compiled/react-dom/cjs/react-dom-client.development.js:14924:11)\n    at performWorkOnRoot (webpack-internal:///(app-pages-browser)/./node_modules/next/dist/compiled/react-dom/cjs/react-dom-client.development.js:14454:44)\n    at performSyncWorkOnRoot (webpack-internal:///(app-pages-browser)/./node_modules/next/dist/compiled/react-dom/cjs/react-dom-client.development.js:16290:7)\n    at flushSyncWorkAcrossRoots_impl (webpack-internal:///(app-pages-browser)/./node_modules/next/dist/compiled/react-dom/cjs/react-dom-client.development.js:16138:21)\n    at flushSpawnedWork (webpack-internal:///(app-pages-browser)/./node_modules/next/dist/compiled/react-dom/cjs/react-dom-client.development.js:15665:9)\n    at commitRoot (webpack-internal:///(app-pages-browser)/./node_modules/next/dist/compiled/react-dom/cjs/react-dom-client.development.js:15391:9)\n    at commitRootWhenReady (webpack-internal:///(app-pages-browser)/./node_modules/next/dist/compiled/react-dom/cjs/react-dom-client.development.js:14644:7)\n    at performWorkOnRoot (webpack-internal:///(app-pages-browser)/./node_modules/next/dist/compiled/react-dom/cjs/react-dom-client.development.js:14567:15)\n    at performWorkOnRootViaSchedulerTask (webpack-internal:///(app-pages-browser)/./node_modules/next/dist/compiled/react-dom/cjs/react-dom-client.development.js:16275:7)\n    at MessagePort.performWorkUntilDeadline (webpack-internal:///(app-pages-browser)/./node_modules/next/dist/compiled/scheduler/cjs/scheduler.development.js:45:48)",
  "location": "global-error-boundary",
  "errorType": "unhandled-error"
}
[2025-03-20T12:50:09.273Z] FRONTEND:CLIENT - ERROR: Client Error: Failed prop type: The prop `href` expects a `string` or `object` in `<Link>`, but got `undefined` instead.
Open your browser's console to view the Component stack trace.
  Details: {
  "stack": "Error: Failed prop type: The prop `href` expects a `string` or `object` in `<Link>`, but got `undefined` instead.\nOpen your browser's console to view the Component stack trace.\n    at createPropError (webpack-internal:///(app-pages-browser)/./node_modules/next/dist/client/app-dir/link.js:90:42)\n    at eval (webpack-internal:///(app-pages-browser)/./node_modules/next/dist/client/app-dir/link.js:104:27)\n    at Array.forEach (<anonymous>)\n    at LinkComponent (webpack-internal:///(app-pages-browser)/./node_modules/next/dist/client/app-dir/link.js:101:23)\n    at react-stack-bottom-frame (webpack-internal:///(app-pages-browser)/./node_modules/next/dist/compiled/react-dom/cjs/react-dom-client.development.js:23950:20)\n    at renderWithHooks (webpack-internal:///(app-pages-browser)/./node_modules/next/dist/compiled/react-dom/cjs/react-dom-client.development.js:5079:22)\n    at updateForwardRef (webpack-internal:///(app-pages-browser)/./node_modules/next/dist/compiled/react-dom/cjs/react-dom-client.development.js:8072:19)\n    at beginWork (webpack-internal:///(app-pages-browser)/./node_modules/next/dist/compiled/react-dom/cjs/react-dom-client.development.js:9910:34)\n    at runWithFiberInDEV (webpack-internal:///(app-pages-browser)/./node_modules/next/dist/compiled/react-dom/cjs/react-dom-client.development.js:1511:30)\n    at performUnitOfWork (webpack-internal:///(app-pages-browser)/./node_modules/next/dist/compiled/react-dom/cjs/react-dom-client.development.js:15120:22)\n    at workLoopSync (webpack-internal:///(app-pages-browser)/./node_modules/next/dist/compiled/react-dom/cjs/react-dom-client.development.js:14944:41)\n    at renderRootSync (webpack-internal:///(app-pages-browser)/./node_modules/next/dist/compiled/react-dom/cjs/react-dom-client.development.js:14924:11)\n    at performWorkOnRoot (webpack-internal:///(app-pages-browser)/./node_modules/next/dist/compiled/react-dom/cjs/react-dom-client.development.js:14454:44)\n    at performSyncWorkOnRoot (webpack-internal:///(app-pages-browser)/./node_modules/next/dist/compiled/react-dom/cjs/react-dom-client.development.js:16290:7)\n    at flushSyncWorkAcrossRoots_impl (webpack-internal:///(app-pages-browser)/./node_modules/next/dist/compiled/react-dom/cjs/react-dom-client.development.js:16138:21)\n    at flushSpawnedWork (webpack-internal:///(app-pages-browser)/./node_modules/next/dist/compiled/react-dom/cjs/react-dom-client.development.js:15665:9)\n    at commitRoot (webpack-internal:///(app-pages-browser)/./node_modules/next/dist/compiled/react-dom/cjs/react-dom-client.development.js:15391:9)\n    at commitRootWhenReady (webpack-internal:///(app-pages-browser)/./node_modules/next/dist/compiled/react-dom/cjs/react-dom-client.development.js:14644:7)\n    at performWorkOnRoot (webpack-internal:///(app-pages-browser)/./node_modules/next/dist/compiled/react-dom/cjs/react-dom-client.development.js:14567:15)\n    at performWorkOnRootViaSchedulerTask (webpack-internal:///(app-pages-browser)/./node_modules/next/dist/compiled/react-dom/cjs/react-dom-client.development.js:16275:7)\n    at MessagePort.performWorkUntilDeadline (webpack-internal:///(app-pages-browser)/./node_modules/next/dist/compiled/scheduler/cjs/scheduler.development.js:45:48)",
  "location": "global-error-boundary",
  "errorType": "unhandled-error"
}
[2025-03-20T12:50:21.041Z] FRONTEND:AUTH - DEBUG: Auth Flow - Initial Auth State Check
  Details: {
  "timestamp": "2025-03-20T12:50:21.041Z",
  "has_token": false,
  "has_user": false
}
[2025-03-20T12:50:21.415Z] FRONTEND:CLIENT - ERROR: Client Error: Failed prop type: The prop `href` expects a `string` or `object` in `<Link>`, but got `undefined` instead.
Open your browser's console to view the Component stack trace.
  Details: {
  "stack": "Error: Failed prop type: The prop `href` expects a `string` or `object` in `<Link>`, but got `undefined` instead.\nOpen your browser's console to view the Component stack trace.\n    at createPropError (webpack-internal:///(app-pages-browser)/./node_modules/next/dist/client/app-dir/link.js:90:42)\n    at eval (webpack-internal:///(app-pages-browser)/./node_modules/next/dist/client/app-dir/link.js:104:27)\n    at Array.forEach (<anonymous>)\n    at LinkComponent (webpack-internal:///(app-pages-browser)/./node_modules/next/dist/client/app-dir/link.js:101:23)\n    at react-stack-bottom-frame (webpack-internal:///(app-pages-browser)/./node_modules/next/dist/compiled/react-dom/cjs/react-dom-client.development.js:23950:20)\n    at renderWithHooks (webpack-internal:///(app-pages-browser)/./node_modules/next/dist/compiled/react-dom/cjs/react-dom-client.development.js:5079:22)\n    at updateForwardRef (webpack-internal:///(app-pages-browser)/./node_modules/next/dist/compiled/react-dom/cjs/react-dom-client.development.js:8072:19)\n    at beginWork (webpack-internal:///(app-pages-browser)/./node_modules/next/dist/compiled/react-dom/cjs/react-dom-client.development.js:9910:34)\n    at runWithFiberInDEV (webpack-internal:///(app-pages-browser)/./node_modules/next/dist/compiled/react-dom/cjs/react-dom-client.development.js:1511:30)\n    at performUnitOfWork (webpack-internal:///(app-pages-browser)/./node_modules/next/dist/compiled/react-dom/cjs/react-dom-client.development.js:15120:22)\n    at workLoopSync (webpack-internal:///(app-pages-browser)/./node_modules/next/dist/compiled/react-dom/cjs/react-dom-client.development.js:14944:41)\n    at renderRootSync (webpack-internal:///(app-pages-browser)/./node_modules/next/dist/compiled/react-dom/cjs/react-dom-client.development.js:14924:11)\n    at performWorkOnRoot (webpack-internal:///(app-pages-browser)/./node_modules/next/dist/compiled/react-dom/cjs/react-dom-client.development.js:14454:44)\n    at performSyncWorkOnRoot (webpack-internal:///(app-pages-browser)/./node_modules/next/dist/compiled/react-dom/cjs/react-dom-client.development.js:16290:7)\n    at flushSyncWorkAcrossRoots_impl (webpack-internal:///(app-pages-browser)/./node_modules/next/dist/compiled/react-dom/cjs/react-dom-client.development.js:16138:21)\n    at processRootScheduleInMicrotask (webpack-internal:///(app-pages-browser)/./node_modules/next/dist/compiled/react-dom/cjs/react-dom-client.development.js:16175:7)\n    at eval (webpack-internal:///(app-pages-browser)/./node_modules/next/dist/compiled/react-dom/cjs/react-dom-client.development.js:16309:13)",
  "location": "global-error-boundary",
  "errorType": "unhandled-error"
}
[2025-03-20T12:50:21.418Z] FRONTEND:CLIENT - ERROR: Client Error: Failed prop type: The prop `href` expects a `string` or `object` in `<Link>`, but got `undefined` instead.
Open your browser's console to view the Component stack trace.
  Details: {
  "stack": "Error: Failed prop type: The prop `href` expects a `string` or `object` in `<Link>`, but got `undefined` instead.\nOpen your browser's console to view the Component stack trace.\n    at createPropError (webpack-internal:///(app-pages-browser)/./node_modules/next/dist/client/app-dir/link.js:90:42)\n    at eval (webpack-internal:///(app-pages-browser)/./node_modules/next/dist/client/app-dir/link.js:104:27)\n    at Array.forEach (<anonymous>)\n    at LinkComponent (webpack-internal:///(app-pages-browser)/./node_modules/next/dist/client/app-dir/link.js:101:23)\n    at react-stack-bottom-frame (webpack-internal:///(app-pages-browser)/./node_modules/next/dist/compiled/react-dom/cjs/react-dom-client.development.js:23950:20)\n    at renderWithHooks (webpack-internal:///(app-pages-browser)/./node_modules/next/dist/compiled/react-dom/cjs/react-dom-client.development.js:5079:22)\n    at updateForwardRef (webpack-internal:///(app-pages-browser)/./node_modules/next/dist/compiled/react-dom/cjs/react-dom-client.development.js:8072:19)\n    at beginWork (webpack-internal:///(app-pages-browser)/./node_modules/next/dist/compiled/react-dom/cjs/react-dom-client.development.js:9910:34)\n    at runWithFiberInDEV (webpack-internal:///(app-pages-browser)/./node_modules/next/dist/compiled/react-dom/cjs/react-dom-client.development.js:1511:30)\n    at performUnitOfWork (webpack-internal:///(app-pages-browser)/./node_modules/next/dist/compiled/react-dom/cjs/react-dom-client.development.js:15120:22)\n    at workLoopSync (webpack-internal:///(app-pages-browser)/./node_modules/next/dist/compiled/react-dom/cjs/react-dom-client.development.js:14944:41)\n    at renderRootSync (webpack-internal:///(app-pages-browser)/./node_modules/next/dist/compiled/react-dom/cjs/react-dom-client.development.js:14924:11)\n    at performWorkOnRoot (webpack-internal:///(app-pages-browser)/./node_modules/next/dist/compiled/react-dom/cjs/react-dom-client.development.js:14454:44)\n    at performSyncWorkOnRoot (webpack-internal:///(app-pages-browser)/./node_modules/next/dist/compiled/react-dom/cjs/react-dom-client.development.js:16290:7)\n    at flushSyncWorkAcrossRoots_impl (webpack-internal:///(app-pages-browser)/./node_modules/next/dist/compiled/react-dom/cjs/react-dom-client.development.js:16138:21)\n    at processRootScheduleInMicrotask (webpack-internal:///(app-pages-browser)/./node_modules/next/dist/compiled/react-dom/cjs/react-dom-client.development.js:16175:7)\n    at eval (webpack-internal:///(app-pages-browser)/./node_modules/next/dist/compiled/react-dom/cjs/react-dom-client.development.js:16309:13)",
  "location": "global-error-boundary",
  "errorType": "unhandled-error"
}
[2025-03-20T12:50:33.398Z] FRONTEND:AUTH - DEBUG: Auth Flow - Initial Auth State Check
  Details: {
  "timestamp": "2025-03-20T12:50:33.398Z",
  "has_token": false,
  "has_user": false
}
[2025-03-20T12:50:33.912Z] FRONTEND:CLIENT - ERROR: Client Error: Failed prop type: The prop `href` expects a `string` or `object` in `<Link>`, but got `undefined` instead.
Open your browser's console to view the Component stack trace.
  Details: {
  "stack": "Error: Failed prop type: The prop `href` expects a `string` or `object` in `<Link>`, but got `undefined` instead.\nOpen your browser's console to view the Component stack trace.\n    at createPropError (webpack-internal:///(app-pages-browser)/./node_modules/next/dist/client/app-dir/link.js:90:42)\n    at eval (webpack-internal:///(app-pages-browser)/./node_modules/next/dist/client/app-dir/link.js:104:27)\n    at Array.forEach (<anonymous>)\n    at LinkComponent (webpack-internal:///(app-pages-browser)/./node_modules/next/dist/client/app-dir/link.js:101:23)\n    at react-stack-bottom-frame (webpack-internal:///(app-pages-browser)/./node_modules/next/dist/compiled/react-dom/cjs/react-dom-client.development.js:23950:20)\n    at renderWithHooks (webpack-internal:///(app-pages-browser)/./node_modules/next/dist/compiled/react-dom/cjs/react-dom-client.development.js:5079:22)\n    at updateForwardRef (webpack-internal:///(app-pages-browser)/./node_modules/next/dist/compiled/react-dom/cjs/react-dom-client.development.js:8072:19)\n    at beginWork (webpack-internal:///(app-pages-browser)/./node_modules/next/dist/compiled/react-dom/cjs/react-dom-client.development.js:9910:34)\n    at runWithFiberInDEV (webpack-internal:///(app-pages-browser)/./node_modules/next/dist/compiled/react-dom/cjs/react-dom-client.development.js:1511:30)\n    at performUnitOfWork (webpack-internal:///(app-pages-browser)/./node_modules/next/dist/compiled/react-dom/cjs/react-dom-client.development.js:15120:22)\n    at workLoopSync (webpack-internal:///(app-pages-browser)/./node_modules/next/dist/compiled/react-dom/cjs/react-dom-client.development.js:14944:41)\n    at renderRootSync (webpack-internal:///(app-pages-browser)/./node_modules/next/dist/compiled/react-dom/cjs/react-dom-client.development.js:14924:11)\n    at performWorkOnRoot (webpack-internal:///(app-pages-browser)/./node_modules/next/dist/compiled/react-dom/cjs/react-dom-client.development.js:14454:44)\n    at performSyncWorkOnRoot (webpack-internal:///(app-pages-browser)/./node_modules/next/dist/compiled/react-dom/cjs/react-dom-client.development.js:16290:7)\n    at flushSyncWorkAcrossRoots_impl (webpack-internal:///(app-pages-browser)/./node_modules/next/dist/compiled/react-dom/cjs/react-dom-client.development.js:16138:21)\n    at processRootScheduleInMicrotask (webpack-internal:///(app-pages-browser)/./node_modules/next/dist/compiled/react-dom/cjs/react-dom-client.development.js:16175:7)\n    at eval (webpack-internal:///(app-pages-browser)/./node_modules/next/dist/compiled/react-dom/cjs/react-dom-client.development.js:16309:13)",
  "location": "global-error-boundary",
  "errorType": "unhandled-error"
}
[2025-03-20T12:50:33.916Z] FRONTEND:CLIENT - ERROR: Client Error: Failed prop type: The prop `href` expects a `string` or `object` in `<Link>`, but got `undefined` instead.
Open your browser's console to view the Component stack trace.
  Details: {
  "stack": "Error: Failed prop type: The prop `href` expects a `string` or `object` in `<Link>`, but got `undefined` instead.\nOpen your browser's console to view the Component stack trace.\n    at createPropError (webpack-internal:///(app-pages-browser)/./node_modules/next/dist/client/app-dir/link.js:90:42)\n    at eval (webpack-internal:///(app-pages-browser)/./node_modules/next/dist/client/app-dir/link.js:104:27)\n    at Array.forEach (<anonymous>)\n    at LinkComponent (webpack-internal:///(app-pages-browser)/./node_modules/next/dist/client/app-dir/link.js:101:23)\n    at react-stack-bottom-frame (webpack-internal:///(app-pages-browser)/./node_modules/next/dist/compiled/react-dom/cjs/react-dom-client.development.js:23950:20)\n    at renderWithHooks (webpack-internal:///(app-pages-browser)/./node_modules/next/dist/compiled/react-dom/cjs/react-dom-client.development.js:5079:22)\n    at updateForwardRef (webpack-internal:///(app-pages-browser)/./node_modules/next/dist/compiled/react-dom/cjs/react-dom-client.development.js:8072:19)\n    at beginWork (webpack-internal:///(app-pages-browser)/./node_modules/next/dist/compiled/react-dom/cjs/react-dom-client.development.js:9910:34)\n    at runWithFiberInDEV (webpack-internal:///(app-pages-browser)/./node_modules/next/dist/compiled/react-dom/cjs/react-dom-client.development.js:1511:30)\n    at performUnitOfWork (webpack-internal:///(app-pages-browser)/./node_modules/next/dist/compiled/react-dom/cjs/react-dom-client.development.js:15120:22)\n    at workLoopSync (webpack-internal:///(app-pages-browser)/./node_modules/next/dist/compiled/react-dom/cjs/react-dom-client.development.js:14944:41)\n    at renderRootSync (webpack-internal:///(app-pages-browser)/./node_modules/next/dist/compiled/react-dom/cjs/react-dom-client.development.js:14924:11)\n    at performWorkOnRoot (webpack-internal:///(app-pages-browser)/./node_modules/next/dist/compiled/react-dom/cjs/react-dom-client.development.js:14454:44)\n    at performSyncWorkOnRoot (webpack-internal:///(app-pages-browser)/./node_modules/next/dist/compiled/react-dom/cjs/react-dom-client.development.js:16290:7)\n    at flushSyncWorkAcrossRoots_impl (webpack-internal:///(app-pages-browser)/./node_modules/next/dist/compiled/react-dom/cjs/react-dom-client.development.js:16138:21)\n    at processRootScheduleInMicrotask (webpack-internal:///(app-pages-browser)/./node_modules/next/dist/compiled/react-dom/cjs/react-dom-client.development.js:16175:7)\n    at eval (webpack-internal:///(app-pages-browser)/./node_modules/next/dist/compiled/react-dom/cjs/react-dom-client.development.js:16309:13)",
  "location": "global-error-boundary",
  "errorType": "unhandled-error"
}
[2025-03-20T12:50:35.794Z] FRONTEND:USER - INFO: User attempted to recover from error: Failed prop type: The prop `href` expects a `string` or `object` in `<Link>`, but got `undefined` instead.
Open your browser's console to view the Component stack trace.
  Details: {
  "component": "GlobalErrorHandler"
}
[2025-03-20T12:50:35.886Z] FRONTEND:CLIENT - ERROR: Client Error: Failed prop type: The prop `href` expects a `string` or `object` in `<Link>`, but got `undefined` instead.
Open your browser's console to view the Component stack trace.
  Details: {
  "stack": "Error: Failed prop type: The prop `href` expects a `string` or `object` in `<Link>`, but got `undefined` instead.\nOpen your browser's console to view the Component stack trace.\n    at createPropError (webpack-internal:///(app-pages-browser)/./node_modules/next/dist/client/app-dir/link.js:90:42)\n    at eval (webpack-internal:///(app-pages-browser)/./node_modules/next/dist/client/app-dir/link.js:104:27)\n    at Array.forEach (<anonymous>)\n    at LinkComponent (webpack-internal:///(app-pages-browser)/./node_modules/next/dist/client/app-dir/link.js:101:23)\n    at react-stack-bottom-frame (webpack-internal:///(app-pages-browser)/./node_modules/next/dist/compiled/react-dom/cjs/react-dom-client.development.js:23950:20)\n    at renderWithHooks (webpack-internal:///(app-pages-browser)/./node_modules/next/dist/compiled/react-dom/cjs/react-dom-client.development.js:5079:22)\n    at updateForwardRef (webpack-internal:///(app-pages-browser)/./node_modules/next/dist/compiled/react-dom/cjs/react-dom-client.development.js:8072:19)\n    at beginWork (webpack-internal:///(app-pages-browser)/./node_modules/next/dist/compiled/react-dom/cjs/react-dom-client.development.js:9910:34)\n    at runWithFiberInDEV (webpack-internal:///(app-pages-browser)/./node_modules/next/dist/compiled/react-dom/cjs/react-dom-client.development.js:1511:30)\n    at performUnitOfWork (webpack-internal:///(app-pages-browser)/./node_modules/next/dist/compiled/react-dom/cjs/react-dom-client.development.js:15120:22)\n    at workLoopSync (webpack-internal:///(app-pages-browser)/./node_modules/next/dist/compiled/react-dom/cjs/react-dom-client.development.js:14944:41)\n    at renderRootSync (webpack-internal:///(app-pages-browser)/./node_modules/next/dist/compiled/react-dom/cjs/react-dom-client.development.js:14924:11)\n    at performWorkOnRoot (webpack-internal:///(app-pages-browser)/./node_modules/next/dist/compiled/react-dom/cjs/react-dom-client.development.js:14454:44)\n    at performSyncWorkOnRoot (webpack-internal:///(app-pages-browser)/./node_modules/next/dist/compiled/react-dom/cjs/react-dom-client.development.js:16290:7)\n    at flushSyncWorkAcrossRoots_impl (webpack-internal:///(app-pages-browser)/./node_modules/next/dist/compiled/react-dom/cjs/react-dom-client.development.js:16138:21)\n    at processRootScheduleInMicrotask (webpack-internal:///(app-pages-browser)/./node_modules/next/dist/compiled/react-dom/cjs/react-dom-client.development.js:16175:7)\n    at eval (webpack-internal:///(app-pages-browser)/./node_modules/next/dist/compiled/react-dom/cjs/react-dom-client.development.js:16309:13)",
  "location": "global-error-boundary",
  "errorType": "unhandled-error"
}
[2025-03-20T12:50:35.886Z] FRONTEND:CLIENT - ERROR: Client Error: Failed prop type: The prop `href` expects a `string` or `object` in `<Link>`, but got `undefined` instead.
Open your browser's console to view the Component stack trace.
  Details: {
  "stack": "Error: Failed prop type: The prop `href` expects a `string` or `object` in `<Link>`, but got `undefined` instead.\nOpen your browser's console to view the Component stack trace.\n    at createPropError (webpack-internal:///(app-pages-browser)/./node_modules/next/dist/client/app-dir/link.js:90:42)\n    at eval (webpack-internal:///(app-pages-browser)/./node_modules/next/dist/client/app-dir/link.js:104:27)\n    at Array.forEach (<anonymous>)\n    at LinkComponent (webpack-internal:///(app-pages-browser)/./node_modules/next/dist/client/app-dir/link.js:101:23)\n    at react-stack-bottom-frame (webpack-internal:///(app-pages-browser)/./node_modules/next/dist/compiled/react-dom/cjs/react-dom-client.development.js:23950:20)\n    at renderWithHooks (webpack-internal:///(app-pages-browser)/./node_modules/next/dist/compiled/react-dom/cjs/react-dom-client.development.js:5079:22)\n    at updateForwardRef (webpack-internal:///(app-pages-browser)/./node_modules/next/dist/compiled/react-dom/cjs/react-dom-client.development.js:8072:19)\n    at beginWork (webpack-internal:///(app-pages-browser)/./node_modules/next/dist/compiled/react-dom/cjs/react-dom-client.development.js:9910:34)\n    at runWithFiberInDEV (webpack-internal:///(app-pages-browser)/./node_modules/next/dist/compiled/react-dom/cjs/react-dom-client.development.js:1511:30)\n    at performUnitOfWork (webpack-internal:///(app-pages-browser)/./node_modules/next/dist/compiled/react-dom/cjs/react-dom-client.development.js:15120:22)\n    at workLoopSync (webpack-internal:///(app-pages-browser)/./node_modules/next/dist/compiled/react-dom/cjs/react-dom-client.development.js:14944:41)\n    at renderRootSync (webpack-internal:///(app-pages-browser)/./node_modules/next/dist/compiled/react-dom/cjs/react-dom-client.development.js:14924:11)\n    at performWorkOnRoot (webpack-internal:///(app-pages-browser)/./node_modules/next/dist/compiled/react-dom/cjs/react-dom-client.development.js:14454:44)\n    at performSyncWorkOnRoot (webpack-internal:///(app-pages-browser)/./node_modules/next/dist/compiled/react-dom/cjs/react-dom-client.development.js:16290:7)\n    at flushSyncWorkAcrossRoots_impl (webpack-internal:///(app-pages-browser)/./node_modules/next/dist/compiled/react-dom/cjs/react-dom-client.development.js:16138:21)\n    at processRootScheduleInMicrotask (webpack-internal:///(app-pages-browser)/./node_modules/next/dist/compiled/react-dom/cjs/react-dom-client.development.js:16175:7)\n    at eval (webpack-internal:///(app-pages-browser)/./node_modules/next/dist/compiled/react-dom/cjs/react-dom-client.development.js:16309:13)",
  "location": "global-error-boundary",
  "errorType": "unhandled-error"
}
[2025-03-20T13:03:31.395Z] FRONTEND:AUTH - DEBUG: Auth Flow - Initial Auth State Check
  Details: {
  "timestamp": "2025-03-20T13:03:31.395Z",
  "has_token": false,
  "has_user": false
}
[2025-03-20T13:04:12.765Z] FRONTEND:AUTH - DEBUG: Auth Flow - Initial Auth State Check
  Details: {
  "timestamp": "2025-03-20T13:04:12.765Z",
  "has_token": false,
  "has_user": false
}
[2025-03-20T13:04:32.198Z] FRONTEND:AUTH - DEBUG: Auth Flow - Initial Auth State Check
  Details: {
  "timestamp": "2025-03-20T13:04:32.198Z",
  "has_token": false,
  "has_user": false
}
[2025-03-20T13:07:44.639Z] FRONTEND:AUTH - DEBUG: Auth Flow - HeaderConnect Render
  Details: {
  "timestamp": "2025-03-20T13:07:44.639Z",
  "is_connected": false,
  "is_authenticated": false,
  "is_authenticating": false
}
[2025-03-20T13:07:44.692Z] FRONTEND:AUTH - DEBUG: Auth Flow - Auth state updated
  Details: {
  "timestamp": "2025-03-20T13:07:44.692Z",
  "is_connected": false,
  "is_authenticated": false,
  "is_authenticating": false,
  "initial_check_done": false,
  "needs_reauthentication": false,
  "last_authenticated_address": null
}
[2025-03-20T13:07:44.692Z] FRONTEND:CS2 - INFO: Market navbar mounted with enhanced Skinport style and animations
  Details: {
  "categoriesCount": 4,
  "currentCategory": "none",
  "style": "text-only-enhanced-animated",
  "log_destination": "market",
  "timestamp": "2025-03-20T13:07:44.692Z"
}
[2025-03-20T13:07:44.702Z] FRONTEND:CS2 - INFO: Rendering 5 products with enhanced staggered animation
  Details: {
  "productCount": 5,
  "productIds": [
    "cs2-awp-crakow-minimal-wear",
    "cs2-ak47-asiimov-factory-new",
    "cs2-m4a4-howl-field-tested",
    "cs2-deagle-printstream-minimal-wear",
    "cs2-butterfly-doppler-factory-new"
  ],
  "animationEnabled": true,
  "staggerType": "wave",
  "baseDelay": "35ms",
  "log_destination": "market",
  "timestamp": "2025-03-20T13:07:44.702Z"
}
[2025-03-20T13:07:44.702Z] FRONTEND:CS2 - INFO: MarketPageView mounted with 5 products and enhanced animations
  Details: {
  "page": 1,
  "pageSize": 20,
  "totalProducts": 5,
  "productIds": [
    "cs2-awp-crakow-minimal-wear",
    "cs2-ak47-asiimov-factory-new",
    "cs2-m4a4-howl-field-tested",
    "cs2-deagle-printstream-minimal-wear",
    "cs2-butterfly-doppler-factory-new"
  ],
  "transitionType": "initial-mount",
  "animationsEnabled": true,
  "log_destination": "market",
  "timestamp": "2025-03-20T13:07:44.702Z"
}
[2025-03-20T13:07:44.639Z] FRONTEND:AUTH - DEBUG: Auth Flow - HeaderConnect Render
  Details: {
  "timestamp": "2025-03-20T13:07:44.639Z",
  "is_connected": false,
  "is_authenticated": false,
  "is_authenticating": false
}
[2025-03-20T13:07:44.703Z] FRONTEND:CS2 - DEBUG: MarketPageView unmounted
  Details: {
  "page": 1,
  "log_destination": "market",
  "timestamp": "2025-03-20T13:07:44.703Z"
}
[2025-03-20T13:07:44.704Z] FRONTEND:AUTH - DEBUG: Auth Flow - Auth state updated
  Details: {
  "timestamp": "2025-03-20T13:07:44.704Z",
  "is_connected": false,
  "is_authenticated": false,
  "is_authenticating": false,
  "initial_check_done": false,
  "needs_reauthentication": false,
  "last_authenticated_address": null
}
[2025-03-20T13:07:44.705Z] FRONTEND:CS2 - INFO: Rendering 5 products with enhanced staggered animation
  Details: {
  "productCount": 5,
  "productIds": [
    "cs2-awp-crakow-minimal-wear",
    "cs2-ak47-asiimov-factory-new",
    "cs2-m4a4-howl-field-tested",
    "cs2-deagle-printstream-minimal-wear",
    "cs2-butterfly-doppler-factory-new"
  ],
  "animationEnabled": true,
  "staggerType": "wave",
  "baseDelay": "35ms",
  "log_destination": "market",
  "timestamp": "2025-03-20T13:07:44.705Z"
}
[2025-03-20T13:07:44.757Z] FRONTEND:AUTH - DEBUG: Auth Flow - HeaderConnect Render
  Details: {
  "timestamp": "2025-03-20T13:07:44.757Z",
  "is_connected": false,
  "is_authenticated": false,
  "is_authenticating": false
}
[2025-03-20T13:07:44.757Z] FRONTEND:AUTH - DEBUG: Auth Flow - HeaderConnect Render
  Details: {
  "timestamp": "2025-03-20T13:07:44.757Z",
  "is_connected": false,
  "is_authenticated": false,
  "is_authenticating": false
}
[2025-03-20T13:07:44.769Z] FRONTEND:AUTH - DEBUG: Auth Flow - Auth state updated
  Details: {
  "timestamp": "2025-03-20T13:07:44.769Z",
  "is_connected": false,
  "is_authenticated": false,
  "is_authenticating": false,
  "initial_check_done": false,
  "needs_reauthentication": false,
  "last_authenticated_address": null
}
[2025-03-20T13:07:44.769Z] FRONTEND:CS2 - INFO: Market navbar mounted with enhanced Skinport style and animations
  Details: {
  "categoriesCount": 4,
  "currentCategory": "none",
  "style": "text-only-enhanced-animated",
  "log_destination": "market",
  "timestamp": "2025-03-20T13:07:44.769Z"
}
[2025-03-20T13:07:44.770Z] FRONTEND:AUTH - DEBUG: Auth Flow - Auth state updated
  Details: {
  "timestamp": "2025-03-20T13:07:44.770Z",
  "is_connected": false,
  "is_authenticated": false,
  "is_authenticating": false,
  "initial_check_done": false,
  "needs_reauthentication": false,
  "last_authenticated_address": null
}
[2025-03-20T13:07:55.673Z] FRONTEND:AUTH - DEBUG: Auth Flow - HeaderConnect Render
  Details: {
  "timestamp": "2025-03-20T13:07:55.673Z",
  "is_connected": false,
  "is_authenticated": false,
  "is_authenticating": false
}
[2025-03-20T13:07:55.673Z] FRONTEND:AUTH - DEBUG: Auth Flow - HeaderConnect Render
  Details: {
  "timestamp": "2025-03-20T13:07:55.673Z",
  "is_connected": false,
  "is_authenticated": false,
  "is_authenticating": false
}
[2025-03-20T13:07:55.741Z] FRONTEND:AUTH - DEBUG: Auth Flow - Auth state updated
  Details: {
  "timestamp": "2025-03-20T13:07:55.741Z",
  "is_connected": false,
  "is_authenticated": false,
  "is_authenticating": false,
  "initial_check_done": false,
  "needs_reauthentication": false,
  "last_authenticated_address": null
}
[2025-03-20T13:07:55.742Z] FRONTEND:CS2 - INFO: Market navbar mounted with enhanced Skinport style and animations
  Details: {
  "categoriesCount": 4,
  "currentCategory": "none",
  "style": "text-only-enhanced-animated",
  "log_destination": "market",
  "timestamp": "2025-03-20T13:07:55.742Z"
}
[2025-03-20T13:07:55.742Z] FRONTEND:CS2 - INFO: Rendering 5 products with enhanced staggered animation
  Details: {
  "productCount": 5,
  "productIds": [
    "cs2-awp-crakow-minimal-wear",
    "cs2-ak47-asiimov-factory-new",
    "cs2-m4a4-howl-field-tested",
    "cs2-deagle-printstream-minimal-wear",
    "cs2-butterfly-doppler-factory-new"
  ],
  "animationEnabled": true,
  "staggerType": "wave",
  "baseDelay": "35ms",
  "log_destination": "market",
  "timestamp": "2025-03-20T13:07:55.742Z"
}
[2025-03-20T13:07:55.743Z] FRONTEND:AUTH - DEBUG: Auth Flow - Auth state updated
  Details: {
  "timestamp": "2025-03-20T13:07:55.743Z",
  "is_connected": false,
  "is_authenticated": false,
  "is_authenticating": false,
  "initial_check_done": false,
  "needs_reauthentication": false,
  "last_authenticated_address": null
}
[2025-03-20T13:08:09.017Z] FRONTEND:AUTH - DEBUG: Auth Flow - HeaderConnect Render
  Details: {
  "timestamp": "2025-03-20T13:08:09.017Z",
  "is_connected": false,
  "is_authenticated": false,
  "is_authenticating": false
}
[2025-03-20T13:08:09.017Z] FRONTEND:AUTH - DEBUG: Auth Flow - HeaderConnect Render
  Details: {
  "timestamp": "2025-03-20T13:08:09.017Z",
  "is_connected": false,
  "is_authenticated": false,
  "is_authenticating": false
}
[2025-03-20T13:08:09.098Z] FRONTEND:AUTH - DEBUG: Auth Flow - Auth state updated
  Details: {
  "timestamp": "2025-03-20T13:08:09.098Z",
  "is_connected": false,
  "is_authenticated": false,
  "is_authenticating": false,
  "initial_check_done": false,
  "needs_reauthentication": false,
  "last_authenticated_address": null
}
[2025-03-20T13:08:09.099Z] FRONTEND:CS2 - INFO: Market navbar mounted with enhanced Skinport style and animations
  Details: {
  "categoriesCount": 4,
  "currentCategory": "none",
  "style": "text-only-enhanced-animated",
  "log_destination": "market",
  "timestamp": "2025-03-20T13:08:09.099Z"
}
[2025-03-20T13:08:09.100Z] FRONTEND:CS2 - INFO: Rendering 5 products with enhanced staggered animation
  Details: {
  "productCount": 5,
  "productIds": [
    "cs2-awp-crakow-minimal-wear",
    "cs2-ak47-asiimov-factory-new",
    "cs2-m4a4-howl-field-tested",
    "cs2-deagle-printstream-minimal-wear",
    "cs2-butterfly-doppler-factory-new"
  ],
  "animationEnabled": true,
  "staggerType": "wave",
  "baseDelay": "35ms",
  "log_destination": "market",
  "timestamp": "2025-03-20T13:08:09.100Z"
}
[2025-03-20T13:08:09.103Z] FRONTEND:AUTH - DEBUG: Auth Flow - Auth state updated
  Details: {
  "timestamp": "2025-03-20T13:08:09.103Z",
  "is_connected": false,
  "is_authenticated": false,
  "is_authenticating": false,
  "initial_check_done": false,
  "needs_reauthentication": false,
  "last_authenticated_address": null
}
[2025-03-20T13:08:17.373Z] FRONTEND:AUTH - DEBUG: Auth Flow - Initial Auth State Check
  Details: {
  "timestamp": "2025-03-20T13:08:17.373Z",
  "has_token": false,
  "has_user": false
}
[2025-03-20T13:08:17.425Z] FRONTEND:AUTH - DEBUG: Auth Flow - HeaderConnect Render
  Details: {
  "timestamp": "2025-03-20T13:08:17.425Z",
  "is_connected": false,
  "is_authenticated": false,
  "is_authenticating": false
}
[2025-03-20T13:08:17.425Z] FRONTEND:AUTH - DEBUG: Auth Flow - HeaderConnect Render
  Details: {
  "timestamp": "2025-03-20T13:08:17.425Z",
  "is_connected": false,
  "is_authenticated": false,
  "is_authenticating": false
}
[2025-03-20T13:08:17.470Z] FRONTEND:AUTH - DEBUG: Auth Flow - Auth state updated
  Details: {
  "timestamp": "2025-03-20T13:08:17.470Z",
  "is_connected": false,
  "is_authenticated": false,
  "is_authenticating": false,
  "initial_check_done": false,
  "needs_reauthentication": false,
  "last_authenticated_address": null
}
[2025-03-20T13:08:17.471Z] FRONTEND:CS2 - INFO: Market navbar mounted with enhanced Skinport style and animations
  Details: {
  "categoriesCount": 4,
  "currentCategory": "none",
  "style": "text-only-enhanced-animated",
  "log_destination": "market",
  "timestamp": "2025-03-20T13:08:17.471Z"
}
[2025-03-20T13:08:17.473Z] FRONTEND:CS2 - INFO: Rendering 5 products with enhanced staggered animation
  Details: {
  "productCount": 5,
  "productIds": [
    "cs2-awp-crakow-minimal-wear",
    "cs2-ak47-asiimov-factory-new",
    "cs2-m4a4-howl-field-tested",
    "cs2-deagle-printstream-minimal-wear",
    "cs2-butterfly-doppler-factory-new"
  ],
  "animationEnabled": true,
  "staggerType": "wave",
  "baseDelay": "35ms",
  "log_destination": "market",
  "timestamp": "2025-03-20T13:08:17.473Z"
}
[2025-03-20T13:08:17.473Z] FRONTEND:CS2 - INFO: MarketPageView mounted with 5 products and enhanced animations
  Details: {
  "page": 1,
  "pageSize": 20,
  "totalProducts": 5,
  "productIds": [
    "cs2-awp-crakow-minimal-wear",
    "cs2-ak47-asiimov-factory-new",
    "cs2-m4a4-howl-field-tested",
    "cs2-deagle-printstream-minimal-wear",
    "cs2-butterfly-doppler-factory-new"
  ],
  "transitionType": "initial-mount",
  "animationsEnabled": true,
  "log_destination": "market",
  "timestamp": "2025-03-20T13:08:17.473Z"
}
[2025-03-20T13:08:17.494Z] FRONTEND:AUTH - DEBUG: Auth Flow - HeaderConnect Render
  Details: {
  "timestamp": "2025-03-20T13:08:17.494Z",
  "is_connected": false,
  "is_authenticated": false,
  "is_authenticating": false
}
[2025-03-20T13:08:17.495Z] FRONTEND:AUTH - DEBUG: Auth Flow - HeaderConnect Render
  Details: {
  "timestamp": "2025-03-20T13:08:17.495Z",
  "is_connected": false,
  "is_authenticated": false,
  "is_authenticating": false
}
[2025-03-20T13:08:17.520Z] FRONTEND:AUTH - DEBUG: Auth Flow - HeaderConnect Render
  Details: {
  "timestamp": "2025-03-20T13:08:17.520Z",
  "is_connected": false,
  "is_authenticated": false,
  "is_authenticating": false
}
[2025-03-20T13:08:17.520Z] FRONTEND:AUTH - DEBUG: Auth Flow - HeaderConnect Render
  Details: {
  "timestamp": "2025-03-20T13:08:17.520Z",
  "is_connected": false,
  "is_authenticated": false,
  "is_authenticating": false
}
[2025-03-20T13:08:17.555Z] FRONTEND:AUTH - DEBUG: Auth Flow - HeaderConnect Render
  Details: {
  "timestamp": "2025-03-20T13:08:17.555Z",
  "is_connected": false,
  "is_authenticated": false,
  "is_authenticating": false
}
[2025-03-20T13:08:17.555Z] FRONTEND:AUTH - DEBUG: Auth Flow - HeaderConnect Render
  Details: {
  "timestamp": "2025-03-20T13:08:17.555Z",
  "is_connected": false,
  "is_authenticated": false,
  "is_authenticating": false
}
[2025-03-20T13:08:17.635Z] FRONTEND:AUTH - DEBUG: Auth Flow - HeaderConnect Render
  Details: {
  "timestamp": "2025-03-20T13:08:17.635Z",
  "is_connected": false,
  "is_authenticated": false,
  "is_authenticating": false
}
[2025-03-20T13:08:17.635Z] FRONTEND:AUTH - DEBUG: Auth Flow - HeaderConnect Render
  Details: {
  "timestamp": "2025-03-20T13:08:17.635Z",
  "is_connected": false,
  "is_authenticated": false,
  "is_authenticating": false
}
[2025-03-20T13:08:17.668Z] FRONTEND:AUTH - DEBUG: Auth Flow - Auth state updated
  Details: {
  "timestamp": "2025-03-20T13:08:17.668Z",
  "is_connected": false,
  "is_authenticated": false,
  "is_authenticating": false,
  "initial_check_done": false,
  "needs_reauthentication": false,
  "last_authenticated_address": null
}
[2025-03-20T13:08:17.668Z] FRONTEND:CS2 - INFO: Market navbar mounted with enhanced Skinport style and animations
  Details: {
  "categoriesCount": 4,
  "currentCategory": "none",
  "style": "text-only-enhanced-animated",
  "log_destination": "market",
  "timestamp": "2025-03-20T13:08:17.668Z"
}
[2025-03-20T13:08:17.670Z] FRONTEND:AUTH - DEBUG: Auth Flow - Auth state updated
  Details: {
  "timestamp": "2025-03-20T13:08:17.670Z",
  "is_connected": false,
  "is_authenticated": false,
  "is_authenticating": false,
  "initial_check_done": false,
  "needs_reauthentication": false,
  "last_authenticated_address": null
}
[2025-03-20T13:08:21.490Z] FRONTEND:AUTH - DEBUG: Auth Flow - HeaderConnect Render
  Details: {
  "timestamp": "2025-03-20T13:08:21.490Z",
  "is_connected": false,
  "is_authenticated": false,
  "is_authenticating": false
}
[2025-03-20T13:08:21.491Z] FRONTEND:AUTH - DEBUG: Auth Flow - HeaderConnect Render
  Details: {
  "timestamp": "2025-03-20T13:08:21.490Z",
  "is_connected": false,
  "is_authenticated": false,
  "is_authenticating": false
}
[2025-03-20T13:08:21.571Z] FRONTEND:CS2 - DEBUG: MarketPageView unmounted
  Details: {
  "page": 1,
  "log_destination": "market",
  "timestamp": "2025-03-20T13:08:21.571Z"
}
[2025-03-20T13:08:21.571Z] FRONTEND:AUTH - DEBUG: Auth Flow - Auth state updated
  Details: {
  "timestamp": "2025-03-20T13:08:21.571Z",
  "is_connected": false,
  "is_authenticated": false,
  "is_authenticating": false,
  "initial_check_done": false,
  "needs_reauthentication": false,
  "last_authenticated_address": null
}
[2025-03-20T13:08:21.572Z] FRONTEND:CS2 - INFO: Market navbar mounted with enhanced Skinport style and animations
  Details: {
  "categoriesCount": 4,
  "currentCategory": "none",
  "style": "text-only-enhanced-animated",
  "log_destination": "market",
  "timestamp": "2025-03-20T13:08:21.572Z"
}
[2025-03-20T13:08:21.572Z] FRONTEND:CS2 - INFO: Rendering 5 products with enhanced staggered animation
  Details: {
  "productCount": 5,
  "productIds": [
    "cs2-awp-crakow-minimal-wear",
    "cs2-ak47-asiimov-factory-new",
    "cs2-m4a4-howl-field-tested",
    "cs2-deagle-printstream-minimal-wear",
    "cs2-butterfly-doppler-factory-new"
  ],
  "animationEnabled": true,
  "staggerType": "wave",
  "baseDelay": "35ms",
  "log_destination": "market",
  "timestamp": "2025-03-20T13:08:21.572Z"
}
[2025-03-20T13:08:21.575Z] FRONTEND:AUTH - DEBUG: Auth Flow - Auth state updated
  Details: {
  "timestamp": "2025-03-20T13:08:21.575Z",
  "is_connected": false,
  "is_authenticated": false,
  "is_authenticating": false,
  "initial_check_done": false,
  "needs_reauthentication": false,
  "last_authenticated_address": null
}
[2025-03-20T13:08:27.019Z] FRONTEND:AUTH - DEBUG: Auth Flow - Authentication needed - not authenticated
  Details: {
  "timestamp": "2025-03-20T13:08:27.019Z",
  "address": "0x0300B70e40F138927e3a988ce4A9a069Ff875336",
  "is_connected": true
}
[2025-03-20T13:08:27.020Z] FRONTEND:AUTH - DEBUG: Auth Flow - Authentication needed - not authenticated
  Details: {
  "timestamp": "2025-03-20T13:08:27.020Z",
  "address": "0x0300B70e40F138927e3a988ce4A9a069Ff875336",
  "is_connected": true
}
[2025-03-20T13:08:27.020Z] FRONTEND:AUTH - DEBUG: Auth Flow - HeaderConnect Render
  Details: {
  "timestamp": "2025-03-20T13:08:27.020Z",
  "wallet_address": "0x0300B70e40F138927e3a988ce4A9a069Ff875336",
  "is_connected": true,
  "is_authenticated": false,
  "is_authenticating": false
}
[2025-03-20T13:08:27.021Z] FRONTEND:AUTH - DEBUG: Auth Flow - HeaderConnect Render
  Details: {
  "timestamp": "2025-03-20T13:08:27.021Z",
  "wallet_address": "0x0300B70e40F138927e3a988ce4A9a069Ff875336",
  "is_connected": true,
  "is_authenticated": false,
  "is_authenticating": false
}
[2025-03-20T13:08:27.037Z] FRONTEND:AUTH - DEBUG: Auth Flow - Auth Check
  Details: {
  "timestamp": "2025-03-20T13:08:27.037Z",
  "has_token": false,
  "has_user": false
}
[2025-03-20T13:08:27.038Z] FRONTEND:AUTH - DEBUG: Auth Flow - Starting authentication
  Details: {
  "timestamp": "2025-03-20T13:08:27.038Z",
  "wallet_address": "0x0300B70e40F138927e3a988ce4A9a069Ff875336",
  "is_connected": true,
  "initial_check_done": true
}
[2025-03-20T13:08:27.038Z] FRONTEND:AUTH - DEBUG: Auth Flow - Request Signature
  Details: {
  "timestamp": "2025-03-20T13:08:27.038Z",
  "walletAddress": "0x0300B70e40F138927e3a988ce4A9a069Ff875336"
}
[2025-03-20T13:08:27.040Z] FRONTEND:AUTH - DEBUG: Auth Flow - Auth state updated
  Details: {
  "timestamp": "2025-03-20T13:08:27.040Z",
  "is_connected": true,
  "is_authenticated": false,
  "wallet_address": "0x0300B70e40F138927e3a988ce4A9a069Ff875336",
  "is_authenticating": false,
  "initial_check_done": true,
  "needs_reauthentication": true,
  "last_authenticated_address": null
}
[2025-03-20T13:08:27.051Z] FRONTEND:AUTH - DEBUG: Auth Flow - Auth state restoration failed - triggering authentication
  Details: {
  "timestamp": "2025-03-20T13:08:27.051Z",
  "address": "0x0300B70e40F138927e3a988ce4A9a069Ff875336",
  "is_connected": true
}
[2025-03-20T13:08:27.052Z] FRONTEND:AUTH - DEBUG: Auth Flow - Token Retrieval
  Details: {
  "timestamp": "2025-03-20T13:08:27.052Z",
  "exists": false
}
[2025-03-20T13:08:27.071Z] FRONTEND:AUTH - DEBUG: Auth Flow - HeaderConnect Render
  Details: {
  "timestamp": "2025-03-20T13:08:27.071Z",
  "wallet_address": "0x0300B70e40F138927e3a988ce4A9a069Ff875336",
  "is_connected": true,
  "is_authenticated": false,
  "is_authenticating": true
}
[2025-03-20T13:08:27.072Z] FRONTEND:AUTH - DEBUG: Auth Flow - HeaderConnect Render
  Details: {
  "timestamp": "2025-03-20T13:08:27.072Z",
  "wallet_address": "0x0300B70e40F138927e3a988ce4A9a069Ff875336",
  "is_connected": true,
  "is_authenticated": false,
  "is_authenticating": true
}
[2025-03-20T13:08:27.078Z] FRONTEND:AUTH - DEBUG: Auth Flow - Signature Requested
  Details: {
  "timestamp": "2025-03-20T13:08:27.078Z",
  "nonce": "ca0fa42d92f782f504eb05609521e1207f7883761fc95308cebe84a7ac342faa"
}
[2025-03-20T13:08:27.080Z] FRONTEND:AUTH - DEBUG: Auth Flow - Auth state updated
  Details: {
  "timestamp": "2025-03-20T13:08:27.080Z",
  "is_connected": true,
  "is_authenticated": false,
  "wallet_address": "0x0300B70e40F138927e3a988ce4A9a069Ff875336",
  "is_authenticating": true,
  "initial_check_done": true,
  "needs_reauthentication": true,
  "last_authenticated_address": null
}
[2025-03-20T13:08:27.081Z] FRONTEND:AUTH - DEBUG: Auth Flow - HeaderConnect Render
  Details: {
  "timestamp": "2025-03-20T13:08:27.081Z",
  "wallet_address": "0x0300B70e40F138927e3a988ce4A9a069Ff875336",
  "is_connected": true,
  "is_authenticated": false,
  "is_authenticating": true
}
[2025-03-20T13:08:27.082Z] FRONTEND:AUTH - DEBUG: Auth Flow - HeaderConnect Render
  Details: {
  "timestamp": "2025-03-20T13:08:27.082Z",
  "wallet_address": "0x0300B70e40F138927e3a988ce4A9a069Ff875336",
  "is_connected": true,
  "is_authenticated": false,
  "is_authenticating": true
}
[2025-03-20T13:08:29.116Z] FRONTEND:AUTH - DEBUG: Auth Flow - Verify Signature
  Details: {
  "timestamp": "2025-03-20T13:08:29.116Z",
  "walletAddress": "0x0300B70e40F138927e3a988ce4A9a069Ff875336",
  "nonce": "ca0fa42d92f782f504eb05609521e1207f7883761fc95308cebe84a7ac342faa"
}
[2025-03-20T13:08:29.117Z] FRONTEND:AUTH - DEBUG: Auth Flow - Token Retrieval
  Details: {
  "timestamp": "2025-03-20T13:08:29.117Z",
  "exists": false
}
[2025-03-20T13:08:29.120Z] FRONTEND:AUTH - DEBUG: Auth Flow - HeaderConnect Render
  Details: {
  "timestamp": "2025-03-20T13:08:29.120Z",
  "wallet_address": "0x0300B70e40F138927e3a988ce4A9a069Ff875336",
  "is_connected": true,
  "is_authenticated": false,
  "is_authenticating": true
}
[2025-03-20T13:08:29.121Z] FRONTEND:AUTH - DEBUG: Auth Flow - HeaderConnect Render
  Details: {
  "timestamp": "2025-03-20T13:08:29.121Z",
  "wallet_address": "0x0300B70e40F138927e3a988ce4A9a069Ff875336",
  "is_connected": true,
  "is_authenticated": false,
  "is_authenticating": true
}
[2025-03-20T13:08:29.181Z] FRONTEND:AUTH - INFO: Token Operation - store
  Details: {
  "timestamp": "2025-03-20T13:08:29.181Z",
  "success": true
}
[2025-03-20T13:08:29.181Z] FRONTEND:AUTH - DEBUG: Auth Flow - Signature Verified
  Details: {
  "timestamp": "2025-03-20T13:08:29.181Z",
  "success": true
}
[2025-03-20T13:08:29.182Z] FRONTEND:AUTH - DEBUG: Auth Flow - Login
  Details: {
  "timestamp": "2025-03-20T13:08:29.182Z",
  "wallet_address": "0x0300B70e40F138927e3a988ce4A9a069Ff875336",
  "token_length": 188
}
[2025-03-20T13:08:29.183Z] FRONTEND:AUTH - DEBUG: Auth Flow - Authentication successful
  Details: {
  "timestamp": "2025-03-20T13:08:29.183Z",
  "wallet_address": "0x0300B70e40F138927e3a988ce4A9a069Ff875336"
}
[2025-03-20T13:08:29.185Z] FRONTEND:AUTH - DEBUG: Auth Flow - HeaderConnect Render
  Details: {
  "timestamp": "2025-03-20T13:08:29.185Z",
  "wallet_address": "0x0300B70e40F138927e3a988ce4A9a069Ff875336",
  "is_connected": true,
  "is_authenticated": true,
  "is_authenticating": false
}
[2025-03-20T13:08:29.186Z] FRONTEND:AUTH - DEBUG: Auth Flow - HeaderConnect Render
  Details: {
  "timestamp": "2025-03-20T13:08:29.186Z",
  "wallet_address": "0x0300B70e40F138927e3a988ce4A9a069Ff875336",
  "is_connected": true,
  "is_authenticated": true,
  "is_authenticating": false
}
[2025-03-20T13:08:29.195Z] FRONTEND:AUTH - DEBUG: Auth Flow - Auth state updated
  Details: {
  "timestamp": "2025-03-20T13:08:29.195Z",
  "is_connected": true,
  "is_authenticated": true,
  "wallet_address": "0x0300B70e40F138927e3a988ce4A9a069Ff875336",
  "auth_wallet_address": "0x0300B70e40F138927e3a988ce4A9a069Ff875336",
  "is_authenticating": false,
  "initial_check_done": true,
  "needs_reauthentication": false,
  "last_authenticated_address": "0x0300B70e40F138927e3a988ce4A9a069Ff875336"
}
[2025-03-20T13:09:37.923Z] FRONTEND:AUTH - DEBUG: Auth Flow - HeaderConnect Render
  Details: {
  "timestamp": "2025-03-20T13:09:37.923Z",
  "wallet_address": "0x0300B70e40F138927e3a988ce4A9a069Ff875336",
  "is_connected": true,
  "is_authenticated": true,
  "is_authenticating": false
}
[2025-03-20T13:09:37.964Z] FRONTEND:AUTH - DEBUG: Auth Flow - HeaderConnect Render
  Details: {
  "timestamp": "2025-03-20T13:09:37.964Z",
  "wallet_address": "0x0300B70e40F138927e3a988ce4A9a069Ff875336",
  "is_connected": true,
  "is_authenticated": true,
  "is_authenticating": false
}
[2025-03-20T13:09:37.964Z] FRONTEND:AUTH - DEBUG: Auth Flow - HeaderConnect Render
  Details: {
  "timestamp": "2025-03-20T13:09:37.964Z",
  "wallet_address": "0x0300B70e40F138927e3a988ce4A9a069Ff875336",
  "is_connected": true,
  "is_authenticated": true,
  "is_authenticating": false
}
[2025-03-20T13:09:40.319Z] FRONTEND:AUTH - DEBUG: Auth Flow - HeaderConnect Render
  Details: {
  "timestamp": "2025-03-20T13:09:40.319Z",
  "wallet_address": "0x0300B70e40F138927e3a988ce4A9a069Ff875336",
  "is_connected": true,
  "is_authenticated": true,
  "is_authenticating": false
}
[2025-03-20T13:09:37.923Z] FRONTEND:AUTH - DEBUG: Auth Flow - HeaderConnect Render
  Details: {
  "timestamp": "2025-03-20T13:09:37.923Z",
  "wallet_address": "0x0300B70e40F138927e3a988ce4A9a069Ff875336",
  "is_connected": true,
  "is_authenticated": true,
  "is_authenticating": false
}
[2025-03-20T13:09:54.622Z] FRONTEND:AUTH - DEBUG: Auth Flow - Initial Auth State Check
  Details: {
  "timestamp": "2025-03-20T13:09:54.622Z",
  "has_token": true,
  "has_user": true
}
[2025-03-20T13:09:54.710Z] FRONTEND:AUTH - DEBUG: Auth Flow - HeaderConnect Render
  Details: {
  "timestamp": "2025-03-20T13:09:54.710Z",
  "is_connected": false,
  "is_authenticated": false,
  "is_authenticating": false
}
[2025-03-20T13:09:54.711Z] FRONTEND:AUTH - DEBUG: Auth Flow - HeaderConnect Render
  Details: {
  "timestamp": "2025-03-20T13:09:54.711Z",
  "is_connected": false,
  "is_authenticated": false,
  "is_authenticating": false
}
[2025-03-20T13:09:54.771Z] FRONTEND:AUTH - DEBUG: Auth Flow - HeaderConnect Render
  Details: {
  "timestamp": "2025-03-20T13:09:54.771Z",
  "is_connected": false,
  "is_authenticated": true,
  "is_authenticating": false
}
[2025-03-20T13:09:54.772Z] FRONTEND:AUTH - DEBUG: Auth Flow - HeaderConnect Render
  Details: {
  "timestamp": "2025-03-20T13:09:54.772Z",
  "is_connected": false,
  "is_authenticated": true,
  "is_authenticating": false
}
[2025-03-20T13:09:56.273Z] FRONTEND:AUTH - DEBUG: Auth Flow - HeaderConnect Render
  Details: {
  "timestamp": "2025-03-20T13:09:56.273Z",
  "is_connected": false,
  "is_authenticated": true,
  "is_authenticating": false
}
[2025-03-20T13:09:56.273Z] FRONTEND:AUTH - DEBUG: Auth Flow - HeaderConnect Render
  Details: {
  "timestamp": "2025-03-20T13:09:56.273Z",
  "is_connected": false,
  "is_authenticated": true,
  "is_authenticating": false
}
[2025-03-20T13:09:56.334Z] FRONTEND:AUTH - DEBUG: Auth Flow - Auth state updated
  Details: {
  "timestamp": "2025-03-20T13:09:56.334Z",
  "is_connected": false,
  "is_authenticated": true,
  "auth_wallet_address": "0x0300B70e40F138927e3a988ce4A9a069Ff875336",
  "is_authenticating": false,
  "initial_check_done": false,
  "needs_reauthentication": false,
  "last_authenticated_address": null
}
[2025-03-20T13:09:56.334Z] FRONTEND:AUTH - DEBUG: Auth Flow - HeaderConnect - Wallet Disconnected while Authenticated
  Details: {
  "timestamp": "2025-03-20T13:09:56.334Z"
}
[2025-03-20T13:09:56.334Z] FRONTEND:AUTH - DEBUG: Auth Flow - Logout
  Details: {
  "timestamp": "2025-03-20T13:09:56.334Z",
  "wallet_address": "0x0300B70e40F138927e3a988ce4A9a069Ff875336"
}
[2025-03-20T13:09:56.338Z] FRONTEND:USER - INFO: Wallet readiness state updated
  Details: {
  "stable_connection": false,
  "has_valid_address": true,
  "is_ready": false,
  "authenticated_address": "0x0300B70e40F138927e3a988ce4A9a069Ff875336"
}
[2025-03-20T13:09:56.339Z] FRONTEND:USER - INFO: Wallet state updated
  Details: {
  "is_connected": false,
  "is_connecting": true,
  "is_disconnected": false,
  "status": "connecting",
  "chain_id": 137,
  "has_address": false,
  "is_authenticated": true,
  "has_auth_wallet": true,
  "has_effective_address": true,
  "is_using_auth_wallet": true
}
[2025-03-20T13:09:56.339Z] FRONTEND:USER - INFO: Wallet hook initialized
  Details: {
  "is_connected": false,
  "is_connecting": true,
  "is_disconnected": false,
  "status": "connecting",
  "chain_id": 137,
  "has_address": false,
  "is_authenticated": true,
  "has_auth_wallet": true
}
[2025-03-20T13:09:56.340Z] FRONTEND:USER - INFO: Wallet readiness state updated
  Details: {
  "stable_connection": false,
  "has_valid_address": true,
  "is_ready": false,
  "authenticated_address": "0x0300B70e40F138927e3a988ce4A9a069Ff875336"
}
[2025-03-20T13:09:56.340Z] FRONTEND:USER - INFO: Wallet state updated
  Details: {
  "is_connected": false,
  "is_connecting": true,
  "is_disconnected": false,
  "status": "connecting",
  "chain_id": 137,
  "has_address": false,
  "is_authenticated": true,
  "has_auth_wallet": true,
  "has_effective_address": true,
  "is_using_auth_wallet": true
}
[2025-03-20T13:09:56.340Z] FRONTEND:USER - INFO: Wallet hook initialized
  Details: {
  "is_connected": false,
  "is_connecting": true,
  "is_disconnected": false,
  "status": "connecting",
  "chain_id": 137,
  "has_address": false,
  "is_authenticated": true,
  "has_auth_wallet": true
}
[2025-03-20T13:09:56.347Z] FRONTEND:AUTH - DEBUG: Auth Flow - Auth state updated
  Details: {
  "timestamp": "2025-03-20T13:09:56.347Z",
  "is_connected": false,
  "is_authenticated": true,
  "auth_wallet_address": "0x0300B70e40F138927e3a988ce4A9a069Ff875336",
  "is_authenticating": false,
  "initial_check_done": false,
  "needs_reauthentication": false,
  "last_authenticated_address": null
}
[2025-03-20T13:09:56.348Z] FRONTEND:AUTH - DEBUG: Auth Flow - HeaderConnect - Wallet Disconnected while Authenticated
  Details: {
  "timestamp": "2025-03-20T13:09:56.348Z"
}
[2025-03-20T13:09:56.348Z] FRONTEND:AUTH - DEBUG: Auth Flow - Logout
  Details: {
  "timestamp": "2025-03-20T13:09:56.348Z",
  "wallet_address": "0x0300B70e40F138927e3a988ce4A9a069Ff875336"
}
[2025-03-20T13:09:56.348Z] FRONTEND:USER - INFO: Wallet readiness state updated
  Details: {
  "stable_connection": false,
  "has_valid_address": true,
  "is_ready": false,
  "authenticated_address": "0x0300B70e40F138927e3a988ce4A9a069Ff875336"
}
[2025-03-20T13:09:56.348Z] FRONTEND:USER - INFO: Wallet state updated
  Details: {
  "is_connected": false,
  "is_connecting": true,
  "is_disconnected": false,
  "status": "connecting",
  "chain_id": 137,
  "has_address": false,
  "is_authenticated": true,
  "has_auth_wallet": true,
  "has_effective_address": true,
  "is_using_auth_wallet": true
}
[2025-03-20T13:09:56.349Z] FRONTEND:USER - INFO: Wallet hook initialized
  Details: {
  "is_connected": false,
  "is_connecting": true,
  "is_disconnected": false,
  "status": "connecting",
  "chain_id": 137,
  "has_address": false,
  "is_authenticated": true,
  "has_auth_wallet": true
}
[2025-03-20T13:09:56.349Z] FRONTEND:USER - INFO: Wallet readiness state updated
  Details: {
  "stable_connection": false,
  "has_valid_address": true,
  "is_ready": false,
  "authenticated_address": "0x0300B70e40F138927e3a988ce4A9a069Ff875336"
}
[2025-03-20T13:09:56.349Z] FRONTEND:USER - INFO: Wallet state updated
  Details: {
  "is_connected": false,
  "is_connecting": true,
  "is_disconnected": false,
  "status": "connecting",
  "chain_id": 137,
  "has_address": false,
  "is_authenticated": true,
  "has_auth_wallet": true,
  "has_effective_address": true,
  "is_using_auth_wallet": true
}
[2025-03-20T13:09:56.349Z] FRONTEND:USER - INFO: Wallet hook initialized
  Details: {
  "is_connected": false,
  "is_connecting": true,
  "is_disconnected": false,
  "status": "connecting",
  "chain_id": 137,
  "has_address": false,
  "is_authenticated": true,
  "has_auth_wallet": true
}
[2025-03-20T13:09:56.367Z] FRONTEND:AUTH - DEBUG: Auth Flow - HeaderConnect Render
  Details: {
  "timestamp": "2025-03-20T13:09:56.367Z",
  "is_connected": false,
  "is_authenticated": false,
  "is_authenticating": false
}
[2025-03-20T13:09:56.368Z] FRONTEND:AUTH - DEBUG: Auth Flow - HeaderConnect Render
  Details: {
  "timestamp": "2025-03-20T13:09:56.368Z",
  "is_connected": false,
  "is_authenticated": false,
  "is_authenticating": false
}
[2025-03-20T13:09:56.385Z] FRONTEND:AUTH - DEBUG: Auth Flow - Auth state updated
  Details: {
  "timestamp": "2025-03-20T13:09:56.385Z",
  "is_connected": false,
  "is_authenticated": false,
  "is_authenticating": false,
  "initial_check_done": false,
  "needs_reauthentication": false,
  "last_authenticated_address": null
}
[2025-03-20T13:09:56.385Z] FRONTEND:USER - INFO: Wallet readiness state updated
  Details: {
  "stable_connection": false,
  "has_valid_address": false,
  "is_ready": false
}
[2025-03-20T13:09:56.385Z] FRONTEND:USER - INFO: Wallet state updated
  Details: {
  "is_connected": false,
  "is_connecting": true,
  "is_disconnected": false,
  "status": "connecting",
  "chain_id": 137,
  "has_address": false,
  "is_authenticated": false,
  "has_auth_wallet": false,
  "has_effective_address": false,
  "is_using_auth_wallet": false
}
[2025-03-20T13:09:56.386Z] FRONTEND:USER - INFO: Wallet readiness state updated
  Details: {
  "stable_connection": false,
  "has_valid_address": false,
  "is_ready": false
}
[2025-03-20T13:09:56.386Z] FRONTEND:USER - INFO: Wallet state updated
  Details: {
  "is_connected": false,
  "is_connecting": true,
  "is_disconnected": false,
  "status": "connecting",
  "chain_id": 137,
  "has_address": false,
  "is_authenticated": false,
  "has_auth_wallet": false,
  "has_effective_address": false,
  "is_using_auth_wallet": false
}
[2025-03-20T13:09:56.619Z] FRONTEND:AUTH - DEBUG: Auth Flow - HeaderConnect Render
  Details: {
  "timestamp": "2025-03-20T13:09:56.619Z",
  "wallet_address": "0x0300B70e40F138927e3a988ce4A9a069Ff875336",
  "is_connected": false,
  "is_authenticated": false,
  "is_authenticating": false
}
[2025-03-20T13:09:56.620Z] FRONTEND:AUTH - DEBUG: Auth Flow - HeaderConnect Render
  Details: {
  "timestamp": "2025-03-20T13:09:56.620Z",
  "wallet_address": "0x0300B70e40F138927e3a988ce4A9a069Ff875336",
  "is_connected": false,
  "is_authenticated": false,
  "is_authenticating": false
}
[2025-03-20T13:09:56.637Z] FRONTEND:AUTH - DEBUG: Auth Flow - Auth state updated
  Details: {
  "timestamp": "2025-03-20T13:09:56.637Z",
  "is_connected": false,
  "is_authenticated": false,
  "wallet_address": "0x0300B70e40F138927e3a988ce4A9a069Ff875336",
  "is_authenticating": false,
  "initial_check_done": false,
  "needs_reauthentication": false,
  "last_authenticated_address": null
}
[2025-03-20T13:09:56.639Z] FRONTEND:USER - INFO: Wallet readiness state updated
  Details: {
  "stable_connection": false,
  "has_valid_address": true,
  "is_ready": false,
  "wallet_address": "0x0300B70e40F138927e3a988ce4A9a069Ff875336"
}
[2025-03-20T13:09:56.640Z] FRONTEND:USER - INFO: Wallet state updated
  Details: {
  "is_connected": false,
  "is_connecting": true,
  "is_disconnected": false,
  "status": "connecting",
  "chain_id": 137,
  "has_address": true,
  "is_authenticated": false,
  "has_auth_wallet": false,
  "has_effective_address": true,
  "is_using_auth_wallet": false
}
[2025-03-20T13:09:56.641Z] FRONTEND:USER - INFO: Wallet readiness state updated
  Details: {
  "stable_connection": false,
  "has_valid_address": true,
  "is_ready": false,
  "wallet_address": "0x0300B70e40F138927e3a988ce4A9a069Ff875336"
}
[2025-03-20T13:09:56.641Z] FRONTEND:USER - INFO: Wallet state updated
  Details: {
  "is_connected": false,
  "is_connecting": true,
  "is_disconnected": false,
  "status": "connecting",
  "chain_id": 137,
  "has_address": true,
  "is_authenticated": false,
  "has_auth_wallet": false,
  "has_effective_address": true,
  "is_using_auth_wallet": false
}
[2025-03-20T13:09:56.786Z] FRONTEND:AUTH - DEBUG: Auth Flow - Authentication needed - not authenticated
  Details: {
  "timestamp": "2025-03-20T13:09:56.786Z",
  "address": "0x0300B70e40F138927e3a988ce4A9a069Ff875336",
  "is_connected": true
}
[2025-03-20T13:09:56.787Z] FRONTEND:AUTH - DEBUG: Auth Flow - Authentication needed - not authenticated
  Details: {
  "timestamp": "2025-03-20T13:09:56.786Z",
  "address": "0x0300B70e40F138927e3a988ce4A9a069Ff875336",
  "is_connected": true
}
[2025-03-20T13:09:56.787Z] FRONTEND:AUTH - DEBUG: Auth Flow - HeaderConnect Render
  Details: {
  "timestamp": "2025-03-20T13:09:56.787Z",
  "wallet_address": "0x0300B70e40F138927e3a988ce4A9a069Ff875336",
  "is_connected": true,
  "is_authenticated": false,
  "is_authenticating": false
}
[2025-03-20T13:09:56.788Z] FRONTEND:AUTH - DEBUG: Auth Flow - HeaderConnect Render
  Details: {
  "timestamp": "2025-03-20T13:09:56.788Z",
  "wallet_address": "0x0300B70e40F138927e3a988ce4A9a069Ff875336",
  "is_connected": true,
  "is_authenticated": false,
  "is_authenticating": false
}
[2025-03-20T13:09:56.805Z] FRONTEND:AUTH - DEBUG: Auth Flow - Auth Check
  Details: {
  "timestamp": "2025-03-20T13:09:56.805Z",
  "has_token": false,
  "has_user": false
}
[2025-03-20T13:09:56.806Z] FRONTEND:AUTH - DEBUG: Auth Flow - Starting authentication
  Details: {
  "timestamp": "2025-03-20T13:09:56.806Z",
  "wallet_address": "0x0300B70e40F138927e3a988ce4A9a069Ff875336",
  "is_connected": true,
  "initial_check_done": true
}
[2025-03-20T13:09:56.806Z] FRONTEND:AUTH - DEBUG: Auth Flow - Request Signature
  Details: {
  "timestamp": "2025-03-20T13:09:56.806Z",
  "walletAddress": "0x0300B70e40F138927e3a988ce4A9a069Ff875336"
}
[2025-03-20T13:09:56.806Z] FRONTEND:AUTH - DEBUG: Auth Flow - Auth state updated
  Details: {
  "timestamp": "2025-03-20T13:09:56.806Z",
  "is_connected": true,
  "is_authenticated": false,
  "wallet_address": "0x0300B70e40F138927e3a988ce4A9a069Ff875336",
  "is_authenticating": false,
  "initial_check_done": true,
  "needs_reauthentication": true,
  "last_authenticated_address": null
}
[2025-03-20T13:09:56.807Z] FRONTEND:USER - INFO: Wallet readiness state updated
  Details: {
  "stable_connection": true,
  "has_valid_address": true,
  "is_ready": true,
  "wallet_address": "0x0300B70e40F138927e3a988ce4A9a069Ff875336"
}
[2025-03-20T13:09:56.807Z] FRONTEND:USER - INFO: Wallet state updated
  Details: {
  "is_connected": true,
  "is_connecting": false,
  "is_disconnected": false,
  "status": "connected",
  "chain_id": 137,
  "has_address": true,
  "is_authenticated": false,
  "has_auth_wallet": false,
  "has_effective_address": true,
  "is_using_auth_wallet": false
}
[2025-03-20T13:09:56.807Z] FRONTEND:USER - INFO: Wallet readiness state updated
  Details: {
  "stable_connection": true,
  "has_valid_address": true,
  "is_ready": true,
  "wallet_address": "0x0300B70e40F138927e3a988ce4A9a069Ff875336"
}
[2025-03-20T13:09:56.807Z] FRONTEND:USER - INFO: Wallet state updated
  Details: {
  "is_connected": true,
  "is_connecting": false,
  "is_disconnected": false,
  "status": "connected",
  "chain_id": 137,
  "has_address": true,
  "is_authenticated": false,
  "has_auth_wallet": false,
  "has_effective_address": true,
  "is_using_auth_wallet": false
}
[2025-03-20T13:09:56.808Z] FRONTEND:AUTH - DEBUG: Auth Flow - Auth state restoration failed - triggering authentication
  Details: {
  "timestamp": "2025-03-20T13:09:56.808Z",
  "address": "0x0300B70e40F138927e3a988ce4A9a069Ff875336",
  "is_connected": true
}
[2025-03-20T13:09:56.808Z] FRONTEND:AUTH - DEBUG: Auth Flow - Token Retrieval
  Details: {
  "timestamp": "2025-03-20T13:09:56.808Z",
  "exists": false
}
[2025-03-20T13:09:56.815Z] FRONTEND:AUTH - DEBUG: Auth Flow - HeaderConnect Render
  Details: {
  "timestamp": "2025-03-20T13:09:56.815Z",
  "wallet_address": "0x0300B70e40F138927e3a988ce4A9a069Ff875336",
  "is_connected": true,
  "is_authenticated": false,
  "is_authenticating": true
}
[2025-03-20T13:09:56.815Z] FRONTEND:AUTH - DEBUG: Auth Flow - HeaderConnect Render
  Details: {
  "timestamp": "2025-03-20T13:09:56.815Z",
  "wallet_address": "0x0300B70e40F138927e3a988ce4A9a069Ff875336",
  "is_connected": true,
  "is_authenticated": false,
  "is_authenticating": true
}
[2025-03-20T13:09:56.861Z] FRONTEND:AUTH - DEBUG: Auth Flow - Auth state updated
  Details: {
  "timestamp": "2025-03-20T13:09:56.861Z",
  "is_connected": true,
  "is_authenticated": false,
  "wallet_address": "0x0300B70e40F138927e3a988ce4A9a069Ff875336",
  "is_authenticating": true,
  "initial_check_done": true,
  "needs_reauthentication": true,
  "last_authenticated_address": null
}
[2025-03-20T13:09:56.872Z] FRONTEND:AUTH - DEBUG: Auth Flow - Signature Requested
  Details: {
  "timestamp": "2025-03-20T13:09:56.872Z",
  "nonce": "458a6a643849f874706cf40bda5cb87e37f08735c49d00e4d819a18ada67fcea"
}
[2025-03-20T13:09:56.903Z] FRONTEND:USER - INFO: Wallet readiness state updated
  Details: {
  "stable_connection": true,
  "has_valid_address": true,
  "is_ready": true,
  "wallet_address": "0x0300B70e40F138927e3a988ce4A9a069Ff875336"
}
[2025-03-20T13:09:56.904Z] FRONTEND:USER - INFO: Wallet state updated
  Details: {
  "is_connected": true,
  "is_connecting": false,
  "is_disconnected": false,
  "status": "connected",
  "chain_id": 137,
  "has_address": true,
  "is_authenticated": false,
  "has_auth_wallet": false,
  "has_effective_address": true,
  "is_using_auth_wallet": false
}
[2025-03-20T13:09:56.904Z] FRONTEND:USER - INFO: Wallet hook initialized
  Details: {
  "is_connected": true,
  "is_connecting": false,
  "is_disconnected": false,
  "status": "connected",
  "chain_id": 137,
  "has_address": true,
  "is_authenticated": false,
  "has_auth_wallet": false
}
[2025-03-20T13:09:56.905Z] FRONTEND:AUTH - DEBUG: Auth Flow - Route Protection Check
  Details: {
  "timestamp": "2025-03-20T13:09:56.905Z",
  "is_authenticated": false,
  "has_token": false,
  "is_connected": true,
  "has_address": true
}
[2025-03-20T13:09:56.905Z] FRONTEND:AUTH - DEBUG: Auth Flow - Auth Check
  Details: {
  "timestamp": "2025-03-20T13:09:56.905Z",
  "has_token": false,
  "has_user": false
}
[2025-03-20T13:09:56.906Z] FRONTEND:USER - INFO: Wallet readiness state updated
  Details: {
  "stable_connection": true,
  "has_valid_address": true,
  "is_ready": true,
  "wallet_address": "0x0300B70e40F138927e3a988ce4A9a069Ff875336"
}
[2025-03-20T13:09:56.906Z] FRONTEND:USER - INFO: Wallet state updated
  Details: {
  "is_connected": true,
  "is_connecting": false,
  "is_disconnected": false,
  "status": "connected",
  "chain_id": 137,
  "has_address": true,
  "is_authenticated": false,
  "has_auth_wallet": false,
  "has_effective_address": true,
  "is_using_auth_wallet": false
}
[2025-03-20T13:09:56.907Z] FRONTEND:USER - INFO: Wallet hook initialized
  Details: {
  "is_connected": true,
  "is_connecting": false,
  "is_disconnected": false,
  "status": "connected",
  "chain_id": 137,
  "has_address": true,
  "is_authenticated": false,
  "has_auth_wallet": false
}
[2025-03-20T13:09:56.907Z] FRONTEND:AUTH - DEBUG: Auth Flow - Route Protection Check
  Details: {
  "timestamp": "2025-03-20T13:09:56.907Z",
  "is_authenticated": false,
  "has_token": false,
  "is_connected": true,
  "has_address": true
}
[2025-03-20T13:09:56.907Z] FRONTEND:AUTH - DEBUG: Auth Flow - Auth Check
  Details: {
  "timestamp": "2025-03-20T13:09:56.907Z",
  "has_token": false,
  "has_user": false
}
[2025-03-20T13:09:56.908Z] FRONTEND:AUTH - DEBUG: Auth Flow - HeaderConnect Render
  Details: {
  "timestamp": "2025-03-20T13:09:56.908Z",
  "wallet_address": "0x0300B70e40F138927e3a988ce4A9a069Ff875336",
  "is_connected": true,
  "is_authenticated": false,
  "is_authenticating": true
}
[2025-03-20T13:09:56.909Z] FRONTEND:AUTH - DEBUG: Auth Flow - HeaderConnect Render
  Details: {
  "timestamp": "2025-03-20T13:09:56.909Z",
  "wallet_address": "0x0300B70e40F138927e3a988ce4A9a069Ff875336",
  "is_connected": true,
  "is_authenticated": false,
  "is_authenticating": true
}
[2025-03-20T13:09:56.923Z] FRONTEND:AUTH - DEBUG: Auth Flow - Route Protection Failed
  Details: {
  "timestamp": "2025-03-20T13:09:56.923Z",
  "reason": "Not authenticated",
  "redirect_to": "/"
}
[2025-03-20T13:09:56.925Z] FRONTEND:AUTH - DEBUG: Auth Flow - Route Protection Failed
  Details: {
  "timestamp": "2025-03-20T13:09:56.925Z",
  "reason": "Not authenticated",
  "redirect_to": "/"
}
[2025-03-20T13:09:58.817Z] FRONTEND:AUTH - DEBUG: Auth Flow - Verify Signature
  Details: {
  "timestamp": "2025-03-20T13:09:58.817Z",
  "walletAddress": "0x0300B70e40F138927e3a988ce4A9a069Ff875336",
  "nonce": "458a6a643849f874706cf40bda5cb87e37f08735c49d00e4d819a18ada67fcea"
}
[2025-03-20T13:09:58.818Z] FRONTEND:AUTH - DEBUG: Auth Flow - Token Retrieval
  Details: {
  "timestamp": "2025-03-20T13:09:58.818Z",
  "exists": false
}
[2025-03-20T13:09:58.838Z] FRONTEND:AUTH - INFO: Token Operation - store
  Details: {
  "timestamp": "2025-03-20T13:09:58.838Z",
  "success": true
}
[2025-03-20T13:09:58.838Z] FRONTEND:AUTH - DEBUG: Auth Flow - Signature Verified
  Details: {
  "timestamp": "2025-03-20T13:09:58.838Z",
  "success": true
}
[2025-03-20T13:09:58.839Z] FRONTEND:AUTH - DEBUG: Auth Flow - Login
  Details: {
  "timestamp": "2025-03-20T13:09:58.839Z",
  "wallet_address": "0x0300B70e40F138927e3a988ce4A9a069Ff875336",
  "token_length": 188
}
[2025-03-20T13:09:58.839Z] FRONTEND:AUTH - DEBUG: Auth Flow - Authentication successful
  Details: {
  "timestamp": "2025-03-20T13:09:58.839Z",
  "wallet_address": "0x0300B70e40F138927e3a988ce4A9a069Ff875336"
}
[2025-03-20T13:10:05.408Z] FRONTEND:AUTH - DEBUG: Auth Flow - Initial Auth State Check
  Details: {
  "timestamp": "2025-03-20T13:10:05.408Z",
  "has_token": true,
  "has_user": true
}
[2025-03-20T13:10:05.463Z] FRONTEND:AUTH - DEBUG: Auth Flow - HeaderConnect Render
  Details: {
  "timestamp": "2025-03-20T13:10:05.463Z",
  "is_connected": false,
  "is_authenticated": false,
  "is_authenticating": false
}
[2025-03-20T13:10:05.464Z] FRONTEND:AUTH - DEBUG: Auth Flow - HeaderConnect Render
  Details: {
  "timestamp": "2025-03-20T13:10:05.464Z",
  "is_connected": false,
  "is_authenticated": false,
  "is_authenticating": false
}
[2025-03-20T13:10:05.505Z] FRONTEND:AUTH - DEBUG: Auth Flow - Auth state updated
  Details: {
  "timestamp": "2025-03-20T13:10:05.505Z",
  "is_connected": false,
  "is_authenticated": false,
  "is_authenticating": false,
  "initial_check_done": false,
  "needs_reauthentication": false,
  "last_authenticated_address": null
}
[2025-03-20T13:10:05.505Z] FRONTEND:CS2 - INFO: Market navbar mounted with enhanced Skinport style and animations
  Details: {
  "categoriesCount": 4,
  "currentCategory": "none",
  "style": "text-only-enhanced-animated",
  "log_destination": "market",
  "timestamp": "2025-03-20T13:10:05.505Z"
}
[2025-03-20T13:10:05.507Z] FRONTEND:CS2 - INFO: Rendering 5 products with enhanced staggered animation
  Details: {
  "productCount": 5,
  "productIds": [
    "cs2-awp-crakow-minimal-wear",
    "cs2-ak47-asiimov-factory-new",
    "cs2-m4a4-howl-field-tested",
    "cs2-deagle-printstream-minimal-wear",
    "cs2-butterfly-doppler-factory-new"
  ],
  "animationEnabled": true,
  "staggerType": "wave",
  "baseDelay": "35ms",
  "log_destination": "market",
  "timestamp": "2025-03-20T13:10:05.507Z"
}
[2025-03-20T13:10:05.508Z] FRONTEND:CS2 - INFO: MarketPageView mounted with 5 products and enhanced animations
  Details: {
  "page": 1,
  "pageSize": 20,
  "totalProducts": 5,
  "productIds": [
    "cs2-awp-crakow-minimal-wear",
    "cs2-ak47-asiimov-factory-new",
    "cs2-m4a4-howl-field-tested",
    "cs2-deagle-printstream-minimal-wear",
    "cs2-butterfly-doppler-factory-new"
  ],
  "transitionType": "initial-mount",
  "animationsEnabled": true,
  "log_destination": "market",
  "timestamp": "2025-03-20T13:10:05.508Z"
}
[2025-03-20T13:10:05.525Z] FRONTEND:AUTH - DEBUG: Auth Flow - HeaderConnect Render
  Details: {
  "timestamp": "2025-03-20T13:10:05.525Z",
  "is_connected": false,
  "is_authenticated": true,
  "is_authenticating": false
}
[2025-03-20T13:10:05.526Z] FRONTEND:AUTH - DEBUG: Auth Flow - HeaderConnect Render
  Details: {
  "timestamp": "2025-03-20T13:10:05.526Z",
  "is_connected": false,
  "is_authenticated": true,
  "is_authenticating": false
}
[2025-03-20T13:10:05.552Z] FRONTEND:AUTH - DEBUG: Auth Flow - HeaderConnect Render
  Details: {
  "timestamp": "2025-03-20T13:10:05.552Z",
  "is_connected": false,
  "is_authenticated": true,
  "is_authenticating": false
}
[2025-03-20T13:10:05.552Z] FRONTEND:AUTH - DEBUG: Auth Flow - HeaderConnect Render
  Details: {
  "timestamp": "2025-03-20T13:10:05.552Z",
  "is_connected": false,
  "is_authenticated": true,
  "is_authenticating": false
}
[2025-03-20T13:10:05.570Z] FRONTEND:AUTH - DEBUG: Auth Flow - HeaderConnect Render
  Details: {
  "timestamp": "2025-03-20T13:10:05.570Z",
  "is_connected": false,
  "is_authenticated": true,
  "is_authenticating": false
}
[2025-03-20T13:10:05.571Z] FRONTEND:AUTH - DEBUG: Auth Flow - HeaderConnect Render
  Details: {
  "timestamp": "2025-03-20T13:10:05.571Z",
  "is_connected": false,
  "is_authenticated": true,
  "is_authenticating": false
}
[2025-03-20T13:10:05.602Z] FRONTEND:AUTH - DEBUG: Auth Flow - Auth state updated
  Details: {
  "timestamp": "2025-03-20T13:10:05.602Z",
  "is_connected": false,
  "is_authenticated": true,
  "auth_wallet_address": "0x0300B70e40F138927e3a988ce4A9a069Ff875336",
  "is_authenticating": false,
  "initial_check_done": false,
  "needs_reauthentication": false,
  "last_authenticated_address": null
}
[2025-03-20T13:10:05.602Z] FRONTEND:AUTH - DEBUG: Auth Flow - HeaderConnect - Wallet Disconnected while Authenticated
  Details: {
  "timestamp": "2025-03-20T13:10:05.602Z"
}
[2025-03-20T13:10:05.602Z] FRONTEND:AUTH - DEBUG: Auth Flow - Logout
  Details: {
  "timestamp": "2025-03-20T13:10:05.602Z",
  "wallet_address": "0x0300B70e40F138927e3a988ce4A9a069Ff875336"
}
[2025-03-20T13:10:05.631Z] FRONTEND:AUTH - DEBUG: Auth Flow - HeaderConnect Render
  Details: {
  "timestamp": "2025-03-20T13:10:05.631Z",
  "is_connected": false,
  "is_authenticated": false,
  "is_authenticating": false
}
[2025-03-20T13:10:05.632Z] FRONTEND:AUTH - DEBUG: Auth Flow - HeaderConnect Render
  Details: {
  "timestamp": "2025-03-20T13:10:05.632Z",
  "is_connected": false,
  "is_authenticated": false,
  "is_authenticating": false
}
[2025-03-20T13:10:05.652Z] FRONTEND:AUTH - DEBUG: Auth Flow - Auth state updated
  Details: {
  "timestamp": "2025-03-20T13:10:05.652Z",
  "is_connected": false,
  "is_authenticated": false,
  "is_authenticating": false,
  "initial_check_done": false,
  "needs_reauthentication": false,
  "last_authenticated_address": null
}
[2025-03-20T13:10:05.653Z] FRONTEND:CS2 - INFO: Market navbar mounted with enhanced Skinport style and animations
  Details: {
  "categoriesCount": 4,
  "currentCategory": "none",
  "style": "text-only-enhanced-animated",
  "log_destination": "market",
  "timestamp": "2025-03-20T13:10:05.653Z"
}
[2025-03-20T13:10:05.655Z] FRONTEND:AUTH - DEBUG: Auth Flow - Auth state updated
  Details: {
  "timestamp": "2025-03-20T13:10:05.655Z",
  "is_connected": false,
  "is_authenticated": false,
  "is_authenticating": false,
  "initial_check_done": false,
  "needs_reauthentication": false,
  "last_authenticated_address": null
}
[2025-03-20T13:10:05.902Z] FRONTEND:AUTH - DEBUG: Auth Flow - HeaderConnect Render
  Details: {
  "timestamp": "2025-03-20T13:10:05.902Z",
  "wallet_address": "0x0300B70e40F138927e3a988ce4A9a069Ff875336",
  "is_connected": false,
  "is_authenticated": false,
  "is_authenticating": false
}
[2025-03-20T13:10:05.902Z] FRONTEND:AUTH - DEBUG: Auth Flow - HeaderConnect Render
  Details: {
  "timestamp": "2025-03-20T13:10:05.902Z",
  "wallet_address": "0x0300B70e40F138927e3a988ce4A9a069Ff875336",
  "is_connected": false,
  "is_authenticated": false,
  "is_authenticating": false
}
[2025-03-20T13:10:05.906Z] FRONTEND:AUTH - DEBUG: Auth Flow - Auth state updated
  Details: {
  "timestamp": "2025-03-20T13:10:05.906Z",
  "is_connected": false,
  "is_authenticated": false,
  "wallet_address": "0x0300B70e40F138927e3a988ce4A9a069Ff875336",
  "is_authenticating": false,
  "initial_check_done": false,
  "needs_reauthentication": false,
  "last_authenticated_address": null
}
[2025-03-20T13:10:06.055Z] FRONTEND:AUTH - DEBUG: Auth Flow - Authentication needed - not authenticated
  Details: {
  "timestamp": "2025-03-20T13:10:06.055Z",
  "address": "0x0300B70e40F138927e3a988ce4A9a069Ff875336",
  "is_connected": true
}
[2025-03-20T13:10:06.056Z] FRONTEND:AUTH - DEBUG: Auth Flow - Authentication needed - not authenticated
  Details: {
  "timestamp": "2025-03-20T13:10:06.056Z",
  "address": "0x0300B70e40F138927e3a988ce4A9a069Ff875336",
  "is_connected": true
}
[2025-03-20T13:10:06.056Z] FRONTEND:AUTH - DEBUG: Auth Flow - HeaderConnect Render
  Details: {
  "timestamp": "2025-03-20T13:10:06.056Z",
  "wallet_address": "0x0300B70e40F138927e3a988ce4A9a069Ff875336",
  "is_connected": true,
  "is_authenticated": false,
  "is_authenticating": false
}
[2025-03-20T13:10:06.057Z] FRONTEND:AUTH - DEBUG: Auth Flow - HeaderConnect Render
  Details: {
  "timestamp": "2025-03-20T13:10:06.057Z",
  "wallet_address": "0x0300B70e40F138927e3a988ce4A9a069Ff875336",
  "is_connected": true,
  "is_authenticated": false,
  "is_authenticating": false
}
[2025-03-20T13:10:06.072Z] FRONTEND:AUTH - DEBUG: Auth Flow - Auth Check
  Details: {
  "timestamp": "2025-03-20T13:10:06.072Z",
  "has_token": false,
  "has_user": false
}
[2025-03-20T13:10:06.073Z] FRONTEND:AUTH - DEBUG: Auth Flow - Starting authentication
  Details: {
  "timestamp": "2025-03-20T13:10:06.073Z",
  "wallet_address": "0x0300B70e40F138927e3a988ce4A9a069Ff875336",
  "is_connected": true,
  "initial_check_done": true
}
[2025-03-20T13:10:06.073Z] FRONTEND:AUTH - DEBUG: Auth Flow - Request Signature
  Details: {
  "timestamp": "2025-03-20T13:10:06.073Z",
  "walletAddress": "0x0300B70e40F138927e3a988ce4A9a069Ff875336"
}
[2025-03-20T13:10:06.075Z] FRONTEND:AUTH - DEBUG: Auth Flow - Auth state updated
  Details: {
  "timestamp": "2025-03-20T13:10:06.075Z",
  "is_connected": true,
  "is_authenticated": false,
  "wallet_address": "0x0300B70e40F138927e3a988ce4A9a069Ff875336",
  "is_authenticating": false,
  "initial_check_done": true,
  "needs_reauthentication": true,
  "last_authenticated_address": null
}
[2025-03-20T13:10:06.078Z] FRONTEND:AUTH - DEBUG: Auth Flow - Auth state restoration failed - triggering authentication
  Details: {
  "timestamp": "2025-03-20T13:10:06.078Z",
  "address": "0x0300B70e40F138927e3a988ce4A9a069Ff875336",
  "is_connected": true
}
[2025-03-20T13:10:06.079Z] FRONTEND:AUTH - DEBUG: Auth Flow - Token Retrieval
  Details: {
  "timestamp": "2025-03-20T13:10:06.079Z",
  "exists": false
}
[2025-03-20T13:10:06.085Z] FRONTEND:AUTH - DEBUG: Auth Flow - HeaderConnect Render
  Details: {
  "timestamp": "2025-03-20T13:10:06.085Z",
  "wallet_address": "0x0300B70e40F138927e3a988ce4A9a069Ff875336",
  "is_connected": true,
  "is_authenticated": false,
  "is_authenticating": true
}
[2025-03-20T13:10:06.086Z] FRONTEND:AUTH - DEBUG: Auth Flow - HeaderConnect Render
  Details: {
  "timestamp": "2025-03-20T13:10:06.086Z",
  "wallet_address": "0x0300B70e40F138927e3a988ce4A9a069Ff875336",
  "is_connected": true,
  "is_authenticated": false,
  "is_authenticating": true
}
[2025-03-20T13:10:06.092Z] FRONTEND:AUTH - DEBUG: Auth Flow - Signature Requested
  Details: {
  "timestamp": "2025-03-20T13:10:06.092Z",
  "nonce": "7bca33fbac14bed4d8829e295a9cfd63d8f3802234649faa85f09d924e83dd0e"
}
[2025-03-20T13:10:06.094Z] FRONTEND:AUTH - DEBUG: Auth Flow - Auth state updated
  Details: {
  "timestamp": "2025-03-20T13:10:06.094Z",
  "is_connected": true,
  "is_authenticated": false,
  "wallet_address": "0x0300B70e40F138927e3a988ce4A9a069Ff875336",
  "is_authenticating": true,
  "initial_check_done": true,
  "needs_reauthentication": true,
  "last_authenticated_address": null
}
[2025-03-20T13:10:06.095Z] FRONTEND:AUTH - DEBUG: Auth Flow - HeaderConnect Render
  Details: {
  "timestamp": "2025-03-20T13:10:06.095Z",
  "wallet_address": "0x0300B70e40F138927e3a988ce4A9a069Ff875336",
  "is_connected": true,
  "is_authenticated": false,
  "is_authenticating": true
}
[2025-03-20T13:10:06.096Z] FRONTEND:AUTH - DEBUG: Auth Flow - HeaderConnect Render
  Details: {
  "timestamp": "2025-03-20T13:10:06.096Z",
  "wallet_address": "0x0300B70e40F138927e3a988ce4A9a069Ff875336",
  "is_connected": true,
  "is_authenticated": false,
  "is_authenticating": true
}
[2025-03-20T13:10:07.611Z] FRONTEND:AUTH - DEBUG: Auth Flow - Verify Signature
  Details: {
  "timestamp": "2025-03-20T13:10:07.611Z",
  "walletAddress": "0x0300B70e40F138927e3a988ce4A9a069Ff875336",
  "nonce": "7bca33fbac14bed4d8829e295a9cfd63d8f3802234649faa85f09d924e83dd0e"
}
[2025-03-20T13:10:07.612Z] FRONTEND:AUTH - DEBUG: Auth Flow - Token Retrieval
  Details: {
  "timestamp": "2025-03-20T13:10:07.612Z",
  "exists": false
}
[2025-03-20T13:10:07.614Z] FRONTEND:AUTH - DEBUG: Auth Flow - HeaderConnect Render
  Details: {
  "timestamp": "2025-03-20T13:10:07.614Z",
  "wallet_address": "0x0300B70e40F138927e3a988ce4A9a069Ff875336",
  "is_connected": true,
  "is_authenticated": false,
  "is_authenticating": true
}
[2025-03-20T13:10:07.615Z] FRONTEND:AUTH - DEBUG: Auth Flow - HeaderConnect Render
  Details: {
  "timestamp": "2025-03-20T13:10:07.615Z",
  "wallet_address": "0x0300B70e40F138927e3a988ce4A9a069Ff875336",
  "is_connected": true,
  "is_authenticated": false,
  "is_authenticating": true
}
[2025-03-20T13:10:07.643Z] FRONTEND:AUTH - INFO: Token Operation - store
  Details: {
  "timestamp": "2025-03-20T13:10:07.643Z",
  "success": true
}
[2025-03-20T13:10:07.643Z] FRONTEND:AUTH - DEBUG: Auth Flow - Signature Verified
  Details: {
  "timestamp": "2025-03-20T13:10:07.643Z",
  "success": true
}
[2025-03-20T13:10:07.643Z] FRONTEND:AUTH - DEBUG: Auth Flow - Login
  Details: {
  "timestamp": "2025-03-20T13:10:07.643Z",
  "wallet_address": "0x0300B70e40F138927e3a988ce4A9a069Ff875336",
  "token_length": 188
}
[2025-03-20T13:10:07.644Z] FRONTEND:AUTH - DEBUG: Auth Flow - Authentication successful
  Details: {
  "timestamp": "2025-03-20T13:10:07.644Z",
  "wallet_address": "0x0300B70e40F138927e3a988ce4A9a069Ff875336"
}
[2025-03-20T13:10:07.645Z] FRONTEND:AUTH - DEBUG: Auth Flow - HeaderConnect Render
  Details: {
  "timestamp": "2025-03-20T13:10:07.645Z",
  "wallet_address": "0x0300B70e40F138927e3a988ce4A9a069Ff875336",
  "is_connected": true,
  "is_authenticated": true,
  "is_authenticating": false
}
[2025-03-20T13:10:07.646Z] FRONTEND:AUTH - DEBUG: Auth Flow - HeaderConnect Render
  Details: {
  "timestamp": "2025-03-20T13:10:07.646Z",
  "wallet_address": "0x0300B70e40F138927e3a988ce4A9a069Ff875336",
  "is_connected": true,
  "is_authenticated": true,
  "is_authenticating": false
}
[2025-03-20T13:10:07.651Z] FRONTEND:AUTH - DEBUG: Auth Flow - Auth state updated
  Details: {
  "timestamp": "2025-03-20T13:10:07.651Z",
  "is_connected": true,
  "is_authenticated": true,
  "wallet_address": "0x0300B70e40F138927e3a988ce4A9a069Ff875336",
  "auth_wallet_address": "0x0300B70e40F138927e3a988ce4A9a069Ff875336",
  "is_authenticating": false,
  "initial_check_done": true,
  "needs_reauthentication": false,
  "last_authenticated_address": "0x0300B70e40F138927e3a988ce4A9a069Ff875336"
}
[2025-03-20T13:10:09.352Z] FRONTEND:CS2 - DEBUG: MarketPageView unmounted
  Details: {
  "page": 1,
  "log_destination": "market",
  "timestamp": "2025-03-20T13:10:09.352Z"
}
[2025-03-20T13:10:09.847Z] FRONTEND:AUTH - DEBUG: Auth Flow - HeaderConnect Render
  Details: {
  "timestamp": "2025-03-20T13:10:09.847Z",
  "wallet_address": "0x0300B70e40F138927e3a988ce4A9a069Ff875336",
  "is_connected": true,
  "is_authenticated": true,
  "is_authenticating": false
}
[2025-03-20T13:10:09.848Z] FRONTEND:AUTH - DEBUG: Auth Flow - HeaderConnect Render
  Details: {
  "timestamp": "2025-03-20T13:10:09.848Z",
  "wallet_address": "0x0300B70e40F138927e3a988ce4A9a069Ff875336",
  "is_connected": true,
  "is_authenticated": true,
  "is_authenticating": false
}
[2025-03-20T13:10:09.873Z] FRONTEND:AUTH - DEBUG: Auth Flow - HeaderConnect Render
  Details: {
  "timestamp": "2025-03-20T13:10:09.873Z",
  "wallet_address": "0x0300B70e40F138927e3a988ce4A9a069Ff875336",
  "is_connected": true,
  "is_authenticated": true,
  "is_authenticating": false
}
[2025-03-20T13:10:09.874Z] FRONTEND:AUTH - DEBUG: Auth Flow - HeaderConnect Render
  Details: {
  "timestamp": "2025-03-20T13:10:09.874Z",
  "wallet_address": "0x0300B70e40F138927e3a988ce4A9a069Ff875336",
  "is_connected": true,
  "is_authenticated": true,
  "is_authenticating": false
}
[2025-03-20T13:10:11.201Z] FRONTEND:AUTH - DEBUG: Auth Flow - HeaderConnect Render
  Details: {
  "timestamp": "2025-03-20T13:10:11.201Z",
  "wallet_address": "0x0300B70e40F138927e3a988ce4A9a069Ff875336",
  "is_connected": true,
  "is_authenticated": true,
  "is_authenticating": false
}
[2025-03-20T13:10:11.202Z] FRONTEND:AUTH - DEBUG: Auth Flow - HeaderConnect Render
  Details: {
  "timestamp": "2025-03-20T13:10:11.202Z",
  "wallet_address": "0x0300B70e40F138927e3a988ce4A9a069Ff875336",
  "is_connected": true,
  "is_authenticated": true,
  "is_authenticating": false
}
[2025-03-20T13:10:11.239Z] FRONTEND:AUTH - DEBUG: Auth Flow - Auth Check
  Details: {
  "timestamp": "2025-03-20T13:10:11.239Z",
  "has_token": true,
  "has_user": true
}
[2025-03-20T13:10:11.240Z] FRONTEND:AUTH - DEBUG: Auth Flow - Auth state updated
  Details: {
  "timestamp": "2025-03-20T13:10:11.240Z",
  "is_connected": true,
  "is_authenticated": true,
  "wallet_address": "0x0300B70e40F138927e3a988ce4A9a069Ff875336",
  "auth_wallet_address": "0x0300B70e40F138927e3a988ce4A9a069Ff875336",
  "is_authenticating": false,
  "initial_check_done": true,
  "needs_reauthentication": false,
  "last_authenticated_address": null
}
[2025-03-20T13:10:11.253Z] FRONTEND:USER - INFO: Wallet readiness state updated
  Details: {
  "stable_connection": true,
  "has_valid_address": true,
  "is_ready": true,
  "wallet_address": "0x0300B70e40F138927e3a988ce4A9a069Ff875336",
  "authenticated_address": "0x0300B70e40F138927e3a988ce4A9a069Ff875336"
}
[2025-03-20T13:10:11.254Z] FRONTEND:USER - INFO: Wallet state updated
  Details: {
  "is_connected": true,
  "is_connecting": false,
  "is_disconnected": false,
  "status": "connected",
  "chain_id": 137,
  "has_address": true,
  "is_authenticated": true,
  "has_auth_wallet": true,
  "has_effective_address": true,
  "is_using_auth_wallet": false
}
[2025-03-20T13:10:11.255Z] FRONTEND:USER - INFO: Wallet hook initialized
  Details: {
  "is_connected": true,
  "is_connecting": false,
  "is_disconnected": false,
  "status": "connected",
  "chain_id": 137,
  "has_address": true,
  "is_authenticated": true,
  "has_auth_wallet": true
}
[2025-03-20T13:10:11.258Z] FRONTEND:USER - INFO: Wallet readiness state updated
  Details: {
  "stable_connection": true,
  "has_valid_address": true,
  "is_ready": true,
  "wallet_address": "0x0300B70e40F138927e3a988ce4A9a069Ff875336",
  "authenticated_address": "0x0300B70e40F138927e3a988ce4A9a069Ff875336"
}
[2025-03-20T13:10:11.258Z] FRONTEND:USER - INFO: Wallet state updated
  Details: {
  "is_connected": true,
  "is_connecting": false,
  "is_disconnected": false,
  "status": "connected",
  "chain_id": 137,
  "has_address": true,
  "is_authenticated": true,
  "has_auth_wallet": true,
  "has_effective_address": true,
  "is_using_auth_wallet": false
}
[2025-03-20T13:10:11.259Z] FRONTEND:USER - INFO: Wallet hook initialized
  Details: {
  "is_connected": true,
  "is_connecting": false,
  "is_disconnected": false,
  "status": "connected",
  "chain_id": 137,
  "has_address": true,
  "is_authenticated": true,
  "has_auth_wallet": true
}
[2025-03-20T13:10:11.267Z] FRONTEND:AUTH - DEBUG: Auth Flow - Auth state updated
  Details: {
  "timestamp": "2025-03-20T13:10:11.267Z",
  "is_connected": true,
  "is_authenticated": true,
  "wallet_address": "0x0300B70e40F138927e3a988ce4A9a069Ff875336",
  "auth_wallet_address": "0x0300B70e40F138927e3a988ce4A9a069Ff875336",
  "is_authenticating": false,
  "initial_check_done": true,
  "needs_reauthentication": false,
  "last_authenticated_address": null
}
[2025-03-20T13:10:11.268Z] FRONTEND:USER - INFO: Wallet readiness state updated
  Details: {
  "stable_connection": true,
  "has_valid_address": true,
  "is_ready": true,
  "wallet_address": "0x0300B70e40F138927e3a988ce4A9a069Ff875336",
  "authenticated_address": "0x0300B70e40F138927e3a988ce4A9a069Ff875336"
}
[2025-03-20T13:10:11.269Z] FRONTEND:USER - INFO: Wallet state updated
  Details: {
  "is_connected": true,
  "is_connecting": false,
  "is_disconnected": false,
  "status": "connected",
  "chain_id": 137,
  "has_address": true,
  "is_authenticated": true,
  "has_auth_wallet": true,
  "has_effective_address": true,
  "is_using_auth_wallet": false
}
[2025-03-20T13:10:11.269Z] FRONTEND:USER - INFO: Wallet hook initialized
  Details: {
  "is_connected": true,
  "is_connecting": false,
  "is_disconnected": false,
  "status": "connected",
  "chain_id": 137,
  "has_address": true,
  "is_authenticated": true,
  "has_auth_wallet": true
}
[2025-03-20T13:10:11.271Z] FRONTEND:USER - INFO: Wallet readiness state updated
  Details: {
  "stable_connection": true,
  "has_valid_address": true,
  "is_ready": true,
  "wallet_address": "0x0300B70e40F138927e3a988ce4A9a069Ff875336",
  "authenticated_address": "0x0300B70e40F138927e3a988ce4A9a069Ff875336"
}
[2025-03-20T13:10:11.272Z] FRONTEND:USER - INFO: Wallet state updated
  Details: {
  "is_connected": true,
  "is_connecting": false,
  "is_disconnected": false,
  "status": "connected",
  "chain_id": 137,
  "has_address": true,
  "is_authenticated": true,
  "has_auth_wallet": true,
  "has_effective_address": true,
  "is_using_auth_wallet": false
}
[2025-03-20T13:10:11.272Z] FRONTEND:USER - INFO: Wallet hook initialized
  Details: {
  "is_connected": true,
  "is_connecting": false,
  "is_disconnected": false,
  "status": "connected",
  "chain_id": 137,
  "has_address": true,
  "is_authenticated": true,
  "has_auth_wallet": true
}
[2025-03-20T13:10:11.284Z] FRONTEND:AUTH - DEBUG: Auth Flow - HeaderConnect Render
  Details: {
  "timestamp": "2025-03-20T13:10:11.284Z",
  "wallet_address": "0x0300B70e40F138927e3a988ce4A9a069Ff875336",
  "is_connected": true,
  "is_authenticated": true,
  "is_authenticating": false
}
[2025-03-20T13:10:11.285Z] FRONTEND:AUTH - DEBUG: Auth Flow - HeaderConnect Render
  Details: {
  "timestamp": "2025-03-20T13:10:11.285Z",
  "wallet_address": "0x0300B70e40F138927e3a988ce4A9a069Ff875336",
  "is_connected": true,
  "is_authenticated": true,
  "is_authenticating": false
}
[2025-03-20T13:10:11.806Z] FRONTEND:USER - INFO: Wallet readiness state updated
  Details: {
  "stable_connection": true,
  "has_valid_address": true,
  "is_ready": true,
  "wallet_address": "0x0300B70e40F138927e3a988ce4A9a069Ff875336",
  "authenticated_address": "0x0300B70e40F138927e3a988ce4A9a069Ff875336"
}
[2025-03-20T13:10:11.807Z] FRONTEND:USER - INFO: Wallet state updated
  Details: {
  "is_connected": true,
  "is_connecting": false,
  "is_disconnected": false,
  "status": "connected",
  "chain_id": 137,
  "has_address": true,
  "is_authenticated": true,
  "has_auth_wallet": true,
  "has_effective_address": true,
  "is_using_auth_wallet": false
}
[2025-03-20T13:10:11.807Z] FRONTEND:USER - INFO: Wallet hook initialized
  Details: {
  "is_connected": true,
  "is_connecting": false,
  "is_disconnected": false,
  "status": "connected",
  "chain_id": 137,
  "has_address": true,
  "is_authenticated": true,
  "has_auth_wallet": true
}
[2025-03-20T13:10:11.808Z] FRONTEND:AUTH - DEBUG: Auth Flow - Route Protection Check
  Details: {
  "timestamp": "2025-03-20T13:10:11.808Z",
  "is_authenticated": true,
  "has_token": true,
  "wallet_address": "0x0300B70e40F138927e3a988ce4A9a069Ff875336",
  "is_connected": true,
  "has_address": true
}
[2025-03-20T13:10:11.812Z] FRONTEND:USER - INFO: Wallet readiness state updated
  Details: {
  "stable_connection": true,
  "has_valid_address": true,
  "is_ready": true,
  "wallet_address": "0x0300B70e40F138927e3a988ce4A9a069Ff875336",
  "authenticated_address": "0x0300B70e40F138927e3a988ce4A9a069Ff875336"
}
[2025-03-20T13:10:11.813Z] FRONTEND:USER - INFO: Wallet hook initialized
  Details: {
  "is_connected": true,
  "is_connecting": false,
  "is_disconnected": false,
  "status": "connected",
  "chain_id": 137,
  "has_address": true,
  "is_authenticated": true,
  "has_auth_wallet": true
}
[2025-03-20T13:10:11.812Z] FRONTEND:USER - INFO: Wallet state updated
  Details: {
  "is_connected": true,
  "is_connecting": false,
  "is_disconnected": false,
  "status": "connected",
  "chain_id": 137,
  "has_address": true,
  "is_authenticated": true,
  "has_auth_wallet": true,
  "has_effective_address": true,
  "is_using_auth_wallet": false
}
[2025-03-20T13:10:11.814Z] FRONTEND:AUTH - DEBUG: Auth Flow - Route Protection Check
  Details: {
  "timestamp": "2025-03-20T13:10:11.814Z",
  "is_authenticated": true,
  "has_token": true,
  "wallet_address": "0x0300B70e40F138927e3a988ce4A9a069Ff875336",
  "is_connected": true,
  "has_address": true
}
[2025-03-20T13:10:11.816Z] FRONTEND:AUTH - DEBUG: Auth Flow - Route Protection Render
  Details: {
  "timestamp": "2025-03-20T13:10:11.816Z",
  "status": "allowed",
  "wallet_address": "0x0300B70e40F138927e3a988ce4A9a069Ff875336"
}
[2025-03-20T13:10:11.816Z] FRONTEND:AUTH - DEBUG: Auth Flow - Route Protection Render
  Details: {
  "timestamp": "2025-03-20T13:10:11.816Z",
  "status": "allowed",
  "wallet_address": "0x0300B70e40F138927e3a988ce4A9a069Ff875336"
}
[2025-03-20T21:38:32.236Z] FRONTEND:AUTH - DEBUG: Auth Flow - Initial Auth State Check
  Details: {
  "timestamp": "2025-03-20T21:38:32.236Z",
  "has_token": false,
  "has_user": false
}
[2025-03-20T21:38:58.101Z] FRONTEND:AUTH - DEBUG: Auth Flow - Initial Auth State Check
  Details: {
  "timestamp": "2025-03-20T21:38:58.101Z",
  "has_token": false,
  "has_user": false
}
[2025-03-20T21:38:58.159Z] FRONTEND:AUTH - DEBUG: Auth Flow - HeaderConnect Render
  Details: {
  "timestamp": "2025-03-20T21:38:58.159Z",
  "is_connected": false,
  "is_authenticated": false,
  "is_authenticating": false
}
[2025-03-20T21:38:58.160Z] FRONTEND:AUTH - DEBUG: Auth Flow - HeaderConnect Render
  Details: {
  "timestamp": "2025-03-20T21:38:58.160Z",
  "is_connected": false,
  "is_authenticated": false,
  "is_authenticating": false
}
[2025-03-20T21:38:58.201Z] FRONTEND:AUTH - DEBUG: Auth Flow - Auth state updated
  Details: {
  "timestamp": "2025-03-20T21:38:58.201Z",
  "is_connected": false,
  "is_authenticated": false,
  "is_authenticating": false,
  "initial_check_done": false,
  "needs_reauthentication": false,
  "last_authenticated_address": null
}
[2025-03-20T21:38:58.201Z] FRONTEND:CS2 - INFO: Market navbar mounted with enhanced Skinport style and animations
  Details: {
  "categoriesCount": 4,
  "currentCategory": "none",
  "style": "text-only-enhanced-animated",
  "log_destination": "market",
  "timestamp": "2025-03-20T21:38:58.201Z"
}
[2025-03-20T21:38:58.204Z] FRONTEND:CS2 - INFO: Rendering 5 products with enhanced staggered animation
  Details: {
  "productCount": 5,
  "productIds": [
    "cs2-awp-crakow-minimal-wear",
    "cs2-ak47-asiimov-factory-new",
    "cs2-m4a4-howl-field-tested",
    "cs2-deagle-printstream-minimal-wear",
    "cs2-butterfly-doppler-factory-new"
  ],
  "animationEnabled": true,
  "staggerType": "wave",
  "baseDelay": "35ms",
  "log_destination": "market",
  "timestamp": "2025-03-20T21:38:58.204Z"
}
[2025-03-20T21:38:58.204Z] FRONTEND:CS2 - INFO: MarketPageView mounted with 5 products and enhanced animations
  Details: {
  "page": 1,
  "pageSize": 20,
  "totalProducts": 5,
  "productIds": [
    "cs2-awp-crakow-minimal-wear",
    "cs2-ak47-asiimov-factory-new",
    "cs2-m4a4-howl-field-tested",
    "cs2-deagle-printstream-minimal-wear",
    "cs2-butterfly-doppler-factory-new"
  ],
  "transitionType": "initial-mount",
  "animationsEnabled": true,
  "log_destination": "market",
  "timestamp": "2025-03-20T21:38:58.204Z"
}
[2025-03-20T21:38:58.218Z] FRONTEND:AUTH - DEBUG: Auth Flow - HeaderConnect Render
  Details: {
  "timestamp": "2025-03-20T21:38:58.218Z",
  "is_connected": false,
  "is_authenticated": false,
  "is_authenticating": false
}
[2025-03-20T21:38:58.219Z] FRONTEND:AUTH - DEBUG: Auth Flow - HeaderConnect Render
  Details: {
  "timestamp": "2025-03-20T21:38:58.219Z",
  "is_connected": false,
  "is_authenticated": false,
  "is_authenticating": false
}
[2025-03-20T21:38:58.240Z] FRONTEND:AUTH - DEBUG: Auth Flow - HeaderConnect Render
  Details: {
  "timestamp": "2025-03-20T21:38:58.240Z",
  "is_connected": false,
  "is_authenticated": false,
  "is_authenticating": false
}
[2025-03-20T21:38:58.241Z] FRONTEND:AUTH - DEBUG: Auth Flow - HeaderConnect Render
  Details: {
  "timestamp": "2025-03-20T21:38:58.241Z",
  "is_connected": false,
  "is_authenticated": false,
  "is_authenticating": false
}
[2025-03-20T21:38:58.306Z] FRONTEND:AUTH - DEBUG: Auth Flow - HeaderConnect Render
  Details: {
  "timestamp": "2025-03-20T21:38:58.306Z",
  "is_connected": false,
  "is_authenticated": false,
  "is_authenticating": false
}
[2025-03-20T21:38:58.306Z] FRONTEND:AUTH - DEBUG: Auth Flow - HeaderConnect Render
  Details: {
  "timestamp": "2025-03-20T21:38:58.306Z",
  "is_connected": false,
  "is_authenticated": false,
  "is_authenticating": false
}
[2025-03-20T21:38:58.367Z] FRONTEND:AUTH - DEBUG: Auth Flow - HeaderConnect Render
  Details: {
  "timestamp": "2025-03-20T21:38:58.367Z",
  "is_connected": false,
  "is_authenticated": false,
  "is_authenticating": false
}
[2025-03-20T21:38:58.368Z] FRONTEND:AUTH - DEBUG: Auth Flow - HeaderConnect Render
  Details: {
  "timestamp": "2025-03-20T21:38:58.368Z",
  "is_connected": false,
  "is_authenticated": false,
  "is_authenticating": false
}
[2025-03-20T21:38:58.392Z] FRONTEND:AUTH - DEBUG: Auth Flow - Auth state updated
  Details: {
  "timestamp": "2025-03-20T21:38:58.392Z",
  "is_connected": false,
  "is_authenticated": false,
  "is_authenticating": false,
  "initial_check_done": false,
  "needs_reauthentication": false,
  "last_authenticated_address": null
}
[2025-03-20T21:38:58.393Z] FRONTEND:CS2 - INFO: Market navbar mounted with enhanced Skinport style and animations
  Details: {
  "categoriesCount": 4,
  "currentCategory": "none",
  "style": "text-only-enhanced-animated",
  "log_destination": "market",
  "timestamp": "2025-03-20T21:38:58.393Z"
}
[2025-03-20T21:38:58.396Z] FRONTEND:AUTH - DEBUG: Auth Flow - Auth state updated
  Details: {
  "timestamp": "2025-03-20T21:38:58.396Z",
  "is_connected": false,
  "is_authenticated": false,
  "is_authenticating": false,
  "initial_check_done": false,
  "needs_reauthentication": false,
  "last_authenticated_address": null
}
[2025-03-20T21:39:32.075Z] FRONTEND:AUTH - DEBUG: Auth Flow - HeaderConnect Render
  Details: {
  "timestamp": "2025-03-20T21:39:32.075Z",
  "is_connected": false,
  "is_authenticated": false,
  "is_authenticating": false
}
[2025-03-20T21:39:32.076Z] FRONTEND:AUTH - DEBUG: Auth Flow - HeaderConnect Render
  Details: {
  "timestamp": "2025-03-20T21:39:32.076Z",
  "is_connected": false,
  "is_authenticated": false,
  "is_authenticating": false
}
[2025-03-20T21:39:32.189Z] FRONTEND:CS2 - DEBUG: MarketPageView unmounted
  Details: {
  "page": 1,
  "log_destination": "market",
  "timestamp": "2025-03-20T21:39:32.189Z"
}
[2025-03-20T21:39:32.190Z] FRONTEND:AUTH - DEBUG: Auth Flow - Auth state updated
  Details: {
  "timestamp": "2025-03-20T21:39:32.190Z",
  "is_connected": false,
  "is_authenticated": false,
  "is_authenticating": false,
  "initial_check_done": false,
  "needs_reauthentication": false,
  "last_authenticated_address": null
}
[2025-03-20T21:39:32.190Z] FRONTEND:CS2 - INFO: Market navbar mounted with enhanced Skinport style and animations
  Details: {
  "categoriesCount": 4,
  "currentCategory": "none",
  "style": "text-only-enhanced-animated",
  "log_destination": "market",
  "timestamp": "2025-03-20T21:39:32.190Z"
}
[2025-03-20T21:39:32.190Z] FRONTEND:CS2 - INFO: Rendering 5 products with enhanced staggered animation
  Details: {
  "productCount": 5,
  "productIds": [
    "cs2-awp-crakow-minimal-wear",
    "cs2-ak47-asiimov-factory-new",
    "cs2-m4a4-howl-field-tested",
    "cs2-deagle-printstream-minimal-wear",
    "cs2-butterfly-doppler-factory-new"
  ],
  "animationEnabled": true,
  "staggerType": "wave",
  "baseDelay": "35ms",
  "log_destination": "market",
  "timestamp": "2025-03-20T21:39:32.190Z"
}
[2025-03-20T21:39:32.193Z] FRONTEND:AUTH - DEBUG: Auth Flow - Auth state updated
  Details: {
  "timestamp": "2025-03-20T21:39:32.193Z",
  "is_connected": false,
  "is_authenticated": false,
  "is_authenticating": false,
  "initial_check_done": false,
  "needs_reauthentication": false,
  "last_authenticated_address": null
}
[2025-03-20T21:39:50.838Z] FRONTEND:AUTH - DEBUG: Auth Flow - HeaderConnect Render
  Details: {
  "timestamp": "2025-03-20T21:39:50.838Z",
  "is_connected": false,
  "is_authenticated": false,
  "is_authenticating": false
}
[2025-03-20T21:39:51.125Z] FRONTEND:AUTH - DEBUG: Auth Flow - Auth state updated
  Details: {
  "timestamp": "2025-03-20T21:39:51.125Z",
  "is_connected": false,
  "is_authenticated": false,
  "is_authenticating": false,
  "initial_check_done": false,
  "needs_reauthentication": false,
  "last_authenticated_address": null
}
[2025-03-20T21:39:51.129Z] FRONTEND:CS2 - INFO: Market navbar mounted with enhanced Skinport style and animations
  Details: {
  "categoriesCount": 4,
  "currentCategory": "none",
  "style": "text-only-enhanced-animated",
  "log_destination": "market",
  "timestamp": "2025-03-20T21:39:51.129Z"
}
[2025-03-20T21:39:51.131Z] FRONTEND:CS2 - INFO: Rendering 5 products with enhanced staggered animation
  Details: {
  "productCount": 5,
  "productIds": [
    "cs2-awp-crakow-minimal-wear",
    "cs2-ak47-asiimov-factory-new",
    "cs2-m4a4-howl-field-tested",
    "cs2-deagle-printstream-minimal-wear",
    "cs2-butterfly-doppler-factory-new"
  ],
  "animationEnabled": true,
  "staggerType": "wave",
  "baseDelay": "35ms",
  "log_destination": "market",
  "timestamp": "2025-03-20T21:39:51.131Z"
}
[2025-03-20T21:39:51.133Z] FRONTEND:AUTH - DEBUG: Auth Flow - Auth state updated
  Details: {
  "timestamp": "2025-03-20T21:39:51.133Z",
  "is_connected": false,
  "is_authenticated": false,
  "is_authenticating": false,
  "initial_check_done": false,
  "needs_reauthentication": false,
  "last_authenticated_address": null
}
[2025-03-20T21:39:50.839Z] FRONTEND:AUTH - DEBUG: Auth Flow - HeaderConnect Render
  Details: {
  "timestamp": "2025-03-20T21:39:50.839Z",
  "is_connected": false,
  "is_authenticated": false,
  "is_authenticating": false
}
[2025-03-20T21:39:54.333Z] FRONTEND:AUTH - DEBUG: Auth Flow - HeaderConnect Render
  Details: {
  "timestamp": "2025-03-20T21:39:54.333Z",
  "is_connected": false,
  "is_authenticated": false,
  "is_authenticating": false
}
[2025-03-20T21:39:54.334Z] FRONTEND:AUTH - DEBUG: Auth Flow - HeaderConnect Render
  Details: {
  "timestamp": "2025-03-20T21:39:54.334Z",
  "is_connected": false,
  "is_authenticated": false,
  "is_authenticating": false
}
[2025-03-20T21:39:54.482Z] FRONTEND:AUTH - DEBUG: Auth Flow - Auth state updated
  Details: {
  "timestamp": "2025-03-20T21:39:54.482Z",
  "is_connected": false,
  "is_authenticated": false,
  "is_authenticating": false,
  "initial_check_done": false,
  "needs_reauthentication": false,
  "last_authenticated_address": null
}
[2025-03-20T21:39:54.483Z] FRONTEND:CS2 - INFO: Market navbar mounted with enhanced Skinport style and animations
  Details: {
  "categoriesCount": 4,
  "currentCategory": "none",
  "style": "text-only-enhanced-animated",
  "log_destination": "market",
  "timestamp": "2025-03-20T21:39:54.483Z"
}
[2025-03-20T21:39:54.484Z] FRONTEND:CS2 - INFO: Rendering 5 products with enhanced staggered animation
  Details: {
  "productCount": 5,
  "productIds": [
    "cs2-awp-crakow-minimal-wear",
    "cs2-ak47-asiimov-factory-new",
    "cs2-m4a4-howl-field-tested",
    "cs2-deagle-printstream-minimal-wear",
    "cs2-butterfly-doppler-factory-new"
  ],
  "animationEnabled": true,
  "staggerType": "wave",
  "baseDelay": "35ms",
  "log_destination": "market",
  "timestamp": "2025-03-20T21:39:54.484Z"
}
[2025-03-20T21:39:54.488Z] FRONTEND:AUTH - DEBUG: Auth Flow - Auth state updated
  Details: {
  "timestamp": "2025-03-20T21:39:54.488Z",
  "is_connected": false,
  "is_authenticated": false,
  "is_authenticating": false,
  "initial_check_done": false,
  "needs_reauthentication": false,
  "last_authenticated_address": null
}
[2025-03-20T21:41:26.160Z] FRONTEND:AUTH - DEBUG: Auth Flow - HeaderConnect Render
  Details: {
  "timestamp": "2025-03-20T21:41:26.160Z",
  "is_connected": false,
  "is_authenticated": false,
  "is_authenticating": false
}
[2025-03-20T21:41:26.331Z] FRONTEND:AUTH - DEBUG: Auth Flow - Auth state updated
  Details: {
  "timestamp": "2025-03-20T21:41:26.331Z",
  "is_connected": false,
  "is_authenticated": false,
  "is_authenticating": false,
  "initial_check_done": false,
  "needs_reauthentication": false,
  "last_authenticated_address": null
}
[2025-03-20T21:41:26.332Z] FRONTEND:CS2 - INFO: Market navbar mounted with enhanced Skinport style and animations
  Details: {
  "categoriesCount": 4,
  "currentCategory": "none",
  "style": "text-only-enhanced-animated",
  "log_destination": "market",
  "timestamp": "2025-03-20T21:41:26.332Z"
}
[2025-03-20T21:41:26.332Z] FRONTEND:CS2 - INFO: Rendering 5 products with enhanced staggered animation
  Details: {
  "productCount": 5,
  "productIds": [
    "cs2-awp-crakow-minimal-wear",
    "cs2-ak47-asiimov-factory-new",
    "cs2-m4a4-howl-field-tested",
    "cs2-deagle-printstream-minimal-wear",
    "cs2-butterfly-doppler-factory-new"
  ],
  "animationEnabled": true,
  "staggerType": "wave",
  "baseDelay": "35ms",
  "log_destination": "market",
  "timestamp": "2025-03-20T21:41:26.332Z"
}
[2025-03-20T21:41:26.334Z] FRONTEND:AUTH - DEBUG: Auth Flow - Auth state updated
  Details: {
  "timestamp": "2025-03-20T21:41:26.334Z",
  "is_connected": false,
  "is_authenticated": false,
  "is_authenticating": false,
  "initial_check_done": false,
  "needs_reauthentication": false,
  "last_authenticated_address": null
}
[2025-03-20T21:41:26.159Z] FRONTEND:AUTH - DEBUG: Auth Flow - HeaderConnect Render
  Details: {
  "timestamp": "2025-03-20T21:41:26.159Z",
  "is_connected": false,
  "is_authenticated": false,
  "is_authenticating": false
}
[2025-03-20T21:41:44.068Z] FRONTEND:AUTH - DEBUG: Auth Flow - HeaderConnect Render
  Details: {
  "timestamp": "2025-03-20T21:41:44.068Z",
  "is_connected": false,
  "is_authenticated": false,
  "is_authenticating": false
}
[2025-03-20T21:41:44.068Z] FRONTEND:AUTH - DEBUG: Auth Flow - HeaderConnect Render
  Details: {
  "timestamp": "2025-03-20T21:41:44.068Z",
  "is_connected": false,
  "is_authenticated": false,
  "is_authenticating": false
}
[2025-03-20T21:41:44.207Z] FRONTEND:AUTH - DEBUG: Auth Flow - Auth state updated
  Details: {
  "timestamp": "2025-03-20T21:41:44.207Z",
  "is_connected": false,
  "is_authenticated": false,
  "is_authenticating": false,
  "initial_check_done": false,
  "needs_reauthentication": false,
  "last_authenticated_address": null
}
[2025-03-20T21:41:44.208Z] FRONTEND:CS2 - INFO: Market navbar mounted with enhanced Skinport style and animations
  Details: {
  "categoriesCount": 4,
  "currentCategory": "none",
  "style": "text-only-enhanced-animated",
  "log_destination": "market",
  "timestamp": "2025-03-20T21:41:44.208Z"
}
[2025-03-20T21:41:44.208Z] FRONTEND:CS2 - INFO: Rendering 5 products with enhanced staggered animation
  Details: {
  "productCount": 5,
  "productIds": [
    "cs2-awp-crakow-minimal-wear",
    "cs2-ak47-asiimov-factory-new",
    "cs2-m4a4-howl-field-tested",
    "cs2-deagle-printstream-minimal-wear",
    "cs2-butterfly-doppler-factory-new"
  ],
  "animationEnabled": true,
  "staggerType": "wave",
  "baseDelay": "35ms",
  "log_destination": "market",
  "timestamp": "2025-03-20T21:41:44.208Z"
}
[2025-03-20T21:41:44.210Z] FRONTEND:AUTH - DEBUG: Auth Flow - Auth state updated
  Details: {
  "timestamp": "2025-03-20T21:41:44.210Z",
  "is_connected": false,
  "is_authenticated": false,
  "is_authenticating": false,
  "initial_check_done": false,
  "needs_reauthentication": false,
  "last_authenticated_address": null
}
[2025-03-20T21:42:00.241Z] FRONTEND:AUTH - DEBUG: Auth Flow - HeaderConnect Render
  Details: {
  "timestamp": "2025-03-20T21:42:00.241Z",
  "is_connected": false,
  "is_authenticated": false,
  "is_authenticating": false
}
[2025-03-20T21:42:00.242Z] FRONTEND:AUTH - DEBUG: Auth Flow - HeaderConnect Render
  Details: {
  "timestamp": "2025-03-20T21:42:00.242Z",
  "is_connected": false,
  "is_authenticated": false,
  "is_authenticating": false
}
[2025-03-20T21:42:00.323Z] FRONTEND:AUTH - DEBUG: Auth Flow - Auth state updated
  Details: {
  "timestamp": "2025-03-20T21:42:00.323Z",
  "is_connected": false,
  "is_authenticated": false,
  "is_authenticating": false,
  "initial_check_done": false,
  "needs_reauthentication": false,
  "last_authenticated_address": null
}
[2025-03-20T21:42:00.324Z] FRONTEND:CS2 - INFO: Market navbar mounted with enhanced Skinport style and animations
  Details: {
  "categoriesCount": 4,
  "currentCategory": "none",
  "style": "text-only-enhanced-animated",
  "log_destination": "market",
  "timestamp": "2025-03-20T21:42:00.324Z"
}
[2025-03-20T21:42:00.324Z] FRONTEND:CS2 - INFO: Rendering 5 products with enhanced staggered animation
  Details: {
  "productCount": 5,
  "productIds": [
    "cs2-awp-crakow-minimal-wear",
    "cs2-ak47-asiimov-factory-new",
    "cs2-m4a4-howl-field-tested",
    "cs2-deagle-printstream-minimal-wear",
    "cs2-butterfly-doppler-factory-new"
  ],
  "animationEnabled": true,
  "staggerType": "wave",
  "baseDelay": "35ms",
  "log_destination": "market",
  "timestamp": "2025-03-20T21:42:00.324Z"
}
[2025-03-20T21:42:00.325Z] FRONTEND:AUTH - DEBUG: Auth Flow - Auth state updated
  Details: {
  "timestamp": "2025-03-20T21:42:00.325Z",
  "is_connected": false,
  "is_authenticated": false,
  "is_authenticating": false,
  "initial_check_done": false,
  "needs_reauthentication": false,
  "last_authenticated_address": null
}
[2025-03-20T21:42:14.922Z] FRONTEND:AUTH - DEBUG: Auth Flow - HeaderConnect Render
  Details: {
  "timestamp": "2025-03-20T21:42:14.922Z",
  "is_connected": false,
  "is_authenticated": false,
  "is_authenticating": false
}
[2025-03-20T21:42:14.923Z] FRONTEND:AUTH - DEBUG: Auth Flow - HeaderConnect Render
  Details: {
  "timestamp": "2025-03-20T21:42:14.923Z",
  "is_connected": false,
  "is_authenticated": false,
  "is_authenticating": false
}
[2025-03-20T21:42:15.090Z] FRONTEND:AUTH - DEBUG: Auth Flow - Auth state updated
  Details: {
  "timestamp": "2025-03-20T21:42:15.090Z",
  "is_connected": false,
  "is_authenticated": false,
  "is_authenticating": false,
  "initial_check_done": false,
  "needs_reauthentication": false,
  "last_authenticated_address": null
}
[2025-03-20T21:42:15.090Z] FRONTEND:CS2 - INFO: Market navbar mounted with enhanced Skinport style and animations
  Details: {
  "categoriesCount": 4,
  "currentCategory": "none",
  "style": "text-only-enhanced-animated",
  "log_destination": "market",
  "timestamp": "2025-03-20T21:42:15.090Z"
}
[2025-03-20T21:42:15.091Z] FRONTEND:CS2 - INFO: Rendering 5 products with enhanced staggered animation
  Details: {
  "productCount": 5,
  "productIds": [
    "cs2-awp-crakow-minimal-wear",
    "cs2-ak47-asiimov-factory-new",
    "cs2-m4a4-howl-field-tested",
    "cs2-deagle-printstream-minimal-wear",
    "cs2-butterfly-doppler-factory-new"
  ],
  "animationEnabled": true,
  "staggerType": "wave",
  "baseDelay": "35ms",
  "log_destination": "market",
  "timestamp": "2025-03-20T21:42:15.091Z"
}
[2025-03-20T21:42:15.093Z] FRONTEND:AUTH - DEBUG: Auth Flow - Auth state updated
  Details: {
  "timestamp": "2025-03-20T21:42:15.093Z",
  "is_connected": false,
  "is_authenticated": false,
  "is_authenticating": false,
  "initial_check_done": false,
  "needs_reauthentication": false,
  "last_authenticated_address": null
}
[2025-03-20T21:42:30.571Z] FRONTEND:AUTH - DEBUG: Auth Flow - HeaderConnect Render
  Details: {
  "timestamp": "2025-03-20T21:42:30.571Z",
  "is_connected": false,
  "is_authenticated": false,
  "is_authenticating": false
}
[2025-03-20T21:42:30.571Z] FRONTEND:AUTH - DEBUG: Auth Flow - HeaderConnect Render
  Details: {
  "timestamp": "2025-03-20T21:42:30.571Z",
  "is_connected": false,
  "is_authenticated": false,
  "is_authenticating": false
}
[2025-03-20T21:42:30.654Z] FRONTEND:AUTH - DEBUG: Auth Flow - Auth state updated
  Details: {
  "timestamp": "2025-03-20T21:42:30.654Z",
  "is_connected": false,
  "is_authenticated": false,
  "is_authenticating": false,
  "initial_check_done": false,
  "needs_reauthentication": false,
  "last_authenticated_address": null
}
[2025-03-20T21:42:30.655Z] FRONTEND:CS2 - INFO: Market navbar mounted with enhanced Skinport style and animations
  Details: {
  "categoriesCount": 4,
  "currentCategory": "none",
  "style": "text-only-enhanced-animated",
  "log_destination": "market",
  "timestamp": "2025-03-20T21:42:30.655Z"
}
[2025-03-20T21:42:30.655Z] FRONTEND:CS2 - INFO: Rendering 5 products with enhanced staggered animation
  Details: {
  "productCount": 5,
  "productIds": [
    "cs2-awp-crakow-minimal-wear",
    "cs2-ak47-asiimov-factory-new",
    "cs2-m4a4-howl-field-tested",
    "cs2-deagle-printstream-minimal-wear",
    "cs2-butterfly-doppler-factory-new"
  ],
  "animationEnabled": true,
  "staggerType": "wave",
  "baseDelay": "35ms",
  "log_destination": "market",
  "timestamp": "2025-03-20T21:42:30.655Z"
}
[2025-03-20T21:42:30.656Z] FRONTEND:AUTH - DEBUG: Auth Flow - Auth state updated
  Details: {
  "timestamp": "2025-03-20T21:42:30.656Z",
  "is_connected": false,
  "is_authenticated": false,
  "is_authenticating": false,
  "initial_check_done": false,
  "needs_reauthentication": false,
  "last_authenticated_address": null
}
[2025-03-20T21:42:45.956Z] FRONTEND:AUTH - DEBUG: Auth Flow - HeaderConnect Render
  Details: {
  "timestamp": "2025-03-20T21:42:45.956Z",
  "is_connected": false,
  "is_authenticated": false,
  "is_authenticating": false
}
[2025-03-20T21:42:45.957Z] FRONTEND:AUTH - DEBUG: Auth Flow - HeaderConnect Render
  Details: {
  "timestamp": "2025-03-20T21:42:45.957Z",
  "is_connected": false,
  "is_authenticated": false,
  "is_authenticating": false
}
[2025-03-20T21:42:46.079Z] FRONTEND:AUTH - DEBUG: Auth Flow - Auth state updated
  Details: {
  "timestamp": "2025-03-20T21:42:46.079Z",
  "is_connected": false,
  "is_authenticated": false,
  "is_authenticating": false,
  "initial_check_done": false,
  "needs_reauthentication": false,
  "last_authenticated_address": null
}
[2025-03-20T21:42:46.080Z] FRONTEND:CS2 - INFO: Market navbar mounted with enhanced Skinport style and animations
  Details: {
  "categoriesCount": 4,
  "currentCategory": "none",
  "style": "text-only-enhanced-animated",
  "log_destination": "market",
  "timestamp": "2025-03-20T21:42:46.080Z"
}
[2025-03-20T21:42:46.081Z] FRONTEND:CS2 - INFO: Rendering 5 products with enhanced staggered animation
  Details: {
  "productCount": 5,
  "productIds": [
    "cs2-awp-crakow-minimal-wear",
    "cs2-ak47-asiimov-factory-new",
    "cs2-m4a4-howl-field-tested",
    "cs2-deagle-printstream-minimal-wear",
    "cs2-butterfly-doppler-factory-new"
  ],
  "animationEnabled": true,
  "staggerType": "wave",
  "baseDelay": "35ms",
  "log_destination": "market",
  "timestamp": "2025-03-20T21:42:46.081Z"
}
[2025-03-20T21:42:46.083Z] FRONTEND:AUTH - DEBUG: Auth Flow - Auth state updated
  Details: {
  "timestamp": "2025-03-20T21:42:46.083Z",
  "is_connected": false,
  "is_authenticated": false,
  "is_authenticating": false,
  "initial_check_done": false,
  "needs_reauthentication": false,
  "last_authenticated_address": null
}
[2025-03-20T21:43:14.277Z] FRONTEND:AUTH - DEBUG: Auth Flow - HeaderConnect Render
  Details: {
  "timestamp": "2025-03-20T21:43:14.277Z",
  "is_connected": false,
  "is_authenticated": false,
  "is_authenticating": false
}
[2025-03-20T21:43:14.277Z] FRONTEND:AUTH - DEBUG: Auth Flow - HeaderConnect Render
  Details: {
  "timestamp": "2025-03-20T21:43:14.277Z",
  "is_connected": false,
  "is_authenticated": false,
  "is_authenticating": false
}
[2025-03-20T21:43:14.425Z] FRONTEND:AUTH - DEBUG: Auth Flow - Auth state updated
  Details: {
  "timestamp": "2025-03-20T21:43:14.425Z",
  "is_connected": false,
  "is_authenticated": false,
  "is_authenticating": false,
  "initial_check_done": false,
  "needs_reauthentication": false,
  "last_authenticated_address": null
}
[2025-03-20T21:43:14.426Z] FRONTEND:CS2 - INFO: Market navbar mounted with enhanced Skinport style and animations
  Details: {
  "categoriesCount": 4,
  "currentCategory": "none",
  "style": "text-only-enhanced-animated",
  "log_destination": "market",
  "timestamp": "2025-03-20T21:43:14.426Z"
}
[2025-03-20T21:43:14.426Z] FRONTEND:CS2 - INFO: Rendering 5 products with enhanced staggered animation
  Details: {
  "productCount": 5,
  "productIds": [
    "cs2-awp-crakow-minimal-wear",
    "cs2-ak47-asiimov-factory-new",
    "cs2-m4a4-howl-field-tested",
    "cs2-deagle-printstream-minimal-wear",
    "cs2-butterfly-doppler-factory-new"
  ],
  "animationEnabled": true,
  "staggerType": "wave",
  "baseDelay": "35ms",
  "log_destination": "market",
  "timestamp": "2025-03-20T21:43:14.426Z"
}
[2025-03-20T21:43:14.428Z] FRONTEND:AUTH - DEBUG: Auth Flow - Auth state updated
  Details: {
  "timestamp": "2025-03-20T21:43:14.428Z",
  "is_connected": false,
  "is_authenticated": false,
  "is_authenticating": false,
  "initial_check_done": false,
  "needs_reauthentication": false,
  "last_authenticated_address": null
}
[2025-03-20T21:43:25.460Z] FRONTEND:AUTH - DEBUG: Auth Flow - HeaderConnect Render
  Details: {
  "timestamp": "2025-03-20T21:43:25.460Z",
  "is_connected": false,
  "is_authenticated": false,
  "is_authenticating": false
}
[2025-03-20T21:43:25.461Z] FRONTEND:AUTH - DEBUG: Auth Flow - HeaderConnect Render
  Details: {
  "timestamp": "2025-03-20T21:43:25.461Z",
  "is_connected": false,
  "is_authenticated": false,
  "is_authenticating": false
}
[2025-03-20T21:43:25.603Z] FRONTEND:AUTH - DEBUG: Auth Flow - Auth state updated
  Details: {
  "timestamp": "2025-03-20T21:43:25.603Z",
  "is_connected": false,
  "is_authenticated": false,
  "is_authenticating": false,
  "initial_check_done": false,
  "needs_reauthentication": false,
  "last_authenticated_address": null
}
[2025-03-20T21:43:25.604Z] FRONTEND:CS2 - INFO: Rendering 5 products with enhanced staggered animation
  Details: {
  "productCount": 5,
  "productIds": [
    "cs2-awp-crakow-minimal-wear",
    "cs2-ak47-asiimov-factory-new",
    "cs2-m4a4-howl-field-tested",
    "cs2-deagle-printstream-minimal-wear",
    "cs2-butterfly-doppler-factory-new"
  ],
  "animationEnabled": true,
  "staggerType": "wave",
  "baseDelay": "35ms",
  "log_destination": "market",
  "timestamp": "2025-03-20T21:43:25.604Z"
}
[2025-03-20T21:43:25.604Z] FRONTEND:CS2 - INFO: Market navbar mounted with enhanced Skinport style and animations
  Details: {
  "categoriesCount": 4,
  "currentCategory": "none",
  "style": "text-only-enhanced-animated",
  "log_destination": "market",
  "timestamp": "2025-03-20T21:43:25.604Z"
}
[2025-03-20T21:43:25.605Z] FRONTEND:AUTH - DEBUG: Auth Flow - Auth state updated
  Details: {
  "timestamp": "2025-03-20T21:43:25.605Z",
  "is_connected": false,
  "is_authenticated": false,
  "is_authenticating": false,
  "initial_check_done": false,
  "needs_reauthentication": false,
  "last_authenticated_address": null
}
[2025-03-20T21:43:40.989Z] FRONTEND:AUTH - DEBUG: Auth Flow - HeaderConnect Render
  Details: {
  "timestamp": "2025-03-20T21:43:40.989Z",
  "is_connected": false,
  "is_authenticated": false,
  "is_authenticating": false
}
[2025-03-20T21:43:40.990Z] FRONTEND:AUTH - DEBUG: Auth Flow - HeaderConnect Render
  Details: {
  "timestamp": "2025-03-20T21:43:40.990Z",
  "is_connected": false,
  "is_authenticated": false,
  "is_authenticating": false
}
[2025-03-20T21:43:41.224Z] FRONTEND:AUTH - DEBUG: Auth Flow - HeaderConnect Render
  Details: {
  "timestamp": "2025-03-20T21:43:41.224Z",
  "is_connected": false,
  "is_authenticated": false,
  "is_authenticating": false
}
[2025-03-20T21:43:41.225Z] FRONTEND:AUTH - DEBUG: Auth Flow - HeaderConnect Render
  Details: {
  "timestamp": "2025-03-20T21:43:41.225Z",
  "is_connected": false,
  "is_authenticated": false,
  "is_authenticating": false
}
[2025-03-20T21:43:41.365Z] FRONTEND:AUTH - DEBUG: Auth Flow - Auth state updated
  Details: {
  "timestamp": "2025-03-20T21:43:41.365Z",
  "is_connected": false,
  "is_authenticated": false,
  "is_authenticating": false,
  "initial_check_done": false,
  "needs_reauthentication": false,
  "last_authenticated_address": null
}
[2025-03-20T21:43:41.365Z] FRONTEND:CS2 - INFO: Market navbar mounted with enhanced Skinport style and animations
  Details: {
  "categoriesCount": 4,
  "currentCategory": "none",
  "style": "text-only-enhanced-animated",
  "log_destination": "market",
  "timestamp": "2025-03-20T21:43:41.365Z"
}
[2025-03-20T21:43:41.366Z] FRONTEND:CS2 - INFO: Rendering 5 products with enhanced staggered animation
  Details: {
  "productCount": 5,
  "productIds": [
    "cs2-awp-crakow-minimal-wear",
    "cs2-ak47-asiimov-factory-new",
    "cs2-m4a4-howl-field-tested",
    "cs2-deagle-printstream-minimal-wear",
    "cs2-butterfly-doppler-factory-new"
  ],
  "animationEnabled": true,
  "staggerType": "wave",
  "baseDelay": "35ms",
  "log_destination": "market",
  "timestamp": "2025-03-20T21:43:41.366Z"
}
[2025-03-20T21:43:41.367Z] FRONTEND:AUTH - DEBUG: Auth Flow - Auth state updated
  Details: {
  "timestamp": "2025-03-20T21:43:41.367Z",
  "is_connected": false,
  "is_authenticated": false,
  "is_authenticating": false,
  "initial_check_done": false,
  "needs_reauthentication": false,
  "last_authenticated_address": null
}
[2025-03-20T21:46:00.729Z] FRONTEND:AUTH - DEBUG: Auth Flow - Initial Auth State Check
  Details: {
  "timestamp": "2025-03-20T21:46:00.729Z",
  "has_token": false,
  "has_user": false
}
[2025-03-20T21:46:07.809Z] FRONTEND:AUTH - DEBUG: Auth Flow - Initial Auth State Check
  Details: {
  "timestamp": "2025-03-20T21:46:07.809Z",
  "has_token": false,
  "has_user": false
}
[2025-03-20T21:46:07.872Z] FRONTEND:AUTH - DEBUG: Auth Flow - HeaderConnect Render
  Details: {
  "timestamp": "2025-03-20T21:46:07.872Z",
  "is_connected": false,
  "is_authenticated": false,
  "is_authenticating": false
}
[2025-03-20T21:46:07.873Z] FRONTEND:AUTH - DEBUG: Auth Flow - HeaderConnect Render
  Details: {
  "timestamp": "2025-03-20T21:46:07.873Z",
  "is_connected": false,
  "is_authenticated": false,
  "is_authenticating": false
}
[2025-03-20T21:46:07.949Z] FRONTEND:AUTH - DEBUG: Auth Flow - Auth state updated
  Details: {
  "timestamp": "2025-03-20T21:46:07.949Z",
  "is_connected": false,
  "is_authenticated": false,
  "is_authenticating": false,
  "initial_check_done": false,
  "needs_reauthentication": false,
  "last_authenticated_address": null
}
[2025-03-20T21:46:07.950Z] FRONTEND:CS2 - INFO: Market navbar mounted with enhanced Skinport style and animations
  Details: {
  "categoriesCount": 4,
  "currentCategory": "cs2-smgs",
  "style": "text-only-enhanced-animated",
  "log_destination": "market",
  "timestamp": "2025-03-20T21:46:07.950Z"
}
[2025-03-20T21:46:07.952Z] FRONTEND:CS2 - INFO: Category indicator animation
  Details: {
  "fromCategory": "none",
  "toCategory": "cs2-smgs",
  "indicatorWidth": 112.78125,
  "transitionType": "indicator-animation",
  "log_destination": "market",
  "timestamp": "2025-03-20T21:46:07.952Z"
}
[2025-03-20T21:46:07.953Z] FRONTEND:CS2 - INFO: MarketPageView mounted with 0 products and enhanced animations
  Details: {
  "page": 1,
  "pageSize": 20,
  "totalProducts": 0,
  "productIds": [],
  "transitionType": "initial-mount",
  "animationsEnabled": true,
  "log_destination": "market",
  "timestamp": "2025-03-20T21:46:07.952Z"
}
[2025-03-20T21:46:07.967Z] FRONTEND:AUTH - DEBUG: Auth Flow - HeaderConnect Render
  Details: {
  "timestamp": "2025-03-20T21:46:07.967Z",
  "is_connected": false,
  "is_authenticated": false,
  "is_authenticating": false
}
[2025-03-20T21:46:07.968Z] FRONTEND:AUTH - DEBUG: Auth Flow - HeaderConnect Render
  Details: {
  "timestamp": "2025-03-20T21:46:07.968Z",
  "is_connected": false,
  "is_authenticated": false,
  "is_authenticating": false
}
[2025-03-20T21:46:07.984Z] FRONTEND:AUTH - DEBUG: Auth Flow - HeaderConnect Render
  Details: {
  "timestamp": "2025-03-20T21:46:07.984Z",
  "is_connected": false,
  "is_authenticated": false,
  "is_authenticating": false
}
[2025-03-20T21:46:07.985Z] FRONTEND:AUTH - DEBUG: Auth Flow - HeaderConnect Render
  Details: {
  "timestamp": "2025-03-20T21:46:07.985Z",
  "is_connected": false,
  "is_authenticated": false,
  "is_authenticating": false
}
[2025-03-20T21:46:08.000Z] FRONTEND:AUTH - DEBUG: Auth Flow - HeaderConnect Render
  Details: {
  "timestamp": "2025-03-20T21:46:08.000Z",
  "is_connected": false,
  "is_authenticated": false,
  "is_authenticating": false
}
[2025-03-20T21:46:08.000Z] FRONTEND:AUTH - DEBUG: Auth Flow - HeaderConnect Render
  Details: {
  "timestamp": "2025-03-20T21:46:08.000Z",
  "is_connected": false,
  "is_authenticated": false,
  "is_authenticating": false
}
[2025-03-20T21:46:08.082Z] FRONTEND:AUTH - DEBUG: Auth Flow - HeaderConnect Render
  Details: {
  "timestamp": "2025-03-20T21:46:08.082Z",
  "is_connected": false,
  "is_authenticated": false,
  "is_authenticating": false
}
[2025-03-20T21:46:08.083Z] FRONTEND:AUTH - DEBUG: Auth Flow - HeaderConnect Render
  Details: {
  "timestamp": "2025-03-20T21:46:08.083Z",
  "is_connected": false,
  "is_authenticated": false,
  "is_authenticating": false
}
[2025-03-20T21:46:08.106Z] FRONTEND:AUTH - DEBUG: Auth Flow - Auth state updated
  Details: {
  "timestamp": "2025-03-20T21:46:08.106Z",
  "is_connected": false,
  "is_authenticated": false,
  "is_authenticating": false,
  "initial_check_done": false,
  "needs_reauthentication": false,
  "last_authenticated_address": null
}
[2025-03-20T21:46:08.107Z] FRONTEND:CS2 - INFO: Market navbar mounted with enhanced Skinport style and animations
  Details: {
  "categoriesCount": 4,
  "currentCategory": "cs2-smgs",
  "style": "text-only-enhanced-animated",
  "log_destination": "market",
  "timestamp": "2025-03-20T21:46:08.107Z"
}
[2025-03-20T21:46:08.110Z] FRONTEND:CS2 - INFO: Category indicator animation
  Details: {
  "fromCategory": "none",
  "toCategory": "cs2-smgs",
  "indicatorWidth": 112.78125,
  "transitionType": "indicator-animation",
  "log_destination": "market",
  "timestamp": "2025-03-20T21:46:08.110Z"
}
[2025-03-20T21:46:08.113Z] FRONTEND:AUTH - DEBUG: Auth Flow - Auth state updated
  Details: {
  "timestamp": "2025-03-20T21:46:08.113Z",
  "is_connected": false,
  "is_authenticated": false,
  "is_authenticating": false,
  "initial_check_done": false,
  "needs_reauthentication": false,
  "last_authenticated_address": null
}
[2025-03-20T21:46:08.114Z] FRONTEND:CS2 - INFO: Category indicator animation
  Details: {
  "fromCategory": "none",
  "toCategory": "cs2-smgs",
  "indicatorWidth": 112.78125,
  "transitionType": "indicator-animation",
  "log_destination": "market",
  "timestamp": "2025-03-20T21:46:08.114Z"
}
[2025-03-20T22:04:46.850Z] FRONTEND:AUTH - DEBUG: Auth Flow - Initial Auth State Check
  Details: {
  "timestamp": "2025-03-20T22:04:46.850Z",
  "has_token": false,
  "has_user": false
}
[2025-03-20T22:05:07.889Z] FRONTEND:AUTH - DEBUG: Auth Flow - HeaderConnect Render
  Details: {
  "timestamp": "2025-03-20T22:05:07.889Z",
  "is_connected": false,
  "is_authenticated": false,
  "is_authenticating": false
}
[2025-03-20T22:05:07.891Z] FRONTEND:AUTH - DEBUG: Auth Flow - HeaderConnect Render
  Details: {
  "timestamp": "2025-03-20T22:05:07.891Z",
  "is_connected": false,
  "is_authenticated": false,
  "is_authenticating": false
}
[2025-03-20T22:05:08.310Z] FRONTEND:AUTH - DEBUG: Auth Flow - Auth state updated
  Details: {
  "timestamp": "2025-03-20T22:05:08.310Z",
  "is_connected": false,
  "is_authenticated": false,
  "is_authenticating": false,
  "initial_check_done": false,
  "needs_reauthentication": false,
  "last_authenticated_address": null
}
[2025-03-20T22:05:06.650Z] FRONTEND:AUTH - DEBUG: Auth Flow - Initial Auth State Check
  Details: {
  "timestamp": "2025-03-20T22:05:06.649Z",
  "has_token": false,
  "has_user": false
}
[2025-03-20T22:05:11.077Z] FRONTEND:AUTH - DEBUG: Auth Flow - Initial Auth State Check
  Details: {
  "timestamp": "2025-03-20T22:05:11.077Z",
  "has_token": false,
  "has_user": false
}
[2025-03-20T22:05:11.148Z] FRONTEND:AUTH - DEBUG: Auth Flow - HeaderConnect Render
  Details: {
  "timestamp": "2025-03-20T22:05:11.148Z",
  "is_connected": false,
  "is_authenticated": false,
  "is_authenticating": false
}
[2025-03-20T22:05:11.149Z] FRONTEND:AUTH - DEBUG: Auth Flow - HeaderConnect Render
  Details: {
  "timestamp": "2025-03-20T22:05:11.149Z",
  "is_connected": false,
  "is_authenticated": false,
  "is_authenticating": false
}
[2025-03-20T22:05:11.191Z] FRONTEND:AUTH - DEBUG: Auth Flow - Auth state updated
  Details: {
  "timestamp": "2025-03-20T22:05:11.191Z",
  "is_connected": false,
  "is_authenticated": false,
  "is_authenticating": false,
  "initial_check_done": false,
  "needs_reauthentication": false,
  "last_authenticated_address": null
}
[2025-03-20T22:05:11.191Z] FRONTEND:CS2 - INFO: Market navbar mounted with enhanced Skinport style and animations
  Details: {
  "categoriesCount": 4,
  "currentCategory": "none",
  "style": "text-only-enhanced-animated",
  "log_destination": "market",
  "timestamp": "2025-03-20T22:05:11.191Z"
}
[2025-03-20T22:05:11.195Z] FRONTEND:CS2 - INFO: Rendering 5 products with enhanced staggered animation
  Details: {
  "productCount": 5,
  "productIds": [
    "cs2-awp-crakow-minimal-wear",
    "cs2-ak47-asiimov-factory-new",
    "cs2-m4a4-howl-field-tested",
    "cs2-deagle-printstream-minimal-wear",
    "cs2-butterfly-doppler-factory-new"
  ],
  "animationEnabled": true,
  "staggerType": "wave",
  "baseDelay": "35ms",
  "log_destination": "market",
  "timestamp": "2025-03-20T22:05:11.195Z"
}
[2025-03-20T22:05:11.195Z] FRONTEND:CS2 - INFO: MarketPageView mounted with 5 products and enhanced animations
  Details: {
  "page": 1,
  "pageSize": 20,
  "totalProducts": 5,
  "productIds": [
    "cs2-awp-crakow-minimal-wear",
    "cs2-ak47-asiimov-factory-new",
    "cs2-m4a4-howl-field-tested",
    "cs2-deagle-printstream-minimal-wear",
    "cs2-butterfly-doppler-factory-new"
  ],
  "transitionType": "initial-mount",
  "animationsEnabled": true,
  "log_destination": "market",
  "timestamp": "2025-03-20T22:05:11.195Z"
}
[2025-03-20T22:05:11.211Z] FRONTEND:AUTH - DEBUG: Auth Flow - HeaderConnect Render
  Details: {
  "timestamp": "2025-03-20T22:05:11.211Z",
  "is_connected": false,
  "is_authenticated": false,
  "is_authenticating": false
}
[2025-03-20T22:05:11.212Z] FRONTEND:AUTH - DEBUG: Auth Flow - HeaderConnect Render
  Details: {
  "timestamp": "2025-03-20T22:05:11.212Z",
  "is_connected": false,
  "is_authenticated": false,
  "is_authenticating": false
}
[2025-03-20T22:05:11.237Z] FRONTEND:AUTH - DEBUG: Auth Flow - HeaderConnect Render
  Details: {
  "timestamp": "2025-03-20T22:05:11.237Z",
  "is_connected": false,
  "is_authenticated": false,
  "is_authenticating": false
}
[2025-03-20T22:05:11.238Z] FRONTEND:AUTH - DEBUG: Auth Flow - HeaderConnect Render
  Details: {
  "timestamp": "2025-03-20T22:05:11.238Z",
  "is_connected": false,
  "is_authenticated": false,
  "is_authenticating": false
}
[2025-03-20T22:05:11.259Z] FRONTEND:AUTH - DEBUG: Auth Flow - HeaderConnect Render
  Details: {
  "timestamp": "2025-03-20T22:05:11.259Z",
  "is_connected": false,
  "is_authenticated": false,
  "is_authenticating": false
}
[2025-03-20T22:05:11.260Z] FRONTEND:AUTH - DEBUG: Auth Flow - HeaderConnect Render
  Details: {
  "timestamp": "2025-03-20T22:05:11.260Z",
  "is_connected": false,
  "is_authenticated": false,
  "is_authenticating": false
}
[2025-03-20T22:05:11.335Z] FRONTEND:AUTH - DEBUG: Auth Flow - HeaderConnect Render
  Details: {
  "timestamp": "2025-03-20T22:05:11.335Z",
  "is_connected": false,
  "is_authenticated": false,
  "is_authenticating": false
}
[2025-03-20T22:05:11.335Z] FRONTEND:AUTH - DEBUG: Auth Flow - HeaderConnect Render
  Details: {
  "timestamp": "2025-03-20T22:05:11.335Z",
  "is_connected": false,
  "is_authenticated": false,
  "is_authenticating": false
}
[2025-03-20T22:05:11.363Z] FRONTEND:AUTH - DEBUG: Auth Flow - Auth state updated
  Details: {
  "timestamp": "2025-03-20T22:05:11.362Z",
  "is_connected": false,
  "is_authenticated": false,
  "is_authenticating": false,
  "initial_check_done": false,
  "needs_reauthentication": false,
  "last_authenticated_address": null
}
[2025-03-20T22:05:11.363Z] FRONTEND:CS2 - INFO: Market navbar mounted with enhanced Skinport style and animations
  Details: {
  "categoriesCount": 4,
  "currentCategory": "none",
  "style": "text-only-enhanced-animated",
  "log_destination": "market",
  "timestamp": "2025-03-20T22:05:11.363Z"
}
[2025-03-20T22:05:11.365Z] FRONTEND:AUTH - DEBUG: Auth Flow - Auth state updated
  Details: {
  "timestamp": "2025-03-20T22:05:11.365Z",
  "is_connected": false,
  "is_authenticated": false,
  "is_authenticating": false,
  "initial_check_done": false,
  "needs_reauthentication": false,
  "last_authenticated_address": null
}
[2025-03-20T22:05:15.658Z] FRONTEND:AUTH - DEBUG: Auth Flow - HeaderConnect Render
  Details: {
  "timestamp": "2025-03-20T22:05:15.658Z",
  "is_connected": false,
  "is_authenticated": false,
  "is_authenticating": false
}
[2025-03-20T22:05:15.659Z] FRONTEND:AUTH - DEBUG: Auth Flow - HeaderConnect Render
  Details: {
  "timestamp": "2025-03-20T22:05:15.659Z",
  "is_connected": false,
  "is_authenticated": false,
  "is_authenticating": false
}
[2025-03-20T22:05:15.784Z] FRONTEND:CS2 - DEBUG: MarketPageView unmounted
  Details: {
  "page": 1,
  "log_destination": "market",
  "timestamp": "2025-03-20T22:05:15.784Z"
}
[2025-03-20T22:05:15.785Z] FRONTEND:AUTH - DEBUG: Auth Flow - Auth state updated
  Details: {
  "timestamp": "2025-03-20T22:05:15.785Z",
  "is_connected": false,
  "is_authenticated": false,
  "is_authenticating": false,
  "initial_check_done": false,
  "needs_reauthentication": false,
  "last_authenticated_address": null
}
[2025-03-20T22:05:15.786Z] FRONTEND:CS2 - INFO: Market navbar mounted with enhanced Skinport style and animations
  Details: {
  "categoriesCount": 4,
  "currentCategory": "none",
  "style": "text-only-enhanced-animated",
  "log_destination": "market",
  "timestamp": "2025-03-20T22:05:15.786Z"
}
[2025-03-20T22:05:15.786Z] FRONTEND:CS2 - INFO: Rendering 5 products with enhanced staggered animation
  Details: {
  "productCount": 5,
  "productIds": [
    "cs2-awp-crakow-minimal-wear",
    "cs2-ak47-asiimov-factory-new",
    "cs2-m4a4-howl-field-tested",
    "cs2-deagle-printstream-minimal-wear",
    "cs2-butterfly-doppler-factory-new"
  ],
  "animationEnabled": true,
  "staggerType": "wave",
  "baseDelay": "35ms",
  "log_destination": "market",
  "timestamp": "2025-03-20T22:05:15.786Z"
}
[2025-03-20T22:05:15.788Z] FRONTEND:AUTH - DEBUG: Auth Flow - Auth state updated
  Details: {
  "timestamp": "2025-03-20T22:05:15.788Z",
  "is_connected": false,
  "is_authenticated": false,
  "is_authenticating": false,
  "initial_check_done": false,
  "needs_reauthentication": false,
  "last_authenticated_address": null
}
[2025-03-20T22:05:58.768Z] FRONTEND:AUTH - DEBUG: Auth Flow - HeaderConnect Render
  Details: {
  "timestamp": "2025-03-20T22:05:58.768Z",
  "is_connected": false,
  "is_authenticated": false,
  "is_authenticating": false
}
[2025-03-20T22:05:58.768Z] FRONTEND:AUTH - DEBUG: Auth Flow - HeaderConnect Render
  Details: {
  "timestamp": "2025-03-20T22:05:58.768Z",
  "is_connected": false,
  "is_authenticated": false,
  "is_authenticating": false
}
[2025-03-20T22:05:58.850Z] FRONTEND:AUTH - DEBUG: Auth Flow - Auth state updated
  Details: {
  "timestamp": "2025-03-20T22:05:58.850Z",
  "is_connected": false,
  "is_authenticated": false,
  "is_authenticating": false,
  "initial_check_done": false,
  "needs_reauthentication": false,
  "last_authenticated_address": null
}
[2025-03-20T22:05:58.851Z] FRONTEND:AUTH - DEBUG: Auth Flow - Auth state updated
  Details: {
  "timestamp": "2025-03-20T22:05:58.851Z",
  "is_connected": false,
  "is_authenticated": false,
  "is_authenticating": false,
  "initial_check_done": false,
  "needs_reauthentication": false,
  "last_authenticated_address": null
}
[2025-03-20T22:05:58.850Z] FRONTEND:CS2 - INFO: Market navbar mounted with enhanced Skinport style and animations
  Details: {
  "categoriesCount": 4,
  "currentCategory": "none",
  "style": "text-only-enhanced-animated",
  "log_destination": "market",
  "timestamp": "2025-03-20T22:05:58.850Z"
}
[2025-03-20T22:05:58.850Z] FRONTEND:CS2 - INFO: Rendering 5 products with enhanced staggered animation
  Details: {
  "productCount": 5,
  "productIds": [
    "cs2-awp-crakow-minimal-wear",
    "cs2-ak47-asiimov-factory-new",
    "cs2-m4a4-howl-field-tested",
    "cs2-deagle-printstream-minimal-wear",
    "cs2-butterfly-doppler-factory-new"
  ],
  "animationEnabled": true,
  "staggerType": "wave",
  "baseDelay": "35ms",
  "log_destination": "market",
  "timestamp": "2025-03-20T22:05:58.850Z"
}
[2025-03-20T22:10:01.063Z] FRONTEND:CS2 - INFO: Navigation: none → cs2-knives
  Details: {
  "component": "MarketNavbar",
  "interactionType": "select",
  "transitionDuration": 300,
  "operation": "navigation",
  "from": "none",
  "to": "cs2-knives",
  "log_destination": "market",
  "timestamp": "2025-03-20T22:10:01.063Z"
}
[2025-03-20T22:10:01.237Z] FRONTEND:AUTH - DEBUG: Auth Flow - HeaderConnect Render
  Details: {
  "timestamp": "2025-03-20T22:10:01.237Z",
  "is_connected": false,
  "is_authenticated": false,
  "is_authenticating": false
}
[2025-03-20T22:10:01.238Z] FRONTEND:AUTH - DEBUG: Auth Flow - HeaderConnect Render
  Details: {
  "timestamp": "2025-03-20T22:10:01.238Z",
  "is_connected": false,
  "is_authenticated": false,
  "is_authenticating": false
}
[2025-03-20T22:10:01.339Z] FRONTEND:AUTH - DEBUG: Auth Flow - HeaderConnect Render
  Details: {
  "timestamp": "2025-03-20T22:10:01.339Z",
  "is_connected": false,
  "is_authenticated": false,
  "is_authenticating": false
}
[2025-03-20T22:10:01.339Z] FRONTEND:AUTH - DEBUG: Auth Flow - HeaderConnect Render
  Details: {
  "timestamp": "2025-03-20T22:10:01.339Z",
  "is_connected": false,
  "is_authenticated": false,
  "is_authenticating": false
}
[2025-03-20T22:10:01.414Z] FRONTEND:CS2 - INFO: Category indicator animation
  Details: {
  "fromCategory": "cs2-knives",
  "toCategory": "cs2-knives",
  "indicatorWidth": 112.265625,
  "transitionType": "indicator-animation",
  "log_destination": "market",
  "timestamp": "2025-03-20T22:10:01.414Z"
}
[2025-03-20T22:10:01.415Z] FRONTEND:CS2 - INFO: Rendering 1 products with enhanced staggered animation
  Details: {
  "productCount": 1,
  "productIds": [
    "cs2-butterfly-doppler-factory-new"
  ],
  "animationEnabled": true,
  "staggerType": "wave",
  "baseDelay": "35ms",
  "log_destination": "market",
  "timestamp": "2025-03-20T22:10:01.415Z"
}
[2025-03-20T22:10:01.416Z] FRONTEND:CS2 - INFO: MarketPageView mounted with 1 products and enhanced animations
  Details: {
  "page": 1,
  "pageSize": 20,
  "totalProducts": 1,
  "productIds": [
    "cs2-butterfly-doppler-factory-new"
  ],
  "transitionType": "initial-mount",
  "animationsEnabled": true,
  "log_destination": "market",
  "timestamp": "2025-03-20T22:10:01.415Z"
}
[2025-03-20T22:10:01.416Z] FRONTEND:CS2 - DEBUG: MarketPageView unmounted
  Details: {
  "page": 1,
  "log_destination": "market",
  "timestamp": "2025-03-20T22:10:01.416Z"
}
[2025-03-20T22:10:01.417Z] FRONTEND:CS2 - INFO: Rendering 1 products with enhanced staggered animation
  Details: {
  "productCount": 1,
  "productIds": [
    "cs2-butterfly-doppler-factory-new"
  ],
  "animationEnabled": true,
  "staggerType": "wave",
  "baseDelay": "35ms",
  "log_destination": "market",
  "timestamp": "2025-03-20T22:10:01.417Z"
}
[2025-03-20T22:10:01.883Z] FRONTEND:CS2 - INFO: Category indicator animation
  Details: {
  "fromCategory": "none",
  "toCategory": "cs2-knives",
  "indicatorWidth": 125.265625,
  "transitionType": "indicator-animation",
  "log_destination": "market",
  "timestamp": "2025-03-20T22:10:01.883Z"
}
[2025-03-20T22:28:31.701Z] FRONTEND:CS2 - INFO: Navigation: cs2-knives → cs2-rifles
  Details: {
  "component": "MarketNavbar",
  "interactionType": "select",
  "transitionDuration": 300,
  "operation": "navigation",
  "from": "cs2-knives",
  "to": "cs2-rifles",
  "log_destination": "market",
  "timestamp": "2025-03-20T22:28:31.701Z"
}
[2025-03-20T22:28:31.736Z] FRONTEND:CS2 - INFO: Category indicator animation
  Details: {
  "fromCategory": "cs2-rifles",
  "toCategory": "cs2-knives",
  "indicatorWidth": 125.265625,
  "transitionType": "indicator-animation",
  "log_destination": "market",
  "timestamp": "2025-03-20T22:28:31.736Z"
}
[2025-03-20T22:28:31.942Z] FRONTEND:AUTH - DEBUG: Auth Flow - HeaderConnect Render
  Details: {
  "timestamp": "2025-03-20T22:28:31.942Z",
  "is_connected": false,
  "is_authenticated": false,
  "is_authenticating": false
}
[2025-03-20T22:28:31.943Z] FRONTEND:AUTH - DEBUG: Auth Flow - HeaderConnect Render
  Details: {
  "timestamp": "2025-03-20T22:28:31.943Z",
  "is_connected": false,
  "is_authenticated": false,
  "is_authenticating": false
}
[2025-03-20T22:28:32.016Z] FRONTEND:CS2 - INFO: Category indicator animation
  Details: {
  "fromCategory": "cs2-rifles",
  "toCategory": "cs2-rifles",
  "indicatorWidth": 108.4375,
  "transitionType": "indicator-animation",
  "log_destination": "market",
  "timestamp": "2025-03-20T22:28:32.016Z"
}
[2025-03-20T22:28:32.017Z] FRONTEND:CS2 - INFO: Rendering 3 products with enhanced staggered animation
  Details: {
  "productCount": 3,
  "productIds": [
    "cs2-awp-crakow-minimal-wear",
    "cs2-ak47-asiimov-factory-new",
    "cs2-m4a4-howl-field-tested"
  ],
  "animationEnabled": true,
  "staggerType": "wave",
  "baseDelay": "35ms",
  "log_destination": "market",
  "timestamp": "2025-03-20T22:28:32.017Z"
}
[2025-03-20T22:28:32.017Z] FRONTEND:CS2 - INFO: MarketPageView mounted with 3 products and enhanced animations
  Details: {
  "page": 1,
  "pageSize": 20,
  "totalProducts": 3,
  "productIds": [
    "cs2-awp-crakow-minimal-wear",
    "cs2-ak47-asiimov-factory-new",
    "cs2-m4a4-howl-field-tested"
  ],
  "transitionType": "initial-mount",
  "animationsEnabled": true,
  "log_destination": "market",
  "timestamp": "2025-03-20T22:28:32.017Z"
}
[2025-03-20T22:28:32.018Z] FRONTEND:CS2 - DEBUG: MarketPageView unmounted
  Details: {
  "page": 1,
  "log_destination": "market",
  "timestamp": "2025-03-20T22:28:32.018Z"
}
[2025-03-20T22:28:32.018Z] FRONTEND:CS2 - INFO: Rendering 3 products with enhanced staggered animation
  Details: {
  "productCount": 3,
  "productIds": [
    "cs2-awp-crakow-minimal-wear",
    "cs2-ak47-asiimov-factory-new",
    "cs2-m4a4-howl-field-tested"
  ],
  "animationEnabled": true,
  "staggerType": "wave",
  "baseDelay": "35ms",
  "log_destination": "market",
  "timestamp": "2025-03-20T22:28:32.018Z"
}
[2025-03-20T22:28:32.515Z] FRONTEND:CS2 - INFO: Category indicator animation
  Details: {
  "fromCategory": "none",
  "toCategory": "cs2-rifles",
  "indicatorWidth": 121.109375,
  "transitionType": "indicator-animation",
  "log_destination": "market",
  "timestamp": "2025-03-20T22:28:32.515Z"
}
[2025-03-20T22:28:32.825Z] FRONTEND:CS2 - INFO: Navigation: cs2-rifles → cs2-knives
  Details: {
  "component": "MarketNavbar",
  "interactionType": "select",
  "transitionDuration": 300,
  "operation": "navigation",
  "from": "cs2-rifles",
  "to": "cs2-knives",
  "log_destination": "market",
  "timestamp": "2025-03-20T22:28:32.825Z"
}
[2025-03-20T22:28:32.851Z] FRONTEND:CS2 - INFO: Category indicator animation
  Details: {
  "fromCategory": "cs2-knives",
  "toCategory": "cs2-rifles",
  "indicatorWidth": 121.109375,
  "transitionType": "indicator-animation",
  "log_destination": "market",
  "timestamp": "2025-03-20T22:28:32.851Z"
}
[2025-03-20T22:28:32.978Z] FRONTEND:AUTH - DEBUG: Auth Flow - HeaderConnect Render
  Details: {
  "timestamp": "2025-03-20T22:28:32.978Z",
  "is_connected": false,
  "is_authenticated": false,
  "is_authenticating": false
}
[2025-03-20T22:28:32.978Z] FRONTEND:AUTH - DEBUG: Auth Flow - HeaderConnect Render
  Details: {
  "timestamp": "2025-03-20T22:28:32.978Z",
  "is_connected": false,
  "is_authenticated": false,
  "is_authenticating": false
}
[2025-03-20T22:28:33.041Z] FRONTEND:CS2 - INFO: Category indicator animation
  Details: {
  "fromCategory": "cs2-knives",
  "toCategory": "cs2-knives",
  "indicatorWidth": 112.265625,
  "transitionType": "indicator-animation",
  "log_destination": "market",
  "timestamp": "2025-03-20T22:28:33.041Z"
}
[2025-03-20T22:28:33.041Z] FRONTEND:CS2 - INFO: Rendering 1 products with enhanced staggered animation
  Details: {
  "productCount": 1,
  "productIds": [
    "cs2-butterfly-doppler-factory-new"
  ],
  "animationEnabled": true,
  "staggerType": "wave",
  "baseDelay": "35ms",
  "log_destination": "market",
  "timestamp": "2025-03-20T22:28:33.041Z"
}
[2025-03-20T22:28:33.042Z] FRONTEND:CS2 - INFO: MarketPageView mounted with 1 products and enhanced animations
  Details: {
  "page": 1,
  "pageSize": 20,
  "totalProducts": 1,
  "productIds": [
    "cs2-butterfly-doppler-factory-new"
  ],
  "transitionType": "initial-mount",
  "animationsEnabled": true,
  "log_destination": "market",
  "timestamp": "2025-03-20T22:28:33.042Z"
}
[2025-03-20T22:28:33.043Z] FRONTEND:CS2 - DEBUG: MarketPageView unmounted
  Details: {
  "page": 1,
  "log_destination": "market",
  "timestamp": "2025-03-20T22:28:33.043Z"
}
[2025-03-20T22:28:33.043Z] FRONTEND:CS2 - INFO: Rendering 1 products with enhanced staggered animation
  Details: {
  "productCount": 1,
  "productIds": [
    "cs2-butterfly-doppler-factory-new"
  ],
  "animationEnabled": true,
  "staggerType": "wave",
  "baseDelay": "35ms",
  "log_destination": "market",
  "timestamp": "2025-03-20T22:28:33.043Z"
}
[2025-03-20T22:28:33.631Z] FRONTEND:CS2 - INFO: Category indicator animation
  Details: {
  "fromCategory": "none",
  "toCategory": "cs2-knives",
  "indicatorWidth": 125.265625,
  "transitionType": "indicator-animation",
  "log_destination": "market",
  "timestamp": "2025-03-20T22:28:33.631Z"
}
