[2025-05-27T00:51:24.763Z] FRONTEND:CS2 - INFO: Validating model path: /assets/models/cs2/weapons/awp_counter_strike_2.glb
  Details: {
  "component": "HomePage",
  "modelPath": "/assets/models/cs2/weapons/awp_counter_strike_2.glb",
  "exists": true,
  "log_destination": "market",
  "timestamp": "2025-05-27T00:51:24.763Z"
}
[2025-05-27T00:51:24.764Z] FRONTEND:CS2 - INFO: Validating model path: /assets/models/cs2/weapons/sandstorm_-_gunblade.glb
  Details: {
  "component": "HomePage",
  "modelPath": "/assets/models/cs2/weapons/sandstorm_-_gunblade.glb",
  "exists": true,
  "log_destination": "market",
  "timestamp": "2025-05-27T00:51:24.764Z"
}
[2025-05-27T00:51:24.764Z] FRONTEND:CS2 - INFO: Validating model path: /assets/models/cs2/knives/cs2_knife_-_case_hardened__free.glb
  Details: {
  "component": "HomePage",
  "modelPath": "/assets/models/cs2/knives/cs2_knife_-_case_hardened__free.glb",
  "exists": true,
  "log_destination": "market",
  "timestamp": "2025-05-27T00:51:24.764Z"
}
[2025-05-27T00:51:25.145Z] FRONTEND:AUTH - DEBUG: Auth Flow - Initial Auth State Check
  Details: {
  "timestamp": "2025-05-27T00:51:25.145Z",
  "has_token": false,
  "has_user": false
}
[2025-05-27T00:51:25.273Z] FRONTEND:CS2 - INFO: Paginated CS2 products: page 1 of 1
  Details: {
  "page": 1,
  "pageSize": 20,
  "totalProducts": 5,
  "totalPages": 1,
  "operation": "pagination",
  "log_destination": "market",
  "timestamp": "2025-05-27T00:51:25.273Z"
}
[2025-05-27T00:51:25.273Z] FRONTEND:CS2 - INFO: Loaded 5 CS2 products successfully
  Details: {
  "products": [
    "cs2-awp-crakow-minimal-wear",
    "cs2-ak47-asiimov-factory-new",
    "cs2-m4a4-howl-field-tested",
    "cs2-deagle-printstream-minimal-wear",
    "cs2-butterfly-doppler-factory-new"
  ],
  "count": 5,
  "totalProducts": 5,
  "page": 1,
  "operation": "product_load",
  "log_destination": "market",
  "timestamp": "2025-05-27T00:51:25.273Z"
}
[2025-05-27T00:51:25.277Z] FRONTEND:CS2 - WARN: Using ModelViewer fallback for: Loading...
  Details: {
  "component": "ModelFallback",
  "modelPath": "Loading...",
  "log_destination": "market",
  "timestamp": "2025-05-27T00:51:25.277Z"
}
[2025-05-27T00:51:25.278Z] FRONTEND:CS2 - WARN: Using ModelViewer fallback for: Loading...
  Details: {
  "component": "ModelFallback",
  "modelPath": "Loading...",
  "log_destination": "market",
  "timestamp": "2025-05-27T00:51:25.278Z"
}
[2025-05-27T00:51:25.283Z] FRONTEND:CS2 - WARN: Using ModelViewer fallback for: Loading...
  Details: {
  "component": "ModelFallback",
  "modelPath": "Loading...",
  "log_destination": "market",
  "timestamp": "2025-05-27T00:51:25.283Z"
}
[2025-05-27T00:51:25.284Z] FRONTEND:CS2 - WARN: Using ModelViewer fallback for: Loading...
  Details: {
  "component": "ModelFallback",
  "modelPath": "Loading...",
  "log_destination": "market",
  "timestamp": "2025-05-27T00:51:25.284Z"
}
[2025-05-27T00:51:25.288Z] FRONTEND:CS2 - WARN: Using ModelViewer fallback for: Loading...
  Details: {
  "component": "ModelFallback",
  "modelPath": "Loading...",
  "log_destination": "market",
  "timestamp": "2025-05-27T00:51:25.288Z"
}
[2025-05-27T00:51:25.289Z] FRONTEND:CS2 - WARN: Using ModelViewer fallback for: Loading...
  Details: {
  "component": "ModelFallback",
  "modelPath": "Loading...",
  "log_destination": "market",
  "timestamp": "2025-05-27T00:51:25.289Z"
}
[2025-05-27T00:51:25.296Z] FRONTEND:CS2 - WARN: Using ModelViewer fallback for: Loading...
  Details: {
  "component": "ModelFallback",
  "modelPath": "Loading...",
  "log_destination": "market",
  "timestamp": "2025-05-27T00:51:25.296Z"
}
[2025-05-27T00:51:25.297Z] FRONTEND:CS2 - WARN: Using ModelViewer fallback for: Loading...
  Details: {
  "component": "ModelFallback",
  "modelPath": "Loading...",
  "log_destination": "market",
  "timestamp": "2025-05-27T00:51:25.297Z"
}
[2025-05-27T00:51:25.301Z] FRONTEND:CS2 - WARN: Using ModelViewer fallback for: Loading...
  Details: {
  "component": "ModelFallback",
  "modelPath": "Loading...",
  "log_destination": "market",
  "timestamp": "2025-05-27T00:51:25.300Z"
}
[2025-05-27T00:51:25.301Z] FRONTEND:CS2 - WARN: Using ModelViewer fallback for: Loading...
  Details: {
  "component": "ModelFallback",
  "modelPath": "Loading...",
  "log_destination": "market",
  "timestamp": "2025-05-27T00:51:25.301Z"
}
[2025-05-27T00:51:25.304Z] FRONTEND:CS2 - WARN: Using ModelViewer fallback for: Loading...
  Details: {
  "component": "ModelFallback",
  "modelPath": "Loading...",
  "log_destination": "market",
  "timestamp": "2025-05-27T00:51:25.304Z"
}
[2025-05-27T00:51:25.305Z] FRONTEND:CS2 - WARN: Using ModelViewer fallback for: Loading...
  Details: {
  "component": "ModelFallback",
  "modelPath": "Loading...",
  "log_destination": "market",
  "timestamp": "2025-05-27T00:51:25.305Z"
}
[2025-05-27T00:51:25.309Z] FRONTEND:CS2 - WARN: Using ModelViewer fallback for: Loading...
  Details: {
  "component": "ModelFallback",
  "modelPath": "Loading...",
  "log_destination": "market",
  "timestamp": "2025-05-27T00:51:25.309Z"
}
[2025-05-27T00:51:25.310Z] FRONTEND:CS2 - WARN: Using ModelViewer fallback for: Loading...
  Details: {
  "component": "ModelFallback",
  "modelPath": "Loading...",
  "log_destination": "market",
  "timestamp": "2025-05-27T00:51:25.310Z"
}
[2025-05-27T00:51:25.313Z] FRONTEND:CS2 - WARN: Using ModelViewer fallback for: Loading...
  Details: {
  "component": "ModelFallback",
  "modelPath": "Loading...",
  "log_destination": "market",
  "timestamp": "2025-05-27T00:51:25.313Z"
}
[2025-05-27T00:51:25.314Z] FRONTEND:CS2 - WARN: Using ModelViewer fallback for: Loading...
  Details: {
  "component": "ModelFallback",
  "modelPath": "Loading...",
  "log_destination": "market",
  "timestamp": "2025-05-27T00:51:25.314Z"
}
[2025-05-27T00:51:25.316Z] FRONTEND:CS2 - WARN: Using ModelViewer fallback for: Loading...
  Details: {
  "component": "ModelFallback",
  "modelPath": "Loading...",
  "log_destination": "market",
  "timestamp": "2025-05-27T00:51:25.316Z"
}
[2025-05-27T00:51:25.317Z] FRONTEND:CS2 - WARN: Using ModelViewer fallback for: Loading...
  Details: {
  "component": "ModelFallback",
  "modelPath": "Loading...",
  "log_destination": "market",
  "timestamp": "2025-05-27T00:51:25.317Z"
}
[2025-05-27T00:51:25.353Z] FRONTEND:CS2 - INFO: Loaded 4 featured products for homepage
  Details: {
  "productCount": 4,
  "productIds": [
    "cs2-awp-crakow-minimal-wear",
    "cs2-ak47-asiimov-factory-new",
    "cs2-m4a4-howl-field-tested",
    "cs2-deagle-printstream-minimal-wear"
  ],
  "log_destination": "market",
  "timestamp": "2025-05-27T00:51:25.353Z"
}
[2025-05-27T00:51:31.306Z] FRONTEND:CS2 - WARN: Using ModelViewer fallback for: /assets/models/cs2/weapons/awp_counter_strike_2.glb
  Details: {
  "component": "ModelFallback",
  "modelPath": "/assets/models/cs2/weapons/awp_counter_strike_2.glb",
  "log_destination": "market",
  "timestamp": "2025-05-27T00:51:31.306Z"
}
[2025-05-27T00:51:31.309Z] FRONTEND:CS2 - WARN: Using ModelViewer fallback for: /assets/models/cs2/weapons/sandstorm_-_gunblade.glb
  Details: {
  "component": "ModelFallback",
  "modelPath": "/assets/models/cs2/weapons/sandstorm_-_gunblade.glb",
  "log_destination": "market",
  "timestamp": "2025-05-27T00:51:31.309Z"
}
[2025-05-27T00:51:31.310Z] FRONTEND:CS2 - WARN: Using ModelViewer fallback for: /assets/models/cs2/weapons/sandstorm_-_gunblade.glb
  Details: {
  "component": "ModelFallback",
  "modelPath": "/assets/models/cs2/weapons/sandstorm_-_gunblade.glb",
  "log_destination": "market",
  "timestamp": "2025-05-27T00:51:31.310Z"
}
[2025-05-27T00:51:31.306Z] FRONTEND:CS2 - WARN: Using ModelViewer fallback for: /assets/models/cs2/weapons/awp_counter_strike_2.glb
  Details: {
  "component": "ModelFallback",
  "modelPath": "/assets/models/cs2/weapons/awp_counter_strike_2.glb",
  "log_destination": "market",
  "timestamp": "2025-05-27T00:51:31.306Z"
}
[2025-05-27T00:51:31.314Z] FRONTEND:CS2 - WARN: Using ModelViewer fallback for: /assets/models/cs2/knives/cs2_knife_-_case_hardened__free.glb
  Details: {
  "component": "ModelFallback",
  "modelPath": "/assets/models/cs2/knives/cs2_knife_-_case_hardened__free.glb",
  "log_destination": "market",
  "timestamp": "2025-05-27T00:51:31.314Z"
}
[2025-05-27T00:51:31.315Z] FRONTEND:CS2 - WARN: Using ModelViewer fallback for: /assets/models/cs2/knives/cs2_knife_-_case_hardened__free.glb
  Details: {
  "component": "ModelFallback",
  "modelPath": "/assets/models/cs2/knives/cs2_knife_-_case_hardened__free.glb",
  "log_destination": "market",
  "timestamp": "2025-05-27T00:51:31.315Z"
}
[2025-05-27T00:51:33.277Z] FRONTEND:CS2 - INFO: Changed to next slide: 1
  Details: {
  "component": "HomePage",
  "action": "nextSlide",
  "log_destination": "market",
  "timestamp": "2025-05-27T00:51:33.277Z"
}
[2025-05-27T00:51:33.286Z] FRONTEND:CS2 - WARN: Using ModelViewer fallback for: /assets/models/cs2/weapons/awp_counter_strike_2.glb
  Details: {
  "component": "ModelFallback",
  "modelPath": "/assets/models/cs2/weapons/awp_counter_strike_2.glb",
  "log_destination": "market",
  "timestamp": "2025-05-27T00:51:33.286Z"
}
[2025-05-27T00:51:33.287Z] FRONTEND:CS2 - WARN: Using ModelViewer fallback for: /assets/models/cs2/weapons/awp_counter_strike_2.glb
  Details: {
  "component": "ModelFallback",
  "modelPath": "/assets/models/cs2/weapons/awp_counter_strike_2.glb",
  "log_destination": "market",
  "timestamp": "2025-05-27T00:51:33.287Z"
}
[2025-05-27T00:51:33.291Z] FRONTEND:CS2 - WARN: Using ModelViewer fallback for: /assets/models/cs2/weapons/sandstorm_-_gunblade.glb
  Details: {
  "component": "ModelFallback",
  "modelPath": "/assets/models/cs2/weapons/sandstorm_-_gunblade.glb",
  "log_destination": "market",
  "timestamp": "2025-05-27T00:51:33.291Z"
}
[2025-05-27T00:51:33.292Z] FRONTEND:CS2 - WARN: Using ModelViewer fallback for: /assets/models/cs2/weapons/sandstorm_-_gunblade.glb
  Details: {
  "component": "ModelFallback",
  "modelPath": "/assets/models/cs2/weapons/sandstorm_-_gunblade.glb",
  "log_destination": "market",
  "timestamp": "2025-05-27T00:51:33.292Z"
}
[2025-05-27T00:51:33.295Z] FRONTEND:CS2 - WARN: Using ModelViewer fallback for: /assets/models/cs2/knives/cs2_knife_-_case_hardened__free.glb
  Details: {
  "component": "ModelFallback",
  "modelPath": "/assets/models/cs2/knives/cs2_knife_-_case_hardened__free.glb",
  "log_destination": "market",
  "timestamp": "2025-05-27T00:51:33.295Z"
}
[2025-05-27T00:51:33.295Z] FRONTEND:CS2 - WARN: Using ModelViewer fallback for: /assets/models/cs2/knives/cs2_knife_-_case_hardened__free.glb
  Details: {
  "component": "ModelFallback",
  "modelPath": "/assets/models/cs2/knives/cs2_knife_-_case_hardened__free.glb",
  "log_destination": "market",
  "timestamp": "2025-05-27T00:51:33.295Z"
}
[2025-05-27T00:51:38.181Z] FRONTEND:AUTH - DEBUG: Auth Flow - HeaderConnect Render
  Details: {
  "timestamp": "2025-05-27T00:51:38.181Z",
  "is_connected": false,
  "is_authenticated": false,
  "is_authenticating": false
}
[2025-05-27T00:51:38.182Z] FRONTEND:AUTH - DEBUG: Auth Flow - HeaderConnect Render
  Details: {
  "timestamp": "2025-05-27T00:51:38.182Z",
  "is_connected": false,
  "is_authenticated": false,
  "is_authenticating": false
}
[2025-05-27T00:51:38.283Z] FRONTEND:AUTH - DEBUG: Auth Flow - HeaderConnect Render
  Details: {
  "timestamp": "2025-05-27T00:51:38.283Z",
  "is_connected": false,
  "is_authenticated": false,
  "is_authenticating": false
}
[2025-05-27T00:51:38.283Z] FRONTEND:AUTH - DEBUG: Auth Flow - HeaderConnect Render
  Details: {
  "timestamp": "2025-05-27T00:51:38.283Z",
  "is_connected": false,
  "is_authenticated": false,
  "is_authenticating": false
}
[2025-05-27T00:51:38.343Z] FRONTEND:AUTH - DEBUG: Auth Flow - Auth state updated
  Details: {
  "timestamp": "2025-05-27T00:51:38.343Z",
  "is_connected": false,
  "is_authenticated": false,
  "is_authenticating": false,
  "initial_check_done": false,
  "needs_reauthentication": false,
  "last_authenticated_address": null
}
[2025-05-27T00:51:38.343Z] FRONTEND:CS2 - INFO: Market navbar mounted with enhanced Skinport style and animations
  Details: {
  "categoriesCount": 4,
  "currentCategory": "none",
  "style": "text-only-enhanced-animated",
  "log_destination": "market",
  "timestamp": "2025-05-27T00:51:38.343Z"
}
[2025-05-27T00:51:38.357Z] FRONTEND:CS2 - INFO: Rendering 5 products with enhanced staggered animation
  Details: {
  "productCount": 5,
  "productIds": [
    "cs2-awp-crakow-minimal-wear",
    "cs2-ak47-asiimov-factory-new",
    "cs2-m4a4-howl-field-tested",
    "cs2-deagle-printstream-minimal-wear",
    "cs2-butterfly-doppler-factory-new"
  ],
  "animationEnabled": true,
  "staggerType": "wave",
  "baseDelay": "35ms",
  "log_destination": "market",
  "timestamp": "2025-05-27T00:51:38.357Z"
}
[2025-05-27T00:51:38.357Z] FRONTEND:CS2 - INFO: MarketPageView mounted with 5 products and enhanced animations
  Details: {
  "page": 1,
  "pageSize": 20,
  "totalProducts": 5,
  "productIds": [
    "cs2-awp-crakow-minimal-wear",
    "cs2-ak47-asiimov-factory-new",
    "cs2-m4a4-howl-field-tested",
    "cs2-deagle-printstream-minimal-wear",
    "cs2-butterfly-doppler-factory-new"
  ],
  "transitionType": "initial-mount",
  "animationsEnabled": true,
  "log_destination": "market",
  "timestamp": "2025-05-27T00:51:38.357Z"
}
[2025-05-27T00:51:38.358Z] FRONTEND:CS2 - DEBUG: MarketPageView unmounted
  Details: {
  "page": 1,
  "log_destination": "market",
  "timestamp": "2025-05-27T00:51:38.358Z"
}
[2025-05-27T00:51:38.359Z] FRONTEND:AUTH - DEBUG: Auth Flow - Auth state updated
  Details: {
  "timestamp": "2025-05-27T00:51:38.359Z",
  "is_connected": false,
  "is_authenticated": false,
  "is_authenticating": false,
  "initial_check_done": false,
  "needs_reauthentication": false,
  "last_authenticated_address": null
}
[2025-05-27T00:51:38.360Z] FRONTEND:CS2 - INFO: Rendering 5 products with enhanced staggered animation
  Details: {
  "productCount": 5,
  "productIds": [
    "cs2-awp-crakow-minimal-wear",
    "cs2-ak47-asiimov-factory-new",
    "cs2-m4a4-howl-field-tested",
    "cs2-deagle-printstream-minimal-wear",
    "cs2-butterfly-doppler-factory-new"
  ],
  "animationEnabled": true,
  "staggerType": "wave",
  "baseDelay": "35ms",
  "log_destination": "market",
  "timestamp": "2025-05-27T00:51:38.360Z"
}
[2025-05-27T00:51:38.446Z] FRONTEND:AUTH - DEBUG: Auth Flow - HeaderConnect Render
  Details: {
  "timestamp": "2025-05-27T00:51:38.446Z",
  "is_connected": false,
  "is_authenticated": false,
  "is_authenticating": false
}
[2025-05-27T00:51:38.446Z] FRONTEND:AUTH - DEBUG: Auth Flow - HeaderConnect Render
  Details: {
  "timestamp": "2025-05-27T00:51:38.446Z",
  "is_connected": false,
  "is_authenticated": false,
  "is_authenticating": false
}
[2025-05-27T00:51:38.495Z] FRONTEND:AUTH - DEBUG: Auth Flow - Auth state updated
  Details: {
  "timestamp": "2025-05-27T00:51:38.495Z",
  "is_connected": false,
  "is_authenticated": false,
  "is_authenticating": false,
  "initial_check_done": false,
  "needs_reauthentication": false,
  "last_authenticated_address": null
}
[2025-05-27T00:51:38.495Z] FRONTEND:CS2 - INFO: Market navbar mounted with enhanced Skinport style and animations
  Details: {
  "categoriesCount": 4,
  "currentCategory": "none",
  "style": "text-only-enhanced-animated",
  "log_destination": "market",
  "timestamp": "2025-05-27T00:51:38.495Z"
}
[2025-05-27T00:51:38.497Z] FRONTEND:AUTH - DEBUG: Auth Flow - Auth state updated
  Details: {
  "timestamp": "2025-05-27T00:51:38.497Z",
  "is_connected": false,
  "is_authenticated": false,
  "is_authenticating": false,
  "initial_check_done": false,
  "needs_reauthentication": false,
  "last_authenticated_address": null
}
[2025-05-27T00:54:06.478Z] FRONTEND:AUTH - DEBUG: Auth Flow - HeaderConnect Render
  Details: {
  "timestamp": "2025-05-27T00:54:06.478Z",
  "is_connected": false,
  "is_authenticated": false,
  "is_authenticating": false
}
[2025-05-27T00:54:06.687Z] FRONTEND:AUTH - DEBUG: Auth Flow - Auth state updated
  Details: {
  "timestamp": "2025-05-27T00:54:06.687Z",
  "is_connected": false,
  "is_authenticated": false,
  "is_authenticating": false,
  "initial_check_done": false,
  "needs_reauthentication": false,
  "last_authenticated_address": null
}
[2025-05-27T00:54:06.688Z] FRONTEND:CS2 - INFO: Market navbar mounted with enhanced Skinport style and animations
  Details: {
  "categoriesCount": 4,
  "currentCategory": "none",
  "style": "text-only-enhanced-animated",
  "log_destination": "market",
  "timestamp": "2025-05-27T00:54:06.688Z"
}
[2025-05-27T00:54:06.689Z] FRONTEND:CS2 - INFO: Rendering 5 products with enhanced staggered animation
  Details: {
  "productCount": 5,
  "productIds": [
    "cs2-awp-crakow-minimal-wear",
    "cs2-ak47-asiimov-factory-new",
    "cs2-m4a4-howl-field-tested",
    "cs2-deagle-printstream-minimal-wear",
    "cs2-butterfly-doppler-factory-new"
  ],
  "animationEnabled": true,
  "staggerType": "wave",
  "baseDelay": "35ms",
  "log_destination": "market",
  "timestamp": "2025-05-27T00:54:06.689Z"
}
[2025-05-27T00:54:06.692Z] FRONTEND:AUTH - DEBUG: Auth Flow - Auth state updated
  Details: {
  "timestamp": "2025-05-27T00:54:06.692Z",
  "is_connected": false,
  "is_authenticated": false,
  "is_authenticating": false,
  "initial_check_done": false,
  "needs_reauthentication": false,
  "last_authenticated_address": null
}
[2025-05-27T00:54:06.477Z] FRONTEND:AUTH - DEBUG: Auth Flow - HeaderConnect Render
  Details: {
  "timestamp": "2025-05-27T00:54:06.477Z",
  "is_connected": false,
  "is_authenticated": false,
  "is_authenticating": false
}
[2025-05-27T00:54:22.964Z] FRONTEND:AUTH - DEBUG: Auth Flow - HeaderConnect Render
  Details: {
  "timestamp": "2025-05-27T00:54:22.964Z",
  "is_connected": false,
  "is_authenticated": false,
  "is_authenticating": false
}
[2025-05-27T00:54:22.965Z] FRONTEND:AUTH - DEBUG: Auth Flow - HeaderConnect Render
  Details: {
  "timestamp": "2025-05-27T00:54:22.965Z",
  "is_connected": false,
  "is_authenticated": false,
  "is_authenticating": false
}
[2025-05-27T00:54:26.553Z] FRONTEND:AUTH - DEBUG: Auth Flow - HeaderConnect Render
  Details: {
  "timestamp": "2025-05-27T00:54:26.553Z",
  "is_connected": false,
  "is_authenticated": false,
  "is_authenticating": false
}
[2025-05-27T00:54:26.553Z] FRONTEND:AUTH - DEBUG: Auth Flow - HeaderConnect Render
  Details: {
  "timestamp": "2025-05-27T00:54:26.553Z",
  "is_connected": false,
  "is_authenticated": false,
  "is_authenticating": false
}
[2025-05-27T00:54:26.639Z] FRONTEND:AUTH - DEBUG: Auth Flow - Auth state updated
  Details: {
  "timestamp": "2025-05-27T00:54:26.639Z",
  "is_connected": false,
  "is_authenticated": false,
  "is_authenticating": false,
  "initial_check_done": false,
  "needs_reauthentication": false,
  "last_authenticated_address": null
}
[2025-05-27T00:54:26.640Z] FRONTEND:CS2 - INFO: Market navbar mounted with enhanced Skinport style and animations
  Details: {
  "categoriesCount": 4,
  "currentCategory": "none",
  "style": "text-only-enhanced-animated",
  "log_destination": "market",
  "timestamp": "2025-05-27T00:54:26.640Z"
}
[2025-05-27T00:54:26.641Z] FRONTEND:AUTH - DEBUG: Auth Flow - Auth state updated
  Details: {
  "timestamp": "2025-05-27T00:54:26.641Z",
  "is_connected": false,
  "is_authenticated": false,
  "is_authenticating": false,
  "initial_check_done": false,
  "needs_reauthentication": false,
  "last_authenticated_address": null
}
[2025-05-27T00:54:27.802Z] FRONTEND:AUTH - DEBUG: Auth Flow - HeaderConnect Render
  Details: {
  "timestamp": "2025-05-27T00:54:27.802Z",
  "is_connected": false,
  "is_authenticated": false,
  "is_authenticating": false
}
[2025-05-27T00:54:27.803Z] FRONTEND:AUTH - DEBUG: Auth Flow - HeaderConnect Render
  Details: {
  "timestamp": "2025-05-27T00:54:27.803Z",
  "is_connected": false,
  "is_authenticated": false,
  "is_authenticating": false
}
[2025-05-27T00:54:27.941Z] FRONTEND:AUTH - DEBUG: Auth Flow - HeaderConnect Render
  Details: {
  "timestamp": "2025-05-27T00:54:27.941Z",
  "is_connected": false,
  "is_authenticated": false,
  "is_authenticating": false
}
[2025-05-27T00:54:27.941Z] FRONTEND:AUTH - DEBUG: Auth Flow - HeaderConnect Render
  Details: {
  "timestamp": "2025-05-27T00:54:27.941Z",
  "is_connected": false,
  "is_authenticated": false,
  "is_authenticating": false
}
[2025-05-27T00:54:29.975Z] FRONTEND:AUTH - DEBUG: Auth Flow - HeaderConnect Render
  Details: {
  "timestamp": "2025-05-27T00:54:29.975Z",
  "is_connected": false,
  "is_authenticated": false,
  "is_authenticating": false
}
[2025-05-27T00:54:30.053Z] FRONTEND:AUTH - DEBUG: Auth Flow - Auth state updated
  Details: {
  "timestamp": "2025-05-27T00:54:30.053Z",
  "is_connected": false,
  "is_authenticated": false,
  "is_authenticating": false,
  "initial_check_done": false,
  "needs_reauthentication": false,
  "last_authenticated_address": null
}
[2025-05-27T00:54:30.054Z] FRONTEND:CS2 - INFO: Market navbar mounted with enhanced Skinport style and animations
  Details: {
  "categoriesCount": 4,
  "currentCategory": "none",
  "style": "text-only-enhanced-animated",
  "log_destination": "market",
  "timestamp": "2025-05-27T00:54:30.054Z"
}
[2025-05-27T00:54:30.055Z] FRONTEND:AUTH - DEBUG: Auth Flow - Auth state updated
  Details: {
  "timestamp": "2025-05-27T00:54:30.055Z",
  "is_connected": false,
  "is_authenticated": false,
  "is_authenticating": false,
  "initial_check_done": false,
  "needs_reauthentication": false,
  "last_authenticated_address": null
}
[2025-05-27T00:54:29.974Z] FRONTEND:AUTH - DEBUG: Auth Flow - HeaderConnect Render
  Details: {
  "timestamp": "2025-05-27T00:54:29.974Z",
  "is_connected": false,
  "is_authenticated": false,
  "is_authenticating": false
}
[2025-05-27T00:54:33.083Z] FRONTEND:AUTH - DEBUG: Auth Flow - HeaderConnect Render
  Details: {
  "timestamp": "2025-05-27T00:54:33.083Z",
  "is_connected": false,
  "is_authenticated": false,
  "is_authenticating": false
}
[2025-05-27T00:54:33.084Z] FRONTEND:AUTH - DEBUG: Auth Flow - HeaderConnect Render
  Details: {
  "timestamp": "2025-05-27T00:54:33.084Z",
  "is_connected": false,
  "is_authenticated": false,
  "is_authenticating": false
}
[2025-05-27T00:54:33.240Z] FRONTEND:AUTH - DEBUG: Auth Flow - HeaderConnect Render
  Details: {
  "timestamp": "2025-05-27T00:54:33.240Z",
  "is_connected": false,
  "is_authenticated": false,
  "is_authenticating": false
}
[2025-05-27T00:54:33.241Z] FRONTEND:AUTH - DEBUG: Auth Flow - HeaderConnect Render
  Details: {
  "timestamp": "2025-05-27T00:54:33.241Z",
  "is_connected": false,
  "is_authenticated": false,
  "is_authenticating": false
}
[2025-05-27T00:54:38.404Z] FRONTEND:AUTH - DEBUG: Auth Flow - HeaderConnect Render
  Details: {
  "timestamp": "2025-05-27T00:54:38.404Z",
  "is_connected": false,
  "is_authenticated": false,
  "is_authenticating": false
}
[2025-05-27T00:54:38.404Z] FRONTEND:AUTH - DEBUG: Auth Flow - HeaderConnect Render
  Details: {
  "timestamp": "2025-05-27T00:54:38.404Z",
  "is_connected": false,
  "is_authenticated": false,
  "is_authenticating": false
}
[2025-05-27T00:54:38.479Z] FRONTEND:CS2 - INFO: Market navbar mounted with enhanced Skinport style and animations
  Details: {
  "categoriesCount": 4,
  "currentCategory": "none",
  "style": "text-only-enhanced-animated",
  "log_destination": "market",
  "timestamp": "2025-05-27T00:54:38.479Z"
}
[2025-05-27T00:54:38.479Z] FRONTEND:AUTH - DEBUG: Auth Flow - Auth state updated
  Details: {
  "timestamp": "2025-05-27T00:54:38.478Z",
  "is_connected": false,
  "is_authenticated": false,
  "is_authenticating": false,
  "initial_check_done": false,
  "needs_reauthentication": false,
  "last_authenticated_address": null
}
[2025-05-27T00:54:38.482Z] FRONTEND:AUTH - DEBUG: Auth Flow - Auth state updated
  Details: {
  "timestamp": "2025-05-27T00:54:38.482Z",
  "is_connected": false,
  "is_authenticated": false,
  "is_authenticating": false,
  "initial_check_done": false,
  "needs_reauthentication": false,
  "last_authenticated_address": null
}
[2025-05-27T00:54:41.538Z] FRONTEND:AUTH - DEBUG: Auth Flow - HeaderConnect Render
  Details: {
  "timestamp": "2025-05-27T00:54:41.538Z",
  "is_connected": false,
  "is_authenticated": false,
  "is_authenticating": false
}
[2025-05-27T00:54:41.539Z] FRONTEND:AUTH - DEBUG: Auth Flow - HeaderConnect Render
  Details: {
  "timestamp": "2025-05-27T00:54:41.539Z",
  "is_connected": false,
  "is_authenticated": false,
  "is_authenticating": false
}
[2025-05-27T00:54:41.684Z] FRONTEND:AUTH - DEBUG: Auth Flow - HeaderConnect Render
  Details: {
  "timestamp": "2025-05-27T00:54:41.684Z",
  "is_connected": false,
  "is_authenticated": false,
  "is_authenticating": false
}
[2025-05-27T00:54:41.685Z] FRONTEND:AUTH - DEBUG: Auth Flow - HeaderConnect Render
  Details: {
  "timestamp": "2025-05-27T00:54:41.685Z",
  "is_connected": false,
  "is_authenticated": false,
  "is_authenticating": false
}
[2025-05-27T00:54:43.638Z] FRONTEND:AUTH - DEBUG: Auth Flow - HeaderConnect Render
  Details: {
  "timestamp": "2025-05-27T00:54:43.638Z",
  "is_connected": false,
  "is_authenticated": false,
  "is_authenticating": false
}
[2025-05-27T00:54:43.639Z] FRONTEND:AUTH - DEBUG: Auth Flow - HeaderConnect Render
  Details: {
  "timestamp": "2025-05-27T00:54:43.639Z",
  "is_connected": false,
  "is_authenticated": false,
  "is_authenticating": false
}
[2025-05-27T00:54:43.745Z] FRONTEND:AUTH - DEBUG: Auth Flow - Auth state updated
  Details: {
  "timestamp": "2025-05-27T00:54:43.745Z",
  "is_connected": false,
  "is_authenticated": false,
  "is_authenticating": false,
  "initial_check_done": false,
  "needs_reauthentication": false,
  "last_authenticated_address": null
}
[2025-05-27T00:54:43.745Z] FRONTEND:CS2 - INFO: Market navbar mounted with enhanced Skinport style and animations
  Details: {
  "categoriesCount": 4,
  "currentCategory": "none",
  "style": "text-only-enhanced-animated",
  "log_destination": "market",
  "timestamp": "2025-05-27T00:54:43.745Z"
}
[2025-05-27T00:54:43.747Z] FRONTEND:AUTH - DEBUG: Auth Flow - Auth state updated
  Details: {
  "timestamp": "2025-05-27T00:54:43.747Z",
  "is_connected": false,
  "is_authenticated": false,
  "is_authenticating": false,
  "initial_check_done": false,
  "needs_reauthentication": false,
  "last_authenticated_address": null
}
[2025-05-27T00:55:08.282Z] FRONTEND:CS2 - INFO: Validating model path: /assets/models/cs2/weapons/awp_counter_strike_2.glb
  Details: {
  "component": "HomePage",
  "modelPath": "/assets/models/cs2/weapons/awp_counter_strike_2.glb",
  "exists": true,
  "log_destination": "market",
  "timestamp": "2025-05-27T00:55:08.282Z"
}
[2025-05-27T00:55:08.283Z] FRONTEND:CS2 - INFO: Validating model path: /assets/models/cs2/weapons/sandstorm_-_gunblade.glb
  Details: {
  "component": "HomePage",
  "modelPath": "/assets/models/cs2/weapons/sandstorm_-_gunblade.glb",
  "exists": true,
  "log_destination": "market",
  "timestamp": "2025-05-27T00:55:08.283Z"
}
[2025-05-27T00:55:08.283Z] FRONTEND:CS2 - INFO: Validating model path: /assets/models/cs2/knives/cs2_knife_-_case_hardened__free.glb
  Details: {
  "component": "HomePage",
  "modelPath": "/assets/models/cs2/knives/cs2_knife_-_case_hardened__free.glb",
  "exists": true,
  "log_destination": "market",
  "timestamp": "2025-05-27T00:55:08.283Z"
}
[2025-05-27T00:55:08.739Z] FRONTEND:AUTH - DEBUG: Auth Flow - Initial Auth State Check
  Details: {
  "timestamp": "2025-05-27T00:55:08.738Z",
  "has_token": false,
  "has_user": false
}
[2025-05-27T00:55:08.858Z] FRONTEND:AUTH - DEBUG: Auth Flow - HeaderConnect Render
  Details: {
  "timestamp": "2025-05-27T00:55:08.858Z",
  "is_connected": false,
  "is_authenticated": false,
  "is_authenticating": false
}
[2025-05-27T00:55:08.858Z] FRONTEND:AUTH - DEBUG: Auth Flow - HeaderConnect Render
  Details: {
  "timestamp": "2025-05-27T00:55:08.858Z",
  "is_connected": false,
  "is_authenticated": false,
  "is_authenticating": false
}
[2025-05-27T00:55:09.108Z] FRONTEND:AUTH - DEBUG: Auth Flow - HeaderConnect Render
  Details: {
  "timestamp": "2025-05-27T00:55:09.108Z",
  "is_connected": false,
  "is_authenticated": false,
  "is_authenticating": false
}
[2025-05-27T00:55:09.109Z] FRONTEND:AUTH - DEBUG: Auth Flow - HeaderConnect Render
  Details: {
  "timestamp": "2025-05-27T00:55:09.109Z",
  "is_connected": false,
  "is_authenticated": false,
  "is_authenticating": false
}
[2025-05-27T00:55:09.196Z] FRONTEND:AUTH - DEBUG: Auth Flow - HeaderConnect Render
  Details: {
  "timestamp": "2025-05-27T00:55:09.196Z",
  "is_connected": false,
  "is_authenticated": false,
  "is_authenticating": false
}
[2025-05-27T00:55:09.197Z] FRONTEND:AUTH - DEBUG: Auth Flow - HeaderConnect Render
  Details: {
  "timestamp": "2025-05-27T00:55:09.197Z",
  "is_connected": false,
  "is_authenticated": false,
  "is_authenticating": false
}
[2025-05-27T00:55:09.343Z] FRONTEND:AUTH - DEBUG: Auth Flow - HeaderConnect Render
  Details: {
  "timestamp": "2025-05-27T00:55:09.343Z",
  "is_connected": false,
  "is_authenticated": false,
  "is_authenticating": false
}
[2025-05-27T00:55:09.342Z] FRONTEND:AUTH - DEBUG: Auth Flow - HeaderConnect Render
  Details: {
  "timestamp": "2025-05-27T00:55:09.342Z",
  "is_connected": false,
  "is_authenticated": false,
  "is_authenticating": false
}
[2025-05-27T00:55:09.371Z] FRONTEND:AUTH - DEBUG: Auth Flow - HeaderConnect Render
  Details: {
  "timestamp": "2025-05-27T00:55:09.371Z",
  "is_connected": false,
  "is_authenticated": false,
  "is_authenticating": false
}
[2025-05-27T00:55:09.372Z] FRONTEND:AUTH - DEBUG: Auth Flow - HeaderConnect Render
  Details: {
  "timestamp": "2025-05-27T00:55:09.372Z",
  "is_connected": false,
  "is_authenticated": false,
  "is_authenticating": false
}
[2025-05-27T00:55:09.401Z] FRONTEND:AUTH - DEBUG: Auth Flow - HeaderConnect Render
  Details: {
  "timestamp": "2025-05-27T00:55:09.401Z",
  "is_connected": false,
  "is_authenticated": false,
  "is_authenticating": false
}
[2025-05-27T00:55:09.401Z] FRONTEND:AUTH - DEBUG: Auth Flow - HeaderConnect Render
  Details: {
  "timestamp": "2025-05-27T00:55:09.401Z",
  "is_connected": false,
  "is_authenticated": false,
  "is_authenticating": false
}
[2025-05-27T00:55:09.475Z] FRONTEND:AUTH - DEBUG: Auth Flow - HeaderConnect Render
  Details: {
  "timestamp": "2025-05-27T00:55:09.475Z",
  "is_connected": false,
  "is_authenticated": false,
  "is_authenticating": false
}
[2025-05-27T00:55:09.476Z] FRONTEND:AUTH - DEBUG: Auth Flow - HeaderConnect Render
  Details: {
  "timestamp": "2025-05-27T00:55:09.476Z",
  "is_connected": false,
  "is_authenticated": false,
  "is_authenticating": false
}
[2025-05-27T00:55:09.519Z] FRONTEND:AUTH - DEBUG: Auth Flow - HeaderConnect Render
  Details: {
  "timestamp": "2025-05-27T00:55:09.519Z",
  "is_connected": false,
  "is_authenticated": false,
  "is_authenticating": false
}
[2025-05-27T00:55:09.519Z] FRONTEND:AUTH - DEBUG: Auth Flow - HeaderConnect Render
  Details: {
  "timestamp": "2025-05-27T00:55:09.519Z",
  "is_connected": false,
  "is_authenticated": false,
  "is_authenticating": false
}
[2025-05-27T00:55:10.329Z] FRONTEND:AUTH - DEBUG: Auth Flow - HeaderConnect Render
  Details: {
  "timestamp": "2025-05-27T00:55:10.329Z",
  "is_connected": false,
  "is_authenticated": false,
  "is_authenticating": false
}
[2025-05-27T00:55:10.406Z] FRONTEND:AUTH - DEBUG: Auth Flow - Auth state updated
  Details: {
  "timestamp": "2025-05-27T00:55:10.406Z",
  "is_connected": false,
  "is_authenticated": false,
  "is_authenticating": false,
  "initial_check_done": false,
  "needs_reauthentication": false,
  "last_authenticated_address": null
}
[2025-05-27T00:55:10.407Z] FRONTEND:CS2 - INFO: Market navbar mounted with enhanced Skinport style and animations
  Details: {
  "categoriesCount": 4,
  "currentCategory": "none",
  "style": "text-only-enhanced-animated",
  "log_destination": "market",
  "timestamp": "2025-05-27T00:55:10.407Z"
}
[2025-05-27T00:55:10.418Z] FRONTEND:AUTH - DEBUG: Auth Flow - Auth state updated
  Details: {
  "timestamp": "2025-05-27T00:55:10.418Z",
  "is_connected": false,
  "is_authenticated": false,
  "is_authenticating": false,
  "initial_check_done": false,
  "needs_reauthentication": false,
  "last_authenticated_address": null
}
[2025-05-27T00:55:10.328Z] FRONTEND:AUTH - DEBUG: Auth Flow - HeaderConnect Render
  Details: {
  "timestamp": "2025-05-27T00:55:10.328Z",
  "is_connected": false,
  "is_authenticated": false,
  "is_authenticating": false
}
[2025-05-27T00:55:10.503Z] FRONTEND:AUTH - DEBUG: Auth Flow - HeaderConnect Render
  Details: {
  "timestamp": "2025-05-27T00:55:10.503Z",
  "is_connected": false,
  "is_authenticated": false,
  "is_authenticating": false
}
[2025-05-27T00:55:10.503Z] FRONTEND:AUTH - DEBUG: Auth Flow - HeaderConnect Render
  Details: {
  "timestamp": "2025-05-27T00:55:10.503Z",
  "is_connected": false,
  "is_authenticated": false,
  "is_authenticating": false
}
[2025-05-27T00:55:10.552Z] FRONTEND:AUTH - DEBUG: Auth Flow - Auth state updated
  Details: {
  "timestamp": "2025-05-27T00:55:10.552Z",
  "is_connected": false,
  "is_authenticated": false,
  "is_authenticating": false,
  "initial_check_done": false,
  "needs_reauthentication": false,
  "last_authenticated_address": null
}
[2025-05-27T00:55:10.555Z] FRONTEND:AUTH - DEBUG: Auth Flow - Auth state updated
  Details: {
  "timestamp": "2025-05-27T00:55:10.555Z",
  "is_connected": false,
  "is_authenticated": false,
  "is_authenticating": false,
  "initial_check_done": false,
  "needs_reauthentication": false,
  "last_authenticated_address": null
}
[2025-05-27T00:55:10.553Z] FRONTEND:CS2 - INFO: Market navbar mounted with enhanced Skinport style and animations
  Details: {
  "categoriesCount": 4,
  "currentCategory": "none",
  "style": "text-only-enhanced-animated",
  "log_destination": "market",
  "timestamp": "2025-05-27T00:55:10.553Z"
}
[2025-05-27T00:55:25.810Z] FRONTEND:AUTH - DEBUG: Auth Flow - HeaderConnect Render
  Details: {
  "timestamp": "2025-05-27T00:55:25.810Z",
  "is_connected": false,
  "is_authenticated": false,
  "is_authenticating": false
}
[2025-05-27T00:55:25.811Z] FRONTEND:AUTH - DEBUG: Auth Flow - HeaderConnect Render
  Details: {
  "timestamp": "2025-05-27T00:55:25.811Z",
  "is_connected": false,
  "is_authenticated": false,
  "is_authenticating": false
}
[2025-05-27T00:55:25.871Z] FRONTEND:AUTH - DEBUG: Auth Flow - Auth state updated
  Details: {
  "timestamp": "2025-05-27T00:55:25.871Z",
  "is_connected": false,
  "is_authenticated": false,
  "is_authenticating": false,
  "initial_check_done": false,
  "needs_reauthentication": false,
  "last_authenticated_address": null
}
[2025-05-27T00:55:25.872Z] FRONTEND:CS2 - INFO: Market navbar mounted with enhanced Skinport style and animations
  Details: {
  "categoriesCount": 4,
  "currentCategory": "none",
  "style": "text-only-enhanced-animated",
  "log_destination": "market",
  "timestamp": "2025-05-27T00:55:25.872Z"
}
[2025-05-27T00:55:25.873Z] FRONTEND:AUTH - DEBUG: Auth Flow - Auth state updated
  Details: {
  "timestamp": "2025-05-27T00:55:25.873Z",
  "is_connected": false,
  "is_authenticated": false,
  "is_authenticating": false,
  "initial_check_done": false,
  "needs_reauthentication": false,
  "last_authenticated_address": null
}
[2025-05-27T00:55:36.004Z] FRONTEND:AUTH - DEBUG: Auth Flow - HeaderConnect Render
  Details: {
  "timestamp": "2025-05-27T00:55:36.004Z",
  "is_connected": false,
  "is_authenticated": false,
  "is_authenticating": false
}
[2025-05-27T00:55:36.005Z] FRONTEND:AUTH - DEBUG: Auth Flow - HeaderConnect Render
  Details: {
  "timestamp": "2025-05-27T00:55:36.005Z",
  "is_connected": false,
  "is_authenticated": false,
  "is_authenticating": false
}
[2025-05-27T00:55:36.109Z] FRONTEND:AUTH - DEBUG: Auth Flow - Auth state updated
  Details: {
  "timestamp": "2025-05-27T00:55:36.109Z",
  "is_connected": false,
  "is_authenticated": false,
  "is_authenticating": false,
  "initial_check_done": false,
  "needs_reauthentication": false,
  "last_authenticated_address": null
}
[2025-05-27T00:55:36.110Z] FRONTEND:CS2 - INFO: Market navbar mounted with enhanced Skinport style and animations
  Details: {
  "categoriesCount": 4,
  "currentCategory": "none",
  "style": "text-only-enhanced-animated",
  "log_destination": "market",
  "timestamp": "2025-05-27T00:55:36.110Z"
}
[2025-05-27T00:55:36.112Z] FRONTEND:AUTH - DEBUG: Auth Flow - Auth state updated
  Details: {
  "timestamp": "2025-05-27T00:55:36.112Z",
  "is_connected": false,
  "is_authenticated": false,
  "is_authenticating": false,
  "initial_check_done": false,
  "needs_reauthentication": false,
  "last_authenticated_address": null
}
[2025-05-27T00:55:57.059Z] FRONTEND:AUTH - DEBUG: Auth Flow - HeaderConnect Render
  Details: {
  "timestamp": "2025-05-27T00:55:57.059Z",
  "is_connected": false,
  "is_authenticated": false,
  "is_authenticating": false
}
[2025-05-27T00:55:57.060Z] FRONTEND:AUTH - DEBUG: Auth Flow - HeaderConnect Render
  Details: {
  "timestamp": "2025-05-27T00:55:57.060Z",
  "is_connected": false,
  "is_authenticated": false,
  "is_authenticating": false
}
[2025-05-27T00:55:57.192Z] FRONTEND:AUTH - DEBUG: Auth Flow - HeaderConnect Render
  Details: {
  "timestamp": "2025-05-27T00:55:57.192Z",
  "is_connected": false,
  "is_authenticated": false,
  "is_authenticating": false
}
[2025-05-27T00:55:57.191Z] FRONTEND:AUTH - DEBUG: Auth Flow - HeaderConnect Render
  Details: {
  "timestamp": "2025-05-27T00:55:57.191Z",
  "is_connected": false,
  "is_authenticated": false,
  "is_authenticating": false
}
[2025-05-27T00:55:59.967Z] FRONTEND:AUTH - DEBUG: Auth Flow - HeaderConnect Render
  Details: {
  "timestamp": "2025-05-27T00:55:59.967Z",
  "is_connected": false,
  "is_authenticated": false,
  "is_authenticating": false
}
[2025-05-27T00:56:00.045Z] FRONTEND:AUTH - DEBUG: Auth Flow - Auth state updated
  Details: {
  "timestamp": "2025-05-27T00:56:00.045Z",
  "is_connected": false,
  "is_authenticated": false,
  "is_authenticating": false,
  "initial_check_done": false,
  "needs_reauthentication": false,
  "last_authenticated_address": null
}
[2025-05-27T00:56:00.046Z] FRONTEND:CS2 - INFO: Market navbar mounted with enhanced Skinport style and animations
  Details: {
  "categoriesCount": 4,
  "currentCategory": "none",
  "style": "text-only-enhanced-animated",
  "log_destination": "market",
  "timestamp": "2025-05-27T00:56:00.046Z"
}
[2025-05-27T00:56:00.048Z] FRONTEND:AUTH - DEBUG: Auth Flow - Auth state updated
  Details: {
  "timestamp": "2025-05-27T00:56:00.048Z",
  "is_connected": false,
  "is_authenticated": false,
  "is_authenticating": false,
  "initial_check_done": false,
  "needs_reauthentication": false,
  "last_authenticated_address": null
}
[2025-05-27T00:55:59.966Z] FRONTEND:AUTH - DEBUG: Auth Flow - HeaderConnect Render
  Details: {
  "timestamp": "2025-05-27T00:55:59.966Z",
  "is_connected": false,
  "is_authenticated": false,
  "is_authenticating": false
}
[2025-05-27T00:56:07.885Z] FRONTEND:AUTH - DEBUG: Auth Flow - HeaderConnect Render
  Details: {
  "timestamp": "2025-05-27T00:56:07.885Z",
  "is_connected": false,
  "is_authenticated": false,
  "is_authenticating": false
}
[2025-05-27T00:56:08.048Z] FRONTEND:AUTH - DEBUG: Auth Flow - HeaderConnect Render
  Details: {
  "timestamp": "2025-05-27T00:56:08.048Z",
  "is_connected": false,
  "is_authenticated": false,
  "is_authenticating": false
}
[2025-05-27T00:56:08.049Z] FRONTEND:AUTH - DEBUG: Auth Flow - HeaderConnect Render
  Details: {
  "timestamp": "2025-05-27T00:56:08.049Z",
  "is_connected": false,
  "is_authenticated": false,
  "is_authenticating": false
}
[2025-05-27T00:56:07.884Z] FRONTEND:AUTH - DEBUG: Auth Flow - HeaderConnect Render
  Details: {
  "timestamp": "2025-05-27T00:56:07.884Z",
  "is_connected": false,
  "is_authenticated": false,
  "is_authenticating": false
}
[2025-05-27T00:56:10.255Z] FRONTEND:AUTH - DEBUG: Auth Flow - HeaderConnect Render
  Details: {
  "timestamp": "2025-05-27T00:56:10.255Z",
  "is_connected": false,
  "is_authenticated": false,
  "is_authenticating": false
}
[2025-05-27T00:56:10.255Z] FRONTEND:AUTH - DEBUG: Auth Flow - HeaderConnect Render
  Details: {
  "timestamp": "2025-05-27T00:56:10.255Z",
  "is_connected": false,
  "is_authenticated": false,
  "is_authenticating": false
}
[2025-05-27T00:56:10.334Z] FRONTEND:AUTH - DEBUG: Auth Flow - Auth state updated
  Details: {
  "timestamp": "2025-05-27T00:56:10.334Z",
  "is_connected": false,
  "is_authenticated": false,
  "is_authenticating": false,
  "initial_check_done": false,
  "needs_reauthentication": false,
  "last_authenticated_address": null
}
[2025-05-27T00:56:10.335Z] FRONTEND:CS2 - INFO: Market navbar mounted with enhanced Skinport style and animations
  Details: {
  "categoriesCount": 4,
  "currentCategory": "none",
  "style": "text-only-enhanced-animated",
  "log_destination": "market",
  "timestamp": "2025-05-27T00:56:10.335Z"
}
[2025-05-27T00:56:10.337Z] FRONTEND:AUTH - DEBUG: Auth Flow - Auth state updated
  Details: {
  "timestamp": "2025-05-27T00:56:10.337Z",
  "is_connected": false,
  "is_authenticated": false,
  "is_authenticating": false,
  "initial_check_done": false,
  "needs_reauthentication": false,
  "last_authenticated_address": null
}
[2025-05-27T00:56:17.181Z] FRONTEND:AUTH - DEBUG: Auth Flow - HeaderConnect Render
  Details: {
  "timestamp": "2025-05-27T00:56:17.181Z",
  "is_connected": false,
  "is_authenticated": false,
  "is_authenticating": false
}
[2025-05-27T00:56:17.182Z] FRONTEND:AUTH - DEBUG: Auth Flow - HeaderConnect Render
  Details: {
  "timestamp": "2025-05-27T00:56:17.182Z",
  "is_connected": false,
  "is_authenticated": false,
  "is_authenticating": false
}
[2025-05-27T00:56:17.356Z] FRONTEND:AUTH - DEBUG: Auth Flow - HeaderConnect Render
  Details: {
  "timestamp": "2025-05-27T00:56:17.356Z",
  "is_connected": false,
  "is_authenticated": false,
  "is_authenticating": false
}
[2025-05-27T00:56:17.355Z] FRONTEND:AUTH - DEBUG: Auth Flow - HeaderConnect Render
  Details: {
  "timestamp": "2025-05-27T00:56:17.355Z",
  "is_connected": false,
  "is_authenticated": false,
  "is_authenticating": false
}
[2025-05-27T00:56:20.029Z] FRONTEND:AUTH - DEBUG: Auth Flow - HeaderConnect Render
  Details: {
  "timestamp": "2025-05-27T00:56:20.029Z",
  "is_connected": false,
  "is_authenticated": false,
  "is_authenticating": false
}
[2025-05-27T00:56:20.030Z] FRONTEND:AUTH - DEBUG: Auth Flow - HeaderConnect Render
  Details: {
  "timestamp": "2025-05-27T00:56:20.030Z",
  "is_connected": false,
  "is_authenticated": false,
  "is_authenticating": false
}
[2025-05-27T00:56:20.121Z] FRONTEND:AUTH - DEBUG: Auth Flow - Auth state updated
  Details: {
  "timestamp": "2025-05-27T00:56:20.121Z",
  "is_connected": false,
  "is_authenticated": false,
  "is_authenticating": false,
  "initial_check_done": false,
  "needs_reauthentication": false,
  "last_authenticated_address": null
}
[2025-05-27T00:56:20.121Z] FRONTEND:CS2 - INFO: Market navbar mounted with enhanced Skinport style and animations
  Details: {
  "categoriesCount": 4,
  "currentCategory": "none",
  "style": "text-only-enhanced-animated",
  "log_destination": "market",
  "timestamp": "2025-05-27T00:56:20.121Z"
}
[2025-05-27T00:56:20.122Z] FRONTEND:AUTH - DEBUG: Auth Flow - Auth state updated
  Details: {
  "timestamp": "2025-05-27T00:56:20.122Z",
  "is_connected": false,
  "is_authenticated": false,
  "is_authenticating": false,
  "initial_check_done": false,
  "needs_reauthentication": false,
  "last_authenticated_address": null
}
[2025-05-27T00:56:29.811Z] FRONTEND:AUTH - DEBUG: Auth Flow - HeaderConnect Render
  Details: {
  "timestamp": "2025-05-27T00:56:29.811Z",
  "is_connected": false,
  "is_authenticated": false,
  "is_authenticating": false
}
[2025-05-27T00:56:29.811Z] FRONTEND:AUTH - DEBUG: Auth Flow - HeaderConnect Render
  Details: {
  "timestamp": "2025-05-27T00:56:29.811Z",
  "is_connected": false,
  "is_authenticated": false,
  "is_authenticating": false
}
[2025-05-27T00:56:29.921Z] FRONTEND:AUTH - DEBUG: Auth Flow - HeaderConnect Render
  Details: {
  "timestamp": "2025-05-27T00:56:29.921Z",
  "is_connected": false,
  "is_authenticated": false,
  "is_authenticating": false
}
[2025-05-27T00:56:29.922Z] FRONTEND:AUTH - DEBUG: Auth Flow - HeaderConnect Render
  Details: {
  "timestamp": "2025-05-27T00:56:29.922Z",
  "is_connected": false,
  "is_authenticated": false,
  "is_authenticating": false
}
[2025-05-27T00:56:30.107Z] FRONTEND:AUTH - DEBUG: Auth Flow - HeaderConnect Render
  Details: {
  "timestamp": "2025-05-27T00:56:30.107Z",
  "is_connected": false,
  "is_authenticated": false,
  "is_authenticating": false
}
[2025-05-27T00:56:30.108Z] FRONTEND:AUTH - DEBUG: Auth Flow - HeaderConnect Render
  Details: {
  "timestamp": "2025-05-27T00:56:30.108Z",
  "is_connected": false,
  "is_authenticated": false,
  "is_authenticating": false
}
[2025-05-27T00:56:30.235Z] FRONTEND:AUTH - DEBUG: Auth Flow - HeaderConnect Render
  Details: {
  "timestamp": "2025-05-27T00:56:30.235Z",
  "is_connected": false,
  "is_authenticated": false,
  "is_authenticating": false
}
[2025-05-27T00:56:30.236Z] FRONTEND:AUTH - DEBUG: Auth Flow - HeaderConnect Render
  Details: {
  "timestamp": "2025-05-27T00:56:30.235Z",
  "is_connected": false,
  "is_authenticated": false,
  "is_authenticating": false
}
[2025-05-27T00:56:30.348Z] FRONTEND:AUTH - DEBUG: Auth Flow - HeaderConnect Render
  Details: {
  "timestamp": "2025-05-27T00:56:30.348Z",
  "is_connected": false,
  "is_authenticated": false,
  "is_authenticating": false
}
[2025-05-27T00:56:30.349Z] FRONTEND:AUTH - DEBUG: Auth Flow - HeaderConnect Render
  Details: {
  "timestamp": "2025-05-27T00:56:30.349Z",
  "is_connected": false,
  "is_authenticated": false,
  "is_authenticating": false
}
[2025-05-27T00:56:30.444Z] FRONTEND:AUTH - DEBUG: Auth Flow - HeaderConnect Render
  Details: {
  "timestamp": "2025-05-27T00:56:30.444Z",
  "is_connected": false,
  "is_authenticated": false,
  "is_authenticating": false
}
[2025-05-27T00:56:30.445Z] FRONTEND:AUTH - DEBUG: Auth Flow - HeaderConnect Render
  Details: {
  "timestamp": "2025-05-27T00:56:30.445Z",
  "is_connected": false,
  "is_authenticated": false,
  "is_authenticating": false
}
[2025-05-27T00:56:30.530Z] FRONTEND:AUTH - DEBUG: Auth Flow - HeaderConnect Render
  Details: {
  "timestamp": "2025-05-27T00:56:30.530Z",
  "is_connected": false,
  "is_authenticated": false,
  "is_authenticating": false
}
[2025-05-27T00:56:30.531Z] FRONTEND:AUTH - DEBUG: Auth Flow - HeaderConnect Render
  Details: {
  "timestamp": "2025-05-27T00:56:30.531Z",
  "is_connected": false,
  "is_authenticated": false,
  "is_authenticating": false
}
[2025-05-27T00:56:30.626Z] FRONTEND:AUTH - DEBUG: Auth Flow - HeaderConnect Render
  Details: {
  "timestamp": "2025-05-27T00:56:30.626Z",
  "is_connected": false,
  "is_authenticated": false,
  "is_authenticating": false
}
[2025-05-27T00:56:30.627Z] FRONTEND:AUTH - DEBUG: Auth Flow - HeaderConnect Render
  Details: {
  "timestamp": "2025-05-27T00:56:30.627Z",
  "is_connected": false,
  "is_authenticated": false,
  "is_authenticating": false
}
[2025-05-27T00:56:30.723Z] FRONTEND:AUTH - DEBUG: Auth Flow - HeaderConnect Render
  Details: {
  "timestamp": "2025-05-27T00:56:30.723Z",
  "is_connected": false,
  "is_authenticated": false,
  "is_authenticating": false
}
[2025-05-27T00:56:30.724Z] FRONTEND:AUTH - DEBUG: Auth Flow - HeaderConnect Render
  Details: {
  "timestamp": "2025-05-27T00:56:30.724Z",
  "is_connected": false,
  "is_authenticated": false,
  "is_authenticating": false
}
[2025-05-27T00:56:30.856Z] FRONTEND:AUTH - DEBUG: Auth Flow - HeaderConnect Render
  Details: {
  "timestamp": "2025-05-27T00:56:30.856Z",
  "is_connected": false,
  "is_authenticated": false,
  "is_authenticating": false
}
[2025-05-27T00:56:30.857Z] FRONTEND:AUTH - DEBUG: Auth Flow - HeaderConnect Render
  Details: {
  "timestamp": "2025-05-27T00:56:30.857Z",
  "is_connected": false,
  "is_authenticated": false,
  "is_authenticating": false
}
[2025-05-27T00:56:30.964Z] FRONTEND:AUTH - DEBUG: Auth Flow - HeaderConnect Render
  Details: {
  "timestamp": "2025-05-27T00:56:30.964Z",
  "is_connected": false,
  "is_authenticated": false,
  "is_authenticating": false
}
[2025-05-27T00:56:30.964Z] FRONTEND:AUTH - DEBUG: Auth Flow - HeaderConnect Render
  Details: {
  "timestamp": "2025-05-27T00:56:30.964Z",
  "is_connected": false,
  "is_authenticated": false,
  "is_authenticating": false
}
[2025-05-27T00:56:31.058Z] FRONTEND:AUTH - DEBUG: Auth Flow - HeaderConnect Render
  Details: {
  "timestamp": "2025-05-27T00:56:31.058Z",
  "is_connected": false,
  "is_authenticated": false,
  "is_authenticating": false
}
[2025-05-27T00:56:31.059Z] FRONTEND:AUTH - DEBUG: Auth Flow - HeaderConnect Render
  Details: {
  "timestamp": "2025-05-27T00:56:31.059Z",
  "is_connected": false,
  "is_authenticated": false,
  "is_authenticating": false
}
[2025-05-27T00:56:31.151Z] FRONTEND:AUTH - DEBUG: Auth Flow - HeaderConnect Render
  Details: {
  "timestamp": "2025-05-27T00:56:31.151Z",
  "is_connected": false,
  "is_authenticated": false,
  "is_authenticating": false
}
[2025-05-27T00:56:31.152Z] FRONTEND:AUTH - DEBUG: Auth Flow - HeaderConnect Render
  Details: {
  "timestamp": "2025-05-27T00:56:31.152Z",
  "is_connected": false,
  "is_authenticated": false,
  "is_authenticating": false
}
[2025-05-27T00:56:31.243Z] FRONTEND:AUTH - DEBUG: Auth Flow - HeaderConnect Render
  Details: {
  "timestamp": "2025-05-27T00:56:31.243Z",
  "is_connected": false,
  "is_authenticated": false,
  "is_authenticating": false
}
[2025-05-27T00:56:31.244Z] FRONTEND:AUTH - DEBUG: Auth Flow - HeaderConnect Render
  Details: {
  "timestamp": "2025-05-27T00:56:31.244Z",
  "is_connected": false,
  "is_authenticated": false,
  "is_authenticating": false
}
[2025-05-27T00:56:31.329Z] FRONTEND:AUTH - DEBUG: Auth Flow - HeaderConnect Render
  Details: {
  "timestamp": "2025-05-27T00:56:31.329Z",
  "is_connected": false,
  "is_authenticated": false,
  "is_authenticating": false
}
[2025-05-27T00:56:31.330Z] FRONTEND:AUTH - DEBUG: Auth Flow - HeaderConnect Render
  Details: {
  "timestamp": "2025-05-27T00:56:31.330Z",
  "is_connected": false,
  "is_authenticated": false,
  "is_authenticating": false
}
[2025-05-27T00:56:31.429Z] FRONTEND:AUTH - DEBUG: Auth Flow - HeaderConnect Render
  Details: {
  "timestamp": "2025-05-27T00:56:31.429Z",
  "is_connected": false,
  "is_authenticated": false,
  "is_authenticating": false
}
[2025-05-27T00:56:31.428Z] FRONTEND:AUTH - DEBUG: Auth Flow - HeaderConnect Render
  Details: {
  "timestamp": "2025-05-27T00:56:31.428Z",
  "is_connected": false,
  "is_authenticated": false,
  "is_authenticating": false
}
[2025-05-27T00:56:31.539Z] FRONTEND:AUTH - DEBUG: Auth Flow - HeaderConnect Render
  Details: {
  "timestamp": "2025-05-27T00:56:31.539Z",
  "is_connected": false,
  "is_authenticated": false,
  "is_authenticating": false
}
[2025-05-27T00:56:31.540Z] FRONTEND:AUTH - DEBUG: Auth Flow - HeaderConnect Render
  Details: {
  "timestamp": "2025-05-27T00:56:31.540Z",
  "is_connected": false,
  "is_authenticated": false,
  "is_authenticating": false
}
[2025-05-27T00:56:31.652Z] FRONTEND:AUTH - DEBUG: Auth Flow - HeaderConnect Render
  Details: {
  "timestamp": "2025-05-27T00:56:31.652Z",
  "is_connected": false,
  "is_authenticated": false,
  "is_authenticating": false
}
[2025-05-27T00:56:31.653Z] FRONTEND:AUTH - DEBUG: Auth Flow - HeaderConnect Render
  Details: {
  "timestamp": "2025-05-27T00:56:31.653Z",
  "is_connected": false,
  "is_authenticated": false,
  "is_authenticating": false
}
[2025-05-27T00:56:31.772Z] FRONTEND:AUTH - DEBUG: Auth Flow - HeaderConnect Render
  Details: {
  "timestamp": "2025-05-27T00:56:31.772Z",
  "is_connected": false,
  "is_authenticated": false,
  "is_authenticating": false
}
[2025-05-27T00:56:31.773Z] FRONTEND:AUTH - DEBUG: Auth Flow - HeaderConnect Render
  Details: {
  "timestamp": "2025-05-27T00:56:31.773Z",
  "is_connected": false,
  "is_authenticated": false,
  "is_authenticating": false
}
[2025-05-27T00:56:31.914Z] FRONTEND:AUTH - DEBUG: Auth Flow - HeaderConnect Render
  Details: {
  "timestamp": "2025-05-27T00:56:31.914Z",
  "is_connected": false,
  "is_authenticated": false,
  "is_authenticating": false
}
[2025-05-27T00:56:31.915Z] FRONTEND:AUTH - DEBUG: Auth Flow - HeaderConnect Render
  Details: {
  "timestamp": "2025-05-27T00:56:31.915Z",
  "is_connected": false,
  "is_authenticated": false,
  "is_authenticating": false
}
[2025-05-27T00:56:32.036Z] FRONTEND:AUTH - DEBUG: Auth Flow - HeaderConnect Render
  Details: {
  "timestamp": "2025-05-27T00:56:32.036Z",
  "is_connected": false,
  "is_authenticated": false,
  "is_authenticating": false
}
[2025-05-27T00:56:32.037Z] FRONTEND:AUTH - DEBUG: Auth Flow - HeaderConnect Render
  Details: {
  "timestamp": "2025-05-27T00:56:32.037Z",
  "is_connected": false,
  "is_authenticated": false,
  "is_authenticating": false
}
[2025-05-27T00:56:32.149Z] FRONTEND:AUTH - DEBUG: Auth Flow - HeaderConnect Render
  Details: {
  "timestamp": "2025-05-27T00:56:32.149Z",
  "is_connected": false,
  "is_authenticated": false,
  "is_authenticating": false
}
[2025-05-27T00:56:32.150Z] FRONTEND:AUTH - DEBUG: Auth Flow - HeaderConnect Render
  Details: {
  "timestamp": "2025-05-27T00:56:32.150Z",
  "is_connected": false,
  "is_authenticated": false,
  "is_authenticating": false
}
[2025-05-27T00:56:32.284Z] FRONTEND:AUTH - DEBUG: Auth Flow - HeaderConnect Render
  Details: {
  "timestamp": "2025-05-27T00:56:32.284Z",
  "is_connected": false,
  "is_authenticated": false,
  "is_authenticating": false
}
[2025-05-27T00:56:32.285Z] FRONTEND:AUTH - DEBUG: Auth Flow - HeaderConnect Render
  Details: {
  "timestamp": "2025-05-27T00:56:32.285Z",
  "is_connected": false,
  "is_authenticated": false,
  "is_authenticating": false
}
[2025-05-27T00:56:32.449Z] FRONTEND:AUTH - DEBUG: Auth Flow - HeaderConnect Render
  Details: {
  "timestamp": "2025-05-27T00:56:32.449Z",
  "is_connected": false,
  "is_authenticated": false,
  "is_authenticating": false
}
[2025-05-27T00:56:32.450Z] FRONTEND:AUTH - DEBUG: Auth Flow - HeaderConnect Render
  Details: {
  "timestamp": "2025-05-27T00:56:32.450Z",
  "is_connected": false,
  "is_authenticated": false,
  "is_authenticating": false
}
[2025-05-27T00:56:32.605Z] FRONTEND:AUTH - DEBUG: Auth Flow - HeaderConnect Render
  Details: {
  "timestamp": "2025-05-27T00:56:32.605Z",
  "is_connected": false,
  "is_authenticated": false,
  "is_authenticating": false
}
[2025-05-27T00:56:32.606Z] FRONTEND:AUTH - DEBUG: Auth Flow - HeaderConnect Render
  Details: {
  "timestamp": "2025-05-27T00:56:32.606Z",
  "is_connected": false,
  "is_authenticated": false,
  "is_authenticating": false
}
[2025-05-27T00:56:32.771Z] FRONTEND:AUTH - DEBUG: Auth Flow - HeaderConnect Render
  Details: {
  "timestamp": "2025-05-27T00:56:32.771Z",
  "is_connected": false,
  "is_authenticated": false,
  "is_authenticating": false
}
[2025-05-27T00:56:32.772Z] FRONTEND:AUTH - DEBUG: Auth Flow - HeaderConnect Render
  Details: {
  "timestamp": "2025-05-27T00:56:32.772Z",
  "is_connected": false,
  "is_authenticated": false,
  "is_authenticating": false
}
[2025-05-27T00:56:32.928Z] FRONTEND:AUTH - DEBUG: Auth Flow - HeaderConnect Render
  Details: {
  "timestamp": "2025-05-27T00:56:32.928Z",
  "is_connected": false,
  "is_authenticated": false,
  "is_authenticating": false
}
[2025-05-27T00:56:32.929Z] FRONTEND:AUTH - DEBUG: Auth Flow - HeaderConnect Render
  Details: {
  "timestamp": "2025-05-27T00:56:32.929Z",
  "is_connected": false,
  "is_authenticated": false,
  "is_authenticating": false
}
[2025-05-27T00:56:33.085Z] FRONTEND:AUTH - DEBUG: Auth Flow - HeaderConnect Render
  Details: {
  "timestamp": "2025-05-27T00:56:33.085Z",
  "is_connected": false,
  "is_authenticated": false,
  "is_authenticating": false
}
[2025-05-27T00:56:33.086Z] FRONTEND:AUTH - DEBUG: Auth Flow - HeaderConnect Render
  Details: {
  "timestamp": "2025-05-27T00:56:33.086Z",
  "is_connected": false,
  "is_authenticated": false,
  "is_authenticating": false
}
[2025-05-27T00:56:33.269Z] FRONTEND:AUTH - DEBUG: Auth Flow - HeaderConnect Render
  Details: {
  "timestamp": "2025-05-27T00:56:33.269Z",
  "is_connected": false,
  "is_authenticated": false,
  "is_authenticating": false
}
[2025-05-27T00:56:33.271Z] FRONTEND:AUTH - DEBUG: Auth Flow - HeaderConnect Render
  Details: {
  "timestamp": "2025-05-27T00:56:33.271Z",
  "is_connected": false,
  "is_authenticated": false,
  "is_authenticating": false
}
[2025-05-27T00:56:33.465Z] FRONTEND:AUTH - DEBUG: Auth Flow - HeaderConnect Render
  Details: {
  "timestamp": "2025-05-27T00:56:33.465Z",
  "is_connected": false,
  "is_authenticated": false,
  "is_authenticating": false
}
[2025-05-27T00:56:33.466Z] FRONTEND:AUTH - DEBUG: Auth Flow - HeaderConnect Render
  Details: {
  "timestamp": "2025-05-27T00:56:33.466Z",
  "is_connected": false,
  "is_authenticated": false,
  "is_authenticating": false
}
[2025-05-27T00:56:33.625Z] FRONTEND:AUTH - DEBUG: Auth Flow - HeaderConnect Render
  Details: {
  "timestamp": "2025-05-27T00:56:33.625Z",
  "is_connected": false,
  "is_authenticated": false,
  "is_authenticating": false
}
[2025-05-27T00:56:33.626Z] FRONTEND:AUTH - DEBUG: Auth Flow - HeaderConnect Render
  Details: {
  "timestamp": "2025-05-27T00:56:33.626Z",
  "is_connected": false,
  "is_authenticated": false,
  "is_authenticating": false
}
[2025-05-27T00:56:33.772Z] FRONTEND:AUTH - DEBUG: Auth Flow - HeaderConnect Render
  Details: {
  "timestamp": "2025-05-27T00:56:33.772Z",
  "is_connected": false,
  "is_authenticated": false,
  "is_authenticating": false
}
[2025-05-27T00:56:33.773Z] FRONTEND:AUTH - DEBUG: Auth Flow - HeaderConnect Render
  Details: {
  "timestamp": "2025-05-27T00:56:33.773Z",
  "is_connected": false,
  "is_authenticated": false,
  "is_authenticating": false
}
[2025-05-27T00:56:33.923Z] FRONTEND:AUTH - DEBUG: Auth Flow - HeaderConnect Render
  Details: {
  "timestamp": "2025-05-27T00:56:33.923Z",
  "is_connected": false,
  "is_authenticated": false,
  "is_authenticating": false
}
[2025-05-27T00:56:33.924Z] FRONTEND:AUTH - DEBUG: Auth Flow - HeaderConnect Render
  Details: {
  "timestamp": "2025-05-27T00:56:33.924Z",
  "is_connected": false,
  "is_authenticated": false,
  "is_authenticating": false
}
[2025-05-27T00:56:34.059Z] FRONTEND:AUTH - DEBUG: Auth Flow - HeaderConnect Render
  Details: {
  "timestamp": "2025-05-27T00:56:34.059Z",
  "is_connected": false,
  "is_authenticated": false,
  "is_authenticating": false
}
[2025-05-27T00:56:34.060Z] FRONTEND:AUTH - DEBUG: Auth Flow - HeaderConnect Render
  Details: {
  "timestamp": "2025-05-27T00:56:34.060Z",
  "is_connected": false,
  "is_authenticated": false,
  "is_authenticating": false
}
[2025-05-27T00:56:34.171Z] FRONTEND:AUTH - DEBUG: Auth Flow - HeaderConnect Render
  Details: {
  "timestamp": "2025-05-27T00:56:34.171Z",
  "is_connected": false,
  "is_authenticated": false,
  "is_authenticating": false
}
[2025-05-27T00:56:34.172Z] FRONTEND:AUTH - DEBUG: Auth Flow - HeaderConnect Render
  Details: {
  "timestamp": "2025-05-27T00:56:34.172Z",
  "is_connected": false,
  "is_authenticated": false,
  "is_authenticating": false
}
[2025-05-27T00:56:34.285Z] FRONTEND:AUTH - DEBUG: Auth Flow - HeaderConnect Render
  Details: {
  "timestamp": "2025-05-27T00:56:34.285Z",
  "is_connected": false,
  "is_authenticated": false,
  "is_authenticating": false
}
[2025-05-27T00:56:34.286Z] FRONTEND:AUTH - DEBUG: Auth Flow - HeaderConnect Render
  Details: {
  "timestamp": "2025-05-27T00:56:34.286Z",
  "is_connected": false,
  "is_authenticated": false,
  "is_authenticating": false
}
[2025-05-27T00:56:34.399Z] FRONTEND:AUTH - DEBUG: Auth Flow - HeaderConnect Render
  Details: {
  "timestamp": "2025-05-27T00:56:34.399Z",
  "is_connected": false,
  "is_authenticated": false,
  "is_authenticating": false
}
[2025-05-27T00:56:34.400Z] FRONTEND:AUTH - DEBUG: Auth Flow - HeaderConnect Render
  Details: {
  "timestamp": "2025-05-27T00:56:34.400Z",
  "is_connected": false,
  "is_authenticated": false,
  "is_authenticating": false
}
[2025-05-27T00:56:34.547Z] FRONTEND:AUTH - DEBUG: Auth Flow - HeaderConnect Render
  Details: {
  "timestamp": "2025-05-27T00:56:34.547Z",
  "is_connected": false,
  "is_authenticated": false,
  "is_authenticating": false
}
[2025-05-27T00:56:34.548Z] FRONTEND:AUTH - DEBUG: Auth Flow - HeaderConnect Render
  Details: {
  "timestamp": "2025-05-27T00:56:34.548Z",
  "is_connected": false,
  "is_authenticated": false,
  "is_authenticating": false
}
[2025-05-27T00:56:34.703Z] FRONTEND:AUTH - DEBUG: Auth Flow - HeaderConnect Render
  Details: {
  "timestamp": "2025-05-27T00:56:34.703Z",
  "is_connected": false,
  "is_authenticated": false,
  "is_authenticating": false
}
[2025-05-27T00:56:34.853Z] FRONTEND:AUTH - DEBUG: Auth Flow - HeaderConnect Render
  Details: {
  "timestamp": "2025-05-27T00:56:34.853Z",
  "is_connected": false,
  "is_authenticated": false,
  "is_authenticating": false
}
[2025-05-27T00:56:34.854Z] FRONTEND:AUTH - DEBUG: Auth Flow - HeaderConnect Render
  Details: {
  "timestamp": "2025-05-27T00:56:34.854Z",
  "is_connected": false,
  "is_authenticated": false,
  "is_authenticating": false
}
[2025-05-27T00:56:34.988Z] FRONTEND:AUTH - DEBUG: Auth Flow - HeaderConnect Render
  Details: {
  "timestamp": "2025-05-27T00:56:34.987Z",
  "is_connected": false,
  "is_authenticated": false,
  "is_authenticating": false
}
[2025-05-27T00:56:34.988Z] FRONTEND:AUTH - DEBUG: Auth Flow - HeaderConnect Render
  Details: {
  "timestamp": "2025-05-27T00:56:34.988Z",
  "is_connected": false,
  "is_authenticated": false,
  "is_authenticating": false
}
[2025-05-27T00:56:34.702Z] FRONTEND:AUTH - DEBUG: Auth Flow - HeaderConnect Render
  Details: {
  "timestamp": "2025-05-27T00:56:34.702Z",
  "is_connected": false,
  "is_authenticated": false,
  "is_authenticating": false
}
[2025-05-27T00:56:35.137Z] FRONTEND:AUTH - DEBUG: Auth Flow - HeaderConnect Render
  Details: {
  "timestamp": "2025-05-27T00:56:35.137Z",
  "is_connected": false,
  "is_authenticated": false,
  "is_authenticating": false
}
[2025-05-27T00:56:35.288Z] FRONTEND:AUTH - DEBUG: Auth Flow - HeaderConnect Render
  Details: {
  "timestamp": "2025-05-27T00:56:35.288Z",
  "is_connected": false,
  "is_authenticated": false,
  "is_authenticating": false
}
[2025-05-27T00:56:35.289Z] FRONTEND:AUTH - DEBUG: Auth Flow - HeaderConnect Render
  Details: {
  "timestamp": "2025-05-27T00:56:35.289Z",
  "is_connected": false,
  "is_authenticated": false,
  "is_authenticating": false
}
[2025-05-27T00:56:35.445Z] FRONTEND:AUTH - DEBUG: Auth Flow - HeaderConnect Render
  Details: {
  "timestamp": "2025-05-27T00:56:35.445Z",
  "is_connected": false,
  "is_authenticated": false,
  "is_authenticating": false
}
[2025-05-27T00:56:35.447Z] FRONTEND:AUTH - DEBUG: Auth Flow - HeaderConnect Render
  Details: {
  "timestamp": "2025-05-27T00:56:35.447Z",
  "is_connected": false,
  "is_authenticated": false,
  "is_authenticating": false
}
[2025-05-27T00:56:35.136Z] FRONTEND:AUTH - DEBUG: Auth Flow - HeaderConnect Render
  Details: {
  "timestamp": "2025-05-27T00:56:35.136Z",
  "is_connected": false,
  "is_authenticated": false,
  "is_authenticating": false
}
[2025-05-27T00:56:35.590Z] FRONTEND:AUTH - DEBUG: Auth Flow - HeaderConnect Render
  Details: {
  "timestamp": "2025-05-27T00:56:35.590Z",
  "is_connected": false,
  "is_authenticated": false,
  "is_authenticating": false
}
[2025-05-27T00:56:35.589Z] FRONTEND:AUTH - DEBUG: Auth Flow - HeaderConnect Render
  Details: {
  "timestamp": "2025-05-27T00:56:35.589Z",
  "is_connected": false,
  "is_authenticated": false,
  "is_authenticating": false
}
[2025-05-27T00:56:35.777Z] FRONTEND:AUTH - DEBUG: Auth Flow - HeaderConnect Render
  Details: {
  "timestamp": "2025-05-27T00:56:35.777Z",
  "is_connected": false,
  "is_authenticated": false,
  "is_authenticating": false
}
[2025-05-27T00:56:35.778Z] FRONTEND:AUTH - DEBUG: Auth Flow - HeaderConnect Render
  Details: {
  "timestamp": "2025-05-27T00:56:35.778Z",
  "is_connected": false,
  "is_authenticated": false,
  "is_authenticating": false
}
[2025-05-27T00:56:35.955Z] FRONTEND:AUTH - DEBUG: Auth Flow - HeaderConnect Render
  Details: {
  "timestamp": "2025-05-27T00:56:35.955Z",
  "is_connected": false,
  "is_authenticated": false,
  "is_authenticating": false
}
[2025-05-27T00:56:35.956Z] FRONTEND:AUTH - DEBUG: Auth Flow - HeaderConnect Render
  Details: {
  "timestamp": "2025-05-27T00:56:35.956Z",
  "is_connected": false,
  "is_authenticated": false,
  "is_authenticating": false
}
[2025-05-27T00:56:36.107Z] FRONTEND:AUTH - DEBUG: Auth Flow - HeaderConnect Render
  Details: {
  "timestamp": "2025-05-27T00:56:36.107Z",
  "is_connected": false,
  "is_authenticated": false,
  "is_authenticating": false
}
[2025-05-27T00:56:36.109Z] FRONTEND:AUTH - DEBUG: Auth Flow - HeaderConnect Render
  Details: {
  "timestamp": "2025-05-27T00:56:36.109Z",
  "is_connected": false,
  "is_authenticated": false,
  "is_authenticating": false
}
[2025-05-27T00:56:36.263Z] FRONTEND:AUTH - DEBUG: Auth Flow - HeaderConnect Render
  Details: {
  "timestamp": "2025-05-27T00:56:36.263Z",
  "is_connected": false,
  "is_authenticated": false,
  "is_authenticating": false
}
[2025-05-27T00:56:36.265Z] FRONTEND:AUTH - DEBUG: Auth Flow - HeaderConnect Render
  Details: {
  "timestamp": "2025-05-27T00:56:36.265Z",
  "is_connected": false,
  "is_authenticated": false,
  "is_authenticating": false
}
[2025-05-27T00:56:36.422Z] FRONTEND:AUTH - DEBUG: Auth Flow - HeaderConnect Render
  Details: {
  "timestamp": "2025-05-27T00:56:36.422Z",
  "is_connected": false,
  "is_authenticated": false,
  "is_authenticating": false
}
[2025-05-27T00:56:36.423Z] FRONTEND:AUTH - DEBUG: Auth Flow - HeaderConnect Render
  Details: {
  "timestamp": "2025-05-27T00:56:36.423Z",
  "is_connected": false,
  "is_authenticated": false,
  "is_authenticating": false
}
[2025-05-27T00:56:36.604Z] FRONTEND:AUTH - DEBUG: Auth Flow - HeaderConnect Render
  Details: {
  "timestamp": "2025-05-27T00:56:36.604Z",
  "is_connected": false,
  "is_authenticated": false,
  "is_authenticating": false
}
[2025-05-27T00:56:36.605Z] FRONTEND:AUTH - DEBUG: Auth Flow - HeaderConnect Render
  Details: {
  "timestamp": "2025-05-27T00:56:36.605Z",
  "is_connected": false,
  "is_authenticated": false,
  "is_authenticating": false
}
[2025-05-27T00:56:36.802Z] FRONTEND:AUTH - DEBUG: Auth Flow - HeaderConnect Render
  Details: {
  "timestamp": "2025-05-27T00:56:36.802Z",
  "is_connected": false,
  "is_authenticated": false,
  "is_authenticating": false
}
[2025-05-27T00:56:36.804Z] FRONTEND:AUTH - DEBUG: Auth Flow - HeaderConnect Render
  Details: {
  "timestamp": "2025-05-27T00:56:36.804Z",
  "is_connected": false,
  "is_authenticated": false,
  "is_authenticating": false
}
[2025-05-27T00:56:37.032Z] FRONTEND:AUTH - DEBUG: Auth Flow - HeaderConnect Render
  Details: {
  "timestamp": "2025-05-27T00:56:37.032Z",
  "is_connected": false,
  "is_authenticated": false,
  "is_authenticating": false
}
[2025-05-27T00:56:37.034Z] FRONTEND:AUTH - DEBUG: Auth Flow - HeaderConnect Render
  Details: {
  "timestamp": "2025-05-27T00:56:37.034Z",
  "is_connected": false,
  "is_authenticated": false,
  "is_authenticating": false
}
[2025-05-27T00:56:37.235Z] FRONTEND:AUTH - DEBUG: Auth Flow - HeaderConnect Render
  Details: {
  "timestamp": "2025-05-27T00:56:37.235Z",
  "is_connected": false,
  "is_authenticated": false,
  "is_authenticating": false
}
[2025-05-27T00:56:37.237Z] FRONTEND:AUTH - DEBUG: Auth Flow - HeaderConnect Render
  Details: {
  "timestamp": "2025-05-27T00:56:37.237Z",
  "is_connected": false,
  "is_authenticated": false,
  "is_authenticating": false
}
[2025-05-27T00:56:37.439Z] FRONTEND:AUTH - DEBUG: Auth Flow - HeaderConnect Render
  Details: {
  "timestamp": "2025-05-27T00:56:37.439Z",
  "is_connected": false,
  "is_authenticated": false,
  "is_authenticating": false
}
[2025-05-27T00:56:37.440Z] FRONTEND:AUTH - DEBUG: Auth Flow - HeaderConnect Render
  Details: {
  "timestamp": "2025-05-27T00:56:37.440Z",
  "is_connected": false,
  "is_authenticated": false,
  "is_authenticating": false
}
[2025-05-27T00:56:37.624Z] FRONTEND:AUTH - DEBUG: Auth Flow - HeaderConnect Render
  Details: {
  "timestamp": "2025-05-27T00:56:37.624Z",
  "is_connected": false,
  "is_authenticated": false,
  "is_authenticating": false
}
[2025-05-27T00:56:37.626Z] FRONTEND:AUTH - DEBUG: Auth Flow - HeaderConnect Render
  Details: {
  "timestamp": "2025-05-27T00:56:37.626Z",
  "is_connected": false,
  "is_authenticated": false,
  "is_authenticating": false
}
[2025-05-27T00:56:37.806Z] FRONTEND:AUTH - DEBUG: Auth Flow - HeaderConnect Render
  Details: {
  "timestamp": "2025-05-27T00:56:37.806Z",
  "is_connected": false,
  "is_authenticated": false,
  "is_authenticating": false
}
[2025-05-27T00:56:37.807Z] FRONTEND:AUTH - DEBUG: Auth Flow - HeaderConnect Render
  Details: {
  "timestamp": "2025-05-27T00:56:37.807Z",
  "is_connected": false,
  "is_authenticated": false,
  "is_authenticating": false
}
[2025-05-27T00:56:37.974Z] FRONTEND:AUTH - DEBUG: Auth Flow - HeaderConnect Render
  Details: {
  "timestamp": "2025-05-27T00:56:37.974Z",
  "is_connected": false,
  "is_authenticated": false,
  "is_authenticating": false
}
[2025-05-27T00:56:37.975Z] FRONTEND:AUTH - DEBUG: Auth Flow - HeaderConnect Render
  Details: {
  "timestamp": "2025-05-27T00:56:37.975Z",
  "is_connected": false,
  "is_authenticated": false,
  "is_authenticating": false
}
[2025-05-27T00:56:38.153Z] FRONTEND:AUTH - DEBUG: Auth Flow - HeaderConnect Render
  Details: {
  "timestamp": "2025-05-27T00:56:38.153Z",
  "is_connected": false,
  "is_authenticated": false,
  "is_authenticating": false
}
[2025-05-27T00:56:38.155Z] FRONTEND:AUTH - DEBUG: Auth Flow - HeaderConnect Render
  Details: {
  "timestamp": "2025-05-27T00:56:38.155Z",
  "is_connected": false,
  "is_authenticated": false,
  "is_authenticating": false
}
[2025-05-27T00:56:38.327Z] FRONTEND:AUTH - DEBUG: Auth Flow - HeaderConnect Render
  Details: {
  "timestamp": "2025-05-27T00:56:38.327Z",
  "is_connected": false,
  "is_authenticated": false,
  "is_authenticating": false
}
[2025-05-27T00:56:38.329Z] FRONTEND:AUTH - DEBUG: Auth Flow - HeaderConnect Render
  Details: {
  "timestamp": "2025-05-27T00:56:38.329Z",
  "is_connected": false,
  "is_authenticated": false,
  "is_authenticating": false
}
[2025-05-27T00:56:38.497Z] FRONTEND:AUTH - DEBUG: Auth Flow - HeaderConnect Render
  Details: {
  "timestamp": "2025-05-27T00:56:38.497Z",
  "is_connected": false,
  "is_authenticated": false,
  "is_authenticating": false
}
[2025-05-27T00:56:38.498Z] FRONTEND:AUTH - DEBUG: Auth Flow - HeaderConnect Render
  Details: {
  "timestamp": "2025-05-27T00:56:38.498Z",
  "is_connected": false,
  "is_authenticated": false,
  "is_authenticating": false
}
[2025-05-27T00:56:38.657Z] FRONTEND:AUTH - DEBUG: Auth Flow - HeaderConnect Render
  Details: {
  "timestamp": "2025-05-27T00:56:38.657Z",
  "is_connected": false,
  "is_authenticated": false,
  "is_authenticating": false
}
[2025-05-27T00:56:38.658Z] FRONTEND:AUTH - DEBUG: Auth Flow - HeaderConnect Render
  Details: {
  "timestamp": "2025-05-27T00:56:38.658Z",
  "is_connected": false,
  "is_authenticated": false,
  "is_authenticating": false
}
[2025-05-27T00:56:38.831Z] FRONTEND:AUTH - DEBUG: Auth Flow - HeaderConnect Render
  Details: {
  "timestamp": "2025-05-27T00:56:38.831Z",
  "is_connected": false,
  "is_authenticated": false,
  "is_authenticating": false
}
[2025-05-27T00:56:38.832Z] FRONTEND:AUTH - DEBUG: Auth Flow - HeaderConnect Render
  Details: {
  "timestamp": "2025-05-27T00:56:38.832Z",
  "is_connected": false,
  "is_authenticated": false,
  "is_authenticating": false
}
[2025-05-27T00:56:39.069Z] FRONTEND:AUTH - DEBUG: Auth Flow - HeaderConnect Render
  Details: {
  "timestamp": "2025-05-27T00:56:39.069Z",
  "is_connected": false,
  "is_authenticated": false,
  "is_authenticating": false
}
[2025-05-27T00:56:39.072Z] FRONTEND:AUTH - DEBUG: Auth Flow - HeaderConnect Render
  Details: {
  "timestamp": "2025-05-27T00:56:39.072Z",
  "is_connected": false,
  "is_authenticated": false,
  "is_authenticating": false
}
[2025-05-27T00:56:39.249Z] FRONTEND:AUTH - DEBUG: Auth Flow - HeaderConnect Render
  Details: {
  "timestamp": "2025-05-27T00:56:39.249Z",
  "is_connected": false,
  "is_authenticated": false,
  "is_authenticating": false
}
[2025-05-27T00:56:39.250Z] FRONTEND:AUTH - DEBUG: Auth Flow - HeaderConnect Render
  Details: {
  "timestamp": "2025-05-27T00:56:39.250Z",
  "is_connected": false,
  "is_authenticated": false,
  "is_authenticating": false
}
[2025-05-27T00:56:39.429Z] FRONTEND:AUTH - DEBUG: Auth Flow - HeaderConnect Render
  Details: {
  "timestamp": "2025-05-27T00:56:39.429Z",
  "is_connected": false,
  "is_authenticated": false,
  "is_authenticating": false
}
[2025-05-27T00:56:39.431Z] FRONTEND:AUTH - DEBUG: Auth Flow - HeaderConnect Render
  Details: {
  "timestamp": "2025-05-27T00:56:39.431Z",
  "is_connected": false,
  "is_authenticated": false,
  "is_authenticating": false
}
[2025-05-27T00:56:39.620Z] FRONTEND:AUTH - DEBUG: Auth Flow - HeaderConnect Render
  Details: {
  "timestamp": "2025-05-27T00:56:39.620Z",
  "is_connected": false,
  "is_authenticated": false,
  "is_authenticating": false
}
[2025-05-27T00:56:39.621Z] FRONTEND:AUTH - DEBUG: Auth Flow - HeaderConnect Render
  Details: {
  "timestamp": "2025-05-27T00:56:39.621Z",
  "is_connected": false,
  "is_authenticated": false,
  "is_authenticating": false
}
[2025-05-27T00:56:39.784Z] FRONTEND:AUTH - DEBUG: Auth Flow - HeaderConnect Render
  Details: {
  "timestamp": "2025-05-27T00:56:39.784Z",
  "is_connected": false,
  "is_authenticated": false,
  "is_authenticating": false
}
[2025-05-27T00:56:39.785Z] FRONTEND:AUTH - DEBUG: Auth Flow - HeaderConnect Render
  Details: {
  "timestamp": "2025-05-27T00:56:39.785Z",
  "is_connected": false,
  "is_authenticated": false,
  "is_authenticating": false
}
[2025-05-27T00:56:39.975Z] FRONTEND:AUTH - DEBUG: Auth Flow - HeaderConnect Render
  Details: {
  "timestamp": "2025-05-27T00:56:39.975Z",
  "is_connected": false,
  "is_authenticated": false,
  "is_authenticating": false
}
[2025-05-27T00:56:39.976Z] FRONTEND:AUTH - DEBUG: Auth Flow - HeaderConnect Render
  Details: {
  "timestamp": "2025-05-27T00:56:39.976Z",
  "is_connected": false,
  "is_authenticated": false,
  "is_authenticating": false
}
[2025-05-27T00:56:40.128Z] FRONTEND:AUTH - DEBUG: Auth Flow - HeaderConnect Render
  Details: {
  "timestamp": "2025-05-27T00:56:40.128Z",
  "is_connected": false,
  "is_authenticated": false,
  "is_authenticating": false
}
[2025-05-27T00:56:40.130Z] FRONTEND:AUTH - DEBUG: Auth Flow - HeaderConnect Render
  Details: {
  "timestamp": "2025-05-27T00:56:40.130Z",
  "is_connected": false,
  "is_authenticated": false,
  "is_authenticating": false
}
[2025-05-27T00:56:40.274Z] FRONTEND:AUTH - DEBUG: Auth Flow - HeaderConnect Render
  Details: {
  "timestamp": "2025-05-27T00:56:40.274Z",
  "is_connected": false,
  "is_authenticated": false,
  "is_authenticating": false
}
[2025-05-27T00:56:40.275Z] FRONTEND:AUTH - DEBUG: Auth Flow - HeaderConnect Render
  Details: {
  "timestamp": "2025-05-27T00:56:40.275Z",
  "is_connected": false,
  "is_authenticated": false,
  "is_authenticating": false
}
[2025-05-27T00:56:40.411Z] FRONTEND:AUTH - DEBUG: Auth Flow - HeaderConnect Render
  Details: {
  "timestamp": "2025-05-27T00:56:40.411Z",
  "is_connected": false,
  "is_authenticated": false,
  "is_authenticating": false
}
[2025-05-27T00:56:40.412Z] FRONTEND:AUTH - DEBUG: Auth Flow - HeaderConnect Render
  Details: {
  "timestamp": "2025-05-27T00:56:40.412Z",
  "is_connected": false,
  "is_authenticated": false,
  "is_authenticating": false
}
[2025-05-27T00:56:40.542Z] FRONTEND:AUTH - DEBUG: Auth Flow - HeaderConnect Render
  Details: {
  "timestamp": "2025-05-27T00:56:40.542Z",
  "is_connected": false,
  "is_authenticated": false,
  "is_authenticating": false
}
[2025-05-27T00:56:40.543Z] FRONTEND:AUTH - DEBUG: Auth Flow - HeaderConnect Render
  Details: {
  "timestamp": "2025-05-27T00:56:40.543Z",
  "is_connected": false,
  "is_authenticated": false,
  "is_authenticating": false
}
[2025-05-27T00:56:40.697Z] FRONTEND:AUTH - DEBUG: Auth Flow - HeaderConnect Render
  Details: {
  "timestamp": "2025-05-27T00:56:40.697Z",
  "is_connected": false,
  "is_authenticated": false,
  "is_authenticating": false
}
[2025-05-27T00:56:40.698Z] FRONTEND:AUTH - DEBUG: Auth Flow - HeaderConnect Render
  Details: {
  "timestamp": "2025-05-27T00:56:40.698Z",
  "is_connected": false,
  "is_authenticated": false,
  "is_authenticating": false
}
[2025-05-27T00:56:40.808Z] FRONTEND:AUTH - DEBUG: Auth Flow - HeaderConnect Render
  Details: {
  "timestamp": "2025-05-27T00:56:40.808Z",
  "is_connected": false,
  "is_authenticated": false,
  "is_authenticating": false
}
[2025-05-27T00:56:40.808Z] FRONTEND:AUTH - DEBUG: Auth Flow - HeaderConnect Render
  Details: {
  "timestamp": "2025-05-27T00:56:40.808Z",
  "is_connected": false,
  "is_authenticated": false,
  "is_authenticating": false
}
[2025-05-27T00:56:40.943Z] FRONTEND:AUTH - DEBUG: Auth Flow - HeaderConnect Render
  Details: {
  "timestamp": "2025-05-27T00:56:40.943Z",
  "is_connected": false,
  "is_authenticated": false,
  "is_authenticating": false
}
[2025-05-27T00:56:40.942Z] FRONTEND:AUTH - DEBUG: Auth Flow - HeaderConnect Render
  Details: {
  "timestamp": "2025-05-27T00:56:40.942Z",
  "is_connected": false,
  "is_authenticated": false,
  "is_authenticating": false
}
[2025-05-27T00:56:41.103Z] FRONTEND:AUTH - DEBUG: Auth Flow - HeaderConnect Render
  Details: {
  "timestamp": "2025-05-27T00:56:41.103Z",
  "is_connected": false,
  "is_authenticated": false,
  "is_authenticating": false
}
[2025-05-27T00:56:41.104Z] FRONTEND:AUTH - DEBUG: Auth Flow - HeaderConnect Render
  Details: {
  "timestamp": "2025-05-27T00:56:41.104Z",
  "is_connected": false,
  "is_authenticated": false,
  "is_authenticating": false
}
[2025-05-27T00:56:41.264Z] FRONTEND:AUTH - DEBUG: Auth Flow - HeaderConnect Render
  Details: {
  "timestamp": "2025-05-27T00:56:41.264Z",
  "is_connected": false,
  "is_authenticated": false,
  "is_authenticating": false
}
[2025-05-27T00:56:41.265Z] FRONTEND:AUTH - DEBUG: Auth Flow - HeaderConnect Render
  Details: {
  "timestamp": "2025-05-27T00:56:41.265Z",
  "is_connected": false,
  "is_authenticated": false,
  "is_authenticating": false
}
[2025-05-27T00:56:41.389Z] FRONTEND:AUTH - DEBUG: Auth Flow - HeaderConnect Render
  Details: {
  "timestamp": "2025-05-27T00:56:41.389Z",
  "is_connected": false,
  "is_authenticated": false,
  "is_authenticating": false
}
[2025-05-27T00:56:41.390Z] FRONTEND:AUTH - DEBUG: Auth Flow - HeaderConnect Render
  Details: {
  "timestamp": "2025-05-27T00:56:41.390Z",
  "is_connected": false,
  "is_authenticated": false,
  "is_authenticating": false
}
[2025-05-27T00:56:41.542Z] FRONTEND:AUTH - DEBUG: Auth Flow - HeaderConnect Render
  Details: {
  "timestamp": "2025-05-27T00:56:41.542Z",
  "is_connected": false,
  "is_authenticated": false,
  "is_authenticating": false
}
[2025-05-27T00:56:41.543Z] FRONTEND:AUTH - DEBUG: Auth Flow - HeaderConnect Render
  Details: {
  "timestamp": "2025-05-27T00:56:41.543Z",
  "is_connected": false,
  "is_authenticated": false,
  "is_authenticating": false
}
[2025-05-27T00:56:41.687Z] FRONTEND:AUTH - DEBUG: Auth Flow - HeaderConnect Render
  Details: {
  "timestamp": "2025-05-27T00:56:41.687Z",
  "is_connected": false,
  "is_authenticated": false,
  "is_authenticating": false
}
[2025-05-27T00:56:41.688Z] FRONTEND:AUTH - DEBUG: Auth Flow - HeaderConnect Render
  Details: {
  "timestamp": "2025-05-27T00:56:41.688Z",
  "is_connected": false,
  "is_authenticated": false,
  "is_authenticating": false
}
[2025-05-27T00:56:41.803Z] FRONTEND:AUTH - DEBUG: Auth Flow - HeaderConnect Render
  Details: {
  "timestamp": "2025-05-27T00:56:41.803Z",
  "is_connected": false,
  "is_authenticated": false,
  "is_authenticating": false
}
[2025-05-27T00:56:41.803Z] FRONTEND:AUTH - DEBUG: Auth Flow - HeaderConnect Render
  Details: {
  "timestamp": "2025-05-27T00:56:41.803Z",
  "is_connected": false,
  "is_authenticated": false,
  "is_authenticating": false
}
[2025-05-27T00:56:41.917Z] FRONTEND:AUTH - DEBUG: Auth Flow - HeaderConnect Render
  Details: {
  "timestamp": "2025-05-27T00:56:41.917Z",
  "is_connected": false,
  "is_authenticated": false,
  "is_authenticating": false
}
[2025-05-27T00:56:41.918Z] FRONTEND:AUTH - DEBUG: Auth Flow - HeaderConnect Render
  Details: {
  "timestamp": "2025-05-27T00:56:41.918Z",
  "is_connected": false,
  "is_authenticated": false,
  "is_authenticating": false
}
[2025-05-27T00:56:42.073Z] FRONTEND:AUTH - DEBUG: Auth Flow - HeaderConnect Render
  Details: {
  "timestamp": "2025-05-27T00:56:42.073Z",
  "is_connected": false,
  "is_authenticated": false,
  "is_authenticating": false
}
[2025-05-27T00:56:42.074Z] FRONTEND:AUTH - DEBUG: Auth Flow - HeaderConnect Render
  Details: {
  "timestamp": "2025-05-27T00:56:42.074Z",
  "is_connected": false,
  "is_authenticated": false,
  "is_authenticating": false
}
[2025-05-27T00:56:42.212Z] FRONTEND:AUTH - DEBUG: Auth Flow - HeaderConnect Render
  Details: {
  "timestamp": "2025-05-27T00:56:42.212Z",
  "is_connected": false,
  "is_authenticated": false,
  "is_authenticating": false
}
[2025-05-27T00:56:42.213Z] FRONTEND:AUTH - DEBUG: Auth Flow - HeaderConnect Render
  Details: {
  "timestamp": "2025-05-27T00:56:42.213Z",
  "is_connected": false,
  "is_authenticated": false,
  "is_authenticating": false
}
[2025-05-27T00:56:42.335Z] FRONTEND:AUTH - DEBUG: Auth Flow - HeaderConnect Render
  Details: {
  "timestamp": "2025-05-27T00:56:42.335Z",
  "is_connected": false,
  "is_authenticated": false,
  "is_authenticating": false
}
[2025-05-27T00:56:42.336Z] FRONTEND:AUTH - DEBUG: Auth Flow - HeaderConnect Render
  Details: {
  "timestamp": "2025-05-27T00:56:42.336Z",
  "is_connected": false,
  "is_authenticated": false,
  "is_authenticating": false
}
[2025-05-27T00:56:42.435Z] FRONTEND:AUTH - DEBUG: Auth Flow - HeaderConnect Render
  Details: {
  "timestamp": "2025-05-27T00:56:42.435Z",
  "is_connected": false,
  "is_authenticated": false,
  "is_authenticating": false
}
[2025-05-27T00:56:42.435Z] FRONTEND:AUTH - DEBUG: Auth Flow - HeaderConnect Render
  Details: {
  "timestamp": "2025-05-27T00:56:42.435Z",
  "is_connected": false,
  "is_authenticated": false,
  "is_authenticating": false
}
[2025-05-27T00:56:42.549Z] FRONTEND:AUTH - DEBUG: Auth Flow - HeaderConnect Render
  Details: {
  "timestamp": "2025-05-27T00:56:42.549Z",
  "is_connected": false,
  "is_authenticated": false,
  "is_authenticating": false
}
[2025-05-27T00:56:42.549Z] FRONTEND:AUTH - DEBUG: Auth Flow - HeaderConnect Render
  Details: {
  "timestamp": "2025-05-27T00:56:42.549Z",
  "is_connected": false,
  "is_authenticated": false,
  "is_authenticating": false
}
[2025-05-27T00:56:42.655Z] FRONTEND:AUTH - DEBUG: Auth Flow - HeaderConnect Render
  Details: {
  "timestamp": "2025-05-27T00:56:42.655Z",
  "is_connected": false,
  "is_authenticated": false,
  "is_authenticating": false
}
[2025-05-27T00:56:42.656Z] FRONTEND:AUTH - DEBUG: Auth Flow - HeaderConnect Render
  Details: {
  "timestamp": "2025-05-27T00:56:42.656Z",
  "is_connected": false,
  "is_authenticated": false,
  "is_authenticating": false
}
[2025-05-27T00:56:42.759Z] FRONTEND:AUTH - DEBUG: Auth Flow - HeaderConnect Render
  Details: {
  "timestamp": "2025-05-27T00:56:42.759Z",
  "is_connected": false,
  "is_authenticated": false,
  "is_authenticating": false
}
[2025-05-27T00:56:42.760Z] FRONTEND:AUTH - DEBUG: Auth Flow - HeaderConnect Render
  Details: {
  "timestamp": "2025-05-27T00:56:42.760Z",
  "is_connected": false,
  "is_authenticated": false,
  "is_authenticating": false
}
[2025-05-27T00:56:42.866Z] FRONTEND:AUTH - DEBUG: Auth Flow - HeaderConnect Render
  Details: {
  "timestamp": "2025-05-27T00:56:42.866Z",
  "is_connected": false,
  "is_authenticated": false,
  "is_authenticating": false
}
[2025-05-27T00:56:42.866Z] FRONTEND:AUTH - DEBUG: Auth Flow - HeaderConnect Render
  Details: {
  "timestamp": "2025-05-27T00:56:42.866Z",
  "is_connected": false,
  "is_authenticated": false,
  "is_authenticating": false
}
[2025-05-27T00:56:42.972Z] FRONTEND:AUTH - DEBUG: Auth Flow - HeaderConnect Render
  Details: {
  "timestamp": "2025-05-27T00:56:42.972Z",
  "is_connected": false,
  "is_authenticated": false,
  "is_authenticating": false
}
[2025-05-27T00:56:42.973Z] FRONTEND:AUTH - DEBUG: Auth Flow - HeaderConnect Render
  Details: {
  "timestamp": "2025-05-27T00:56:42.973Z",
  "is_connected": false,
  "is_authenticated": false,
  "is_authenticating": false
}
[2025-05-27T00:56:43.088Z] FRONTEND:AUTH - DEBUG: Auth Flow - HeaderConnect Render
  Details: {
  "timestamp": "2025-05-27T00:56:43.088Z",
  "is_connected": false,
  "is_authenticated": false,
  "is_authenticating": false
}
[2025-05-27T00:56:43.088Z] FRONTEND:AUTH - DEBUG: Auth Flow - HeaderConnect Render
  Details: {
  "timestamp": "2025-05-27T00:56:43.088Z",
  "is_connected": false,
  "is_authenticated": false,
  "is_authenticating": false
}
[2025-05-27T00:56:43.203Z] FRONTEND:AUTH - DEBUG: Auth Flow - HeaderConnect Render
  Details: {
  "timestamp": "2025-05-27T00:56:43.203Z",
  "is_connected": false,
  "is_authenticated": false,
  "is_authenticating": false
}
[2025-05-27T00:56:43.204Z] FRONTEND:AUTH - DEBUG: Auth Flow - HeaderConnect Render
  Details: {
  "timestamp": "2025-05-27T00:56:43.204Z",
  "is_connected": false,
  "is_authenticated": false,
  "is_authenticating": false
}
[2025-05-27T00:56:43.307Z] FRONTEND:AUTH - DEBUG: Auth Flow - HeaderConnect Render
  Details: {
  "timestamp": "2025-05-27T00:56:43.307Z",
  "is_connected": false,
  "is_authenticated": false,
  "is_authenticating": false
}
[2025-05-27T00:56:43.308Z] FRONTEND:AUTH - DEBUG: Auth Flow - HeaderConnect Render
  Details: {
  "timestamp": "2025-05-27T00:56:43.308Z",
  "is_connected": false,
  "is_authenticated": false,
  "is_authenticating": false
}
[2025-05-27T00:56:43.402Z] FRONTEND:AUTH - DEBUG: Auth Flow - HeaderConnect Render
  Details: {
  "timestamp": "2025-05-27T00:56:43.402Z",
  "is_connected": false,
  "is_authenticated": false,
  "is_authenticating": false
}
[2025-05-27T00:56:43.402Z] FRONTEND:AUTH - DEBUG: Auth Flow - HeaderConnect Render
  Details: {
  "timestamp": "2025-05-27T00:56:43.402Z",
  "is_connected": false,
  "is_authenticated": false,
  "is_authenticating": false
}
[2025-05-27T00:56:43.525Z] FRONTEND:AUTH - DEBUG: Auth Flow - HeaderConnect Render
  Details: {
  "timestamp": "2025-05-27T00:56:43.525Z",
  "is_connected": false,
  "is_authenticated": false,
  "is_authenticating": false
}
[2025-05-27T00:56:43.526Z] FRONTEND:AUTH - DEBUG: Auth Flow - HeaderConnect Render
  Details: {
  "timestamp": "2025-05-27T00:56:43.526Z",
  "is_connected": false,
  "is_authenticated": false,
  "is_authenticating": false
}
[2025-05-27T00:56:43.644Z] FRONTEND:AUTH - DEBUG: Auth Flow - HeaderConnect Render
  Details: {
  "timestamp": "2025-05-27T00:56:43.644Z",
  "is_connected": false,
  "is_authenticated": false,
  "is_authenticating": false
}
[2025-05-27T00:56:43.645Z] FRONTEND:AUTH - DEBUG: Auth Flow - HeaderConnect Render
  Details: {
  "timestamp": "2025-05-27T00:56:43.645Z",
  "is_connected": false,
  "is_authenticated": false,
  "is_authenticating": false
}
[2025-05-27T00:56:43.750Z] FRONTEND:AUTH - DEBUG: Auth Flow - HeaderConnect Render
  Details: {
  "timestamp": "2025-05-27T00:56:43.750Z",
  "is_connected": false,
  "is_authenticated": false,
  "is_authenticating": false
}
[2025-05-27T00:56:43.750Z] FRONTEND:AUTH - DEBUG: Auth Flow - HeaderConnect Render
  Details: {
  "timestamp": "2025-05-27T00:56:43.750Z",
  "is_connected": false,
  "is_authenticated": false,
  "is_authenticating": false
}
[2025-05-27T00:56:43.853Z] FRONTEND:AUTH - DEBUG: Auth Flow - HeaderConnect Render
  Details: {
  "timestamp": "2025-05-27T00:56:43.853Z",
  "is_connected": false,
  "is_authenticated": false,
  "is_authenticating": false
}
[2025-05-27T00:56:43.854Z] FRONTEND:AUTH - DEBUG: Auth Flow - HeaderConnect Render
  Details: {
  "timestamp": "2025-05-27T00:56:43.854Z",
  "is_connected": false,
  "is_authenticated": false,
  "is_authenticating": false
}
[2025-05-27T00:56:43.989Z] FRONTEND:AUTH - DEBUG: Auth Flow - HeaderConnect Render
  Details: {
  "timestamp": "2025-05-27T00:56:43.989Z",
  "is_connected": false,
  "is_authenticated": false,
  "is_authenticating": false
}
[2025-05-27T00:56:43.990Z] FRONTEND:AUTH - DEBUG: Auth Flow - HeaderConnect Render
  Details: {
  "timestamp": "2025-05-27T00:56:43.990Z",
  "is_connected": false,
  "is_authenticated": false,
  "is_authenticating": false
}
[2025-05-27T00:56:44.105Z] FRONTEND:AUTH - DEBUG: Auth Flow - HeaderConnect Render
  Details: {
  "timestamp": "2025-05-27T00:56:44.105Z",
  "is_connected": false,
  "is_authenticated": false,
  "is_authenticating": false
}
[2025-05-27T00:56:44.106Z] FRONTEND:AUTH - DEBUG: Auth Flow - HeaderConnect Render
  Details: {
  "timestamp": "2025-05-27T00:56:44.106Z",
  "is_connected": false,
  "is_authenticated": false,
  "is_authenticating": false
}
[2025-05-27T00:56:44.216Z] FRONTEND:AUTH - DEBUG: Auth Flow - HeaderConnect Render
  Details: {
  "timestamp": "2025-05-27T00:56:44.216Z",
  "is_connected": false,
  "is_authenticated": false,
  "is_authenticating": false
}
[2025-05-27T00:56:44.216Z] FRONTEND:AUTH - DEBUG: Auth Flow - HeaderConnect Render
  Details: {
  "timestamp": "2025-05-27T00:56:44.216Z",
  "is_connected": false,
  "is_authenticated": false,
  "is_authenticating": false
}
[2025-05-27T00:56:44.334Z] FRONTEND:AUTH - DEBUG: Auth Flow - HeaderConnect Render
  Details: {
  "timestamp": "2025-05-27T00:56:44.334Z",
  "is_connected": false,
  "is_authenticated": false,
  "is_authenticating": false
}
[2025-05-27T00:56:44.335Z] FRONTEND:AUTH - DEBUG: Auth Flow - HeaderConnect Render
  Details: {
  "timestamp": "2025-05-27T00:56:44.335Z",
  "is_connected": false,
  "is_authenticated": false,
  "is_authenticating": false
}
[2025-05-27T00:56:44.447Z] FRONTEND:AUTH - DEBUG: Auth Flow - HeaderConnect Render
  Details: {
  "timestamp": "2025-05-27T00:56:44.447Z",
  "is_connected": false,
  "is_authenticated": false,
  "is_authenticating": false
}
[2025-05-27T00:56:44.448Z] FRONTEND:AUTH - DEBUG: Auth Flow - HeaderConnect Render
  Details: {
  "timestamp": "2025-05-27T00:56:44.448Z",
  "is_connected": false,
  "is_authenticated": false,
  "is_authenticating": false
}
[2025-05-27T00:56:44.576Z] FRONTEND:AUTH - DEBUG: Auth Flow - HeaderConnect Render
  Details: {
  "timestamp": "2025-05-27T00:56:44.576Z",
  "is_connected": false,
  "is_authenticated": false,
  "is_authenticating": false
}
[2025-05-27T00:56:44.577Z] FRONTEND:AUTH - DEBUG: Auth Flow - HeaderConnect Render
  Details: {
  "timestamp": "2025-05-27T00:56:44.577Z",
  "is_connected": false,
  "is_authenticated": false,
  "is_authenticating": false
}
[2025-05-27T00:56:44.690Z] FRONTEND:AUTH - DEBUG: Auth Flow - HeaderConnect Render
  Details: {
  "timestamp": "2025-05-27T00:56:44.690Z",
  "is_connected": false,
  "is_authenticated": false,
  "is_authenticating": false
}
[2025-05-27T00:56:44.690Z] FRONTEND:AUTH - DEBUG: Auth Flow - HeaderConnect Render
  Details: {
  "timestamp": "2025-05-27T00:56:44.690Z",
  "is_connected": false,
  "is_authenticated": false,
  "is_authenticating": false
}
[2025-05-27T00:56:44.834Z] FRONTEND:AUTH - DEBUG: Auth Flow - HeaderConnect Render
  Details: {
  "timestamp": "2025-05-27T00:56:44.834Z",
  "is_connected": false,
  "is_authenticated": false,
  "is_authenticating": false
}
[2025-05-27T00:56:44.835Z] FRONTEND:AUTH - DEBUG: Auth Flow - HeaderConnect Render
  Details: {
  "timestamp": "2025-05-27T00:56:44.835Z",
  "is_connected": false,
  "is_authenticated": false,
  "is_authenticating": false
}
[2025-05-27T00:56:44.950Z] FRONTEND:AUTH - DEBUG: Auth Flow - HeaderConnect Render
  Details: {
  "timestamp": "2025-05-27T00:56:44.950Z",
  "is_connected": false,
  "is_authenticated": false,
  "is_authenticating": false
}
[2025-05-27T00:56:44.950Z] FRONTEND:AUTH - DEBUG: Auth Flow - HeaderConnect Render
  Details: {
  "timestamp": "2025-05-27T00:56:44.950Z",
  "is_connected": false,
  "is_authenticated": false,
  "is_authenticating": false
}
[2025-05-27T00:56:45.052Z] FRONTEND:AUTH - DEBUG: Auth Flow - HeaderConnect Render
  Details: {
  "timestamp": "2025-05-27T00:56:45.052Z",
  "is_connected": false,
  "is_authenticated": false,
  "is_authenticating": false
}
[2025-05-27T00:56:45.052Z] FRONTEND:AUTH - DEBUG: Auth Flow - HeaderConnect Render
  Details: {
  "timestamp": "2025-05-27T00:56:45.052Z",
  "is_connected": false,
  "is_authenticated": false,
  "is_authenticating": false
}
[2025-05-27T00:56:45.161Z] FRONTEND:AUTH - DEBUG: Auth Flow - HeaderConnect Render
  Details: {
  "timestamp": "2025-05-27T00:56:45.161Z",
  "is_connected": false,
  "is_authenticated": false,
  "is_authenticating": false
}
[2025-05-27T00:56:45.162Z] FRONTEND:AUTH - DEBUG: Auth Flow - HeaderConnect Render
  Details: {
  "timestamp": "2025-05-27T00:56:45.162Z",
  "is_connected": false,
  "is_authenticated": false,
  "is_authenticating": false
}
[2025-05-27T00:56:45.275Z] FRONTEND:AUTH - DEBUG: Auth Flow - HeaderConnect Render
  Details: {
  "timestamp": "2025-05-27T00:56:45.275Z",
  "is_connected": false,
  "is_authenticated": false,
  "is_authenticating": false
}
[2025-05-27T00:56:45.275Z] FRONTEND:AUTH - DEBUG: Auth Flow - HeaderConnect Render
  Details: {
  "timestamp": "2025-05-27T00:56:45.275Z",
  "is_connected": false,
  "is_authenticated": false,
  "is_authenticating": false
}
[2025-05-27T00:56:45.380Z] FRONTEND:AUTH - DEBUG: Auth Flow - HeaderConnect Render
  Details: {
  "timestamp": "2025-05-27T00:56:45.380Z",
  "is_connected": false,
  "is_authenticated": false,
  "is_authenticating": false
}
[2025-05-27T00:56:45.382Z] FRONTEND:AUTH - DEBUG: Auth Flow - HeaderConnect Render
  Details: {
  "timestamp": "2025-05-27T00:56:45.382Z",
  "is_connected": false,
  "is_authenticated": false,
  "is_authenticating": false
}
[2025-05-27T00:56:45.496Z] FRONTEND:AUTH - DEBUG: Auth Flow - HeaderConnect Render
  Details: {
  "timestamp": "2025-05-27T00:56:45.496Z",
  "is_connected": false,
  "is_authenticated": false,
  "is_authenticating": false
}
[2025-05-27T00:56:45.498Z] FRONTEND:AUTH - DEBUG: Auth Flow - HeaderConnect Render
  Details: {
  "timestamp": "2025-05-27T00:56:45.498Z",
  "is_connected": false,
  "is_authenticated": false,
  "is_authenticating": false
}
[2025-05-27T00:56:45.606Z] FRONTEND:AUTH - DEBUG: Auth Flow - HeaderConnect Render
  Details: {
  "timestamp": "2025-05-27T00:56:45.606Z",
  "is_connected": false,
  "is_authenticated": false,
  "is_authenticating": false
}
[2025-05-27T00:56:45.607Z] FRONTEND:AUTH - DEBUG: Auth Flow - HeaderConnect Render
  Details: {
  "timestamp": "2025-05-27T00:56:45.607Z",
  "is_connected": false,
  "is_authenticated": false,
  "is_authenticating": false
}
[2025-05-27T00:56:45.727Z] FRONTEND:AUTH - DEBUG: Auth Flow - HeaderConnect Render
  Details: {
  "timestamp": "2025-05-27T00:56:45.727Z",
  "is_connected": false,
  "is_authenticated": false,
  "is_authenticating": false
}
[2025-05-27T00:56:45.728Z] FRONTEND:AUTH - DEBUG: Auth Flow - HeaderConnect Render
  Details: {
  "timestamp": "2025-05-27T00:56:45.728Z",
  "is_connected": false,
  "is_authenticated": false,
  "is_authenticating": false
}
[2025-05-27T00:56:45.838Z] FRONTEND:AUTH - DEBUG: Auth Flow - HeaderConnect Render
  Details: {
  "timestamp": "2025-05-27T00:56:45.838Z",
  "is_connected": false,
  "is_authenticated": false,
  "is_authenticating": false
}
[2025-05-27T00:56:45.838Z] FRONTEND:AUTH - DEBUG: Auth Flow - HeaderConnect Render
  Details: {
  "timestamp": "2025-05-27T00:56:45.838Z",
  "is_connected": false,
  "is_authenticated": false,
  "is_authenticating": false
}
[2025-05-27T00:56:45.949Z] FRONTEND:AUTH - DEBUG: Auth Flow - HeaderConnect Render
  Details: {
  "timestamp": "2025-05-27T00:56:45.949Z",
  "is_connected": false,
  "is_authenticated": false,
  "is_authenticating": false
}
[2025-05-27T00:56:45.950Z] FRONTEND:AUTH - DEBUG: Auth Flow - HeaderConnect Render
  Details: {
  "timestamp": "2025-05-27T00:56:45.950Z",
  "is_connected": false,
  "is_authenticated": false,
  "is_authenticating": false
}
[2025-05-27T00:56:46.061Z] FRONTEND:AUTH - DEBUG: Auth Flow - HeaderConnect Render
  Details: {
  "timestamp": "2025-05-27T00:56:46.061Z",
  "is_connected": false,
  "is_authenticated": false,
  "is_authenticating": false
}
[2025-05-27T00:56:46.062Z] FRONTEND:AUTH - DEBUG: Auth Flow - HeaderConnect Render
  Details: {
  "timestamp": "2025-05-27T00:56:46.062Z",
  "is_connected": false,
  "is_authenticated": false,
  "is_authenticating": false
}
[2025-05-27T00:56:46.177Z] FRONTEND:AUTH - DEBUG: Auth Flow - HeaderConnect Render
  Details: {
  "timestamp": "2025-05-27T00:56:46.177Z",
  "is_connected": false,
  "is_authenticated": false,
  "is_authenticating": false
}
[2025-05-27T00:56:46.178Z] FRONTEND:AUTH - DEBUG: Auth Flow - HeaderConnect Render
  Details: {
  "timestamp": "2025-05-27T00:56:46.178Z",
  "is_connected": false,
  "is_authenticated": false,
  "is_authenticating": false
}
[2025-05-27T00:56:46.284Z] FRONTEND:AUTH - DEBUG: Auth Flow - HeaderConnect Render
  Details: {
  "timestamp": "2025-05-27T00:56:46.284Z",
  "is_connected": false,
  "is_authenticated": false,
  "is_authenticating": false
}
[2025-05-27T00:56:46.284Z] FRONTEND:AUTH - DEBUG: Auth Flow - HeaderConnect Render
  Details: {
  "timestamp": "2025-05-27T00:56:46.284Z",
  "is_connected": false,
  "is_authenticated": false,
  "is_authenticating": false
}
[2025-05-27T00:56:46.394Z] FRONTEND:AUTH - DEBUG: Auth Flow - HeaderConnect Render
  Details: {
  "timestamp": "2025-05-27T00:56:46.394Z",
  "is_connected": false,
  "is_authenticated": false,
  "is_authenticating": false
}
[2025-05-27T00:56:46.395Z] FRONTEND:AUTH - DEBUG: Auth Flow - HeaderConnect Render
  Details: {
  "timestamp": "2025-05-27T00:56:46.395Z",
  "is_connected": false,
  "is_authenticated": false,
  "is_authenticating": false
}
[2025-05-27T00:56:46.502Z] FRONTEND:AUTH - DEBUG: Auth Flow - HeaderConnect Render
  Details: {
  "timestamp": "2025-05-27T00:56:46.502Z",
  "is_connected": false,
  "is_authenticated": false,
  "is_authenticating": false
}
[2025-05-27T00:56:46.503Z] FRONTEND:AUTH - DEBUG: Auth Flow - HeaderConnect Render
  Details: {
  "timestamp": "2025-05-27T00:56:46.503Z",
  "is_connected": false,
  "is_authenticated": false,
  "is_authenticating": false
}
[2025-05-27T00:56:46.635Z] FRONTEND:AUTH - DEBUG: Auth Flow - HeaderConnect Render
  Details: {
  "timestamp": "2025-05-27T00:56:46.635Z",
  "is_connected": false,
  "is_authenticated": false,
  "is_authenticating": false
}
[2025-05-27T00:56:46.636Z] FRONTEND:AUTH - DEBUG: Auth Flow - HeaderConnect Render
  Details: {
  "timestamp": "2025-05-27T00:56:46.636Z",
  "is_connected": false,
  "is_authenticated": false,
  "is_authenticating": false
}
[2025-05-27T00:56:46.758Z] FRONTEND:AUTH - DEBUG: Auth Flow - HeaderConnect Render
  Details: {
  "timestamp": "2025-05-27T00:56:46.758Z",
  "is_connected": false,
  "is_authenticated": false,
  "is_authenticating": false
}
[2025-05-27T00:56:46.903Z] FRONTEND:AUTH - DEBUG: Auth Flow - HeaderConnect Render
  Details: {
  "timestamp": "2025-05-27T00:56:46.903Z",
  "is_connected": false,
  "is_authenticated": false,
  "is_authenticating": false
}
[2025-05-27T00:56:46.904Z] FRONTEND:AUTH - DEBUG: Auth Flow - HeaderConnect Render
  Details: {
  "timestamp": "2025-05-27T00:56:46.904Z",
  "is_connected": false,
  "is_authenticated": false,
  "is_authenticating": false
}
[2025-05-27T00:56:47.044Z] FRONTEND:AUTH - DEBUG: Auth Flow - HeaderConnect Render
  Details: {
  "timestamp": "2025-05-27T00:56:47.044Z",
  "is_connected": false,
  "is_authenticated": false,
  "is_authenticating": false
}
[2025-05-27T00:56:47.046Z] FRONTEND:AUTH - DEBUG: Auth Flow - HeaderConnect Render
  Details: {
  "timestamp": "2025-05-27T00:56:47.046Z",
  "is_connected": false,
  "is_authenticated": false,
  "is_authenticating": false
}
[2025-05-27T00:56:46.757Z] FRONTEND:AUTH - DEBUG: Auth Flow - HeaderConnect Render
  Details: {
  "timestamp": "2025-05-27T00:56:46.757Z",
  "is_connected": false,
  "is_authenticated": false,
  "is_authenticating": false
}
[2025-05-27T00:56:47.187Z] FRONTEND:AUTH - DEBUG: Auth Flow - HeaderConnect Render
  Details: {
  "timestamp": "2025-05-27T00:56:47.187Z",
  "is_connected": false,
  "is_authenticated": false,
  "is_authenticating": false
}
[2025-05-27T00:56:47.188Z] FRONTEND:AUTH - DEBUG: Auth Flow - HeaderConnect Render
  Details: {
  "timestamp": "2025-05-27T00:56:47.188Z",
  "is_connected": false,
  "is_authenticated": false,
  "is_authenticating": false
}
[2025-05-27T00:56:48.102Z] FRONTEND:AUTH - DEBUG: Auth Flow - HeaderConnect Render
  Details: {
  "timestamp": "2025-05-27T00:56:48.102Z",
  "is_connected": false,
  "is_authenticated": false,
  "is_authenticating": false
}
[2025-05-27T00:56:48.103Z] FRONTEND:AUTH - DEBUG: Auth Flow - HeaderConnect Render
  Details: {
  "timestamp": "2025-05-27T00:56:48.103Z",
  "is_connected": false,
  "is_authenticated": false,
  "is_authenticating": false
}
[2025-05-27T00:56:48.284Z] FRONTEND:AUTH - DEBUG: Auth Flow - HeaderConnect Render
  Details: {
  "timestamp": "2025-05-27T00:56:48.284Z",
  "is_connected": false,
  "is_authenticated": false,
  "is_authenticating": false
}
[2025-05-27T00:56:48.285Z] FRONTEND:AUTH - DEBUG: Auth Flow - HeaderConnect Render
  Details: {
  "timestamp": "2025-05-27T00:56:48.285Z",
  "is_connected": false,
  "is_authenticated": false,
  "is_authenticating": false
}
[2025-05-27T00:56:50.595Z] FRONTEND:AUTH - DEBUG: Auth Flow - HeaderConnect Render
  Details: {
  "timestamp": "2025-05-27T00:56:50.595Z",
  "is_connected": false,
  "is_authenticated": false,
  "is_authenticating": false
}
[2025-05-27T00:56:50.597Z] FRONTEND:AUTH - DEBUG: Auth Flow - HeaderConnect Render
  Details: {
  "timestamp": "2025-05-27T00:56:50.597Z",
  "is_connected": false,
  "is_authenticated": false,
  "is_authenticating": false
}
[2025-05-27T00:56:50.723Z] FRONTEND:AUTH - DEBUG: Auth Flow - Auth state updated
  Details: {
  "timestamp": "2025-05-27T00:56:50.723Z",
  "is_connected": false,
  "is_authenticated": false,
  "is_authenticating": false,
  "initial_check_done": false,
  "needs_reauthentication": false,
  "last_authenticated_address": null
}
[2025-05-27T00:56:50.724Z] FRONTEND:CS2 - INFO: Market navbar mounted with enhanced Skinport style and animations
  Details: {
  "categoriesCount": 4,
  "currentCategory": "none",
  "style": "text-only-enhanced-animated",
  "log_destination": "market",
  "timestamp": "2025-05-27T00:56:50.724Z"
}
[2025-05-27T00:56:50.729Z] FRONTEND:AUTH - DEBUG: Auth Flow - Auth state updated
  Details: {
  "timestamp": "2025-05-27T00:56:50.729Z",
  "is_connected": false,
  "is_authenticated": false,
  "is_authenticating": false,
  "initial_check_done": false,
  "needs_reauthentication": false,
  "last_authenticated_address": null
}
[2025-05-27T00:56:59.854Z] FRONTEND:AUTH - DEBUG: Auth Flow - HeaderConnect Render
  Details: {
  "timestamp": "2025-05-27T00:56:59.854Z",
  "is_connected": false,
  "is_authenticated": false,
  "is_authenticating": false
}
[2025-05-27T00:56:59.855Z] FRONTEND:AUTH - DEBUG: Auth Flow - HeaderConnect Render
  Details: {
  "timestamp": "2025-05-27T00:56:59.855Z",
  "is_connected": false,
  "is_authenticated": false,
  "is_authenticating": false
}
[2025-05-27T00:57:00.002Z] FRONTEND:AUTH - DEBUG: Auth Flow - HeaderConnect Render
  Details: {
  "timestamp": "2025-05-27T00:57:00.002Z",
  "is_connected": false,
  "is_authenticated": false,
  "is_authenticating": false
}
[2025-05-27T00:57:00.003Z] FRONTEND:AUTH - DEBUG: Auth Flow - HeaderConnect Render
  Details: {
  "timestamp": "2025-05-27T00:57:00.003Z",
  "is_connected": false,
  "is_authenticated": false,
  "is_authenticating": false
}
[2025-05-27T00:57:02.182Z] FRONTEND:AUTH - DEBUG: Auth Flow - HeaderConnect Render
  Details: {
  "timestamp": "2025-05-27T00:57:02.182Z",
  "is_connected": false,
  "is_authenticated": false,
  "is_authenticating": false
}
[2025-05-27T00:57:02.182Z] FRONTEND:AUTH - DEBUG: Auth Flow - HeaderConnect Render
  Details: {
  "timestamp": "2025-05-27T00:57:02.182Z",
  "is_connected": false,
  "is_authenticated": false,
  "is_authenticating": false
}
[2025-05-27T00:57:02.260Z] FRONTEND:AUTH - DEBUG: Auth Flow - Auth state updated
  Details: {
  "timestamp": "2025-05-27T00:57:02.260Z",
  "is_connected": false,
  "is_authenticated": false,
  "is_authenticating": false,
  "initial_check_done": false,
  "needs_reauthentication": false,
  "last_authenticated_address": null
}
[2025-05-27T00:57:02.261Z] FRONTEND:CS2 - INFO: Market navbar mounted with enhanced Skinport style and animations
  Details: {
  "categoriesCount": 4,
  "currentCategory": "none",
  "style": "text-only-enhanced-animated",
  "log_destination": "market",
  "timestamp": "2025-05-27T00:57:02.261Z"
}
[2025-05-27T00:57:02.264Z] FRONTEND:AUTH - DEBUG: Auth Flow - Auth state updated
  Details: {
  "timestamp": "2025-05-27T00:57:02.264Z",
  "is_connected": false,
  "is_authenticated": false,
  "is_authenticating": false,
  "initial_check_done": false,
  "needs_reauthentication": false,
  "last_authenticated_address": null
}
[2025-05-27T00:57:13.993Z] FRONTEND:CS2 - INFO: Validating model path: /assets/models/cs2/weapons/awp_counter_strike_2.glb
  Details: {
  "component": "HomePage",
  "modelPath": "/assets/models/cs2/weapons/awp_counter_strike_2.glb",
  "exists": true,
  "log_destination": "market",
  "timestamp": "2025-05-27T00:57:13.993Z"
}
[2025-05-27T00:57:13.995Z] FRONTEND:CS2 - INFO: Validating model path: /assets/models/cs2/weapons/sandstorm_-_gunblade.glb
  Details: {
  "component": "HomePage",
  "modelPath": "/assets/models/cs2/weapons/sandstorm_-_gunblade.glb",
  "exists": true,
  "log_destination": "market",
  "timestamp": "2025-05-27T00:57:13.995Z"
}
[2025-05-27T00:57:13.996Z] FRONTEND:CS2 - INFO: Validating model path: /assets/models/cs2/knives/cs2_knife_-_case_hardened__free.glb
  Details: {
  "component": "HomePage",
  "modelPath": "/assets/models/cs2/knives/cs2_knife_-_case_hardened__free.glb",
  "exists": true,
  "log_destination": "market",
  "timestamp": "2025-05-27T00:57:13.996Z"
}
[2025-05-27T00:57:14.707Z] FRONTEND:AUTH - DEBUG: Auth Flow - Initial Auth State Check
  Details: {
  "timestamp": "2025-05-27T00:57:14.707Z",
  "has_token": false,
  "has_user": false
}
[2025-05-27T00:57:15.315Z] FRONTEND:AUTH - DEBUG: Auth Flow - HeaderConnect Render
  Details: {
  "timestamp": "2025-05-27T00:57:15.315Z",
  "is_connected": false,
  "is_authenticated": false,
  "is_authenticating": false
}
[2025-05-27T00:57:15.317Z] FRONTEND:AUTH - DEBUG: Auth Flow - HeaderConnect Render
  Details: {
  "timestamp": "2025-05-27T00:57:15.317Z",
  "is_connected": false,
  "is_authenticated": false,
  "is_authenticating": false
}
[2025-05-27T00:57:15.930Z] FRONTEND:AUTH - DEBUG: Auth Flow - HeaderConnect Render
  Details: {
  "timestamp": "2025-05-27T00:57:15.930Z",
  "is_connected": false,
  "is_authenticated": false,
  "is_authenticating": false
}
[2025-05-27T00:57:15.932Z] FRONTEND:AUTH - DEBUG: Auth Flow - HeaderConnect Render
  Details: {
  "timestamp": "2025-05-27T00:57:15.932Z",
  "is_connected": false,
  "is_authenticated": false,
  "is_authenticating": false
}
[2025-05-27T00:57:16.287Z] FRONTEND:AUTH - DEBUG: Auth Flow - HeaderConnect Render
  Details: {
  "timestamp": "2025-05-27T00:57:16.287Z",
  "is_connected": false,
  "is_authenticated": false,
  "is_authenticating": false
}
[2025-05-27T00:57:16.513Z] FRONTEND:AUTH - DEBUG: Auth Flow - Auth state updated
  Details: {
  "timestamp": "2025-05-27T00:57:16.513Z",
  "is_connected": false,
  "is_authenticated": false,
  "is_authenticating": false,
  "initial_check_done": false,
  "needs_reauthentication": false,
  "last_authenticated_address": null
}
[2025-05-27T00:57:16.514Z] FRONTEND:CS2 - INFO: Market navbar mounted with enhanced Skinport style and animations
  Details: {
  "categoriesCount": 4,
  "currentCategory": "none",
  "style": "text-only-enhanced-animated",
  "log_destination": "market",
  "timestamp": "2025-05-27T00:57:16.514Z"
}
[2025-05-27T00:57:16.286Z] FRONTEND:AUTH - DEBUG: Auth Flow - HeaderConnect Render
  Details: {
  "timestamp": "2025-05-27T00:57:16.286Z",
  "is_connected": false,
  "is_authenticated": false,
  "is_authenticating": false
}
[2025-05-27T00:57:16.527Z] FRONTEND:AUTH - DEBUG: Auth Flow - Auth state updated
  Details: {
  "timestamp": "2025-05-27T00:57:16.527Z",
  "is_connected": false,
  "is_authenticated": false,
  "is_authenticating": false,
  "initial_check_done": false,
  "needs_reauthentication": false,
  "last_authenticated_address": null
}
[2025-05-27T00:57:16.700Z] FRONTEND:AUTH - DEBUG: Auth Flow - HeaderConnect Render
  Details: {
  "timestamp": "2025-05-27T00:57:16.700Z",
  "is_connected": false,
  "is_authenticated": false,
  "is_authenticating": false
}
[2025-05-27T00:57:16.701Z] FRONTEND:AUTH - DEBUG: Auth Flow - HeaderConnect Render
  Details: {
  "timestamp": "2025-05-27T00:57:16.701Z",
  "is_connected": false,
  "is_authenticated": false,
  "is_authenticating": false
}
[2025-05-27T00:57:16.777Z] FRONTEND:AUTH - DEBUG: Auth Flow - Auth state updated
  Details: {
  "timestamp": "2025-05-27T00:57:16.777Z",
  "is_connected": false,
  "is_authenticated": false,
  "is_authenticating": false,
  "initial_check_done": false,
  "needs_reauthentication": false,
  "last_authenticated_address": null
}
[2025-05-27T00:57:16.778Z] FRONTEND:CS2 - INFO: Market navbar mounted with enhanced Skinport style and animations
  Details: {
  "categoriesCount": 4,
  "currentCategory": "none",
  "style": "text-only-enhanced-animated",
  "log_destination": "market",
  "timestamp": "2025-05-27T00:57:16.778Z"
}
[2025-05-27T00:57:16.780Z] FRONTEND:AUTH - DEBUG: Auth Flow - Auth state updated
  Details: {
  "timestamp": "2025-05-27T00:57:16.780Z",
  "is_connected": false,
  "is_authenticated": false,
  "is_authenticating": false,
  "initial_check_done": false,
  "needs_reauthentication": false,
  "last_authenticated_address": null
}
[2025-05-27T00:57:29.286Z] FRONTEND:CS2 - INFO: Validating model path: /assets/models/cs2/weapons/awp_counter_strike_2.glb
  Details: {
  "component": "HomePage",
  "modelPath": "/assets/models/cs2/weapons/awp_counter_strike_2.glb",
  "exists": true,
  "log_destination": "market",
  "timestamp": "2025-05-27T00:57:29.286Z"
}
[2025-05-27T00:57:29.286Z] FRONTEND:CS2 - INFO: Validating model path: /assets/models/cs2/weapons/sandstorm_-_gunblade.glb
  Details: {
  "component": "HomePage",
  "modelPath": "/assets/models/cs2/weapons/sandstorm_-_gunblade.glb",
  "exists": true,
  "log_destination": "market",
  "timestamp": "2025-05-27T00:57:29.286Z"
}
[2025-05-27T00:57:29.288Z] FRONTEND:CS2 - INFO: Validating model path: /assets/models/cs2/knives/cs2_knife_-_case_hardened__free.glb
  Details: {
  "component": "HomePage",
  "modelPath": "/assets/models/cs2/knives/cs2_knife_-_case_hardened__free.glb",
  "exists": true,
  "log_destination": "market",
  "timestamp": "2025-05-27T00:57:29.288Z"
}
[2025-05-27T00:57:29.636Z] FRONTEND:AUTH - DEBUG: Auth Flow - Initial Auth State Check
  Details: {
  "timestamp": "2025-05-27T00:57:29.636Z",
  "has_token": false,
  "has_user": false
}
[2025-05-27T00:57:29.729Z] FRONTEND:AUTH - DEBUG: Auth Flow - HeaderConnect Render
  Details: {
  "timestamp": "2025-05-27T00:57:29.729Z",
  "is_connected": false,
  "is_authenticated": false,
  "is_authenticating": false
}
[2025-05-27T00:57:29.731Z] FRONTEND:AUTH - DEBUG: Auth Flow - HeaderConnect Render
  Details: {
  "timestamp": "2025-05-27T00:57:29.731Z",
  "is_connected": false,
  "is_authenticated": false,
  "is_authenticating": false
}
[2025-05-27T00:57:30.065Z] FRONTEND:AUTH - DEBUG: Auth Flow - HeaderConnect Render
  Details: {
  "timestamp": "2025-05-27T00:57:30.065Z",
  "is_connected": false,
  "is_authenticated": false,
  "is_authenticating": false
}
[2025-05-27T00:57:30.066Z] FRONTEND:AUTH - DEBUG: Auth Flow - HeaderConnect Render
  Details: {
  "timestamp": "2025-05-27T00:57:30.066Z",
  "is_connected": false,
  "is_authenticated": false,
  "is_authenticating": false
}
[2025-05-27T00:57:30.209Z] FRONTEND:AUTH - DEBUG: Auth Flow - HeaderConnect Render
  Details: {
  "timestamp": "2025-05-27T00:57:30.209Z",
  "is_connected": false,
  "is_authenticated": false,
  "is_authenticating": false
}
[2025-05-27T00:57:30.210Z] FRONTEND:AUTH - DEBUG: Auth Flow - HeaderConnect Render
  Details: {
  "timestamp": "2025-05-27T00:57:30.210Z",
  "is_connected": false,
  "is_authenticated": false,
  "is_authenticating": false
}
[2025-05-27T00:57:30.308Z] FRONTEND:AUTH - DEBUG: Auth Flow - HeaderConnect Render
  Details: {
  "timestamp": "2025-05-27T00:57:30.308Z",
  "is_connected": false,
  "is_authenticated": false,
  "is_authenticating": false
}
[2025-05-27T00:57:30.309Z] FRONTEND:AUTH - DEBUG: Auth Flow - HeaderConnect Render
  Details: {
  "timestamp": "2025-05-27T00:57:30.309Z",
  "is_connected": false,
  "is_authenticated": false,
  "is_authenticating": false
}
[2025-05-27T00:57:30.442Z] FRONTEND:AUTH - DEBUG: Auth Flow - HeaderConnect Render
  Details: {
  "timestamp": "2025-05-27T00:57:30.442Z",
  "is_connected": false,
  "is_authenticated": false,
  "is_authenticating": false
}
[2025-05-27T00:57:30.443Z] FRONTEND:AUTH - DEBUG: Auth Flow - HeaderConnect Render
  Details: {
  "timestamp": "2025-05-27T00:57:30.443Z",
  "is_connected": false,
  "is_authenticated": false,
  "is_authenticating": false
}
[2025-05-27T00:57:30.484Z] FRONTEND:AUTH - DEBUG: Auth Flow - HeaderConnect Render
  Details: {
  "timestamp": "2025-05-27T00:57:30.484Z",
  "is_connected": false,
  "is_authenticated": false,
  "is_authenticating": false
}
[2025-05-27T00:57:30.485Z] FRONTEND:AUTH - DEBUG: Auth Flow - HeaderConnect Render
  Details: {
  "timestamp": "2025-05-27T00:57:30.485Z",
  "is_connected": false,
  "is_authenticated": false,
  "is_authenticating": false
}
[2025-05-27T00:57:33.109Z] FRONTEND:AUTH - DEBUG: Auth Flow - HeaderConnect Render
  Details: {
  "timestamp": "2025-05-27T00:57:33.109Z",
  "is_connected": false,
  "is_authenticated": false,
  "is_authenticating": false
}
[2025-05-27T00:57:33.110Z] FRONTEND:AUTH - DEBUG: Auth Flow - HeaderConnect Render
  Details: {
  "timestamp": "2025-05-27T00:57:33.110Z",
  "is_connected": false,
  "is_authenticated": false,
  "is_authenticating": false
}
[2025-05-27T00:57:33.228Z] FRONTEND:AUTH - DEBUG: Auth Flow - Auth state updated
  Details: {
  "timestamp": "2025-05-27T00:57:33.228Z",
  "is_connected": false,
  "is_authenticated": false,
  "is_authenticating": false,
  "initial_check_done": false,
  "needs_reauthentication": false,
  "last_authenticated_address": null
}
[2025-05-27T00:57:33.229Z] FRONTEND:CS2 - INFO: Market navbar mounted with enhanced Skinport style and animations
  Details: {
  "categoriesCount": 4,
  "currentCategory": "none",
  "style": "text-only-enhanced-animated",
  "log_destination": "market",
  "timestamp": "2025-05-27T00:57:33.229Z"
}
[2025-05-27T00:57:33.244Z] FRONTEND:AUTH - DEBUG: Auth Flow - Auth state updated
  Details: {
  "timestamp": "2025-05-27T00:57:33.244Z",
  "is_connected": false,
  "is_authenticated": false,
  "is_authenticating": false,
  "initial_check_done": false,
  "needs_reauthentication": false,
  "last_authenticated_address": null
}
[2025-05-27T00:57:33.429Z] FRONTEND:AUTH - DEBUG: Auth Flow - HeaderConnect Render
  Details: {
  "timestamp": "2025-05-27T00:57:33.429Z",
  "is_connected": false,
  "is_authenticated": false,
  "is_authenticating": false
}
[2025-05-27T00:57:33.430Z] FRONTEND:AUTH - DEBUG: Auth Flow - HeaderConnect Render
  Details: {
  "timestamp": "2025-05-27T00:57:33.430Z",
  "is_connected": false,
  "is_authenticated": false,
  "is_authenticating": false
}
[2025-05-27T00:57:33.525Z] FRONTEND:AUTH - DEBUG: Auth Flow - Auth state updated
  Details: {
  "timestamp": "2025-05-27T00:57:33.525Z",
  "is_connected": false,
  "is_authenticated": false,
  "is_authenticating": false,
  "initial_check_done": false,
  "needs_reauthentication": false,
  "last_authenticated_address": null
}
[2025-05-27T00:57:33.526Z] FRONTEND:CS2 - INFO: Market navbar mounted with enhanced Skinport style and animations
  Details: {
  "categoriesCount": 4,
  "currentCategory": "none",
  "style": "text-only-enhanced-animated",
  "log_destination": "market",
  "timestamp": "2025-05-27T00:57:33.526Z"
}
[2025-05-27T00:57:33.530Z] FRONTEND:AUTH - DEBUG: Auth Flow - Auth state updated
  Details: {
  "timestamp": "2025-05-27T00:57:33.530Z",
  "is_connected": false,
  "is_authenticated": false,
  "is_authenticating": false,
  "initial_check_done": false,
  "needs_reauthentication": false,
  "last_authenticated_address": null
}
[2025-05-27T00:59:07.364Z] FRONTEND:AUTH - DEBUG: Auth Flow - HeaderConnect Render
  Details: {
  "timestamp": "2025-05-27T00:59:07.364Z",
  "is_connected": false,
  "is_authenticated": false,
  "is_authenticating": false
}
[2025-05-27T00:59:07.363Z] FRONTEND:AUTH - DEBUG: Auth Flow - HeaderConnect Render
  Details: {
  "timestamp": "2025-05-27T00:59:07.363Z",
  "is_connected": false,
  "is_authenticated": false,
  "is_authenticating": false
}
[2025-05-27T00:59:09.586Z] FRONTEND:AUTH - DEBUG: Auth Flow - HeaderConnect Render
  Details: {
  "timestamp": "2025-05-27T00:59:09.586Z",
  "is_connected": false,
  "is_authenticated": false,
  "is_authenticating": false
}
[2025-05-27T00:59:09.587Z] FRONTEND:AUTH - DEBUG: Auth Flow - HeaderConnect Render
  Details: {
  "timestamp": "2025-05-27T00:59:09.587Z",
  "is_connected": false,
  "is_authenticated": false,
  "is_authenticating": false
}
[2025-05-27T00:59:09.673Z] FRONTEND:AUTH - DEBUG: Auth Flow - Auth state updated
  Details: {
  "timestamp": "2025-05-27T00:59:09.673Z",
  "is_connected": false,
  "is_authenticated": false,
  "is_authenticating": false,
  "initial_check_done": false,
  "needs_reauthentication": false,
  "last_authenticated_address": null
}
[2025-05-27T00:59:09.673Z] FRONTEND:CS2 - INFO: Market navbar mounted with enhanced Skinport style and animations
  Details: {
  "categoriesCount": 4,
  "currentCategory": "none",
  "style": "text-only-enhanced-animated",
  "log_destination": "market",
  "timestamp": "2025-05-27T00:59:09.673Z"
}
[2025-05-27T00:59:09.675Z] FRONTEND:AUTH - DEBUG: Auth Flow - Auth state updated
  Details: {
  "timestamp": "2025-05-27T00:59:09.675Z",
  "is_connected": false,
  "is_authenticated": false,
  "is_authenticating": false,
  "initial_check_done": false,
  "needs_reauthentication": false,
  "last_authenticated_address": null
}
[2025-05-27T00:59:15.648Z] FRONTEND:AUTH - DEBUG: Auth Flow - HeaderConnect Render
  Details: {
  "timestamp": "2025-05-27T00:59:15.648Z",
  "is_connected": false,
  "is_authenticated": false,
  "is_authenticating": false
}
[2025-05-27T00:59:15.649Z] FRONTEND:AUTH - DEBUG: Auth Flow - HeaderConnect Render
  Details: {
  "timestamp": "2025-05-27T00:59:15.649Z",
  "is_connected": false,
  "is_authenticated": false,
  "is_authenticating": false
}
[2025-05-27T00:59:15.788Z] FRONTEND:AUTH - DEBUG: Auth Flow - HeaderConnect Render
  Details: {
  "timestamp": "2025-05-27T00:59:15.788Z",
  "is_connected": false,
  "is_authenticated": false,
  "is_authenticating": false
}
[2025-05-27T00:59:15.788Z] FRONTEND:AUTH - DEBUG: Auth Flow - HeaderConnect Render
  Details: {
  "timestamp": "2025-05-27T00:59:15.788Z",
  "is_connected": false,
  "is_authenticated": false,
  "is_authenticating": false
}
[2025-05-27T00:59:18.199Z] FRONTEND:AUTH - DEBUG: Auth Flow - HeaderConnect Render
  Details: {
  "timestamp": "2025-05-27T00:59:18.199Z",
  "is_connected": false,
  "is_authenticated": false,
  "is_authenticating": false
}
[2025-05-27T00:59:18.200Z] FRONTEND:AUTH - DEBUG: Auth Flow - HeaderConnect Render
  Details: {
  "timestamp": "2025-05-27T00:59:18.200Z",
  "is_connected": false,
  "is_authenticated": false,
  "is_authenticating": false
}
[2025-05-27T00:59:18.293Z] FRONTEND:AUTH - DEBUG: Auth Flow - Auth state updated
  Details: {
  "timestamp": "2025-05-27T00:59:18.293Z",
  "is_connected": false,
  "is_authenticated": false,
  "is_authenticating": false,
  "initial_check_done": false,
  "needs_reauthentication": false,
  "last_authenticated_address": null
}
[2025-05-27T00:59:18.293Z] FRONTEND:CS2 - INFO: Market navbar mounted with enhanced Skinport style and animations
  Details: {
  "categoriesCount": 4,
  "currentCategory": "none",
  "style": "text-only-enhanced-animated",
  "log_destination": "market",
  "timestamp": "2025-05-27T00:59:18.293Z"
}
[2025-05-27T00:59:18.295Z] FRONTEND:AUTH - DEBUG: Auth Flow - Auth state updated
  Details: {
  "timestamp": "2025-05-27T00:59:18.295Z",
  "is_connected": false,
  "is_authenticated": false,
  "is_authenticating": false,
  "initial_check_done": false,
  "needs_reauthentication": false,
  "last_authenticated_address": null
}
[2025-05-27T00:59:25.621Z] FRONTEND:CS2 - INFO: Validating model path: /assets/models/cs2/weapons/awp_counter_strike_2.glb
  Details: {
  "component": "HomePage",
  "modelPath": "/assets/models/cs2/weapons/awp_counter_strike_2.glb",
  "exists": true,
  "log_destination": "market",
  "timestamp": "2025-05-27T00:59:25.620Z"
}
[2025-05-27T00:59:25.621Z] FRONTEND:CS2 - INFO: Validating model path: /assets/models/cs2/weapons/sandstorm_-_gunblade.glb
  Details: {
  "component": "HomePage",
  "modelPath": "/assets/models/cs2/weapons/sandstorm_-_gunblade.glb",
  "exists": true,
  "log_destination": "market",
  "timestamp": "2025-05-27T00:59:25.621Z"
}
[2025-05-27T00:59:25.621Z] FRONTEND:CS2 - INFO: Validating model path: /assets/models/cs2/knives/cs2_knife_-_case_hardened__free.glb
  Details: {
  "component": "HomePage",
  "modelPath": "/assets/models/cs2/knives/cs2_knife_-_case_hardened__free.glb",
  "exists": true,
  "log_destination": "market",
  "timestamp": "2025-05-27T00:59:25.621Z"
}
[2025-05-27T00:59:25.873Z] FRONTEND:AUTH - DEBUG: Auth Flow - Initial Auth State Check
  Details: {
  "timestamp": "2025-05-27T00:59:25.873Z",
  "has_token": false,
  "has_user": false
}
[2025-05-27T00:59:25.958Z] FRONTEND:AUTH - DEBUG: Auth Flow - HeaderConnect Render
  Details: {
  "timestamp": "2025-05-27T00:59:25.958Z",
  "is_connected": false,
  "is_authenticated": false,
  "is_authenticating": false
}
[2025-05-27T00:59:25.959Z] FRONTEND:AUTH - DEBUG: Auth Flow - HeaderConnect Render
  Details: {
  "timestamp": "2025-05-27T00:59:25.959Z",
  "is_connected": false,
  "is_authenticated": false,
  "is_authenticating": false
}
[2025-05-27T00:59:26.254Z] FRONTEND:AUTH - DEBUG: Auth Flow - HeaderConnect Render
  Details: {
  "timestamp": "2025-05-27T00:59:26.254Z",
  "is_connected": false,
  "is_authenticated": false,
  "is_authenticating": false
}
[2025-05-27T00:59:26.255Z] FRONTEND:AUTH - DEBUG: Auth Flow - HeaderConnect Render
  Details: {
  "timestamp": "2025-05-27T00:59:26.255Z",
  "is_connected": false,
  "is_authenticated": false,
  "is_authenticating": false
}
[2025-05-27T00:59:26.375Z] FRONTEND:AUTH - DEBUG: Auth Flow - HeaderConnect Render
  Details: {
  "timestamp": "2025-05-27T00:59:26.375Z",
  "is_connected": false,
  "is_authenticated": false,
  "is_authenticating": false
}
[2025-05-27T00:59:26.376Z] FRONTEND:AUTH - DEBUG: Auth Flow - HeaderConnect Render
  Details: {
  "timestamp": "2025-05-27T00:59:26.376Z",
  "is_connected": false,
  "is_authenticated": false,
  "is_authenticating": false
}
[2025-05-27T00:59:26.452Z] FRONTEND:AUTH - DEBUG: Auth Flow - HeaderConnect Render
  Details: {
  "timestamp": "2025-05-27T00:59:26.452Z",
  "is_connected": false,
  "is_authenticated": false,
  "is_authenticating": false
}
[2025-05-27T00:59:26.454Z] FRONTEND:AUTH - DEBUG: Auth Flow - HeaderConnect Render
  Details: {
  "timestamp": "2025-05-27T00:59:26.454Z",
  "is_connected": false,
  "is_authenticated": false,
  "is_authenticating": false
}
[2025-05-27T00:59:26.542Z] FRONTEND:AUTH - DEBUG: Auth Flow - HeaderConnect Render
  Details: {
  "timestamp": "2025-05-27T00:59:26.542Z",
  "is_connected": false,
  "is_authenticated": false,
  "is_authenticating": false
}
[2025-05-27T00:59:26.543Z] FRONTEND:AUTH - DEBUG: Auth Flow - HeaderConnect Render
  Details: {
  "timestamp": "2025-05-27T00:59:26.543Z",
  "is_connected": false,
  "is_authenticated": false,
  "is_authenticating": false
}
[2025-05-27T00:59:26.587Z] FRONTEND:AUTH - DEBUG: Auth Flow - HeaderConnect Render
  Details: {
  "timestamp": "2025-05-27T00:59:26.587Z",
  "is_connected": false,
  "is_authenticated": false,
  "is_authenticating": false
}
[2025-05-27T00:59:26.587Z] FRONTEND:AUTH - DEBUG: Auth Flow - HeaderConnect Render
  Details: {
  "timestamp": "2025-05-27T00:59:26.587Z",
  "is_connected": false,
  "is_authenticated": false,
  "is_authenticating": false
}
[2025-05-27T00:59:27.651Z] FRONTEND:AUTH - DEBUG: Auth Flow - Auth state updated
  Details: {
  "timestamp": "2025-05-27T00:59:27.651Z",
  "is_connected": false,
  "is_authenticated": false,
  "is_authenticating": false,
  "initial_check_done": false,
  "needs_reauthentication": false,
  "last_authenticated_address": null
}
[2025-05-27T00:59:27.652Z] FRONTEND:CS2 - INFO: Market navbar mounted with enhanced Skinport style and animations
  Details: {
  "categoriesCount": 4,
  "currentCategory": "none",
  "style": "text-only-enhanced-animated",
  "log_destination": "market",
  "timestamp": "2025-05-27T00:59:27.652Z"
}
[2025-05-27T00:59:27.661Z] FRONTEND:AUTH - DEBUG: Auth Flow - Auth state updated
  Details: {
  "timestamp": "2025-05-27T00:59:27.661Z",
  "is_connected": false,
  "is_authenticated": false,
  "is_authenticating": false,
  "initial_check_done": false,
  "needs_reauthentication": false,
  "last_authenticated_address": null
}
[2025-05-27T00:59:27.585Z] FRONTEND:AUTH - DEBUG: Auth Flow - HeaderConnect Render
  Details: {
  "timestamp": "2025-05-27T00:59:27.584Z",
  "is_connected": false,
  "is_authenticated": false,
  "is_authenticating": false
}
[2025-05-27T00:59:27.585Z] FRONTEND:AUTH - DEBUG: Auth Flow - HeaderConnect Render
  Details: {
  "timestamp": "2025-05-27T00:59:27.585Z",
  "is_connected": false,
  "is_authenticated": false,
  "is_authenticating": false
}
[2025-05-27T00:59:27.747Z] FRONTEND:AUTH - DEBUG: Auth Flow - HeaderConnect Render
  Details: {
  "timestamp": "2025-05-27T00:59:27.747Z",
  "is_connected": false,
  "is_authenticated": false,
  "is_authenticating": false
}
[2025-05-27T00:59:27.748Z] FRONTEND:AUTH - DEBUG: Auth Flow - HeaderConnect Render
  Details: {
  "timestamp": "2025-05-27T00:59:27.748Z",
  "is_connected": false,
  "is_authenticated": false,
  "is_authenticating": false
}
[2025-05-27T00:59:27.796Z] FRONTEND:AUTH - DEBUG: Auth Flow - Auth state updated
  Details: {
  "timestamp": "2025-05-27T00:59:27.796Z",
  "is_connected": false,
  "is_authenticated": false,
  "is_authenticating": false,
  "initial_check_done": false,
  "needs_reauthentication": false,
  "last_authenticated_address": null
}
[2025-05-27T00:59:27.797Z] FRONTEND:CS2 - INFO: Market navbar mounted with enhanced Skinport style and animations
  Details: {
  "categoriesCount": 4,
  "currentCategory": "none",
  "style": "text-only-enhanced-animated",
  "log_destination": "market",
  "timestamp": "2025-05-27T00:59:27.797Z"
}
[2025-05-27T00:59:27.798Z] FRONTEND:AUTH - DEBUG: Auth Flow - Auth state updated
  Details: {
  "timestamp": "2025-05-27T00:59:27.798Z",
  "is_connected": false,
  "is_authenticated": false,
  "is_authenticating": false,
  "initial_check_done": false,
  "needs_reauthentication": false,
  "last_authenticated_address": null
}
[2025-05-27T00:59:34.331Z] FRONTEND:AUTH - DEBUG: Auth Flow - HeaderConnect Render
  Details: {
  "timestamp": "2025-05-27T00:59:34.331Z",
  "is_connected": false,
  "is_authenticated": false,
  "is_authenticating": false
}
[2025-05-27T00:59:34.333Z] FRONTEND:AUTH - DEBUG: Auth Flow - HeaderConnect Render
  Details: {
  "timestamp": "2025-05-27T00:59:34.333Z",
  "is_connected": false,
  "is_authenticated": false,
  "is_authenticating": false
}
[2025-05-27T00:59:36.977Z] FRONTEND:AUTH - DEBUG: Auth Flow - HeaderConnect Render
  Details: {
  "timestamp": "2025-05-27T00:59:36.977Z",
  "is_connected": false,
  "is_authenticated": false,
  "is_authenticating": false
}
[2025-05-27T00:59:36.978Z] FRONTEND:AUTH - DEBUG: Auth Flow - HeaderConnect Render
  Details: {
  "timestamp": "2025-05-27T00:59:36.978Z",
  "is_connected": false,
  "is_authenticated": false,
  "is_authenticating": false
}
[2025-05-27T00:59:37.207Z] FRONTEND:AUTH - DEBUG: Auth Flow - Auth state updated
  Details: {
  "timestamp": "2025-05-27T00:59:37.207Z",
  "is_connected": false,
  "is_authenticated": false,
  "is_authenticating": false,
  "initial_check_done": false,
  "needs_reauthentication": false,
  "last_authenticated_address": null
}
[2025-05-27T00:59:37.208Z] FRONTEND:CS2 - INFO: Market navbar mounted with enhanced Skinport style and animations
  Details: {
  "categoriesCount": 4,
  "currentCategory": "none",
  "style": "text-only-enhanced-animated",
  "log_destination": "market",
  "timestamp": "2025-05-27T00:59:37.208Z"
}
[2025-05-27T00:59:37.209Z] FRONTEND:CS2 - INFO: Rendering 20 products with enhanced staggered animation
  Details: {
  "productCount": 20,
  "productIds": [
    "1a355db6",
    "6eedda04",
    "fbe7d78d",
    "fbe7d78d",
    "fbe7d78d",
    "fbe7d78d",
    "fbe7d78d",
    "9924a945",
    "441c8935",
    "47510819",
    "0b6f114f",
    "7ac4709f",
    "56b1daec",
    "f9610422",
    "0877b573",
    "f4566c65",
    "5a6c27f6",
    "815e36ac",
    "815e36ac",
    "815e36ac"
  ],
  "animationEnabled": true,
  "staggerType": "wave",
  "baseDelay": "35ms",
  "log_destination": "market",
  "timestamp": "2025-05-27T00:59:37.209Z"
}
[2025-05-27T00:59:37.211Z] FRONTEND:CS2 - INFO: MarketPageView mounted with 20 products and enhanced animations
  Details: {
  "page": 1,
  "pageSize": 20,
  "totalProducts": 1555,
  "productIds": [
    "1a355db6",
    "6eedda04",
    "fbe7d78d",
    "fbe7d78d",
    "fbe7d78d",
    "fbe7d78d",
    "fbe7d78d",
    "9924a945",
    "441c8935",
    "47510819",
    "0b6f114f",
    "7ac4709f",
    "56b1daec",
    "f9610422",
    "0877b573",
    "f4566c65",
    "5a6c27f6",
    "815e36ac",
    "815e36ac",
    "815e36ac"
  ],
  "transitionType": "initial-mount",
  "animationsEnabled": true,
  "log_destination": "market",
  "timestamp": "2025-05-27T00:59:37.211Z"
}
[2025-05-27T00:59:37.215Z] FRONTEND:AUTH - DEBUG: Auth Flow - Auth state updated
  Details: {
  "timestamp": "2025-05-27T00:59:37.215Z",
  "is_connected": false,
  "is_authenticated": false,
  "is_authenticating": false,
  "initial_check_done": false,
  "needs_reauthentication": false,
  "last_authenticated_address": null
}
[2025-05-27T00:59:37.217Z] FRONTEND:CS2 - DEBUG: MarketPageView unmounted
  Details: {
  "page": 1,
  "log_destination": "market",
  "timestamp": "2025-05-27T00:59:37.217Z"
}
[2025-05-27T00:59:37.219Z] FRONTEND:CS2 - INFO: Rendering 20 products with enhanced staggered animation
  Details: {
  "productCount": 20,
  "productIds": [
    "1a355db6",
    "6eedda04",
    "fbe7d78d",
    "fbe7d78d",
    "fbe7d78d",
    "fbe7d78d",
    "fbe7d78d",
    "9924a945",
    "441c8935",
    "47510819",
    "0b6f114f",
    "7ac4709f",
    "56b1daec",
    "f9610422",
    "0877b573",
    "f4566c65",
    "5a6c27f6",
    "815e36ac",
    "815e36ac",
    "815e36ac"
  ],
  "animationEnabled": true,
  "staggerType": "wave",
  "baseDelay": "35ms",
  "log_destination": "market",
  "timestamp": "2025-05-27T00:59:37.219Z"
}
[2025-05-27T00:59:41.323Z] FRONTEND:AUTH - DEBUG: Auth Flow - HeaderConnect Render
  Details: {
  "timestamp": "2025-05-27T00:59:41.323Z",
  "is_connected": false,
  "is_authenticated": false,
  "is_authenticating": false
}
[2025-05-27T00:59:41.324Z] FRONTEND:AUTH - DEBUG: Auth Flow - HeaderConnect Render
  Details: {
  "timestamp": "2025-05-27T00:59:41.324Z",
  "is_connected": false,
  "is_authenticated": false,
  "is_authenticating": false
}
[2025-05-27T00:59:42.458Z] FRONTEND:AUTH - DEBUG: Auth Flow - HeaderConnect Render
  Details: {
  "timestamp": "2025-05-27T00:59:42.458Z",
  "is_connected": false,
  "is_authenticated": false,
  "is_authenticating": false
}
[2025-05-27T00:59:42.459Z] FRONTEND:AUTH - DEBUG: Auth Flow - HeaderConnect Render
  Details: {
  "timestamp": "2025-05-27T00:59:42.459Z",
  "is_connected": false,
  "is_authenticated": false,
  "is_authenticating": false
}
[2025-05-27T00:59:42.605Z] FRONTEND:AUTH - DEBUG: Auth Flow - Auth state updated
  Details: {
  "timestamp": "2025-05-27T00:59:42.605Z",
  "is_connected": false,
  "is_authenticated": false,
  "is_authenticating": false,
  "initial_check_done": false,
  "needs_reauthentication": false,
  "last_authenticated_address": null
}
[2025-05-27T00:59:42.606Z] FRONTEND:CS2 - INFO: Market navbar mounted with enhanced Skinport style and animations
  Details: {
  "categoriesCount": 4,
  "currentCategory": "none",
  "style": "text-only-enhanced-animated",
  "log_destination": "market",
  "timestamp": "2025-05-27T00:59:42.606Z"
}
[2025-05-27T00:59:42.610Z] FRONTEND:AUTH - DEBUG: Auth Flow - Auth state updated
  Details: {
  "timestamp": "2025-05-27T00:59:42.610Z",
  "is_connected": false,
  "is_authenticated": false,
  "is_authenticating": false,
  "initial_check_done": false,
  "needs_reauthentication": false,
  "last_authenticated_address": null
}
[2025-05-27T00:59:50.683Z] FRONTEND:CS2 - INFO: Validating model path: /assets/models/cs2/weapons/awp_counter_strike_2.glb
  Details: {
  "component": "HomePage",
  "modelPath": "/assets/models/cs2/weapons/awp_counter_strike_2.glb",
  "exists": true,
  "log_destination": "market",
  "timestamp": "2025-05-27T00:59:50.683Z"
}
[2025-05-27T00:59:50.684Z] FRONTEND:CS2 - INFO: Validating model path: /assets/models/cs2/weapons/sandstorm_-_gunblade.glb
  Details: {
  "component": "HomePage",
  "modelPath": "/assets/models/cs2/weapons/sandstorm_-_gunblade.glb",
  "exists": true,
  "log_destination": "market",
  "timestamp": "2025-05-27T00:59:50.684Z"
}
[2025-05-27T00:59:50.684Z] FRONTEND:CS2 - INFO: Validating model path: /assets/models/cs2/knives/cs2_knife_-_case_hardened__free.glb
  Details: {
  "component": "HomePage",
  "modelPath": "/assets/models/cs2/knives/cs2_knife_-_case_hardened__free.glb",
  "exists": true,
  "log_destination": "market",
  "timestamp": "2025-05-27T00:59:50.684Z"
}
[2025-05-27T00:59:51.138Z] FRONTEND:AUTH - DEBUG: Auth Flow - Initial Auth State Check
  Details: {
  "timestamp": "2025-05-27T00:59:51.138Z",
  "has_token": false,
  "has_user": false
}
[2025-05-27T00:59:51.279Z] FRONTEND:AUTH - DEBUG: Auth Flow - HeaderConnect Render
  Details: {
  "timestamp": "2025-05-27T00:59:51.279Z",
  "is_connected": false,
  "is_authenticated": false,
  "is_authenticating": false
}
[2025-05-27T00:59:51.280Z] FRONTEND:AUTH - DEBUG: Auth Flow - HeaderConnect Render
  Details: {
  "timestamp": "2025-05-27T00:59:51.280Z",
  "is_connected": false,
  "is_authenticated": false,
  "is_authenticating": false
}
[2025-05-27T00:59:51.621Z] FRONTEND:AUTH - DEBUG: Auth Flow - HeaderConnect Render
  Details: {
  "timestamp": "2025-05-27T00:59:51.621Z",
  "is_connected": false,
  "is_authenticated": false,
  "is_authenticating": false
}
[2025-05-27T00:59:51.623Z] FRONTEND:AUTH - DEBUG: Auth Flow - HeaderConnect Render
  Details: {
  "timestamp": "2025-05-27T00:59:51.623Z",
  "is_connected": false,
  "is_authenticated": false,
  "is_authenticating": false
}
[2025-05-27T00:59:51.787Z] FRONTEND:AUTH - DEBUG: Auth Flow - Auth state updated
  Details: {
  "timestamp": "2025-05-27T00:59:51.787Z",
  "is_connected": false,
  "is_authenticated": false,
  "is_authenticating": false,
  "initial_check_done": false,
  "needs_reauthentication": false,
  "last_authenticated_address": null
}
[2025-05-27T00:59:51.788Z] FRONTEND:CS2 - INFO: Market navbar mounted with enhanced Skinport style and animations
  Details: {
  "categoriesCount": 4,
  "currentCategory": "none",
  "style": "text-only-enhanced-animated",
  "log_destination": "market",
  "timestamp": "2025-05-27T00:59:51.788Z"
}
[2025-05-27T00:59:51.800Z] FRONTEND:AUTH - DEBUG: Auth Flow - Auth state updated
  Details: {
  "timestamp": "2025-05-27T00:59:51.800Z",
  "is_connected": false,
  "is_authenticated": false,
  "is_authenticating": false,
  "initial_check_done": false,
  "needs_reauthentication": false,
  "last_authenticated_address": null
}
[2025-05-27T00:59:51.955Z] FRONTEND:AUTH - DEBUG: Auth Flow - HeaderConnect Render
  Details: {
  "timestamp": "2025-05-27T00:59:51.955Z",
  "is_connected": false,
  "is_authenticated": false,
  "is_authenticating": false
}
[2025-05-27T00:59:51.956Z] FRONTEND:AUTH - DEBUG: Auth Flow - HeaderConnect Render
  Details: {
  "timestamp": "2025-05-27T00:59:51.956Z",
  "is_connected": false,
  "is_authenticated": false,
  "is_authenticating": false
}
[2025-05-27T00:59:52.046Z] FRONTEND:AUTH - DEBUG: Auth Flow - Auth state updated
  Details: {
  "timestamp": "2025-05-27T00:59:52.046Z",
  "is_connected": false,
  "is_authenticated": false,
  "is_authenticating": false,
  "initial_check_done": false,
  "needs_reauthentication": false,
  "last_authenticated_address": null
}
[2025-05-27T00:59:52.046Z] FRONTEND:CS2 - INFO: Market navbar mounted with enhanced Skinport style and animations
  Details: {
  "categoriesCount": 4,
  "currentCategory": "none",
  "style": "text-only-enhanced-animated",
  "log_destination": "market",
  "timestamp": "2025-05-27T00:59:52.046Z"
}
[2025-05-27T00:59:52.049Z] FRONTEND:AUTH - DEBUG: Auth Flow - Auth state updated
  Details: {
  "timestamp": "2025-05-27T00:59:52.049Z",
  "is_connected": false,
  "is_authenticated": false,
  "is_authenticating": false,
  "initial_check_done": false,
  "needs_reauthentication": false,
  "last_authenticated_address": null
}
[2025-05-27T01:10:29.081Z] FRONTEND:CS2 - INFO: Validating model path: /assets/models/cs2/weapons/awp_counter_strike_2.glb
  Details: {
  "component": "HomePage",
  "modelPath": "/assets/models/cs2/weapons/awp_counter_strike_2.glb",
  "exists": true,
  "log_destination": "market",
  "timestamp": "2025-05-27T01:10:29.081Z"
}
[2025-05-27T01:10:29.081Z] FRONTEND:CS2 - INFO: Validating model path: /assets/models/cs2/weapons/sandstorm_-_gunblade.glb
  Details: {
  "component": "HomePage",
  "modelPath": "/assets/models/cs2/weapons/sandstorm_-_gunblade.glb",
  "exists": true,
  "log_destination": "market",
  "timestamp": "2025-05-27T01:10:29.081Z"
}
[2025-05-27T01:10:29.081Z] FRONTEND:CS2 - INFO: Validating model path: /assets/models/cs2/knives/cs2_knife_-_case_hardened__free.glb
  Details: {
  "component": "HomePage",
  "modelPath": "/assets/models/cs2/knives/cs2_knife_-_case_hardened__free.glb",
  "exists": true,
  "log_destination": "market",
  "timestamp": "2025-05-27T01:10:29.081Z"
}
[2025-05-27T01:10:29.198Z] FRONTEND:AUTH - DEBUG: Auth Flow - Initial Auth State Check
  Details: {
  "timestamp": "2025-05-27T01:10:29.198Z",
  "has_token": false,
  "has_user": false
}
[2025-05-27T01:10:29.286Z] FRONTEND:AUTH - DEBUG: Auth Flow - HeaderConnect Render
  Details: {
  "timestamp": "2025-05-27T01:10:29.286Z",
  "is_connected": false,
  "is_authenticated": false,
  "is_authenticating": false
}
[2025-05-27T01:10:29.287Z] FRONTEND:AUTH - DEBUG: Auth Flow - HeaderConnect Render
  Details: {
  "timestamp": "2025-05-27T01:10:29.287Z",
  "is_connected": false,
  "is_authenticated": false,
  "is_authenticating": false
}
[2025-05-27T01:10:29.464Z] FRONTEND:AUTH - DEBUG: Auth Flow - HeaderConnect Render
  Details: {
  "timestamp": "2025-05-27T01:10:29.464Z",
  "is_connected": false,
  "is_authenticated": false,
  "is_authenticating": false
}
[2025-05-27T01:10:29.464Z] FRONTEND:AUTH - DEBUG: Auth Flow - HeaderConnect Render
  Details: {
  "timestamp": "2025-05-27T01:10:29.464Z",
  "is_connected": false,
  "is_authenticated": false,
  "is_authenticating": false
}
[2025-05-27T01:10:29.532Z] FRONTEND:AUTH - DEBUG: Auth Flow - HeaderConnect Render
  Details: {
  "timestamp": "2025-05-27T01:10:29.532Z",
  "is_connected": false,
  "is_authenticated": false,
  "is_authenticating": false
}
[2025-05-27T01:10:29.532Z] FRONTEND:AUTH - DEBUG: Auth Flow - HeaderConnect Render
  Details: {
  "timestamp": "2025-05-27T01:10:29.532Z",
  "is_connected": false,
  "is_authenticated": false,
  "is_authenticating": false
}
[2025-05-27T01:10:31.162Z] FRONTEND:AUTH - DEBUG: Auth Flow - HeaderConnect Render
  Details: {
  "timestamp": "2025-05-27T01:10:31.162Z",
  "is_connected": false,
  "is_authenticated": false,
  "is_authenticating": false
}
[2025-05-27T01:10:31.163Z] FRONTEND:AUTH - DEBUG: Auth Flow - HeaderConnect Render
  Details: {
  "timestamp": "2025-05-27T01:10:31.163Z",
  "is_connected": false,
  "is_authenticated": false,
  "is_authenticating": false
}
[2025-05-27T01:10:31.216Z] FRONTEND:AUTH - DEBUG: Auth Flow - Auth state updated
  Details: {
  "timestamp": "2025-05-27T01:10:31.216Z",
  "is_connected": false,
  "is_authenticated": false,
  "is_authenticating": false,
  "initial_check_done": false,
  "needs_reauthentication": false,
  "last_authenticated_address": null
}
[2025-05-27T01:10:31.217Z] FRONTEND:CS2 - INFO: Market navbar mounted with enhanced Skinport style and animations
  Details: {
  "categoriesCount": 4,
  "currentCategory": "none",
  "style": "text-only-enhanced-animated",
  "log_destination": "market",
  "timestamp": "2025-05-27T01:10:31.217Z"
}
[2025-05-27T01:10:31.221Z] FRONTEND:AUTH - DEBUG: Auth Flow - Auth state updated
  Details: {
  "timestamp": "2025-05-27T01:10:31.221Z",
  "is_connected": false,
  "is_authenticated": false,
  "is_authenticating": false,
  "initial_check_done": false,
  "needs_reauthentication": false,
  "last_authenticated_address": null
}
[2025-05-27T01:10:31.271Z] FRONTEND:AUTH - DEBUG: Auth Flow - HeaderConnect Render
  Details: {
  "timestamp": "2025-05-27T01:10:31.271Z",
  "is_connected": false,
  "is_authenticated": false,
  "is_authenticating": false
}
[2025-05-27T01:10:31.271Z] FRONTEND:AUTH - DEBUG: Auth Flow - HeaderConnect Render
  Details: {
  "timestamp": "2025-05-27T01:10:31.271Z",
  "is_connected": false,
  "is_authenticated": false,
  "is_authenticating": false
}
[2025-05-27T01:10:31.301Z] FRONTEND:AUTH - DEBUG: Auth Flow - Auth state updated
  Details: {
  "timestamp": "2025-05-27T01:10:31.301Z",
  "is_connected": false,
  "is_authenticated": false,
  "is_authenticating": false,
  "initial_check_done": false,
  "needs_reauthentication": false,
  "last_authenticated_address": null
}
[2025-05-27T01:10:31.301Z] FRONTEND:CS2 - INFO: Market navbar mounted with enhanced Skinport style and animations
  Details: {
  "categoriesCount": 4,
  "currentCategory": "none",
  "style": "text-only-enhanced-animated",
  "log_destination": "market",
  "timestamp": "2025-05-27T01:10:31.301Z"
}
[2025-05-27T01:10:31.302Z] FRONTEND:AUTH - DEBUG: Auth Flow - Auth state updated
  Details: {
  "timestamp": "2025-05-27T01:10:31.302Z",
  "is_connected": false,
  "is_authenticated": false,
  "is_authenticating": false,
  "initial_check_done": false,
  "needs_reauthentication": false,
  "last_authenticated_address": null
}
[2025-05-27T01:10:31.532Z] FRONTEND:CS2 - INFO: Rendering 20 products with enhanced staggered animation
  Details: {
  "productCount": 20,
  "productIds": [
    "1a355db6",
    "6eedda04",
    "fbe7d78d",
    "fbe7d78d",
    "fbe7d78d",
    "fbe7d78d",
    "fbe7d78d",
    "9924a945",
    "441c8935",
    "47510819",
    "0b6f114f",
    "7ac4709f",
    "56b1daec",
    "f9610422",
    "0877b573",
    "f4566c65",
    "5a6c27f6",
    "815e36ac",
    "815e36ac",
    "815e36ac"
  ],
  "animationEnabled": true,
  "staggerType": "wave",
  "baseDelay": "35ms",
  "log_destination": "market",
  "timestamp": "2025-05-27T01:10:31.532Z"
}
[2025-05-27T01:10:31.533Z] FRONTEND:CS2 - INFO: MarketPageView mounted with 20 products and enhanced animations
  Details: {
  "page": 1,
  "pageSize": 20,
  "totalProducts": 1555,
  "productIds": [
    "1a355db6",
    "6eedda04",
    "fbe7d78d",
    "fbe7d78d",
    "fbe7d78d",
    "fbe7d78d",
    "fbe7d78d",
    "9924a945",
    "441c8935",
    "47510819",
    "0b6f114f",
    "7ac4709f",
    "56b1daec",
    "f9610422",
    "0877b573",
    "f4566c65",
    "5a6c27f6",
    "815e36ac",
    "815e36ac",
    "815e36ac"
  ],
  "transitionType": "initial-mount",
  "animationsEnabled": true,
  "log_destination": "market",
  "timestamp": "2025-05-27T01:10:31.533Z"
}
[2025-05-27T01:10:31.533Z] FRONTEND:CS2 - DEBUG: MarketPageView unmounted
  Details: {
  "page": 1,
  "log_destination": "market",
  "timestamp": "2025-05-27T01:10:31.533Z"
}
[2025-05-27T01:10:31.534Z] FRONTEND:CS2 - INFO: Rendering 20 products with enhanced staggered animation
  Details: {
  "productCount": 20,
  "productIds": [
    "1a355db6",
    "6eedda04",
    "fbe7d78d",
    "fbe7d78d",
    "fbe7d78d",
    "fbe7d78d",
    "fbe7d78d",
    "9924a945",
    "441c8935",
    "47510819",
    "0b6f114f",
    "7ac4709f",
    "56b1daec",
    "f9610422",
    "0877b573",
    "f4566c65",
    "5a6c27f6",
    "815e36ac",
    "815e36ac",
    "815e36ac"
  ],
  "animationEnabled": true,
  "staggerType": "wave",
  "baseDelay": "35ms",
  "log_destination": "market",
  "timestamp": "2025-05-27T01:10:31.534Z"
}
[2025-05-27T01:16:18.688Z] FRONTEND:CS2 - INFO: Paginated CS2 products: page 78 of 78
  Details: {
  "page": 78,
  "pageSize": 20,
  "totalProducts": 1555,
  "totalPages": 78,
  "previousPage": 1,
  "animationEnabled": true,
  "transitionType": "page-change",
  "operation": "pagination",
  "log_destination": "market",
  "timestamp": "2025-05-27T01:16:18.688Z"
}
[2025-05-27T01:16:21.746Z] FRONTEND:CS2 - INFO: Rendering 15 products with enhanced staggered animation
  Details: {
  "productCount": 15,
  "productIds": [
    "3184f0e6",
    "3184f0e6",
    "3184f0e6",
    "3184f0e6",
    "3184f0e6",
    "3184f0e6",
    "3184f0e6",
    "3184f0e6",
    "3184f0e6",
    "3184f0e6",
    "3184f0e6",
    "3184f0e6",
    "3184f0e6",
    "9b80dbf2",
    "30f27be5"
  ],
  "animationEnabled": true,
  "staggerType": "wave",
  "baseDelay": "35ms",
  "log_destination": "market",
  "timestamp": "2025-05-27T01:16:21.746Z"
}
[2025-05-27T01:18:34.494Z] FRONTEND:CS2 - INFO: Paginated CS2 products: page 1 of 78
  Details: {
  "page": 1,
  "pageSize": 20,
  "totalProducts": 1555,
  "totalPages": 78,
  "previousPage": 78,
  "animationEnabled": true,
  "transitionType": "page-change",
  "operation": "pagination",
  "log_destination": "market",
  "timestamp": "2025-05-27T01:18:34.494Z"
}
[2025-05-27T01:18:37.345Z] FRONTEND:CS2 - INFO: Rendering 20 products with enhanced staggered animation
  Details: {
  "productCount": 20,
  "productIds": [
    "1a355db6",
    "6eedda04",
    "fbe7d78d",
    "fbe7d78d",
    "fbe7d78d",
    "fbe7d78d",
    "fbe7d78d",
    "9924a945",
    "441c8935",
    "47510819",
    "0b6f114f",
    "7ac4709f",
    "56b1daec",
    "f9610422",
    "0877b573",
    "f4566c65",
    "5a6c27f6",
    "815e36ac",
    "815e36ac",
    "815e36ac"
  ],
  "animationEnabled": true,
  "staggerType": "wave",
  "baseDelay": "35ms",
  "log_destination": "market",
  "timestamp": "2025-05-27T01:18:37.345Z"
}
[2025-05-27T01:29:42.911Z] FRONTEND:CS2 - INFO: Navigation: none → cs2-knives
  Details: {
  "component": "MarketNavbar",
  "interactionType": "select",
  "transitionDuration": 300,
  "operation": "navigation",
  "from": "none",
  "to": "cs2-knives",
  "log_destination": "market",
  "timestamp": "2025-05-27T01:29:42.911Z"
}
[2025-05-27T01:29:45.553Z] FRONTEND:CS2 - INFO: Navigation: none → cs2-knives
  Details: {
  "component": "MarketNavbar",
  "interactionType": "select",
  "transitionDuration": 300,
  "operation": "navigation",
  "from": "none",
  "to": "cs2-knives",
  "log_destination": "market",
  "timestamp": "2025-05-27T01:29:45.553Z"
}
[2025-05-27T01:29:47.211Z] FRONTEND:CS2 - INFO: Navigation: none → cs2-knives
  Details: {
  "component": "MarketNavbar",
  "interactionType": "select",
  "transitionDuration": 300,
  "operation": "navigation",
  "from": "none",
  "to": "cs2-knives",
  "log_destination": "market",
  "timestamp": "2025-05-27T01:29:47.211Z"
}
[2025-05-27T01:29:47.862Z] FRONTEND:AUTH - DEBUG: Auth Flow - HeaderConnect Render
  Details: {
  "timestamp": "2025-05-27T01:29:47.862Z",
  "is_connected": false,
  "is_authenticated": false,
  "is_authenticating": false
}
[2025-05-27T01:29:47.862Z] FRONTEND:AUTH - DEBUG: Auth Flow - HeaderConnect Render
  Details: {
  "timestamp": "2025-05-27T01:29:47.862Z",
  "is_connected": false,
  "is_authenticated": false,
  "is_authenticating": false
}
[2025-05-27T01:29:47.909Z] FRONTEND:AUTH - DEBUG: Auth Flow - HeaderConnect Render
  Details: {
  "timestamp": "2025-05-27T01:29:47.909Z",
  "is_connected": false,
  "is_authenticated": false,
  "is_authenticating": false
}
[2025-05-27T01:29:47.909Z] FRONTEND:AUTH - DEBUG: Auth Flow - HeaderConnect Render
  Details: {
  "timestamp": "2025-05-27T01:29:47.909Z",
  "is_connected": false,
  "is_authenticated": false,
  "is_authenticating": false
}
[2025-05-27T01:29:48.007Z] FRONTEND:CS2 - INFO: Category indicator animation
  Details: {
  "fromCategory": "cs2-knives",
  "toCategory": "cs2-knives",
  "indicatorWidth": 126.625,
  "transitionType": "indicator-animation",
  "log_destination": "market",
  "timestamp": "2025-05-27T01:29:48.007Z"
}
[2025-05-27T01:29:48.007Z] FRONTEND:CS2 - INFO: Rendering 1 products with enhanced staggered animation
  Details: {
  "productCount": 1,
  "productIds": [
    "cs2-butterfly-doppler-factory-new"
  ],
  "animationEnabled": true,
  "staggerType": "wave",
  "baseDelay": "35ms",
  "log_destination": "market",
  "timestamp": "2025-05-27T01:29:48.007Z"
}
[2025-05-27T01:29:48.008Z] FRONTEND:CS2 - INFO: MarketPageView mounted with 1 products and enhanced animations
  Details: {
  "page": 1,
  "pageSize": 20,
  "totalProducts": 1,
  "productIds": [
    "cs2-butterfly-doppler-factory-new"
  ],
  "transitionType": "initial-mount",
  "animationsEnabled": true,
  "log_destination": "market",
  "timestamp": "2025-05-27T01:29:48.008Z"
}
[2025-05-27T01:29:48.008Z] FRONTEND:CS2 - DEBUG: MarketPageView unmounted
  Details: {
  "page": 1,
  "log_destination": "market",
  "timestamp": "2025-05-27T01:29:48.008Z"
}
[2025-05-27T01:29:48.009Z] FRONTEND:CS2 - INFO: Rendering 1 products with enhanced staggered animation
  Details: {
  "productCount": 1,
  "productIds": [
    "cs2-butterfly-doppler-factory-new"
  ],
  "animationEnabled": true,
  "staggerType": "wave",
  "baseDelay": "35ms",
  "log_destination": "market",
  "timestamp": "2025-05-27T01:29:48.009Z"
}
[2025-05-27T01:29:48.084Z] FRONTEND:CS2 - INFO: Category indicator animation
  Details: {
  "fromCategory": "none",
  "toCategory": "cs2-knives",
  "indicatorWidth": 128.09375,
  "transitionType": "indicator-animation",
  "log_destination": "market",
  "timestamp": "2025-05-27T01:29:48.084Z"
}
[2025-05-27T02:46:40.883Z] FRONTEND:CS2 - INFO: Validating model path: /assets/models/cs2/weapons/awp_counter_strike_2.glb
  Details: {
  "component": "HomePage",
  "modelPath": "/assets/models/cs2/weapons/awp_counter_strike_2.glb",
  "exists": true,
  "log_destination": "market",
  "timestamp": "2025-05-27T02:46:40.883Z"
}
[2025-05-27T02:46:40.884Z] FRONTEND:CS2 - INFO: Validating model path: /assets/models/cs2/knives/cs2_knife_-_case_hardened__free.glb
  Details: {
  "component": "HomePage",
  "modelPath": "/assets/models/cs2/knives/cs2_knife_-_case_hardened__free.glb",
  "exists": true,
  "log_destination": "market",
  "timestamp": "2025-05-27T02:46:40.884Z"
}
[2025-05-27T02:46:41.819Z] FRONTEND:AUTH - DEBUG: Auth Flow - Initial Auth State Check
  Details: {
  "timestamp": "2025-05-27T02:46:41.819Z",
  "has_token": false,
  "has_user": false
}
[2025-05-27T02:46:40.884Z] FRONTEND:CS2 - INFO: Validating model path: /assets/models/cs2/weapons/sandstorm_-_gunblade.glb
  Details: {
  "component": "HomePage",
  "modelPath": "/assets/models/cs2/weapons/sandstorm_-_gunblade.glb",
  "exists": true,
  "log_destination": "market",
  "timestamp": "2025-05-27T02:46:40.884Z"
}
[2025-05-27T02:46:41.875Z] FRONTEND:CS2 - INFO: Paginated CS2 products: page 1 of 1
  Details: {
  "page": 1,
  "pageSize": 20,
  "totalProducts": 5,
  "totalPages": 1,
  "operation": "pagination",
  "log_destination": "market",
  "timestamp": "2025-05-27T02:46:41.875Z"
}
[2025-05-27T02:46:41.875Z] FRONTEND:CS2 - INFO: Loaded 5 CS2 products successfully
  Details: {
  "products": [
    "cs2-awp-crakow-minimal-wear",
    "cs2-ak47-asiimov-factory-new",
    "cs2-m4a4-howl-field-tested",
    "cs2-deagle-printstream-minimal-wear",
    "cs2-butterfly-doppler-factory-new"
  ],
  "count": 5,
  "totalProducts": 5,
  "page": 1,
  "operation": "product_load",
  "log_destination": "market",
  "timestamp": "2025-05-27T02:46:41.875Z"
}
[2025-05-27T02:46:41.877Z] FRONTEND:CS2 - WARN: Using ModelViewer fallback for: Loading...
  Details: {
  "component": "ModelFallback",
  "modelPath": "Loading...",
  "log_destination": "market",
  "timestamp": "2025-05-27T02:46:41.877Z"
}
[2025-05-27T02:46:41.878Z] FRONTEND:CS2 - WARN: Using ModelViewer fallback for: Loading...
  Details: {
  "component": "ModelFallback",
  "modelPath": "Loading...",
  "log_destination": "market",
  "timestamp": "2025-05-27T02:46:41.878Z"
}
[2025-05-27T02:46:41.881Z] FRONTEND:CS2 - WARN: Using ModelViewer fallback for: Loading...
  Details: {
  "component": "ModelFallback",
  "modelPath": "Loading...",
  "log_destination": "market",
  "timestamp": "2025-05-27T02:46:41.881Z"
}
[2025-05-27T02:46:41.881Z] FRONTEND:CS2 - WARN: Using ModelViewer fallback for: Loading...
  Details: {
  "component": "ModelFallback",
  "modelPath": "Loading...",
  "log_destination": "market",
  "timestamp": "2025-05-27T02:46:41.881Z"
}
[2025-05-27T02:46:41.885Z] FRONTEND:CS2 - WARN: Using ModelViewer fallback for: Loading...
  Details: {
  "component": "ModelFallback",
  "modelPath": "Loading...",
  "log_destination": "market",
  "timestamp": "2025-05-27T02:46:41.885Z"
}
[2025-05-27T02:46:41.885Z] FRONTEND:CS2 - WARN: Using ModelViewer fallback for: Loading...
  Details: {
  "component": "ModelFallback",
  "modelPath": "Loading...",
  "log_destination": "market",
  "timestamp": "2025-05-27T02:46:41.885Z"
}
[2025-05-27T02:46:41.890Z] FRONTEND:CS2 - WARN: Using ModelViewer fallback for: Loading...
  Details: {
  "component": "ModelFallback",
  "modelPath": "Loading...",
  "log_destination": "market",
  "timestamp": "2025-05-27T02:46:41.890Z"
}
[2025-05-27T02:46:41.890Z] FRONTEND:CS2 - WARN: Using ModelViewer fallback for: Loading...
  Details: {
  "component": "ModelFallback",
  "modelPath": "Loading...",
  "log_destination": "market",
  "timestamp": "2025-05-27T02:46:41.890Z"
}
[2025-05-27T02:46:41.892Z] FRONTEND:CS2 - WARN: Using ModelViewer fallback for: Loading...
  Details: {
  "component": "ModelFallback",
  "modelPath": "Loading...",
  "log_destination": "market",
  "timestamp": "2025-05-27T02:46:41.892Z"
}
[2025-05-27T02:46:41.893Z] FRONTEND:CS2 - WARN: Using ModelViewer fallback for: Loading...
  Details: {
  "component": "ModelFallback",
  "modelPath": "Loading...",
  "log_destination": "market",
  "timestamp": "2025-05-27T02:46:41.893Z"
}
[2025-05-27T02:46:41.895Z] FRONTEND:CS2 - WARN: Using ModelViewer fallback for: Loading...
  Details: {
  "component": "ModelFallback",
  "modelPath": "Loading...",
  "log_destination": "market",
  "timestamp": "2025-05-27T02:46:41.895Z"
}
[2025-05-27T02:46:41.895Z] FRONTEND:CS2 - WARN: Using ModelViewer fallback for: Loading...
  Details: {
  "component": "ModelFallback",
  "modelPath": "Loading...",
  "log_destination": "market",
  "timestamp": "2025-05-27T02:46:41.895Z"
}
[2025-05-27T02:46:41.898Z] FRONTEND:CS2 - WARN: Using ModelViewer fallback for: Loading...
  Details: {
  "component": "ModelFallback",
  "modelPath": "Loading...",
  "log_destination": "market",
  "timestamp": "2025-05-27T02:46:41.898Z"
}
[2025-05-27T02:46:41.899Z] FRONTEND:CS2 - WARN: Using ModelViewer fallback for: Loading...
  Details: {
  "component": "ModelFallback",
  "modelPath": "Loading...",
  "log_destination": "market",
  "timestamp": "2025-05-27T02:46:41.899Z"
}
[2025-05-27T02:46:41.901Z] FRONTEND:CS2 - WARN: Using ModelViewer fallback for: Loading...
  Details: {
  "component": "ModelFallback",
  "modelPath": "Loading...",
  "log_destination": "market",
  "timestamp": "2025-05-27T02:46:41.900Z"
}
[2025-05-27T02:46:41.901Z] FRONTEND:CS2 - WARN: Using ModelViewer fallback for: Loading...
  Details: {
  "component": "ModelFallback",
  "modelPath": "Loading...",
  "log_destination": "market",
  "timestamp": "2025-05-27T02:46:41.901Z"
}
[2025-05-27T02:46:41.902Z] FRONTEND:CS2 - WARN: Using ModelViewer fallback for: Loading...
  Details: {
  "component": "ModelFallback",
  "modelPath": "Loading...",
  "log_destination": "market",
  "timestamp": "2025-05-27T02:46:41.902Z"
}
[2025-05-27T02:46:41.903Z] FRONTEND:CS2 - WARN: Using ModelViewer fallback for: Loading...
  Details: {
  "component": "ModelFallback",
  "modelPath": "Loading...",
  "log_destination": "market",
  "timestamp": "2025-05-27T02:46:41.903Z"
}
[2025-05-27T02:46:41.920Z] FRONTEND:CS2 - INFO: Loaded 4 featured products for homepage
  Details: {
  "productCount": 4,
  "productIds": [
    "cs2-awp-crakow-minimal-wear",
    "cs2-ak47-asiimov-factory-new",
    "cs2-m4a4-howl-field-tested",
    "cs2-deagle-printstream-minimal-wear"
  ],
  "log_destination": "market",
  "timestamp": "2025-05-27T02:46:41.920Z"
}
[2025-05-27T02:46:44.461Z] FRONTEND:CS2 - WARN: Using ModelViewer fallback for: /assets/models/cs2/weapons/awp_counter_strike_2.glb
  Details: {
  "component": "ModelFallback",
  "modelPath": "/assets/models/cs2/weapons/awp_counter_strike_2.glb",
  "log_destination": "market",
  "timestamp": "2025-05-27T02:46:44.461Z"
}
[2025-05-27T02:46:44.462Z] FRONTEND:CS2 - WARN: Using ModelViewer fallback for: /assets/models/cs2/weapons/sandstorm_-_gunblade.glb
  Details: {
  "component": "ModelFallback",
  "modelPath": "/assets/models/cs2/weapons/sandstorm_-_gunblade.glb",
  "log_destination": "market",
  "timestamp": "2025-05-27T02:46:44.462Z"
}
[2025-05-27T02:46:44.461Z] FRONTEND:CS2 - WARN: Using ModelViewer fallback for: /assets/models/cs2/weapons/awp_counter_strike_2.glb
  Details: {
  "component": "ModelFallback",
  "modelPath": "/assets/models/cs2/weapons/awp_counter_strike_2.glb",
  "log_destination": "market",
  "timestamp": "2025-05-27T02:46:44.461Z"
}
[2025-05-27T02:46:44.463Z] FRONTEND:CS2 - WARN: Using ModelViewer fallback for: /assets/models/cs2/weapons/sandstorm_-_gunblade.glb
  Details: {
  "component": "ModelFallback",
  "modelPath": "/assets/models/cs2/weapons/sandstorm_-_gunblade.glb",
  "log_destination": "market",
  "timestamp": "2025-05-27T02:46:44.463Z"
}
[2025-05-27T02:46:44.464Z] FRONTEND:CS2 - WARN: Using ModelViewer fallback for: /assets/models/cs2/knives/cs2_knife_-_case_hardened__free.glb
  Details: {
  "component": "ModelFallback",
  "modelPath": "/assets/models/cs2/knives/cs2_knife_-_case_hardened__free.glb",
  "log_destination": "market",
  "timestamp": "2025-05-27T02:46:44.464Z"
}
[2025-05-27T02:46:44.465Z] FRONTEND:CS2 - WARN: Using ModelViewer fallback for: /assets/models/cs2/knives/cs2_knife_-_case_hardened__free.glb
  Details: {
  "component": "ModelFallback",
  "modelPath": "/assets/models/cs2/knives/cs2_knife_-_case_hardened__free.glb",
  "log_destination": "market",
  "timestamp": "2025-05-27T02:46:44.465Z"
}
[2025-05-27T02:46:44.472Z] FRONTEND:CS2 - WARN: Using ModelViewer fallback for: /assets/models/cs2/weapons/awp_counter_strike_2.glb
  Details: {
  "component": "ModelFallback",
  "modelPath": "/assets/models/cs2/weapons/awp_counter_strike_2.glb",
  "log_destination": "market",
  "timestamp": "2025-05-27T02:46:44.472Z"
}
[2025-05-27T02:46:44.473Z] FRONTEND:CS2 - WARN: Using ModelViewer fallback for: /assets/models/cs2/weapons/awp_counter_strike_2.glb
  Details: {
  "component": "ModelFallback",
  "modelPath": "/assets/models/cs2/weapons/awp_counter_strike_2.glb",
  "log_destination": "market",
  "timestamp": "2025-05-27T02:46:44.472Z"
}
[2025-05-27T02:46:44.474Z] FRONTEND:CS2 - WARN: Using ModelViewer fallback for: /assets/models/cs2/weapons/sandstorm_-_gunblade.glb
  Details: {
  "component": "ModelFallback",
  "modelPath": "/assets/models/cs2/weapons/sandstorm_-_gunblade.glb",
  "log_destination": "market",
  "timestamp": "2025-05-27T02:46:44.474Z"
}
[2025-05-27T02:46:44.474Z] FRONTEND:CS2 - WARN: Using ModelViewer fallback for: /assets/models/cs2/weapons/sandstorm_-_gunblade.glb
  Details: {
  "component": "ModelFallback",
  "modelPath": "/assets/models/cs2/weapons/sandstorm_-_gunblade.glb",
  "log_destination": "market",
  "timestamp": "2025-05-27T02:46:44.474Z"
}
[2025-05-27T02:46:44.475Z] FRONTEND:CS2 - WARN: Using ModelViewer fallback for: /assets/models/cs2/knives/cs2_knife_-_case_hardened__free.glb
  Details: {
  "component": "ModelFallback",
  "modelPath": "/assets/models/cs2/knives/cs2_knife_-_case_hardened__free.glb",
  "log_destination": "market",
  "timestamp": "2025-05-27T02:46:44.475Z"
}
[2025-05-27T02:46:44.475Z] FRONTEND:CS2 - WARN: Using ModelViewer fallback for: /assets/models/cs2/knives/cs2_knife_-_case_hardened__free.glb
  Details: {
  "component": "ModelFallback",
  "modelPath": "/assets/models/cs2/knives/cs2_knife_-_case_hardened__free.glb",
  "log_destination": "market",
  "timestamp": "2025-05-27T02:46:44.475Z"
}
[2025-05-27T02:46:49.878Z] FRONTEND:CS2 - INFO: Changed to next slide: 1
  Details: {
  "component": "HomePage",
  "action": "nextSlide",
  "log_destination": "market",
  "timestamp": "2025-05-27T02:46:49.878Z"
}
[2025-05-27T02:46:49.892Z] FRONTEND:CS2 - WARN: Using ModelViewer fallback for: /assets/models/cs2/weapons/awp_counter_strike_2.glb
  Details: {
  "component": "ModelFallback",
  "modelPath": "/assets/models/cs2/weapons/awp_counter_strike_2.glb",
  "log_destination": "market",
  "timestamp": "2025-05-27T02:46:49.892Z"
}
[2025-05-27T02:46:49.893Z] FRONTEND:CS2 - WARN: Using ModelViewer fallback for: /assets/models/cs2/weapons/awp_counter_strike_2.glb
  Details: {
  "component": "ModelFallback",
  "modelPath": "/assets/models/cs2/weapons/awp_counter_strike_2.glb",
  "log_destination": "market",
  "timestamp": "2025-05-27T02:46:49.893Z"
}
[2025-05-27T02:46:49.898Z] FRONTEND:CS2 - WARN: Using ModelViewer fallback for: /assets/models/cs2/weapons/sandstorm_-_gunblade.glb
  Details: {
  "component": "ModelFallback",
  "modelPath": "/assets/models/cs2/weapons/sandstorm_-_gunblade.glb",
  "log_destination": "market",
  "timestamp": "2025-05-27T02:46:49.898Z"
}
[2025-05-27T02:46:49.899Z] FRONTEND:CS2 - WARN: Using ModelViewer fallback for: /assets/models/cs2/weapons/sandstorm_-_gunblade.glb
  Details: {
  "component": "ModelFallback",
  "modelPath": "/assets/models/cs2/weapons/sandstorm_-_gunblade.glb",
  "log_destination": "market",
  "timestamp": "2025-05-27T02:46:49.899Z"
}
[2025-05-27T02:46:49.907Z] FRONTEND:CS2 - WARN: Using ModelViewer fallback for: /assets/models/cs2/knives/cs2_knife_-_case_hardened__free.glb
  Details: {
  "component": "ModelFallback",
  "modelPath": "/assets/models/cs2/knives/cs2_knife_-_case_hardened__free.glb",
  "log_destination": "market",
  "timestamp": "2025-05-27T02:46:49.907Z"
}
[2025-05-27T02:46:49.908Z] FRONTEND:CS2 - WARN: Using ModelViewer fallback for: /assets/models/cs2/knives/cs2_knife_-_case_hardened__free.glb
  Details: {
  "component": "ModelFallback",
  "modelPath": "/assets/models/cs2/knives/cs2_knife_-_case_hardened__free.glb",
  "log_destination": "market",
  "timestamp": "2025-05-27T02:46:49.908Z"
}
[2025-05-27T02:46:58.028Z] FRONTEND:CS2 - INFO: Changed to next slide: 2
  Details: {
  "component": "HomePage",
  "action": "nextSlide",
  "log_destination": "market",
  "timestamp": "2025-05-27T02:46:58.028Z"
}
[2025-05-27T02:46:58.034Z] FRONTEND:CS2 - WARN: Using ModelViewer fallback for: /assets/models/cs2/weapons/awp_counter_strike_2.glb
  Details: {
  "component": "ModelFallback",
  "modelPath": "/assets/models/cs2/weapons/awp_counter_strike_2.glb",
  "log_destination": "market",
  "timestamp": "2025-05-27T02:46:58.034Z"
}
[2025-05-27T02:46:58.035Z] FRONTEND:CS2 - WARN: Using ModelViewer fallback for: /assets/models/cs2/weapons/awp_counter_strike_2.glb
  Details: {
  "component": "ModelFallback",
  "modelPath": "/assets/models/cs2/weapons/awp_counter_strike_2.glb",
  "log_destination": "market",
  "timestamp": "2025-05-27T02:46:58.035Z"
}
[2025-05-27T02:46:58.038Z] FRONTEND:CS2 - WARN: Using ModelViewer fallback for: /assets/models/cs2/weapons/sandstorm_-_gunblade.glb
  Details: {
  "component": "ModelFallback",
  "modelPath": "/assets/models/cs2/weapons/sandstorm_-_gunblade.glb",
  "log_destination": "market",
  "timestamp": "2025-05-27T02:46:58.038Z"
}
[2025-05-27T02:46:58.039Z] FRONTEND:CS2 - WARN: Using ModelViewer fallback for: /assets/models/cs2/weapons/sandstorm_-_gunblade.glb
  Details: {
  "component": "ModelFallback",
  "modelPath": "/assets/models/cs2/weapons/sandstorm_-_gunblade.glb",
  "log_destination": "market",
  "timestamp": "2025-05-27T02:46:58.039Z"
}
[2025-05-27T02:46:58.044Z] FRONTEND:CS2 - WARN: Using ModelViewer fallback for: /assets/models/cs2/knives/cs2_knife_-_case_hardened__free.glb
  Details: {
  "component": "ModelFallback",
  "modelPath": "/assets/models/cs2/knives/cs2_knife_-_case_hardened__free.glb",
  "log_destination": "market",
  "timestamp": "2025-05-27T02:46:58.044Z"
}
[2025-05-27T02:46:58.045Z] FRONTEND:CS2 - WARN: Using ModelViewer fallback for: /assets/models/cs2/knives/cs2_knife_-_case_hardened__free.glb
  Details: {
  "component": "ModelFallback",
  "modelPath": "/assets/models/cs2/knives/cs2_knife_-_case_hardened__free.glb",
  "log_destination": "market",
  "timestamp": "2025-05-27T02:46:58.045Z"
}
[2025-05-27T02:47:06.129Z] FRONTEND:CS2 - INFO: Changed to next slide: 0
  Details: {
  "component": "HomePage",
  "action": "nextSlide",
  "log_destination": "market",
  "timestamp": "2025-05-27T02:47:06.129Z"
}
[2025-05-27T02:47:06.138Z] FRONTEND:CS2 - WARN: Using ModelViewer fallback for: /assets/models/cs2/weapons/awp_counter_strike_2.glb
  Details: {
  "component": "ModelFallback",
  "modelPath": "/assets/models/cs2/weapons/awp_counter_strike_2.glb",
  "log_destination": "market",
  "timestamp": "2025-05-27T02:47:06.138Z"
}
[2025-05-27T02:47:06.139Z] FRONTEND:CS2 - WARN: Using ModelViewer fallback for: /assets/models/cs2/weapons/awp_counter_strike_2.glb
  Details: {
  "component": "ModelFallback",
  "modelPath": "/assets/models/cs2/weapons/awp_counter_strike_2.glb",
  "log_destination": "market",
  "timestamp": "2025-05-27T02:47:06.139Z"
}
[2025-05-27T02:47:06.142Z] FRONTEND:CS2 - WARN: Using ModelViewer fallback for: /assets/models/cs2/weapons/sandstorm_-_gunblade.glb
  Details: {
  "component": "ModelFallback",
  "modelPath": "/assets/models/cs2/weapons/sandstorm_-_gunblade.glb",
  "log_destination": "market",
  "timestamp": "2025-05-27T02:47:06.142Z"
}
[2025-05-27T02:47:06.143Z] FRONTEND:CS2 - WARN: Using ModelViewer fallback for: /assets/models/cs2/weapons/sandstorm_-_gunblade.glb
  Details: {
  "component": "ModelFallback",
  "modelPath": "/assets/models/cs2/weapons/sandstorm_-_gunblade.glb",
  "log_destination": "market",
  "timestamp": "2025-05-27T02:47:06.143Z"
}
[2025-05-27T02:47:06.145Z] FRONTEND:CS2 - WARN: Using ModelViewer fallback for: /assets/models/cs2/knives/cs2_knife_-_case_hardened__free.glb
  Details: {
  "component": "ModelFallback",
  "modelPath": "/assets/models/cs2/knives/cs2_knife_-_case_hardened__free.glb",
  "log_destination": "market",
  "timestamp": "2025-05-27T02:47:06.145Z"
}
[2025-05-27T02:47:06.146Z] FRONTEND:CS2 - WARN: Using ModelViewer fallback for: /assets/models/cs2/knives/cs2_knife_-_case_hardened__free.glb
  Details: {
  "component": "ModelFallback",
  "modelPath": "/assets/models/cs2/knives/cs2_knife_-_case_hardened__free.glb",
  "log_destination": "market",
  "timestamp": "2025-05-27T02:47:06.146Z"
}
[2025-05-27T02:47:10.335Z] FRONTEND:AUTH - DEBUG: Auth Flow - HeaderConnect Render
  Details: {
  "timestamp": "2025-05-27T02:47:10.335Z",
  "is_connected": false,
  "is_authenticated": false,
  "is_authenticating": false
}
[2025-05-27T02:47:10.336Z] FRONTEND:AUTH - DEBUG: Auth Flow - HeaderConnect Render
  Details: {
  "timestamp": "2025-05-27T02:47:10.336Z",
  "is_connected": false,
  "is_authenticated": false,
  "is_authenticating": false
}
[2025-05-27T02:47:10.399Z] FRONTEND:AUTH - DEBUG: Auth Flow - HeaderConnect Render
  Details: {
  "timestamp": "2025-05-27T02:47:10.399Z",
  "is_connected": false,
  "is_authenticated": false,
  "is_authenticating": false
}
[2025-05-27T02:47:10.400Z] FRONTEND:AUTH - DEBUG: Auth Flow - HeaderConnect Render
  Details: {
  "timestamp": "2025-05-27T02:47:10.400Z",
  "is_connected": false,
  "is_authenticated": false,
  "is_authenticating": false
}
[2025-05-27T02:47:12.414Z] FRONTEND:AUTH - DEBUG: Auth Flow - HeaderConnect Render
  Details: {
  "timestamp": "2025-05-27T02:47:12.414Z",
  "is_connected": false,
  "is_authenticated": false,
  "is_authenticating": false
}
[2025-05-27T02:47:12.415Z] FRONTEND:AUTH - DEBUG: Auth Flow - HeaderConnect Render
  Details: {
  "timestamp": "2025-05-27T02:47:12.415Z",
  "is_connected": false,
  "is_authenticated": false,
  "is_authenticating": false
}
[2025-05-27T02:47:12.535Z] FRONTEND:AUTH - DEBUG: Auth Flow - Auth state updated
  Details: {
  "timestamp": "2025-05-27T02:47:12.535Z",
  "is_connected": false,
  "is_authenticated": false,
  "is_authenticating": false,
  "initial_check_done": false,
  "needs_reauthentication": false,
  "last_authenticated_address": null
}
[2025-05-27T02:47:12.536Z] FRONTEND:CS2 - INFO: Market navbar mounted with enhanced Skinport style and animations
  Details: {
  "categoriesCount": 4,
  "currentCategory": "none",
  "style": "text-only-enhanced-animated",
  "log_destination": "market",
  "timestamp": "2025-05-27T02:47:12.536Z"
}
[2025-05-27T02:47:12.557Z] FRONTEND:AUTH - DEBUG: Auth Flow - Auth state updated
  Details: {
  "timestamp": "2025-05-27T02:47:12.557Z",
  "is_connected": false,
  "is_authenticated": false,
  "is_authenticating": false,
  "initial_check_done": false,
  "needs_reauthentication": false,
  "last_authenticated_address": null
}
[2025-05-27T02:47:12.658Z] FRONTEND:AUTH - DEBUG: Auth Flow - HeaderConnect Render
  Details: {
  "timestamp": "2025-05-27T02:47:12.658Z",
  "is_connected": false,
  "is_authenticated": false,
  "is_authenticating": false
}
[2025-05-27T02:47:12.659Z] FRONTEND:AUTH - DEBUG: Auth Flow - HeaderConnect Render
  Details: {
  "timestamp": "2025-05-27T02:47:12.659Z",
  "is_connected": false,
  "is_authenticated": false,
  "is_authenticating": false
}
[2025-05-27T02:47:12.711Z] FRONTEND:AUTH - DEBUG: Auth Flow - Auth state updated
  Details: {
  "timestamp": "2025-05-27T02:47:12.711Z",
  "is_connected": false,
  "is_authenticated": false,
  "is_authenticating": false,
  "initial_check_done": false,
  "needs_reauthentication": false,
  "last_authenticated_address": null
}
[2025-05-27T02:47:12.712Z] FRONTEND:CS2 - INFO: Market navbar mounted with enhanced Skinport style and animations
  Details: {
  "categoriesCount": 4,
  "currentCategory": "none",
  "style": "text-only-enhanced-animated",
  "log_destination": "market",
  "timestamp": "2025-05-27T02:47:12.712Z"
}
[2025-05-27T02:47:12.713Z] FRONTEND:AUTH - DEBUG: Auth Flow - Auth state updated
  Details: {
  "timestamp": "2025-05-27T02:47:12.713Z",
  "is_connected": false,
  "is_authenticated": false,
  "is_authenticating": false,
  "initial_check_done": false,
  "needs_reauthentication": false,
  "last_authenticated_address": null
}
[2025-05-27T02:47:12.841Z] FRONTEND:CS2 - INFO: Rendering 20 products with enhanced staggered animation
  Details: {
  "productCount": 20,
  "productIds": [
    "1a355db6",
    "6eedda04",
    "fbe7d78d",
    "fbe7d78d",
    "fbe7d78d",
    "fbe7d78d",
    "fbe7d78d",
    "9924a945",
    "441c8935",
    "47510819",
    "0b6f114f",
    "7ac4709f",
    "56b1daec",
    "f9610422",
    "0877b573",
    "f4566c65",
    "5a6c27f6",
    "815e36ac",
    "815e36ac",
    "815e36ac"
  ],
  "animationEnabled": true,
  "staggerType": "wave",
  "baseDelay": "35ms",
  "log_destination": "market",
  "timestamp": "2025-05-27T02:47:12.841Z"
}
[2025-05-27T02:47:12.842Z] FRONTEND:CS2 - INFO: MarketPageView mounted with 20 products and enhanced animations
  Details: {
  "page": 1,
  "pageSize": 20,
  "totalProducts": 1555,
  "productIds": [
    "1a355db6",
    "6eedda04",
    "fbe7d78d",
    "fbe7d78d",
    "fbe7d78d",
    "fbe7d78d",
    "fbe7d78d",
    "9924a945",
    "441c8935",
    "47510819",
    "0b6f114f",
    "7ac4709f",
    "56b1daec",
    "f9610422",
    "0877b573",
    "f4566c65",
    "5a6c27f6",
    "815e36ac",
    "815e36ac",
    "815e36ac"
  ],
  "transitionType": "initial-mount",
  "animationsEnabled": true,
  "log_destination": "market",
  "timestamp": "2025-05-27T02:47:12.842Z"
}
[2025-05-27T02:47:12.842Z] FRONTEND:CS2 - DEBUG: MarketPageView unmounted
  Details: {
  "page": 1,
  "log_destination": "market",
  "timestamp": "2025-05-27T02:47:12.842Z"
}
[2025-05-27T02:47:12.843Z] FRONTEND:CS2 - INFO: Rendering 20 products with enhanced staggered animation
  Details: {
  "productCount": 20,
  "productIds": [
    "1a355db6",
    "6eedda04",
    "fbe7d78d",
    "fbe7d78d",
    "fbe7d78d",
    "fbe7d78d",
    "fbe7d78d",
    "9924a945",
    "441c8935",
    "47510819",
    "0b6f114f",
    "7ac4709f",
    "56b1daec",
    "f9610422",
    "0877b573",
    "f4566c65",
    "5a6c27f6",
    "815e36ac",
    "815e36ac",
    "815e36ac"
  ],
  "animationEnabled": true,
  "staggerType": "wave",
  "baseDelay": "35ms",
  "log_destination": "market",
  "timestamp": "2025-05-27T02:47:12.843Z"
}
[2025-05-27T02:47:42.246Z] FRONTEND:AUTH - DEBUG: Auth Flow - HeaderConnect Render
  Details: {
  "timestamp": "2025-05-27T02:47:42.246Z",
  "is_connected": false,
  "is_authenticated": false,
  "is_authenticating": false
}
[2025-05-27T02:47:42.247Z] FRONTEND:AUTH - DEBUG: Auth Flow - HeaderConnect Render
  Details: {
  "timestamp": "2025-05-27T02:47:42.247Z",
  "is_connected": false,
  "is_authenticated": false,
  "is_authenticating": false
}
[2025-05-27T02:47:42.395Z] FRONTEND:AUTH - DEBUG: Auth Flow - HeaderConnect Render
  Details: {
  "timestamp": "2025-05-27T02:47:42.395Z",
  "is_connected": false,
  "is_authenticated": false,
  "is_authenticating": false
}
[2025-05-27T02:47:42.396Z] FRONTEND:AUTH - DEBUG: Auth Flow - HeaderConnect Render
  Details: {
  "timestamp": "2025-05-27T02:47:42.396Z",
  "is_connected": false,
  "is_authenticated": false,
  "is_authenticating": false
}
[2025-05-27T02:47:44.443Z] FRONTEND:AUTH - DEBUG: Auth Flow - HeaderConnect Render
  Details: {
  "timestamp": "2025-05-27T02:47:44.443Z",
  "is_connected": false,
  "is_authenticated": false,
  "is_authenticating": false
}
[2025-05-27T02:47:44.444Z] FRONTEND:AUTH - DEBUG: Auth Flow - HeaderConnect Render
  Details: {
  "timestamp": "2025-05-27T02:47:44.444Z",
  "is_connected": false,
  "is_authenticated": false,
  "is_authenticating": false
}
[2025-05-27T02:47:44.810Z] FRONTEND:AUTH - DEBUG: Auth Flow - Auth state updated
  Details: {
  "timestamp": "2025-05-27T02:47:44.810Z",
  "is_connected": false,
  "is_authenticated": false,
  "is_authenticating": false,
  "initial_check_done": false,
  "needs_reauthentication": false,
  "last_authenticated_address": null
}
[2025-05-27T02:47:44.811Z] FRONTEND:CS2 - INFO: Market navbar mounted with enhanced Skinport style and animations
  Details: {
  "categoriesCount": 4,
  "currentCategory": "none",
  "style": "text-only-enhanced-animated",
  "log_destination": "market",
  "timestamp": "2025-05-27T02:47:44.811Z"
}
[2025-05-27T02:47:44.812Z] FRONTEND:CS2 - INFO: Rendering 20 products with enhanced staggered animation
  Details: {
  "productCount": 20,
  "productIds": [
    "1a355db6",
    "6eedda04",
    "fbe7d78d",
    "fbe7d78d",
    "fbe7d78d",
    "fbe7d78d",
    "fbe7d78d",
    "9924a945",
    "441c8935",
    "47510819",
    "0b6f114f",
    "7ac4709f",
    "56b1daec",
    "f9610422",
    "0877b573",
    "f4566c65",
    "5a6c27f6",
    "815e36ac",
    "815e36ac",
    "815e36ac"
  ],
  "animationEnabled": true,
  "staggerType": "wave",
  "baseDelay": "35ms",
  "log_destination": "market",
  "timestamp": "2025-05-27T02:47:44.811Z"
}
[2025-05-27T02:47:44.814Z] FRONTEND:AUTH - DEBUG: Auth Flow - Auth state updated
  Details: {
  "timestamp": "2025-05-27T02:47:44.814Z",
  "is_connected": false,
  "is_authenticated": false,
  "is_authenticating": false,
  "initial_check_done": false,
  "needs_reauthentication": false,
  "last_authenticated_address": null
}
[2025-05-27T02:47:55.468Z] FRONTEND:AUTH - DEBUG: Auth Flow - HeaderConnect Render
  Details: {
  "timestamp": "2025-05-27T02:47:55.468Z",
  "is_connected": false,
  "is_authenticated": false,
  "is_authenticating": false
}
[2025-05-27T02:47:55.469Z] FRONTEND:AUTH - DEBUG: Auth Flow - HeaderConnect Render
  Details: {
  "timestamp": "2025-05-27T02:47:55.469Z",
  "is_connected": false,
  "is_authenticated": false,
  "is_authenticating": false
}
[2025-05-27T02:47:55.600Z] FRONTEND:AUTH - DEBUG: Auth Flow - HeaderConnect Render
  Details: {
  "timestamp": "2025-05-27T02:47:55.600Z",
  "is_connected": false,
  "is_authenticated": false,
  "is_authenticating": false
}
[2025-05-27T02:47:55.601Z] FRONTEND:AUTH - DEBUG: Auth Flow - HeaderConnect Render
  Details: {
  "timestamp": "2025-05-27T02:47:55.601Z",
  "is_connected": false,
  "is_authenticated": false,
  "is_authenticating": false
}
[2025-05-27T02:47:57.738Z] FRONTEND:AUTH - DEBUG: Auth Flow - HeaderConnect Render
  Details: {
  "timestamp": "2025-05-27T02:47:57.738Z",
  "is_connected": false,
  "is_authenticated": false,
  "is_authenticating": false
}
[2025-05-27T02:47:57.738Z] FRONTEND:AUTH - DEBUG: Auth Flow - HeaderConnect Render
  Details: {
  "timestamp": "2025-05-27T02:47:57.738Z",
  "is_connected": false,
  "is_authenticated": false,
  "is_authenticating": false
}
[2025-05-27T02:47:58.057Z] FRONTEND:AUTH - DEBUG: Auth Flow - Auth state updated
  Details: {
  "timestamp": "2025-05-27T02:47:58.057Z",
  "is_connected": false,
  "is_authenticated": false,
  "is_authenticating": false,
  "initial_check_done": false,
  "needs_reauthentication": false,
  "last_authenticated_address": null
}
[2025-05-27T02:47:58.058Z] FRONTEND:CS2 - INFO: Market navbar mounted with enhanced Skinport style and animations
  Details: {
  "categoriesCount": 4,
  "currentCategory": "none",
  "style": "text-only-enhanced-animated",
  "log_destination": "market",
  "timestamp": "2025-05-27T02:47:58.058Z"
}
[2025-05-27T02:47:58.058Z] FRONTEND:CS2 - INFO: Rendering 20 products with enhanced staggered animation
  Details: {
  "productCount": 20,
  "productIds": [
    "1a355db6",
    "6eedda04",
    "fbe7d78d",
    "fbe7d78d",
    "fbe7d78d",
    "fbe7d78d",
    "fbe7d78d",
    "9924a945",
    "441c8935",
    "47510819",
    "0b6f114f",
    "7ac4709f",
    "56b1daec",
    "f9610422",
    "0877b573",
    "f4566c65",
    "5a6c27f6",
    "815e36ac",
    "815e36ac",
    "815e36ac"
  ],
  "animationEnabled": true,
  "staggerType": "wave",
  "baseDelay": "35ms",
  "log_destination": "market",
  "timestamp": "2025-05-27T02:47:58.058Z"
}
[2025-05-27T02:47:58.061Z] FRONTEND:AUTH - DEBUG: Auth Flow - Auth state updated
  Details: {
  "timestamp": "2025-05-27T02:47:58.061Z",
  "is_connected": false,
  "is_authenticated": false,
  "is_authenticating": false,
  "initial_check_done": false,
  "needs_reauthentication": false,
  "last_authenticated_address": null
}
[2025-05-27T02:48:01.335Z] FRONTEND:AUTH - DEBUG: Auth Flow - HeaderConnect Render
  Details: {
  "timestamp": "2025-05-27T02:48:01.335Z",
  "is_connected": false,
  "is_authenticated": false,
  "is_authenticating": false
}
[2025-05-27T02:48:01.336Z] FRONTEND:AUTH - DEBUG: Auth Flow - HeaderConnect Render
  Details: {
  "timestamp": "2025-05-27T02:48:01.336Z",
  "is_connected": false,
  "is_authenticated": false,
  "is_authenticating": false
}
[2025-05-27T02:48:01.509Z] FRONTEND:AUTH - DEBUG: Auth Flow - HeaderConnect Render
  Details: {
  "timestamp": "2025-05-27T02:48:01.509Z",
  "is_connected": false,
  "is_authenticated": false,
  "is_authenticating": false
}
[2025-05-27T02:48:01.509Z] FRONTEND:AUTH - DEBUG: Auth Flow - HeaderConnect Render
  Details: {
  "timestamp": "2025-05-27T02:48:01.509Z",
  "is_connected": false,
  "is_authenticated": false,
  "is_authenticating": false
}
[2025-05-27T02:48:03.649Z] FRONTEND:AUTH - DEBUG: Auth Flow - HeaderConnect Render
  Details: {
  "timestamp": "2025-05-27T02:48:03.649Z",
  "is_connected": false,
  "is_authenticated": false,
  "is_authenticating": false
}
[2025-05-27T02:48:03.650Z] FRONTEND:AUTH - DEBUG: Auth Flow - HeaderConnect Render
  Details: {
  "timestamp": "2025-05-27T02:48:03.650Z",
  "is_connected": false,
  "is_authenticated": false,
  "is_authenticating": false
}
[2025-05-27T02:48:04.010Z] FRONTEND:AUTH - DEBUG: Auth Flow - Auth state updated
  Details: {
  "timestamp": "2025-05-27T02:48:04.010Z",
  "is_connected": false,
  "is_authenticated": false,
  "is_authenticating": false,
  "initial_check_done": false,
  "needs_reauthentication": false,
  "last_authenticated_address": null
}
[2025-05-27T02:48:04.011Z] FRONTEND:CS2 - INFO: Market navbar mounted with enhanced Skinport style and animations
  Details: {
  "categoriesCount": 4,
  "currentCategory": "none",
  "style": "text-only-enhanced-animated",
  "log_destination": "market",
  "timestamp": "2025-05-27T02:48:04.011Z"
}
[2025-05-27T02:48:04.012Z] FRONTEND:CS2 - INFO: Rendering 20 products with enhanced staggered animation
  Details: {
  "productCount": 20,
  "productIds": [
    "1a355db6",
    "6eedda04",
    "fbe7d78d",
    "fbe7d78d",
    "fbe7d78d",
    "fbe7d78d",
    "fbe7d78d",
    "9924a945",
    "441c8935",
    "47510819",
    "0b6f114f",
    "7ac4709f",
    "56b1daec",
    "f9610422",
    "0877b573",
    "f4566c65",
    "5a6c27f6",
    "815e36ac",
    "815e36ac",
    "815e36ac"
  ],
  "animationEnabled": true,
  "staggerType": "wave",
  "baseDelay": "35ms",
  "log_destination": "market",
  "timestamp": "2025-05-27T02:48:04.012Z"
}
[2025-05-27T02:48:04.015Z] FRONTEND:AUTH - DEBUG: Auth Flow - Auth state updated
  Details: {
  "timestamp": "2025-05-27T02:48:04.015Z",
  "is_connected": false,
  "is_authenticated": false,
  "is_authenticating": false,
  "initial_check_done": false,
  "needs_reauthentication": false,
  "last_authenticated_address": null
}
[2025-05-27T02:49:16.341Z] FRONTEND:CS2 - INFO: Validating model path: /assets/models/cs2/weapons/awp_counter_strike_2.glb
  Details: {
  "component": "HomePage",
  "modelPath": "/assets/models/cs2/weapons/awp_counter_strike_2.glb",
  "exists": true,
  "log_destination": "market",
  "timestamp": "2025-05-27T02:49:16.341Z"
}
[2025-05-27T02:49:16.342Z] FRONTEND:CS2 - INFO: Validating model path: /assets/models/cs2/weapons/sandstorm_-_gunblade.glb
  Details: {
  "component": "HomePage",
  "modelPath": "/assets/models/cs2/weapons/sandstorm_-_gunblade.glb",
  "exists": true,
  "log_destination": "market",
  "timestamp": "2025-05-27T02:49:16.342Z"
}
[2025-05-27T02:49:16.342Z] FRONTEND:CS2 - INFO: Validating model path: /assets/models/cs2/knives/cs2_knife_-_case_hardened__free.glb
  Details: {
  "component": "HomePage",
  "modelPath": "/assets/models/cs2/knives/cs2_knife_-_case_hardened__free.glb",
  "exists": true,
  "log_destination": "market",
  "timestamp": "2025-05-27T02:49:16.342Z"
}
[2025-05-27T02:49:16.630Z] FRONTEND:AUTH - DEBUG: Auth Flow - Initial Auth State Check
  Details: {
  "timestamp": "2025-05-27T02:49:16.630Z",
  "has_token": false,
  "has_user": false
}
[2025-05-27T02:49:16.688Z] FRONTEND:AUTH - DEBUG: Auth Flow - HeaderConnect Render
  Details: {
  "timestamp": "2025-05-27T02:49:16.688Z",
  "is_connected": false,
  "is_authenticated": false,
  "is_authenticating": false
}
[2025-05-27T02:49:16.688Z] FRONTEND:AUTH - DEBUG: Auth Flow - HeaderConnect Render
  Details: {
  "timestamp": "2025-05-27T02:49:16.688Z",
  "is_connected": false,
  "is_authenticated": false,
  "is_authenticating": false
}
[2025-05-27T02:49:16.810Z] FRONTEND:AUTH - DEBUG: Auth Flow - HeaderConnect Render
  Details: {
  "timestamp": "2025-05-27T02:49:16.810Z",
  "is_connected": false,
  "is_authenticated": false,
  "is_authenticating": false
}
[2025-05-27T02:49:16.811Z] FRONTEND:AUTH - DEBUG: Auth Flow - HeaderConnect Render
  Details: {
  "timestamp": "2025-05-27T02:49:16.811Z",
  "is_connected": false,
  "is_authenticated": false,
  "is_authenticating": false
}
[2025-05-27T02:49:16.870Z] FRONTEND:AUTH - DEBUG: Auth Flow - HeaderConnect Render
  Details: {
  "timestamp": "2025-05-27T02:49:16.870Z",
  "is_connected": false,
  "is_authenticated": false,
  "is_authenticating": false
}
[2025-05-27T02:49:16.871Z] FRONTEND:AUTH - DEBUG: Auth Flow - HeaderConnect Render
  Details: {
  "timestamp": "2025-05-27T02:49:16.871Z",
  "is_connected": false,
  "is_authenticated": false,
  "is_authenticating": false
}
[2025-05-27T02:49:16.903Z] FRONTEND:AUTH - DEBUG: Auth Flow - HeaderConnect Render
  Details: {
  "timestamp": "2025-05-27T02:49:16.903Z",
  "is_connected": false,
  "is_authenticated": false,
  "is_authenticating": false
}
[2025-05-27T02:49:16.903Z] FRONTEND:AUTH - DEBUG: Auth Flow - HeaderConnect Render
  Details: {
  "timestamp": "2025-05-27T02:49:16.903Z",
  "is_connected": false,
  "is_authenticated": false,
  "is_authenticating": false
}
[2025-05-27T02:49:18.201Z] FRONTEND:AUTH - DEBUG: Auth Flow - HeaderConnect Render
  Details: {
  "timestamp": "2025-05-27T02:49:18.201Z",
  "is_connected": false,
  "is_authenticated": false,
  "is_authenticating": false
}
[2025-05-27T02:49:18.242Z] FRONTEND:AUTH - DEBUG: Auth Flow - Auth state updated
  Details: {
  "timestamp": "2025-05-27T02:49:18.242Z",
  "is_connected": false,
  "is_authenticated": false,
  "is_authenticating": false,
  "initial_check_done": false,
  "needs_reauthentication": false,
  "last_authenticated_address": null
}
[2025-05-27T02:49:18.242Z] FRONTEND:CS2 - INFO: Market navbar mounted with enhanced Skinport style and animations
  Details: {
  "categoriesCount": 4,
  "currentCategory": "none",
  "style": "text-only-enhanced-animated",
  "log_destination": "market",
  "timestamp": "2025-05-27T02:49:18.242Z"
}
[2025-05-27T02:49:18.250Z] FRONTEND:AUTH - DEBUG: Auth Flow - Auth state updated
  Details: {
  "timestamp": "2025-05-27T02:49:18.250Z",
  "is_connected": false,
  "is_authenticated": false,
  "is_authenticating": false,
  "initial_check_done": false,
  "needs_reauthentication": false,
  "last_authenticated_address": null
}
[2025-05-27T02:49:18.200Z] FRONTEND:AUTH - DEBUG: Auth Flow - HeaderConnect Render
  Details: {
  "timestamp": "2025-05-27T02:49:18.200Z",
  "is_connected": false,
  "is_authenticated": false,
  "is_authenticating": false
}
[2025-05-27T02:49:18.322Z] FRONTEND:AUTH - DEBUG: Auth Flow - HeaderConnect Render
  Details: {
  "timestamp": "2025-05-27T02:49:18.322Z",
  "is_connected": false,
  "is_authenticated": false,
  "is_authenticating": false
}
[2025-05-27T02:49:18.322Z] FRONTEND:AUTH - DEBUG: Auth Flow - HeaderConnect Render
  Details: {
  "timestamp": "2025-05-27T02:49:18.322Z",
  "is_connected": false,
  "is_authenticated": false,
  "is_authenticating": false
}
[2025-05-27T02:49:18.351Z] FRONTEND:AUTH - DEBUG: Auth Flow - Auth state updated
  Details: {
  "timestamp": "2025-05-27T02:49:18.351Z",
  "is_connected": false,
  "is_authenticated": false,
  "is_authenticating": false,
  "initial_check_done": false,
  "needs_reauthentication": false,
  "last_authenticated_address": null
}
[2025-05-27T02:49:18.351Z] FRONTEND:CS2 - INFO: Market navbar mounted with enhanced Skinport style and animations
  Details: {
  "categoriesCount": 4,
  "currentCategory": "none",
  "style": "text-only-enhanced-animated",
  "log_destination": "market",
  "timestamp": "2025-05-27T02:49:18.351Z"
}
[2025-05-27T02:49:18.352Z] FRONTEND:AUTH - DEBUG: Auth Flow - Auth state updated
  Details: {
  "timestamp": "2025-05-27T02:49:18.352Z",
  "is_connected": false,
  "is_authenticated": false,
  "is_authenticating": false,
  "initial_check_done": false,
  "needs_reauthentication": false,
  "last_authenticated_address": null
}
[2025-05-27T02:49:20.773Z] FRONTEND:CS2 - INFO: Rendering 20 products with enhanced staggered animation
  Details: {
  "productCount": 20,
  "productIds": [
    "1a355db6",
    "6eedda04",
    "fbe7d78d",
    "fbe7d78d",
    "fbe7d78d",
    "fbe7d78d",
    "fbe7d78d",
    "9924a945",
    "441c8935",
    "47510819",
    "0b6f114f",
    "7ac4709f",
    "56b1daec",
    "f9610422",
    "0877b573",
    "f4566c65",
    "5a6c27f6",
    "815e36ac",
    "815e36ac",
    "815e36ac"
  ],
  "animationEnabled": true,
  "staggerType": "wave",
  "baseDelay": "35ms",
  "log_destination": "market",
  "timestamp": "2025-05-27T02:49:20.773Z"
}
[2025-05-27T02:49:20.774Z] FRONTEND:CS2 - INFO: MarketPageView mounted with 20 products and enhanced animations
  Details: {
  "page": 1,
  "pageSize": 20,
  "totalProducts": 1555,
  "productIds": [
    "1a355db6",
    "6eedda04",
    "fbe7d78d",
    "fbe7d78d",
    "fbe7d78d",
    "fbe7d78d",
    "fbe7d78d",
    "9924a945",
    "441c8935",
    "47510819",
    "0b6f114f",
    "7ac4709f",
    "56b1daec",
    "f9610422",
    "0877b573",
    "f4566c65",
    "5a6c27f6",
    "815e36ac",
    "815e36ac",
    "815e36ac"
  ],
  "transitionType": "initial-mount",
  "animationsEnabled": true,
  "log_destination": "market",
  "timestamp": "2025-05-27T02:49:20.774Z"
}
[2025-05-27T02:49:20.774Z] FRONTEND:CS2 - DEBUG: MarketPageView unmounted
  Details: {
  "page": 1,
  "log_destination": "market",
  "timestamp": "2025-05-27T02:49:20.774Z"
}
[2025-05-27T02:49:20.776Z] FRONTEND:CS2 - INFO: Rendering 20 products with enhanced staggered animation
  Details: {
  "productCount": 20,
  "productIds": [
    "1a355db6",
    "6eedda04",
    "fbe7d78d",
    "fbe7d78d",
    "fbe7d78d",
    "fbe7d78d",
    "fbe7d78d",
    "9924a945",
    "441c8935",
    "47510819",
    "0b6f114f",
    "7ac4709f",
    "56b1daec",
    "f9610422",
    "0877b573",
    "f4566c65",
    "5a6c27f6",
    "815e36ac",
    "815e36ac",
    "815e36ac"
  ],
  "animationEnabled": true,
  "staggerType": "wave",
  "baseDelay": "35ms",
  "log_destination": "market",
  "timestamp": "2025-05-27T02:49:20.776Z"
}
[2025-05-27T02:50:15.218Z] FRONTEND:CS2 - INFO: Validating model path: /assets/models/cs2/weapons/awp_counter_strike_2.glb
  Details: {
  "component": "HomePage",
  "modelPath": "/assets/models/cs2/weapons/awp_counter_strike_2.glb",
  "exists": true,
  "log_destination": "market",
  "timestamp": "2025-05-27T02:50:15.218Z"
}
[2025-05-27T02:50:15.227Z] FRONTEND:CS2 - INFO: Validating model path: /assets/models/cs2/weapons/sandstorm_-_gunblade.glb
  Details: {
  "component": "HomePage",
  "modelPath": "/assets/models/cs2/weapons/sandstorm_-_gunblade.glb",
  "exists": true,
  "log_destination": "market",
  "timestamp": "2025-05-27T02:50:15.227Z"
}
[2025-05-27T02:50:15.228Z] FRONTEND:CS2 - INFO: Validating model path: /assets/models/cs2/knives/cs2_knife_-_case_hardened__free.glb
  Details: {
  "component": "HomePage",
  "modelPath": "/assets/models/cs2/knives/cs2_knife_-_case_hardened__free.glb",
  "exists": true,
  "log_destination": "market",
  "timestamp": "2025-05-27T02:50:15.228Z"
}
[2025-05-27T02:50:15.929Z] FRONTEND:AUTH - DEBUG: Auth Flow - Initial Auth State Check
  Details: {
  "timestamp": "2025-05-27T02:50:15.929Z",
  "has_token": false,
  "has_user": false
}
[2025-05-27T02:50:16.024Z] FRONTEND:AUTH - DEBUG: Auth Flow - HeaderConnect Render
  Details: {
  "timestamp": "2025-05-27T02:50:16.024Z",
  "is_connected": false,
  "is_authenticated": false,
  "is_authenticating": false
}
[2025-05-27T02:50:16.026Z] FRONTEND:AUTH - DEBUG: Auth Flow - HeaderConnect Render
  Details: {
  "timestamp": "2025-05-27T02:50:16.026Z",
  "is_connected": false,
  "is_authenticated": false,
  "is_authenticating": false
}
[2025-05-27T02:50:16.296Z] FRONTEND:AUTH - DEBUG: Auth Flow - HeaderConnect Render
  Details: {
  "timestamp": "2025-05-27T02:50:16.296Z",
  "is_connected": false,
  "is_authenticated": false,
  "is_authenticating": false
}
[2025-05-27T02:50:16.298Z] FRONTEND:AUTH - DEBUG: Auth Flow - HeaderConnect Render
  Details: {
  "timestamp": "2025-05-27T02:50:16.298Z",
  "is_connected": false,
  "is_authenticated": false,
  "is_authenticating": false
}
[2025-05-27T02:50:16.398Z] FRONTEND:AUTH - DEBUG: Auth Flow - HeaderConnect Render
  Details: {
  "timestamp": "2025-05-27T02:50:16.398Z",
  "is_connected": false,
  "is_authenticated": false,
  "is_authenticating": false
}
[2025-05-27T02:50:16.399Z] FRONTEND:AUTH - DEBUG: Auth Flow - HeaderConnect Render
  Details: {
  "timestamp": "2025-05-27T02:50:16.399Z",
  "is_connected": false,
  "is_authenticated": false,
  "is_authenticating": false
}
[2025-05-27T02:50:16.621Z] FRONTEND:AUTH - DEBUG: Auth Flow - HeaderConnect Render
  Details: {
  "timestamp": "2025-05-27T02:50:16.621Z",
  "is_connected": false,
  "is_authenticated": false,
  "is_authenticating": false
}
[2025-05-27T02:50:16.622Z] FRONTEND:AUTH - DEBUG: Auth Flow - HeaderConnect Render
  Details: {
  "timestamp": "2025-05-27T02:50:16.622Z",
  "is_connected": false,
  "is_authenticated": false,
  "is_authenticating": false
}
[2025-05-27T02:50:16.673Z] FRONTEND:AUTH - DEBUG: Auth Flow - HeaderConnect Render
  Details: {
  "timestamp": "2025-05-27T02:50:16.673Z",
  "is_connected": false,
  "is_authenticated": false,
  "is_authenticating": false
}
[2025-05-27T02:50:16.679Z] FRONTEND:AUTH - DEBUG: Auth Flow - HeaderConnect Render
  Details: {
  "timestamp": "2025-05-27T02:50:16.679Z",
  "is_connected": false,
  "is_authenticated": false,
  "is_authenticating": false
}
[2025-05-27T02:50:19.218Z] FRONTEND:AUTH - DEBUG: Auth Flow - HeaderConnect Render
  Details: {
  "timestamp": "2025-05-27T02:50:19.218Z",
  "is_connected": false,
  "is_authenticated": false,
  "is_authenticating": false
}
[2025-05-27T02:50:19.220Z] FRONTEND:AUTH - DEBUG: Auth Flow - HeaderConnect Render
  Details: {
  "timestamp": "2025-05-27T02:50:19.220Z",
  "is_connected": false,
  "is_authenticated": false,
  "is_authenticating": false
}
[2025-05-27T02:50:19.376Z] FRONTEND:AUTH - DEBUG: Auth Flow - Auth state updated
  Details: {
  "timestamp": "2025-05-27T02:50:19.376Z",
  "is_connected": false,
  "is_authenticated": false,
  "is_authenticating": false,
  "initial_check_done": false,
  "needs_reauthentication": false,
  "last_authenticated_address": null
}
[2025-05-27T02:50:19.379Z] FRONTEND:CS2 - INFO: Market navbar mounted with enhanced Skinport style and animations
  Details: {
  "categoriesCount": 4,
  "currentCategory": "none",
  "style": "text-only-enhanced-animated",
  "log_destination": "market",
  "timestamp": "2025-05-27T02:50:19.379Z"
}
[2025-05-27T02:50:19.396Z] FRONTEND:CS2 - INFO: Rendering 20 products with enhanced staggered animation
  Details: {
  "productCount": 20,
  "productIds": [
    "1a355db6",
    "6eedda04",
    "fbe7d78d",
    "fbe7d78d",
    "fbe7d78d",
    "fbe7d78d",
    "fbe7d78d",
    "9924a945",
    "441c8935",
    "47510819",
    "0b6f114f",
    "7ac4709f",
    "56b1daec",
    "f9610422",
    "0877b573",
    "f4566c65",
    "5a6c27f6",
    "815e36ac",
    "815e36ac",
    "815e36ac"
  ],
  "animationEnabled": true,
  "staggerType": "wave",
  "baseDelay": "35ms",
  "log_destination": "market",
  "timestamp": "2025-05-27T02:50:19.396Z"
}
[2025-05-27T02:50:19.404Z] FRONTEND:CS2 - INFO: MarketPageView mounted with 20 products and enhanced animations
  Details: {
  "page": 1,
  "pageSize": 20,
  "totalProducts": 1555,
  "productIds": [
    "1a355db6",
    "6eedda04",
    "fbe7d78d",
    "fbe7d78d",
    "fbe7d78d",
    "fbe7d78d",
    "fbe7d78d",
    "9924a945",
    "441c8935",
    "47510819",
    "0b6f114f",
    "7ac4709f",
    "56b1daec",
    "f9610422",
    "0877b573",
    "f4566c65",
    "5a6c27f6",
    "815e36ac",
    "815e36ac",
    "815e36ac"
  ],
  "transitionType": "initial-mount",
  "animationsEnabled": true,
  "log_destination": "market",
  "timestamp": "2025-05-27T02:50:19.404Z"
}
[2025-05-27T02:50:19.408Z] FRONTEND:CS2 - DEBUG: MarketPageView unmounted
  Details: {
  "page": 1,
  "log_destination": "market",
  "timestamp": "2025-05-27T02:50:19.408Z"
}
[2025-05-27T02:50:19.412Z] FRONTEND:AUTH - DEBUG: Auth Flow - Auth state updated
  Details: {
  "timestamp": "2025-05-27T02:50:19.412Z",
  "is_connected": false,
  "is_authenticated": false,
  "is_authenticating": false,
  "initial_check_done": false,
  "needs_reauthentication": false,
  "last_authenticated_address": null
}
[2025-05-27T02:50:19.419Z] FRONTEND:CS2 - INFO: Rendering 20 products with enhanced staggered animation
  Details: {
  "productCount": 20,
  "productIds": [
    "1a355db6",
    "6eedda04",
    "fbe7d78d",
    "fbe7d78d",
    "fbe7d78d",
    "fbe7d78d",
    "fbe7d78d",
    "9924a945",
    "441c8935",
    "47510819",
    "0b6f114f",
    "7ac4709f",
    "56b1daec",
    "f9610422",
    "0877b573",
    "f4566c65",
    "5a6c27f6",
    "815e36ac",
    "815e36ac",
    "815e36ac"
  ],
  "animationEnabled": true,
  "staggerType": "wave",
  "baseDelay": "35ms",
  "log_destination": "market",
  "timestamp": "2025-05-27T02:50:19.419Z"
}
[2025-05-27T02:50:19.562Z] FRONTEND:AUTH - DEBUG: Auth Flow - HeaderConnect Render
  Details: {
  "timestamp": "2025-05-27T02:50:19.562Z",
  "is_connected": false,
  "is_authenticated": false,
  "is_authenticating": false
}
[2025-05-27T02:50:19.563Z] FRONTEND:AUTH - DEBUG: Auth Flow - HeaderConnect Render
  Details: {
  "timestamp": "2025-05-27T02:50:19.563Z",
  "is_connected": false,
  "is_authenticated": false,
  "is_authenticating": false
}
[2025-05-27T02:50:19.668Z] FRONTEND:AUTH - DEBUG: Auth Flow - Auth state updated
  Details: {
  "timestamp": "2025-05-27T02:50:19.668Z",
  "is_connected": false,
  "is_authenticated": false,
  "is_authenticating": false,
  "initial_check_done": false,
  "needs_reauthentication": false,
  "last_authenticated_address": null
}
[2025-05-27T02:50:19.670Z] FRONTEND:CS2 - INFO: Market navbar mounted with enhanced Skinport style and animations
  Details: {
  "categoriesCount": 4,
  "currentCategory": "none",
  "style": "text-only-enhanced-animated",
  "log_destination": "market",
  "timestamp": "2025-05-27T02:50:19.670Z"
}
[2025-05-27T02:50:19.673Z] FRONTEND:AUTH - DEBUG: Auth Flow - Auth state updated
  Details: {
  "timestamp": "2025-05-27T02:50:19.673Z",
  "is_connected": false,
  "is_authenticated": false,
  "is_authenticating": false,
  "initial_check_done": false,
  "needs_reauthentication": false,
  "last_authenticated_address": null
}
[2025-05-27T02:52:34.978Z] FRONTEND:AUTH - DEBUG: Auth Flow - HeaderConnect Render
  Details: {
  "timestamp": "2025-05-27T02:52:34.978Z",
  "is_connected": false,
  "is_authenticated": false,
  "is_authenticating": false
}
[2025-05-27T02:52:34.976Z] FRONTEND:AUTH - DEBUG: Auth Flow - HeaderConnect Render
  Details: {
  "timestamp": "2025-05-27T02:52:34.976Z",
  "is_connected": false,
  "is_authenticated": false,
  "is_authenticating": false
}
[2025-05-27T02:52:36.622Z] FRONTEND:AUTH - DEBUG: Auth Flow - HeaderConnect Render
  Details: {
  "timestamp": "2025-05-27T02:52:36.622Z",
  "is_connected": false,
  "is_authenticated": false,
  "is_authenticating": false
}
[2025-05-27T02:52:36.624Z] FRONTEND:AUTH - DEBUG: Auth Flow - HeaderConnect Render
  Details: {
  "timestamp": "2025-05-27T02:52:36.624Z",
  "is_connected": false,
  "is_authenticated": false,
  "is_authenticating": false
}
[2025-05-27T02:52:38.063Z] FRONTEND:AUTH - DEBUG: Auth Flow - HeaderConnect Render
  Details: {
  "timestamp": "2025-05-27T02:52:38.063Z",
  "is_connected": false,
  "is_authenticated": false,
  "is_authenticating": false
}
[2025-05-27T02:52:38.066Z] FRONTEND:AUTH - DEBUG: Auth Flow - HeaderConnect Render
  Details: {
  "timestamp": "2025-05-27T02:52:38.066Z",
  "is_connected": false,
  "is_authenticated": false,
  "is_authenticating": false
}
[2025-05-27T02:52:39.139Z] FRONTEND:AUTH - DEBUG: Auth Flow - Auth state updated
  Details: {
  "timestamp": "2025-05-27T02:52:39.139Z",
  "is_connected": false,
  "is_authenticated": false,
  "is_authenticating": false,
  "initial_check_done": false,
  "needs_reauthentication": false,
  "last_authenticated_address": null
}
[2025-05-27T02:52:39.144Z] FRONTEND:CS2 - INFO: Market navbar mounted with enhanced Skinport style and animations
  Details: {
  "categoriesCount": 4,
  "currentCategory": "none",
  "style": "text-only-enhanced-animated",
  "log_destination": "market",
  "timestamp": "2025-05-27T02:52:39.144Z"
}
[2025-05-27T02:52:39.154Z] FRONTEND:CS2 - INFO: Rendering 20 products with enhanced staggered animation
  Details: {
  "productCount": 20,
  "productIds": [
    "1a355db6",
    "6eedda04",
    "fbe7d78d",
    "fbe7d78d",
    "fbe7d78d",
    "fbe7d78d",
    "fbe7d78d",
    "9924a945",
    "441c8935",
    "47510819",
    "0b6f114f",
    "7ac4709f",
    "56b1daec",
    "f9610422",
    "0877b573",
    "f4566c65",
    "5a6c27f6",
    "815e36ac",
    "815e36ac",
    "815e36ac"
  ],
  "animationEnabled": true,
  "staggerType": "wave",
  "baseDelay": "35ms",
  "log_destination": "market",
  "timestamp": "2025-05-27T02:52:39.154Z"
}
[2025-05-27T02:52:39.166Z] FRONTEND:AUTH - DEBUG: Auth Flow - Auth state updated
  Details: {
  "timestamp": "2025-05-27T02:52:39.166Z",
  "is_connected": false,
  "is_authenticated": false,
  "is_authenticating": false,
  "initial_check_done": false,
  "needs_reauthentication": false,
  "last_authenticated_address": null
}
[2025-05-27T02:53:06.287Z] FRONTEND:AUTH - DEBUG: Auth Flow - HeaderConnect Render
  Details: {
  "timestamp": "2025-05-27T02:53:06.287Z",
  "is_connected": false,
  "is_authenticated": false,
  "is_authenticating": false
}
[2025-05-27T02:53:06.289Z] FRONTEND:AUTH - DEBUG: Auth Flow - HeaderConnect Render
  Details: {
  "timestamp": "2025-05-27T02:53:06.289Z",
  "is_connected": false,
  "is_authenticated": false,
  "is_authenticating": false
}
[2025-05-27T02:53:08.750Z] FRONTEND:AUTH - DEBUG: Auth Flow - HeaderConnect Render
  Details: {
  "timestamp": "2025-05-27T02:53:08.750Z",
  "is_connected": false,
  "is_authenticated": false,
  "is_authenticating": false
}
[2025-05-27T02:53:08.752Z] FRONTEND:AUTH - DEBUG: Auth Flow - HeaderConnect Render
  Details: {
  "timestamp": "2025-05-27T02:53:08.752Z",
  "is_connected": false,
  "is_authenticated": false,
  "is_authenticating": false
}
[2025-05-27T02:53:09.907Z] FRONTEND:AUTH - DEBUG: Auth Flow - Auth state updated
  Details: {
  "timestamp": "2025-05-27T02:53:09.907Z",
  "is_connected": false,
  "is_authenticated": false,
  "is_authenticating": false,
  "initial_check_done": false,
  "needs_reauthentication": false,
  "last_authenticated_address": null
}
[2025-05-27T02:53:09.911Z] FRONTEND:CS2 - INFO: Market navbar mounted with enhanced Skinport style and animations
  Details: {
  "categoriesCount": 4,
  "currentCategory": "none",
  "style": "text-only-enhanced-animated",
  "log_destination": "market",
  "timestamp": "2025-05-27T02:53:09.911Z"
}
[2025-05-27T02:53:09.929Z] FRONTEND:AUTH - DEBUG: Auth Flow - Auth state updated
  Details: {
  "timestamp": "2025-05-27T02:53:09.929Z",
  "is_connected": false,
  "is_authenticated": false,
  "is_authenticating": false,
  "initial_check_done": false,
  "needs_reauthentication": false,
  "last_authenticated_address": null
}
[2025-05-27T02:53:09.921Z] FRONTEND:CS2 - INFO: Rendering 20 products with enhanced staggered animation
  Details: {
  "productCount": 20,
  "productIds": [
    "1a355db6",
    "6eedda04",
    "fbe7d78d",
    "fbe7d78d",
    "fbe7d78d",
    "fbe7d78d",
    "fbe7d78d",
    "9924a945",
    "441c8935",
    "47510819",
    "0b6f114f",
    "7ac4709f",
    "56b1daec",
    "f9610422",
    "0877b573",
    "f4566c65",
    "5a6c27f6",
    "815e36ac",
    "815e36ac",
    "815e36ac"
  ],
  "animationEnabled": true,
  "staggerType": "wave",
  "baseDelay": "35ms",
  "log_destination": "market",
  "timestamp": "2025-05-27T02:53:09.921Z"
}
[2025-05-27T02:57:35.479Z] FRONTEND:AUTH - DEBUG: Auth Flow - Initial Auth State Check
  Details: {
  "timestamp": "2025-05-27T02:57:35.479Z",
  "has_token": false,
  "has_user": false
}
[2025-05-27T02:57:35.668Z] FRONTEND:AUTH - DEBUG: Auth Flow - HeaderConnect Render
  Details: {
  "timestamp": "2025-05-27T02:57:35.668Z",
  "is_connected": false,
  "is_authenticated": false,
  "is_authenticating": false
}
[2025-05-27T02:57:35.672Z] FRONTEND:AUTH - DEBUG: Auth Flow - HeaderConnect Render
  Details: {
  "timestamp": "2025-05-27T02:57:35.672Z",
  "is_connected": false,
  "is_authenticated": false,
  "is_authenticating": false
}
[2025-05-27T02:57:35.835Z] FRONTEND:AUTH - DEBUG: Auth Flow - Auth state updated
  Details: {
  "timestamp": "2025-05-27T02:57:35.835Z",
  "is_connected": false,
  "is_authenticated": false,
  "is_authenticating": false,
  "initial_check_done": false,
  "needs_reauthentication": false,
  "last_authenticated_address": null
}
[2025-05-27T02:57:35.889Z] FRONTEND:AUTH - DEBUG: Auth Flow - HeaderConnect Render
  Details: {
  "timestamp": "2025-05-27T02:57:35.889Z",
  "is_connected": false,
  "is_authenticated": false,
  "is_authenticating": false
}
[2025-05-27T02:57:35.886Z] FRONTEND:AUTH - DEBUG: Auth Flow - HeaderConnect Render
  Details: {
  "timestamp": "2025-05-27T02:57:35.886Z",
  "is_connected": false,
  "is_authenticated": false,
  "is_authenticating": false
}
[2025-05-27T02:57:36.009Z] FRONTEND:CS2 - INFO: Rendering 20 products with enhanced staggered animation
  Details: {
  "productCount": 20,
  "productIds": [
    "1a355db6",
    "6eedda04",
    "fbe7d78d",
    "fbe7d78d",
    "fbe7d78d",
    "fbe7d78d",
    "fbe7d78d",
    "9924a945",
    "441c8935",
    "47510819",
    "0b6f114f",
    "7ac4709f",
    "56b1daec",
    "f9610422",
    "0877b573",
    "f4566c65",
    "5a6c27f6",
    "815e36ac",
    "815e36ac",
    "815e36ac"
  ],
  "animationEnabled": true,
  "staggerType": "wave",
  "baseDelay": "35ms",
  "log_destination": "market",
  "timestamp": "2025-05-27T02:57:36.009Z"
}
[2025-05-27T02:57:36.013Z] FRONTEND:CS2 - INFO: MarketPageView mounted with 20 products and enhanced animations
  Details: {
  "page": 1,
  "pageSize": 20,
  "totalProducts": 1555,
  "productIds": [
    "1a355db6",
    "6eedda04",
    "fbe7d78d",
    "fbe7d78d",
    "fbe7d78d",
    "fbe7d78d",
    "fbe7d78d",
    "9924a945",
    "441c8935",
    "47510819",
    "0b6f114f",
    "7ac4709f",
    "56b1daec",
    "f9610422",
    "0877b573",
    "f4566c65",
    "5a6c27f6",
    "815e36ac",
    "815e36ac",
    "815e36ac"
  ],
  "transitionType": "initial-mount",
  "animationsEnabled": true,
  "log_destination": "market",
  "timestamp": "2025-05-27T02:57:36.013Z"
}
[2025-05-27T02:57:35.838Z] FRONTEND:CS2 - INFO: Market navbar mounted with enhanced Skinport style and animations
  Details: {
  "categoriesCount": 4,
  "currentCategory": "none",
  "style": "text-only-enhanced-animated",
  "log_destination": "market",
  "timestamp": "2025-05-27T02:57:35.838Z"
}
[2025-05-27T02:57:36.061Z] FRONTEND:AUTH - DEBUG: Auth Flow - HeaderConnect Render
  Details: {
  "timestamp": "2025-05-27T02:57:36.061Z",
  "is_connected": false,
  "is_authenticated": false,
  "is_authenticating": false
}
[2025-05-27T02:57:36.065Z] FRONTEND:AUTH - DEBUG: Auth Flow - HeaderConnect Render
  Details: {
  "timestamp": "2025-05-27T02:57:36.065Z",
  "is_connected": false,
  "is_authenticated": false,
  "is_authenticating": false
}
[2025-05-27T02:57:36.192Z] FRONTEND:AUTH - DEBUG: Auth Flow - HeaderConnect Render
  Details: {
  "timestamp": "2025-05-27T02:57:36.192Z",
  "is_connected": false,
  "is_authenticated": false,
  "is_authenticating": false
}
[2025-05-27T02:57:36.194Z] FRONTEND:AUTH - DEBUG: Auth Flow - HeaderConnect Render
  Details: {
  "timestamp": "2025-05-27T02:57:36.194Z",
  "is_connected": false,
  "is_authenticated": false,
  "is_authenticating": false
}
[2025-05-27T02:57:36.300Z] FRONTEND:AUTH - DEBUG: Auth Flow - HeaderConnect Render
  Details: {
  "timestamp": "2025-05-27T02:57:36.300Z",
  "is_connected": false,
  "is_authenticated": false,
  "is_authenticating": false
}
[2025-05-27T02:57:36.303Z] FRONTEND:AUTH - DEBUG: Auth Flow - HeaderConnect Render
  Details: {
  "timestamp": "2025-05-27T02:57:36.303Z",
  "is_connected": false,
  "is_authenticated": false,
  "is_authenticating": false
}
[2025-05-27T02:57:36.581Z] FRONTEND:AUTH - DEBUG: Auth Flow - HeaderConnect Render
  Details: {
  "timestamp": "2025-05-27T02:57:36.581Z",
  "is_connected": false,
  "is_authenticated": false,
  "is_authenticating": false
}
[2025-05-27T02:57:36.578Z] FRONTEND:AUTH - DEBUG: Auth Flow - HeaderConnect Render
  Details: {
  "timestamp": "2025-05-27T02:57:36.578Z",
  "is_connected": false,
  "is_authenticated": false,
  "is_authenticating": false
}
[2025-05-27T02:57:36.821Z] FRONTEND:AUTH - DEBUG: Auth Flow - Auth state updated
  Details: {
  "timestamp": "2025-05-27T02:57:36.821Z",
  "is_connected": false,
  "is_authenticated": false,
  "is_authenticating": false,
  "initial_check_done": false,
  "needs_reauthentication": false,
  "last_authenticated_address": null
}
[2025-05-27T02:57:36.829Z] FRONTEND:CS2 - INFO: Market navbar mounted with enhanced Skinport style and animations
  Details: {
  "categoriesCount": 4,
  "currentCategory": "none",
  "style": "text-only-enhanced-animated",
  "log_destination": "market",
  "timestamp": "2025-05-27T02:57:36.829Z"
}
[2025-05-27T02:57:36.842Z] FRONTEND:AUTH - DEBUG: Auth Flow - Auth state updated
  Details: {
  "timestamp": "2025-05-27T02:57:36.842Z",
  "is_connected": false,
  "is_authenticated": false,
  "is_authenticating": false,
  "initial_check_done": false,
  "needs_reauthentication": false,
  "last_authenticated_address": null
}
[2025-05-27T03:05:50.355Z] FRONTEND:AUTH - DEBUG: Auth Flow - HeaderConnect Render
  Details: {
  "timestamp": "2025-05-27T03:05:50.355Z",
  "is_connected": false,
  "is_authenticated": false,
  "is_authenticating": false
}
[2025-05-27T03:05:50.353Z] FRONTEND:AUTH - DEBUG: Auth Flow - HeaderConnect Render
  Details: {
  "timestamp": "2025-05-27T03:05:50.353Z",
  "is_connected": false,
  "is_authenticated": false,
  "is_authenticating": false
}
[2025-05-27T03:05:53.318Z] FRONTEND:AUTH - DEBUG: Auth Flow - HeaderConnect Render
  Details: {
  "timestamp": "2025-05-27T03:05:53.318Z",
  "is_connected": false,
  "is_authenticated": false,
  "is_authenticating": false
}
[2025-05-27T03:05:53.319Z] FRONTEND:AUTH - DEBUG: Auth Flow - HeaderConnect Render
  Details: {
  "timestamp": "2025-05-27T03:05:53.319Z",
  "is_connected": false,
  "is_authenticated": false,
  "is_authenticating": false
}
[2025-05-27T03:05:54.057Z] FRONTEND:CS2 - INFO: Market navbar mounted with enhanced Skinport style and animations
  Details: {
  "categoriesCount": 4,
  "currentCategory": "none",
  "style": "text-only-enhanced-animated",
  "log_destination": "market",
  "timestamp": "2025-05-27T03:05:54.057Z"
}
[2025-05-27T03:05:54.068Z] FRONTEND:CS2 - INFO: Rendering 20 products with enhanced staggered animation
  Details: {
  "productCount": 20,
  "productIds": [
    "1a355db6",
    "6eedda04",
    "fbe7d78d",
    "fbe7d78d",
    "fbe7d78d",
    "fbe7d78d",
    "fbe7d78d",
    "9924a945",
    "441c8935",
    "47510819",
    "0b6f114f",
    "7ac4709f",
    "56b1daec",
    "f9610422",
    "0877b573",
    "f4566c65",
    "5a6c27f6",
    "815e36ac",
    "815e36ac",
    "815e36ac"
  ],
  "animationEnabled": true,
  "staggerType": "wave",
  "baseDelay": "35ms",
  "log_destination": "market",
  "timestamp": "2025-05-27T03:05:54.068Z"
}
[2025-05-27T03:05:54.080Z] FRONTEND:AUTH - DEBUG: Auth Flow - Auth state updated
  Details: {
  "timestamp": "2025-05-27T03:05:54.080Z",
  "is_connected": false,
  "is_authenticated": false,
  "is_authenticating": false,
  "initial_check_done": false,
  "needs_reauthentication": false,
  "last_authenticated_address": null
}
[2025-05-27T03:05:54.047Z] FRONTEND:CS2 - DEBUG: MarketPageView unmounted
  Details: {
  "page": 1,
  "log_destination": "market",
  "timestamp": "2025-05-27T03:05:54.047Z"
}
[2025-05-27T03:05:54.053Z] FRONTEND:AUTH - DEBUG: Auth Flow - Auth state updated
  Details: {
  "timestamp": "2025-05-27T03:05:54.053Z",
  "is_connected": false,
  "is_authenticated": false,
  "is_authenticating": false,
  "initial_check_done": false,
  "needs_reauthentication": false,
  "last_authenticated_address": null
}
[2025-05-27T03:05:58.858Z] FRONTEND:AUTH - DEBUG: Auth Flow - HeaderConnect Render
  Details: {
  "timestamp": "2025-05-27T03:05:58.858Z",
  "is_connected": false,
  "is_authenticated": false,
  "is_authenticating": false
}
[2025-05-27T03:05:58.859Z] FRONTEND:AUTH - DEBUG: Auth Flow - HeaderConnect Render
  Details: {
  "timestamp": "2025-05-27T03:05:58.859Z",
  "is_connected": false,
  "is_authenticated": false,
  "is_authenticating": false
}
[2025-05-27T03:05:59.058Z] FRONTEND:AUTH - DEBUG: Auth Flow - HeaderConnect Render
  Details: {
  "timestamp": "2025-05-27T03:05:59.058Z",
  "is_connected": false,
  "is_authenticated": false,
  "is_authenticating": false
}
[2025-05-27T03:05:59.060Z] FRONTEND:AUTH - DEBUG: Auth Flow - HeaderConnect Render
  Details: {
  "timestamp": "2025-05-27T03:05:59.060Z",
  "is_connected": false,
  "is_authenticated": false,
  "is_authenticating": false
}
[2025-05-27T03:06:01.965Z] FRONTEND:AUTH - DEBUG: Auth Flow - HeaderConnect Render
  Details: {
  "timestamp": "2025-05-27T03:06:01.965Z",
  "is_connected": false,
  "is_authenticated": false,
  "is_authenticating": false
}
[2025-05-27T03:06:01.966Z] FRONTEND:AUTH - DEBUG: Auth Flow - HeaderConnect Render
  Details: {
  "timestamp": "2025-05-27T03:06:01.966Z",
  "is_connected": false,
  "is_authenticated": false,
  "is_authenticating": false
}
[2025-05-27T03:06:02.383Z] FRONTEND:AUTH - DEBUG: Auth Flow - Auth state updated
  Details: {
  "timestamp": "2025-05-27T03:06:02.383Z",
  "is_connected": false,
  "is_authenticated": false,
  "is_authenticating": false,
  "initial_check_done": false,
  "needs_reauthentication": false,
  "last_authenticated_address": null
}
[2025-05-27T03:06:02.386Z] FRONTEND:CS2 - INFO: Market navbar mounted with enhanced Skinport style and animations
  Details: {
  "categoriesCount": 4,
  "currentCategory": "none",
  "style": "text-only-enhanced-animated",
  "log_destination": "market",
  "timestamp": "2025-05-27T03:06:02.386Z"
}
[2025-05-27T03:06:02.391Z] FRONTEND:CS2 - INFO: Rendering 20 products with enhanced staggered animation
  Details: {
  "productCount": 20,
  "productIds": [
    "1a355db6",
    "6eedda04",
    "fbe7d78d",
    "fbe7d78d",
    "fbe7d78d",
    "fbe7d78d",
    "fbe7d78d",
    "9924a945",
    "441c8935",
    "47510819",
    "0b6f114f",
    "7ac4709f",
    "56b1daec",
    "f9610422",
    "0877b573",
    "f4566c65",
    "5a6c27f6",
    "815e36ac",
    "815e36ac",
    "815e36ac"
  ],
  "animationEnabled": true,
  "staggerType": "wave",
  "baseDelay": "35ms",
  "log_destination": "market",
  "timestamp": "2025-05-27T03:06:02.391Z"
}
[2025-05-27T03:06:02.396Z] FRONTEND:AUTH - DEBUG: Auth Flow - Auth state updated
  Details: {
  "timestamp": "2025-05-27T03:06:02.396Z",
  "is_connected": false,
  "is_authenticated": false,
  "is_authenticating": false,
  "initial_check_done": false,
  "needs_reauthentication": false,
  "last_authenticated_address": null
}
[2025-05-27T03:06:16.709Z] FRONTEND:AUTH - DEBUG: Auth Flow - Initial Auth State Check
  Details: {
  "timestamp": "2025-05-27T03:06:16.709Z",
  "has_token": false,
  "has_user": false
}
[2025-05-27T03:06:16.829Z] FRONTEND:AUTH - DEBUG: Auth Flow - HeaderConnect Render
  Details: {
  "timestamp": "2025-05-27T03:06:16.829Z",
  "is_connected": false,
  "is_authenticated": false,
  "is_authenticating": false
}
[2025-05-27T03:06:16.831Z] FRONTEND:AUTH - DEBUG: Auth Flow - HeaderConnect Render
  Details: {
  "timestamp": "2025-05-27T03:06:16.831Z",
  "is_connected": false,
  "is_authenticated": false,
  "is_authenticating": false
}
[2025-05-27T03:06:17.099Z] FRONTEND:AUTH - DEBUG: Auth Flow - HeaderConnect Render
  Details: {
  "timestamp": "2025-05-27T03:06:17.099Z",
  "is_connected": false,
  "is_authenticated": false,
  "is_authenticating": false
}
[2025-05-27T03:06:17.101Z] FRONTEND:AUTH - DEBUG: Auth Flow - HeaderConnect Render
  Details: {
  "timestamp": "2025-05-27T03:06:17.101Z",
  "is_connected": false,
  "is_authenticated": false,
  "is_authenticating": false
}
[2025-05-27T03:06:17.536Z] FRONTEND:AUTH - DEBUG: Auth Flow - HeaderConnect Render
  Details: {
  "timestamp": "2025-05-27T03:06:17.536Z",
  "is_connected": false,
  "is_authenticated": false,
  "is_authenticating": false
}
[2025-05-27T03:06:17.537Z] FRONTEND:AUTH - DEBUG: Auth Flow - HeaderConnect Render
  Details: {
  "timestamp": "2025-05-27T03:06:17.537Z",
  "is_connected": false,
  "is_authenticated": false,
  "is_authenticating": false
}
[2025-05-27T03:06:17.605Z] FRONTEND:AUTH - DEBUG: Auth Flow - Auth state updated
  Details: {
  "timestamp": "2025-05-27T03:06:17.605Z",
  "is_connected": false,
  "is_authenticated": false,
  "is_authenticating": false,
  "initial_check_done": false,
  "needs_reauthentication": false,
  "last_authenticated_address": null
}
[2025-05-27T03:06:17.607Z] FRONTEND:CS2 - INFO: Market navbar mounted with enhanced Skinport style and animations
  Details: {
  "categoriesCount": 4,
  "currentCategory": "none",
  "style": "text-only-enhanced-animated",
  "log_destination": "market",
  "timestamp": "2025-05-27T03:06:17.607Z"
}
[2025-05-27T03:06:17.619Z] FRONTEND:AUTH - DEBUG: Auth Flow - Auth state updated
  Details: {
  "timestamp": "2025-05-27T03:06:17.619Z",
  "is_connected": false,
  "is_authenticated": false,
  "is_authenticating": false,
  "initial_check_done": false,
  "needs_reauthentication": false,
  "last_authenticated_address": null
}
[2025-05-27T03:06:17.719Z] FRONTEND:AUTH - DEBUG: Auth Flow - HeaderConnect Render
  Details: {
  "timestamp": "2025-05-27T03:06:17.719Z",
  "is_connected": false,
  "is_authenticated": false,
  "is_authenticating": false
}
[2025-05-27T03:06:17.721Z] FRONTEND:AUTH - DEBUG: Auth Flow - HeaderConnect Render
  Details: {
  "timestamp": "2025-05-27T03:06:17.721Z",
  "is_connected": false,
  "is_authenticated": false,
  "is_authenticating": false
}
[2025-05-27T03:06:17.782Z] FRONTEND:AUTH - DEBUG: Auth Flow - Auth state updated
  Details: {
  "timestamp": "2025-05-27T03:06:17.782Z",
  "is_connected": false,
  "is_authenticated": false,
  "is_authenticating": false,
  "initial_check_done": false,
  "needs_reauthentication": false,
  "last_authenticated_address": null
}
[2025-05-27T03:06:17.785Z] FRONTEND:CS2 - INFO: Market navbar mounted with enhanced Skinport style and animations
  Details: {
  "categoriesCount": 4,
  "currentCategory": "none",
  "style": "text-only-enhanced-animated",
  "log_destination": "market",
  "timestamp": "2025-05-27T03:06:17.785Z"
}
[2025-05-27T03:06:17.788Z] FRONTEND:AUTH - DEBUG: Auth Flow - Auth state updated
  Details: {
  "timestamp": "2025-05-27T03:06:17.788Z",
  "is_connected": false,
  "is_authenticated": false,
  "is_authenticating": false,
  "initial_check_done": false,
  "needs_reauthentication": false,
  "last_authenticated_address": null
}
[2025-05-27T03:06:18.154Z] FRONTEND:CS2 - INFO: Rendering 20 products with enhanced staggered animation
  Details: {
  "productCount": 20,
  "productIds": [
    "1a355db6",
    "6eedda04",
    "fbe7d78d",
    "fbe7d78d",
    "fbe7d78d",
    "fbe7d78d",
    "fbe7d78d",
    "9924a945",
    "441c8935",
    "47510819",
    "0b6f114f",
    "7ac4709f",
    "56b1daec",
    "f9610422",
    "0877b573",
    "f4566c65",
    "5a6c27f6",
    "815e36ac",
    "815e36ac",
    "815e36ac"
  ],
  "animationEnabled": true,
  "staggerType": "wave",
  "baseDelay": "35ms",
  "log_destination": "market",
  "timestamp": "2025-05-27T03:06:18.154Z"
}
[2025-05-27T03:06:18.160Z] FRONTEND:CS2 - INFO: MarketPageView mounted with 20 products and enhanced animations
  Details: {
  "page": 1,
  "pageSize": 20,
  "totalProducts": 1555,
  "productIds": [
    "1a355db6",
    "6eedda04",
    "fbe7d78d",
    "fbe7d78d",
    "fbe7d78d",
    "fbe7d78d",
    "fbe7d78d",
    "9924a945",
    "441c8935",
    "47510819",
    "0b6f114f",
    "7ac4709f",
    "56b1daec",
    "f9610422",
    "0877b573",
    "f4566c65",
    "5a6c27f6",
    "815e36ac",
    "815e36ac",
    "815e36ac"
  ],
  "transitionType": "initial-mount",
  "animationsEnabled": true,
  "log_destination": "market",
  "timestamp": "2025-05-27T03:06:18.160Z"
}
[2025-05-27T03:06:18.164Z] FRONTEND:CS2 - DEBUG: MarketPageView unmounted
  Details: {
  "page": 1,
  "log_destination": "market",
  "timestamp": "2025-05-27T03:06:18.164Z"
}
[2025-05-27T03:06:18.172Z] FRONTEND:CS2 - INFO: Rendering 20 products with enhanced staggered animation
  Details: {
  "productCount": 20,
  "productIds": [
    "1a355db6",
    "6eedda04",
    "fbe7d78d",
    "fbe7d78d",
    "fbe7d78d",
    "fbe7d78d",
    "fbe7d78d",
    "9924a945",
    "441c8935",
    "47510819",
    "0b6f114f",
    "7ac4709f",
    "56b1daec",
    "f9610422",
    "0877b573",
    "f4566c65",
    "5a6c27f6",
    "815e36ac",
    "815e36ac",
    "815e36ac"
  ],
  "animationEnabled": true,
  "staggerType": "wave",
  "baseDelay": "35ms",
  "log_destination": "market",
  "timestamp": "2025-05-27T03:06:18.172Z"
}
[2025-05-27T03:06:51.114Z] FRONTEND:AUTH - DEBUG: Auth Flow - HeaderConnect Render
  Details: {
  "timestamp": "2025-05-27T03:06:51.114Z",
  "is_connected": false,
  "is_authenticated": false,
  "is_authenticating": false
}
[2025-05-27T03:06:51.116Z] FRONTEND:AUTH - DEBUG: Auth Flow - HeaderConnect Render
  Details: {
  "timestamp": "2025-05-27T03:06:51.116Z",
  "is_connected": false,
  "is_authenticated": false,
  "is_authenticating": false
}
[2025-05-27T03:06:51.180Z] FRONTEND:AUTH - DEBUG: Auth Flow - HeaderConnect Render
  Details: {
  "timestamp": "2025-05-27T03:06:51.180Z",
  "is_connected": false,
  "is_authenticated": false,
  "is_authenticating": false
}
[2025-05-27T03:06:51.181Z] FRONTEND:AUTH - DEBUG: Auth Flow - HeaderConnect Render
  Details: {
  "timestamp": "2025-05-27T03:06:51.181Z",
  "is_connected": false,
  "is_authenticated": false,
  "is_authenticating": false
}
[2025-05-27T03:06:53.327Z] FRONTEND:AUTH - DEBUG: Auth Flow - HeaderConnect Render
  Details: {
  "timestamp": "2025-05-27T03:06:53.327Z",
  "is_connected": false,
  "is_authenticated": false,
  "is_authenticating": false
}
[2025-05-27T03:06:53.329Z] FRONTEND:AUTH - DEBUG: Auth Flow - HeaderConnect Render
  Details: {
  "timestamp": "2025-05-27T03:06:53.329Z",
  "is_connected": false,
  "is_authenticated": false,
  "is_authenticating": false
}
[2025-05-27T03:06:53.440Z] FRONTEND:AUTH - DEBUG: Auth Flow - Auth state updated
  Details: {
  "timestamp": "2025-05-27T03:06:53.440Z",
  "is_connected": false,
  "is_authenticated": false,
  "is_authenticating": false,
  "initial_check_done": false,
  "needs_reauthentication": false,
  "last_authenticated_address": null
}
[2025-05-27T03:06:53.442Z] FRONTEND:CS2 - INFO: Market navbar mounted with enhanced Skinport style and animations
  Details: {
  "categoriesCount": 4,
  "currentCategory": "none",
  "style": "text-only-enhanced-animated",
  "log_destination": "market",
  "timestamp": "2025-05-27T03:06:53.442Z"
}
[2025-05-27T03:06:53.456Z] FRONTEND:CS2 - INFO: Rendering 20 products with enhanced staggered animation
  Details: {
  "productCount": 20,
  "productIds": [
    "1a355db6",
    "6eedda04",
    "fbe7d78d",
    "fbe7d78d",
    "fbe7d78d",
    "fbe7d78d",
    "fbe7d78d",
    "9924a945",
    "441c8935",
    "47510819",
    "0b6f114f",
    "7ac4709f",
    "56b1daec",
    "f9610422",
    "0877b573",
    "f4566c65",
    "5a6c27f6",
    "815e36ac",
    "815e36ac",
    "815e36ac"
  ],
  "animationEnabled": true,
  "staggerType": "wave",
  "baseDelay": "35ms",
  "log_destination": "market",
  "timestamp": "2025-05-27T03:06:53.456Z"
}
[2025-05-27T03:06:53.461Z] FRONTEND:CS2 - INFO: MarketPageView mounted with 20 products and enhanced animations
  Details: {
  "page": 1,
  "pageSize": 20,
  "totalProducts": 1555,
  "productIds": [
    "1a355db6",
    "6eedda04",
    "fbe7d78d",
    "fbe7d78d",
    "fbe7d78d",
    "fbe7d78d",
    "fbe7d78d",
    "9924a945",
    "441c8935",
    "47510819",
    "0b6f114f",
    "7ac4709f",
    "56b1daec",
    "f9610422",
    "0877b573",
    "f4566c65",
    "5a6c27f6",
    "815e36ac",
    "815e36ac",
    "815e36ac"
  ],
  "transitionType": "initial-mount",
  "animationsEnabled": true,
  "log_destination": "market",
  "timestamp": "2025-05-27T03:06:53.461Z"
}
[2025-05-27T03:06:53.467Z] FRONTEND:CS2 - DEBUG: MarketPageView unmounted
  Details: {
  "page": 1,
  "log_destination": "market",
  "timestamp": "2025-05-27T03:06:53.467Z"
}
[2025-05-27T03:06:53.472Z] FRONTEND:AUTH - DEBUG: Auth Flow - Auth state updated
  Details: {
  "timestamp": "2025-05-27T03:06:53.472Z",
  "is_connected": false,
  "is_authenticated": false,
  "is_authenticating": false,
  "initial_check_done": false,
  "needs_reauthentication": false,
  "last_authenticated_address": null
}
[2025-05-27T03:06:53.480Z] FRONTEND:CS2 - INFO: Rendering 20 products with enhanced staggered animation
  Details: {
  "productCount": 20,
  "productIds": [
    "1a355db6",
    "6eedda04",
    "fbe7d78d",
    "fbe7d78d",
    "fbe7d78d",
    "fbe7d78d",
    "fbe7d78d",
    "9924a945",
    "441c8935",
    "47510819",
    "0b6f114f",
    "7ac4709f",
    "56b1daec",
    "f9610422",
    "0877b573",
    "f4566c65",
    "5a6c27f6",
    "815e36ac",
    "815e36ac",
    "815e36ac"
  ],
  "animationEnabled": true,
  "staggerType": "wave",
  "baseDelay": "35ms",
  "log_destination": "market",
  "timestamp": "2025-05-27T03:06:53.480Z"
}
[2025-05-27T03:06:53.604Z] FRONTEND:AUTH - DEBUG: Auth Flow - HeaderConnect Render
  Details: {
  "timestamp": "2025-05-27T03:06:53.604Z",
  "is_connected": false,
  "is_authenticated": false,
  "is_authenticating": false
}
[2025-05-27T03:06:53.605Z] FRONTEND:AUTH - DEBUG: Auth Flow - HeaderConnect Render
  Details: {
  "timestamp": "2025-05-27T03:06:53.605Z",
  "is_connected": false,
  "is_authenticated": false,
  "is_authenticating": false
}
[2025-05-27T03:06:53.666Z] FRONTEND:AUTH - DEBUG: Auth Flow - Auth state updated
  Details: {
  "timestamp": "2025-05-27T03:06:53.666Z",
  "is_connected": false,
  "is_authenticated": false,
  "is_authenticating": false,
  "initial_check_done": false,
  "needs_reauthentication": false,
  "last_authenticated_address": null
}
[2025-05-27T03:06:53.671Z] FRONTEND:CS2 - INFO: Market navbar mounted with enhanced Skinport style and animations
  Details: {
  "categoriesCount": 4,
  "currentCategory": "none",
  "style": "text-only-enhanced-animated",
  "log_destination": "market",
  "timestamp": "2025-05-27T03:06:53.671Z"
}
[2025-05-27T03:06:53.677Z] FRONTEND:AUTH - DEBUG: Auth Flow - Auth state updated
  Details: {
  "timestamp": "2025-05-27T03:06:53.677Z",
  "is_connected": false,
  "is_authenticated": false,
  "is_authenticating": false,
  "initial_check_done": false,
  "needs_reauthentication": false,
  "last_authenticated_address": null
}
[2025-05-27T03:08:01.987Z] FRONTEND:AUTH - DEBUG: Auth Flow - HeaderConnect Render
  Details: {
  "timestamp": "2025-05-27T03:08:01.987Z",
  "is_connected": false,
  "is_authenticated": false,
  "is_authenticating": false
}
[2025-05-27T03:08:01.985Z] FRONTEND:AUTH - DEBUG: Auth Flow - HeaderConnect Render
  Details: {
  "timestamp": "2025-05-27T03:08:01.985Z",
  "is_connected": false,
  "is_authenticated": false,
  "is_authenticating": false
}
[2025-05-27T03:08:04.260Z] FRONTEND:AUTH - DEBUG: Auth Flow - HeaderConnect Render
  Details: {
  "timestamp": "2025-05-27T03:08:04.260Z",
  "is_connected": false,
  "is_authenticated": false,
  "is_authenticating": false
}
[2025-05-27T03:08:04.257Z] FRONTEND:AUTH - DEBUG: Auth Flow - HeaderConnect Render
  Details: {
  "timestamp": "2025-05-27T03:08:04.257Z",
  "is_connected": false,
  "is_authenticated": false,
  "is_authenticating": false
}
[2025-05-27T03:08:05.134Z] FRONTEND:AUTH - DEBUG: Auth Flow - Auth state updated
  Details: {
  "timestamp": "2025-05-27T03:08:05.134Z",
  "is_connected": false,
  "is_authenticated": false,
  "is_authenticating": false,
  "initial_check_done": false,
  "needs_reauthentication": false,
  "last_authenticated_address": null
}
[2025-05-27T03:08:05.136Z] FRONTEND:CS2 - INFO: Market navbar mounted with enhanced Skinport style and animations
  Details: {
  "categoriesCount": 4,
  "currentCategory": "none",
  "style": "text-only-enhanced-animated",
  "log_destination": "market",
  "timestamp": "2025-05-27T03:08:05.136Z"
}
[2025-05-27T03:08:05.147Z] FRONTEND:CS2 - INFO: Rendering 20 products with enhanced staggered animation
  Details: {
  "productCount": 20,
  "productIds": [
    "1a355db6",
    "6eedda04",
    "fbe7d78d",
    "fbe7d78d",
    "fbe7d78d",
    "fbe7d78d",
    "fbe7d78d",
    "9924a945",
    "441c8935",
    "47510819",
    "0b6f114f",
    "7ac4709f",
    "56b1daec",
    "f9610422",
    "0877b573",
    "f4566c65",
    "5a6c27f6",
    "815e36ac",
    "815e36ac",
    "815e36ac"
  ],
  "animationEnabled": true,
  "staggerType": "wave",
  "baseDelay": "35ms",
  "log_destination": "market",
  "timestamp": "2025-05-27T03:08:05.147Z"
}
[2025-05-27T03:08:05.155Z] FRONTEND:AUTH - DEBUG: Auth Flow - Auth state updated
  Details: {
  "timestamp": "2025-05-27T03:08:05.155Z",
  "is_connected": false,
  "is_authenticated": false,
  "is_authenticating": false,
  "initial_check_done": false,
  "needs_reauthentication": false,
  "last_authenticated_address": null
}
[2025-05-27T03:08:13.114Z] FRONTEND:AUTH - DEBUG: Auth Flow - Initial Auth State Check
  Details: {
  "timestamp": "2025-05-27T03:08:13.114Z",
  "has_token": false,
  "has_user": false
}
[2025-05-27T03:08:13.215Z] FRONTEND:AUTH - DEBUG: Auth Flow - HeaderConnect Render
  Details: {
  "timestamp": "2025-05-27T03:08:13.215Z",
  "is_connected": false,
  "is_authenticated": false,
  "is_authenticating": false
}
[2025-05-27T03:08:13.217Z] FRONTEND:AUTH - DEBUG: Auth Flow - HeaderConnect Render
  Details: {
  "timestamp": "2025-05-27T03:08:13.217Z",
  "is_connected": false,
  "is_authenticated": false,
  "is_authenticating": false
}
[2025-05-27T03:08:13.314Z] FRONTEND:AUTH - DEBUG: Auth Flow - Auth state updated
  Details: {
  "timestamp": "2025-05-27T03:08:13.314Z",
  "is_connected": false,
  "is_authenticated": false,
  "is_authenticating": false,
  "initial_check_done": false,
  "needs_reauthentication": false,
  "last_authenticated_address": null
}
[2025-05-27T03:08:13.317Z] FRONTEND:CS2 - INFO: Market navbar mounted with enhanced Skinport style and animations
  Details: {
  "categoriesCount": 4,
  "currentCategory": "none",
  "style": "text-only-enhanced-animated",
  "log_destination": "market",
  "timestamp": "2025-05-27T03:08:13.317Z"
}
[2025-05-27T03:08:13.349Z] FRONTEND:AUTH - DEBUG: Auth Flow - HeaderConnect Render
  Details: {
  "timestamp": "2025-05-27T03:08:13.349Z",
  "is_connected": false,
  "is_authenticated": false,
  "is_authenticating": false
}
[2025-05-27T03:08:13.351Z] FRONTEND:AUTH - DEBUG: Auth Flow - HeaderConnect Render
  Details: {
  "timestamp": "2025-05-27T03:08:13.351Z",
  "is_connected": false,
  "is_authenticated": false,
  "is_authenticating": false
}
[2025-05-27T03:08:13.433Z] FRONTEND:AUTH - DEBUG: Auth Flow - HeaderConnect Render
  Details: {
  "timestamp": "2025-05-27T03:08:13.433Z",
  "is_connected": false,
  "is_authenticated": false,
  "is_authenticating": false
}
[2025-05-27T03:08:13.435Z] FRONTEND:AUTH - DEBUG: Auth Flow - HeaderConnect Render
  Details: {
  "timestamp": "2025-05-27T03:08:13.435Z",
  "is_connected": false,
  "is_authenticated": false,
  "is_authenticating": false
}
[2025-05-27T03:08:13.496Z] FRONTEND:AUTH - DEBUG: Auth Flow - HeaderConnect Render
  Details: {
  "timestamp": "2025-05-27T03:08:13.496Z",
  "is_connected": false,
  "is_authenticated": false,
  "is_authenticating": false
}
[2025-05-27T03:08:13.498Z] FRONTEND:AUTH - DEBUG: Auth Flow - HeaderConnect Render
  Details: {
  "timestamp": "2025-05-27T03:08:13.498Z",
  "is_connected": false,
  "is_authenticated": false,
  "is_authenticating": false
}
[2025-05-27T03:08:13.589Z] FRONTEND:CS2 - INFO: Rendering 20 products with enhanced staggered animation
  Details: {
  "productCount": 20,
  "productIds": [
    "1a355db6",
    "6eedda04",
    "fbe7d78d",
    "fbe7d78d",
    "fbe7d78d",
    "fbe7d78d",
    "fbe7d78d",
    "9924a945",
    "441c8935",
    "47510819",
    "0b6f114f",
    "7ac4709f",
    "56b1daec",
    "f9610422",
    "0877b573",
    "f4566c65",
    "5a6c27f6",
    "815e36ac",
    "815e36ac",
    "815e36ac"
  ],
  "animationEnabled": true,
  "staggerType": "wave",
  "baseDelay": "35ms",
  "log_destination": "market",
  "timestamp": "2025-05-27T03:08:13.589Z"
}
[2025-05-27T03:08:13.595Z] FRONTEND:CS2 - INFO: MarketPageView mounted with 20 products and enhanced animations
  Details: {
  "page": 1,
  "pageSize": 20,
  "totalProducts": 1555,
  "productIds": [
    "1a355db6",
    "6eedda04",
    "fbe7d78d",
    "fbe7d78d",
    "fbe7d78d",
    "fbe7d78d",
    "fbe7d78d",
    "9924a945",
    "441c8935",
    "47510819",
    "0b6f114f",
    "7ac4709f",
    "56b1daec",
    "f9610422",
    "0877b573",
    "f4566c65",
    "5a6c27f6",
    "815e36ac",
    "815e36ac",
    "815e36ac"
  ],
  "transitionType": "initial-mount",
  "animationsEnabled": true,
  "log_destination": "market",
  "timestamp": "2025-05-27T03:08:13.595Z"
}
[2025-05-27T03:08:13.645Z] FRONTEND:AUTH - DEBUG: Auth Flow - HeaderConnect Render
  Details: {
  "timestamp": "2025-05-27T03:08:13.645Z",
  "is_connected": false,
  "is_authenticated": false,
  "is_authenticating": false
}
[2025-05-27T03:08:13.646Z] FRONTEND:AUTH - DEBUG: Auth Flow - HeaderConnect Render
  Details: {
  "timestamp": "2025-05-27T03:08:13.646Z",
  "is_connected": false,
  "is_authenticated": false,
  "is_authenticating": false
}
[2025-05-27T03:08:13.741Z] FRONTEND:AUTH - DEBUG: Auth Flow - Auth state updated
  Details: {
  "timestamp": "2025-05-27T03:08:13.741Z",
  "is_connected": false,
  "is_authenticated": false,
  "is_authenticating": false,
  "initial_check_done": false,
  "needs_reauthentication": false,
  "last_authenticated_address": null
}
[2025-05-27T03:08:13.744Z] FRONTEND:CS2 - INFO: Market navbar mounted with enhanced Skinport style and animations
  Details: {
  "categoriesCount": 4,
  "currentCategory": "none",
  "style": "text-only-enhanced-animated",
  "log_destination": "market",
  "timestamp": "2025-05-27T03:08:13.744Z"
}
[2025-05-27T03:08:13.753Z] FRONTEND:AUTH - DEBUG: Auth Flow - Auth state updated
  Details: {
  "timestamp": "2025-05-27T03:08:13.753Z",
  "is_connected": false,
  "is_authenticated": false,
  "is_authenticating": false,
  "initial_check_done": false,
  "needs_reauthentication": false,
  "last_authenticated_address": null
}
[2025-05-27T03:11:27.380Z] FRONTEND:AUTH - DEBUG: Auth Flow - Initial Auth State Check
  Details: {
  "timestamp": "2025-05-27T03:11:27.380Z",
  "has_token": false,
  "has_user": false
}
[2025-05-27T03:11:27.556Z] FRONTEND:AUTH - DEBUG: Auth Flow - HeaderConnect Render
  Details: {
  "timestamp": "2025-05-27T03:11:27.556Z",
  "is_connected": false,
  "is_authenticated": false,
  "is_authenticating": false
}
[2025-05-27T03:11:27.557Z] FRONTEND:AUTH - DEBUG: Auth Flow - HeaderConnect Render
  Details: {
  "timestamp": "2025-05-27T03:11:27.557Z",
  "is_connected": false,
  "is_authenticated": false,
  "is_authenticating": false
}
[2025-05-27T03:11:27.732Z] FRONTEND:AUTH - DEBUG: Auth Flow - Auth state updated
  Details: {
  "timestamp": "2025-05-27T03:11:27.732Z",
  "is_connected": false,
  "is_authenticated": false,
  "is_authenticating": false,
  "initial_check_done": false,
  "needs_reauthentication": false,
  "last_authenticated_address": null
}
[2025-05-27T03:11:27.737Z] FRONTEND:CS2 - INFO: Market navbar mounted with enhanced Skinport style and animations
  Details: {
  "categoriesCount": 4,
  "currentCategory": "none",
  "style": "text-only-enhanced-animated",
  "log_destination": "market",
  "timestamp": "2025-05-27T03:11:27.737Z"
}
[2025-05-27T03:11:27.805Z] FRONTEND:AUTH - DEBUG: Auth Flow - HeaderConnect Render
  Details: {
  "timestamp": "2025-05-27T03:11:27.805Z",
  "is_connected": false,
  "is_authenticated": false,
  "is_authenticating": false
}
[2025-05-27T03:11:27.810Z] FRONTEND:AUTH - DEBUG: Auth Flow - HeaderConnect Render
  Details: {
  "timestamp": "2025-05-27T03:11:27.810Z",
  "is_connected": false,
  "is_authenticated": false,
  "is_authenticating": false
}
[2025-05-27T03:11:27.925Z] FRONTEND:CS2 - INFO: Rendering 20 products with enhanced staggered animation
  Details: {
  "productCount": 20,
  "productIds": [
    "1a355db6",
    "6eedda04",
    "fbe7d78d",
    "fbe7d78d",
    "fbe7d78d",
    "fbe7d78d",
    "fbe7d78d",
    "9924a945",
    "441c8935",
    "47510819",
    "0b6f114f",
    "7ac4709f",
    "56b1daec",
    "f9610422",
    "0877b573",
    "f4566c65",
    "5a6c27f6",
    "815e36ac",
    "815e36ac",
    "815e36ac"
  ],
  "animationEnabled": true,
  "staggerType": "wave",
  "baseDelay": "35ms",
  "log_destination": "market",
  "timestamp": "2025-05-27T03:11:27.925Z"
}
[2025-05-27T03:11:27.930Z] FRONTEND:CS2 - INFO: MarketPageView mounted with 20 products and enhanced animations
  Details: {
  "page": 1,
  "pageSize": 20,
  "totalProducts": 1555,
  "productIds": [
    "1a355db6",
    "6eedda04",
    "fbe7d78d",
    "fbe7d78d",
    "fbe7d78d",
    "fbe7d78d",
    "fbe7d78d",
    "9924a945",
    "441c8935",
    "47510819",
    "0b6f114f",
    "7ac4709f",
    "56b1daec",
    "f9610422",
    "0877b573",
    "f4566c65",
    "5a6c27f6",
    "815e36ac",
    "815e36ac",
    "815e36ac"
  ],
  "transitionType": "initial-mount",
  "animationsEnabled": true,
  "log_destination": "market",
  "timestamp": "2025-05-27T03:11:27.930Z"
}
[2025-05-27T03:11:27.970Z] FRONTEND:AUTH - DEBUG: Auth Flow - HeaderConnect Render
  Details: {
  "timestamp": "2025-05-27T03:11:27.970Z",
  "is_connected": false,
  "is_authenticated": false,
  "is_authenticating": false
}
[2025-05-27T03:11:27.974Z] FRONTEND:AUTH - DEBUG: Auth Flow - HeaderConnect Render
  Details: {
  "timestamp": "2025-05-27T03:11:27.974Z",
  "is_connected": false,
  "is_authenticated": false,
  "is_authenticating": false
}
[2025-05-27T03:11:28.097Z] FRONTEND:AUTH - DEBUG: Auth Flow - HeaderConnect Render
  Details: {
  "timestamp": "2025-05-27T03:11:28.097Z",
  "is_connected": false,
  "is_authenticated": false,
  "is_authenticating": false
}
[2025-05-27T03:11:28.100Z] FRONTEND:AUTH - DEBUG: Auth Flow - HeaderConnect Render
  Details: {
  "timestamp": "2025-05-27T03:11:28.100Z",
  "is_connected": false,
  "is_authenticated": false,
  "is_authenticating": false
}
[2025-05-27T03:11:28.208Z] FRONTEND:AUTH - DEBUG: Auth Flow - HeaderConnect Render
  Details: {
  "timestamp": "2025-05-27T03:11:28.208Z",
  "is_connected": false,
  "is_authenticated": false,
  "is_authenticating": false
}
[2025-05-27T03:11:28.211Z] FRONTEND:AUTH - DEBUG: Auth Flow - HeaderConnect Render
  Details: {
  "timestamp": "2025-05-27T03:11:28.211Z",
  "is_connected": false,
  "is_authenticated": false,
  "is_authenticating": false
}
[2025-05-27T03:11:28.457Z] FRONTEND:AUTH - DEBUG: Auth Flow - HeaderConnect Render
  Details: {
  "timestamp": "2025-05-27T03:11:28.457Z",
  "is_connected": false,
  "is_authenticated": false,
  "is_authenticating": false
}
[2025-05-27T03:11:28.459Z] FRONTEND:AUTH - DEBUG: Auth Flow - HeaderConnect Render
  Details: {
  "timestamp": "2025-05-27T03:11:28.459Z",
  "is_connected": false,
  "is_authenticated": false,
  "is_authenticating": false
}
[2025-05-27T03:11:28.616Z] FRONTEND:AUTH - DEBUG: Auth Flow - Auth state updated
  Details: {
  "timestamp": "2025-05-27T03:11:28.616Z",
  "is_connected": false,
  "is_authenticated": false,
  "is_authenticating": false,
  "initial_check_done": false,
  "needs_reauthentication": false,
  "last_authenticated_address": null
}
[2025-05-27T03:11:28.620Z] FRONTEND:CS2 - INFO: Market navbar mounted with enhanced Skinport style and animations
  Details: {
  "categoriesCount": 4,
  "currentCategory": "none",
  "style": "text-only-enhanced-animated",
  "log_destination": "market",
  "timestamp": "2025-05-27T03:11:28.620Z"
}
[2025-05-27T03:11:28.628Z] FRONTEND:AUTH - DEBUG: Auth Flow - Auth state updated
  Details: {
  "timestamp": "2025-05-27T03:11:28.628Z",
  "is_connected": false,
  "is_authenticated": false,
  "is_authenticating": false,
  "initial_check_done": false,
  "needs_reauthentication": false,
  "last_authenticated_address": null
}
[2025-05-27T03:11:42.197Z] FRONTEND:AUTH - DEBUG: Auth Flow - HeaderConnect Render
  Details: {
  "timestamp": "2025-05-27T03:11:42.197Z",
  "is_connected": false,
  "is_authenticated": false,
  "is_authenticating": false
}
[2025-05-27T03:11:42.200Z] FRONTEND:AUTH - DEBUG: Auth Flow - HeaderConnect Render
  Details: {
  "timestamp": "2025-05-27T03:11:42.200Z",
  "is_connected": false,
  "is_authenticated": false,
  "is_authenticating": false
}
[2025-05-27T03:11:44.764Z] FRONTEND:AUTH - DEBUG: Auth Flow - HeaderConnect Render
  Details: {
  "timestamp": "2025-05-27T03:11:44.764Z",
  "is_connected": false,
  "is_authenticated": false,
  "is_authenticating": false
}
[2025-05-27T03:11:44.767Z] FRONTEND:AUTH - DEBUG: Auth Flow - HeaderConnect Render
  Details: {
  "timestamp": "2025-05-27T03:11:44.767Z",
  "is_connected": false,
  "is_authenticated": false,
  "is_authenticating": false
}
[2025-05-27T03:11:45.598Z] FRONTEND:CS2 - INFO: Market navbar mounted with enhanced Skinport style and animations
  Details: {
  "categoriesCount": 4,
  "currentCategory": "none",
  "style": "text-only-enhanced-animated",
  "log_destination": "market",
  "timestamp": "2025-05-27T03:11:45.598Z"
}
[2025-05-27T03:11:45.608Z] FRONTEND:CS2 - INFO: Rendering 20 products with enhanced staggered animation
  Details: {
  "productCount": 20,
  "productIds": [
    "1a355db6",
    "6eedda04",
    "fbe7d78d",
    "fbe7d78d",
    "fbe7d78d",
    "fbe7d78d",
    "fbe7d78d",
    "9924a945",
    "441c8935",
    "47510819",
    "0b6f114f",
    "7ac4709f",
    "56b1daec",
    "f9610422",
    "0877b573",
    "f4566c65",
    "5a6c27f6",
    "815e36ac",
    "815e36ac",
    "815e36ac"
  ],
  "animationEnabled": true,
  "staggerType": "wave",
  "baseDelay": "35ms",
  "log_destination": "market",
  "timestamp": "2025-05-27T03:11:45.608Z"
}
[2025-05-27T03:11:45.594Z] FRONTEND:AUTH - DEBUG: Auth Flow - Auth state updated
  Details: {
  "timestamp": "2025-05-27T03:11:45.594Z",
  "is_connected": false,
  "is_authenticated": false,
  "is_authenticating": false,
  "initial_check_done": false,
  "needs_reauthentication": false,
  "last_authenticated_address": null
}
[2025-05-27T03:11:45.617Z] FRONTEND:AUTH - DEBUG: Auth Flow - Auth state updated
  Details: {
  "timestamp": "2025-05-27T03:11:45.617Z",
  "is_connected": false,
  "is_authenticated": false,
  "is_authenticating": false,
  "initial_check_done": false,
  "needs_reauthentication": false,
  "last_authenticated_address": null
}
[2025-05-27T03:11:45.589Z] FRONTEND:CS2 - DEBUG: MarketPageView unmounted
  Details: {
  "page": 1,
  "log_destination": "market",
  "timestamp": "2025-05-27T03:11:45.589Z"
}
[2025-05-27T03:18:53.219Z] FRONTEND:AUTH - DEBUG: Auth Flow - HeaderConnect Render
  Details: {
  "timestamp": "2025-05-27T03:18:53.219Z",
  "is_connected": false,
  "is_authenticated": false,
  "is_authenticating": false
}
[2025-05-27T03:18:53.249Z] FRONTEND:AUTH - DEBUG: Auth Flow - HeaderConnect Render
  Details: {
  "timestamp": "2025-05-27T03:18:53.249Z",
  "is_connected": false,
  "is_authenticated": false,
  "is_authenticating": false
}
[2025-05-27T03:18:53.249Z] FRONTEND:AUTH - DEBUG: Auth Flow - HeaderConnect Render
  Details: {
  "timestamp": "2025-05-27T03:18:53.249Z",
  "is_connected": false,
  "is_authenticated": false,
  "is_authenticating": false
}
[2025-05-27T03:18:53.218Z] FRONTEND:AUTH - DEBUG: Auth Flow - HeaderConnect Render
  Details: {
  "timestamp": "2025-05-27T03:18:53.218Z",
  "is_connected": false,
  "is_authenticated": false,
  "is_authenticating": false
}
[2025-05-27T03:20:39.839Z] FRONTEND:AUTH - DEBUG: Auth Flow - Initial Auth State Check
  Details: {
  "timestamp": "2025-05-27T03:20:39.839Z",
  "has_token": false,
  "has_user": false
}
[2025-05-27T03:20:42.986Z] FRONTEND:AUTH - DEBUG: Auth Flow - Initial Auth State Check
  Details: {
  "timestamp": "2025-05-27T03:20:42.986Z",
  "has_token": false,
  "has_user": false
}
[2025-05-27T03:20:43.037Z] FRONTEND:AUTH - DEBUG: Auth Flow - HeaderConnect Render
  Details: {
  "timestamp": "2025-05-27T03:20:43.037Z",
  "is_connected": false,
  "is_authenticated": false,
  "is_authenticating": false
}
[2025-05-27T03:20:43.038Z] FRONTEND:AUTH - DEBUG: Auth Flow - HeaderConnect Render
  Details: {
  "timestamp": "2025-05-27T03:20:43.038Z",
  "is_connected": false,
  "is_authenticated": false,
  "is_authenticating": false
}
[2025-05-27T03:20:43.177Z] FRONTEND:AUTH - DEBUG: Auth Flow - HeaderConnect Render
  Details: {
  "timestamp": "2025-05-27T03:20:43.177Z",
  "is_connected": false,
  "is_authenticated": false,
  "is_authenticating": false
}
[2025-05-27T03:20:43.178Z] FRONTEND:AUTH - DEBUG: Auth Flow - HeaderConnect Render
  Details: {
  "timestamp": "2025-05-27T03:20:43.178Z",
  "is_connected": false,
  "is_authenticated": false,
  "is_authenticating": false
}
[2025-05-27T03:20:43.305Z] FRONTEND:AUTH - DEBUG: Auth Flow - HeaderConnect Render
  Details: {
  "timestamp": "2025-05-27T03:20:43.305Z",
  "is_connected": false,
  "is_authenticated": false,
  "is_authenticating": false
}
[2025-05-27T03:20:43.306Z] FRONTEND:AUTH - DEBUG: Auth Flow - HeaderConnect Render
  Details: {
  "timestamp": "2025-05-27T03:20:43.306Z",
  "is_connected": false,
  "is_authenticated": false,
  "is_authenticating": false
}
[2025-05-27T03:20:43.346Z] FRONTEND:AUTH - DEBUG: Auth Flow - HeaderConnect Render
  Details: {
  "timestamp": "2025-05-27T03:20:43.346Z",
  "is_connected": false,
  "is_authenticated": false,
  "is_authenticating": false
}
[2025-05-27T03:20:43.346Z] FRONTEND:AUTH - DEBUG: Auth Flow - HeaderConnect Render
  Details: {
  "timestamp": "2025-05-27T03:20:43.346Z",
  "is_connected": false,
  "is_authenticated": false,
  "is_authenticating": false
}
[2025-05-27T03:20:45.454Z] FRONTEND:AUTH - DEBUG: Auth Flow - HeaderConnect Render
  Details: {
  "timestamp": "2025-05-27T03:20:45.454Z",
  "is_connected": false,
  "is_authenticated": false,
  "is_authenticating": false
}
[2025-05-27T03:20:45.455Z] FRONTEND:AUTH - DEBUG: Auth Flow - HeaderConnect Render
  Details: {
  "timestamp": "2025-05-27T03:20:45.455Z",
  "is_connected": false,
  "is_authenticated": false,
  "is_authenticating": false
}
[2025-05-27T03:20:45.491Z] FRONTEND:AUTH - DEBUG: Auth Flow - Auth state updated
  Details: {
  "timestamp": "2025-05-27T03:20:45.491Z",
  "is_connected": false,
  "is_authenticated": false,
  "is_authenticating": false,
  "initial_check_done": false,
  "needs_reauthentication": false,
  "last_authenticated_address": null
}
[2025-05-27T03:20:45.492Z] FRONTEND:CS2 - INFO: Market navbar mounted with enhanced Skinport style and animations
  Details: {
  "categoriesCount": 4,
  "currentCategory": "none",
  "style": "text-only-enhanced-animated",
  "log_destination": "market",
  "timestamp": "2025-05-27T03:20:45.492Z"
}
[2025-05-27T03:20:45.496Z] FRONTEND:AUTH - DEBUG: Auth Flow - Auth state updated
  Details: {
  "timestamp": "2025-05-27T03:20:45.496Z",
  "is_connected": false,
  "is_authenticated": false,
  "is_authenticating": false,
  "initial_check_done": false,
  "needs_reauthentication": false,
  "last_authenticated_address": null
}
[2025-05-27T03:20:45.578Z] FRONTEND:AUTH - DEBUG: Auth Flow - HeaderConnect Render
  Details: {
  "timestamp": "2025-05-27T03:20:45.578Z",
  "is_connected": false,
  "is_authenticated": false,
  "is_authenticating": false
}
[2025-05-27T03:20:45.578Z] FRONTEND:AUTH - DEBUG: Auth Flow - HeaderConnect Render
  Details: {
  "timestamp": "2025-05-27T03:20:45.578Z",
  "is_connected": false,
  "is_authenticated": false,
  "is_authenticating": false
}
[2025-05-27T03:20:45.606Z] FRONTEND:AUTH - DEBUG: Auth Flow - Auth state updated
  Details: {
  "timestamp": "2025-05-27T03:20:45.606Z",
  "is_connected": false,
  "is_authenticated": false,
  "is_authenticating": false,
  "initial_check_done": false,
  "needs_reauthentication": false,
  "last_authenticated_address": null
}
[2025-05-27T03:20:45.606Z] FRONTEND:CS2 - INFO: Market navbar mounted with enhanced Skinport style and animations
  Details: {
  "categoriesCount": 4,
  "currentCategory": "none",
  "style": "text-only-enhanced-animated",
  "log_destination": "market",
  "timestamp": "2025-05-27T03:20:45.606Z"
}
[2025-05-27T03:20:45.607Z] FRONTEND:AUTH - DEBUG: Auth Flow - Auth state updated
  Details: {
  "timestamp": "2025-05-27T03:20:45.607Z",
  "is_connected": false,
  "is_authenticated": false,
  "is_authenticating": false,
  "initial_check_done": false,
  "needs_reauthentication": false,
  "last_authenticated_address": null
}
[2025-05-27T03:20:45.807Z] FRONTEND:CS2 - INFO: Rendering 20 products with enhanced staggered animation
  Details: {
  "productCount": 20,
  "productIds": [
    "1a355db6",
    "6eedda04",
    "fbe7d78d",
    "fbe7d78d",
    "fbe7d78d",
    "fbe7d78d",
    "fbe7d78d",
    "9924a945",
    "441c8935",
    "47510819",
    "0b6f114f",
    "7ac4709f",
    "56b1daec",
    "f9610422",
    "0877b573",
    "f4566c65",
    "5a6c27f6",
    "815e36ac",
    "815e36ac",
    "815e36ac"
  ],
  "animationEnabled": true,
  "staggerType": "wave",
  "baseDelay": "35ms",
  "log_destination": "market",
  "timestamp": "2025-05-27T03:20:45.807Z"
}
[2025-05-27T03:20:45.808Z] FRONTEND:CS2 - INFO: MarketPageView mounted with 20 products and enhanced animations
  Details: {
  "page": 1,
  "pageSize": 20,
  "totalProducts": 1555,
  "productIds": [
    "1a355db6",
    "6eedda04",
    "fbe7d78d",
    "fbe7d78d",
    "fbe7d78d",
    "fbe7d78d",
    "fbe7d78d",
    "9924a945",
    "441c8935",
    "47510819",
    "0b6f114f",
    "7ac4709f",
    "56b1daec",
    "f9610422",
    "0877b573",
    "f4566c65",
    "5a6c27f6",
    "815e36ac",
    "815e36ac",
    "815e36ac"
  ],
  "transitionType": "initial-mount",
  "animationsEnabled": true,
  "log_destination": "market",
  "timestamp": "2025-05-27T03:20:45.808Z"
}
[2025-05-27T03:20:45.808Z] FRONTEND:CS2 - DEBUG: MarketPageView unmounted
  Details: {
  "page": 1,
  "log_destination": "market",
  "timestamp": "2025-05-27T03:20:45.808Z"
}
[2025-05-27T03:20:45.809Z] FRONTEND:CS2 - INFO: Rendering 20 products with enhanced staggered animation
  Details: {
  "productCount": 20,
  "productIds": [
    "1a355db6",
    "6eedda04",
    "fbe7d78d",
    "fbe7d78d",
    "fbe7d78d",
    "fbe7d78d",
    "fbe7d78d",
    "9924a945",
    "441c8935",
    "47510819",
    "0b6f114f",
    "7ac4709f",
    "56b1daec",
    "f9610422",
    "0877b573",
    "f4566c65",
    "5a6c27f6",
    "815e36ac",
    "815e36ac",
    "815e36ac"
  ],
  "animationEnabled": true,
  "staggerType": "wave",
  "baseDelay": "35ms",
  "log_destination": "market",
  "timestamp": "2025-05-27T03:20:45.809Z"
}
[2025-05-27T03:21:50.777Z] FRONTEND:AUTH - DEBUG: Auth Flow - HeaderConnect Render
  Details: {
  "timestamp": "2025-05-27T03:21:50.777Z",
  "is_connected": false,
  "is_authenticated": false,
  "is_authenticating": false
}
[2025-05-27T03:21:50.778Z] FRONTEND:AUTH - DEBUG: Auth Flow - HeaderConnect Render
  Details: {
  "timestamp": "2025-05-27T03:21:50.778Z",
  "is_connected": false,
  "is_authenticated": false,
  "is_authenticating": false
}
[2025-05-27T03:21:50.856Z] FRONTEND:AUTH - DEBUG: Auth Flow - HeaderConnect Render
  Details: {
  "timestamp": "2025-05-27T03:21:50.856Z",
  "is_connected": false,
  "is_authenticated": false,
  "is_authenticating": false
}
[2025-05-27T03:21:50.857Z] FRONTEND:AUTH - DEBUG: Auth Flow - HeaderConnect Render
  Details: {
  "timestamp": "2025-05-27T03:21:50.857Z",
  "is_connected": false,
  "is_authenticated": false,
  "is_authenticating": false
}
[2025-05-27T03:25:22.515Z] FRONTEND:AUTH - DEBUG: Auth Flow - Initial Auth State Check
  Details: {
  "timestamp": "2025-05-27T03:25:22.515Z",
  "has_token": false,
  "has_user": false
}
[2025-05-27T03:25:25.889Z] FRONTEND:AUTH - DEBUG: Auth Flow - Initial Auth State Check
  Details: {
  "timestamp": "2025-05-27T03:25:25.889Z",
  "has_token": false,
  "has_user": false
}
[2025-05-27T03:25:25.944Z] FRONTEND:AUTH - DEBUG: Auth Flow - HeaderConnect Render
  Details: {
  "timestamp": "2025-05-27T03:25:25.944Z",
  "is_connected": false,
  "is_authenticated": false,
  "is_authenticating": false
}
[2025-05-27T03:25:25.945Z] FRONTEND:AUTH - DEBUG: Auth Flow - HeaderConnect Render
  Details: {
  "timestamp": "2025-05-27T03:25:25.945Z",
  "is_connected": false,
  "is_authenticated": false,
  "is_authenticating": false
}
[2025-05-27T03:25:26.177Z] FRONTEND:AUTH - DEBUG: Auth Flow - HeaderConnect Render
  Details: {
  "timestamp": "2025-05-27T03:25:26.177Z",
  "is_connected": false,
  "is_authenticated": false,
  "is_authenticating": false
}
[2025-05-27T03:25:26.177Z] FRONTEND:AUTH - DEBUG: Auth Flow - HeaderConnect Render
  Details: {
  "timestamp": "2025-05-27T03:25:26.177Z",
  "is_connected": false,
  "is_authenticated": false,
  "is_authenticating": false
}
[2025-05-27T03:25:26.256Z] FRONTEND:AUTH - DEBUG: Auth Flow - HeaderConnect Render
  Details: {
  "timestamp": "2025-05-27T03:25:26.256Z",
  "is_connected": false,
  "is_authenticated": false,
  "is_authenticating": false
}
[2025-05-27T03:25:26.256Z] FRONTEND:AUTH - DEBUG: Auth Flow - HeaderConnect Render
  Details: {
  "timestamp": "2025-05-27T03:25:26.256Z",
  "is_connected": false,
  "is_authenticated": false,
  "is_authenticating": false
}
[2025-05-27T03:25:26.297Z] FRONTEND:AUTH - DEBUG: Auth Flow - HeaderConnect Render
  Details: {
  "timestamp": "2025-05-27T03:25:26.297Z",
  "is_connected": false,
  "is_authenticated": false,
  "is_authenticating": false
}
[2025-05-27T03:25:26.298Z] FRONTEND:AUTH - DEBUG: Auth Flow - HeaderConnect Render
  Details: {
  "timestamp": "2025-05-27T03:25:26.298Z",
  "is_connected": false,
  "is_authenticated": false,
  "is_authenticating": false
}
[2025-05-27T03:25:28.167Z] FRONTEND:AUTH - DEBUG: Auth Flow - HeaderConnect Render
  Details: {
  "timestamp": "2025-05-27T03:25:28.167Z",
  "is_connected": false,
  "is_authenticated": false,
  "is_authenticating": false
}
[2025-05-27T03:25:28.169Z] FRONTEND:AUTH - DEBUG: Auth Flow - HeaderConnect Render
  Details: {
  "timestamp": "2025-05-27T03:25:28.169Z",
  "is_connected": false,
  "is_authenticated": false,
  "is_authenticating": false
}
[2025-05-27T03:25:28.243Z] FRONTEND:AUTH - DEBUG: Auth Flow - Auth state updated
  Details: {
  "timestamp": "2025-05-27T03:25:28.243Z",
  "is_connected": false,
  "is_authenticated": false,
  "is_authenticating": false,
  "initial_check_done": false,
  "needs_reauthentication": false,
  "last_authenticated_address": null
}
[2025-05-27T03:25:28.244Z] FRONTEND:CS2 - INFO: Market navbar mounted with enhanced Skinport style and animations
  Details: {
  "categoriesCount": 4,
  "currentCategory": "none",
  "style": "text-only-enhanced-animated",
  "log_destination": "market",
  "timestamp": "2025-05-27T03:25:28.244Z"
}
[2025-05-27T03:25:28.255Z] FRONTEND:AUTH - DEBUG: Auth Flow - Auth state updated
  Details: {
  "timestamp": "2025-05-27T03:25:28.255Z",
  "is_connected": false,
  "is_authenticated": false,
  "is_authenticating": false,
  "initial_check_done": false,
  "needs_reauthentication": false,
  "last_authenticated_address": null
}
[2025-05-27T03:25:28.310Z] FRONTEND:AUTH - DEBUG: Auth Flow - HeaderConnect Render
  Details: {
  "timestamp": "2025-05-27T03:25:28.310Z",
  "is_connected": false,
  "is_authenticated": false,
  "is_authenticating": false
}
[2025-05-27T03:25:28.311Z] FRONTEND:AUTH - DEBUG: Auth Flow - HeaderConnect Render
  Details: {
  "timestamp": "2025-05-27T03:25:28.311Z",
  "is_connected": false,
  "is_authenticated": false,
  "is_authenticating": false
}
[2025-05-27T03:25:28.341Z] FRONTEND:AUTH - DEBUG: Auth Flow - Auth state updated
  Details: {
  "timestamp": "2025-05-27T03:25:28.341Z",
  "is_connected": false,
  "is_authenticated": false,
  "is_authenticating": false,
  "initial_check_done": false,
  "needs_reauthentication": false,
  "last_authenticated_address": null
}
[2025-05-27T03:25:28.341Z] FRONTEND:CS2 - INFO: Market navbar mounted with enhanced Skinport style and animations
  Details: {
  "categoriesCount": 4,
  "currentCategory": "none",
  "style": "text-only-enhanced-animated",
  "log_destination": "market",
  "timestamp": "2025-05-27T03:25:28.341Z"
}
[2025-05-27T03:25:28.342Z] FRONTEND:AUTH - DEBUG: Auth Flow - Auth state updated
  Details: {
  "timestamp": "2025-05-27T03:25:28.342Z",
  "is_connected": false,
  "is_authenticated": false,
  "is_authenticating": false,
  "initial_check_done": false,
  "needs_reauthentication": false,
  "last_authenticated_address": null
}
[2025-05-27T03:25:28.559Z] FRONTEND:CS2 - INFO: Rendering 20 products with enhanced staggered animation
  Details: {
  "productCount": 20,
  "productIds": [
    "1a355db6",
    "6eedda04",
    "fbe7d78d",
    "fbe7d78d",
    "fbe7d78d",
    "fbe7d78d",
    "fbe7d78d",
    "9924a945",
    "441c8935",
    "47510819",
    "0b6f114f",
    "7ac4709f",
    "56b1daec",
    "f9610422",
    "0877b573",
    "f4566c65",
    "5a6c27f6",
    "815e36ac",
    "815e36ac",
    "815e36ac"
  ],
  "animationEnabled": true,
  "staggerType": "wave",
  "baseDelay": "35ms",
  "log_destination": "market",
  "timestamp": "2025-05-27T03:25:28.559Z"
}
[2025-05-27T03:25:28.560Z] FRONTEND:CS2 - INFO: MarketPageView mounted with 20 products and enhanced animations
  Details: {
  "page": 1,
  "pageSize": 20,
  "totalProducts": 1555,
  "productIds": [
    "1a355db6",
    "6eedda04",
    "fbe7d78d",
    "fbe7d78d",
    "fbe7d78d",
    "fbe7d78d",
    "fbe7d78d",
    "9924a945",
    "441c8935",
    "47510819",
    "0b6f114f",
    "7ac4709f",
    "56b1daec",
    "f9610422",
    "0877b573",
    "f4566c65",
    "5a6c27f6",
    "815e36ac",
    "815e36ac",
    "815e36ac"
  ],
  "transitionType": "initial-mount",
  "animationsEnabled": true,
  "log_destination": "market",
  "timestamp": "2025-05-27T03:25:28.560Z"
}
[2025-05-27T03:25:28.560Z] FRONTEND:CS2 - DEBUG: MarketPageView unmounted
  Details: {
  "page": 1,
  "log_destination": "market",
  "timestamp": "2025-05-27T03:25:28.560Z"
}
[2025-05-27T03:25:28.561Z] FRONTEND:CS2 - INFO: Rendering 20 products with enhanced staggered animation
  Details: {
  "productCount": 20,
  "productIds": [
    "1a355db6",
    "6eedda04",
    "fbe7d78d",
    "fbe7d78d",
    "fbe7d78d",
    "fbe7d78d",
    "fbe7d78d",
    "9924a945",
    "441c8935",
    "47510819",
    "0b6f114f",
    "7ac4709f",
    "56b1daec",
    "f9610422",
    "0877b573",
    "f4566c65",
    "5a6c27f6",
    "815e36ac",
    "815e36ac",
    "815e36ac"
  ],
  "animationEnabled": true,
  "staggerType": "wave",
  "baseDelay": "35ms",
  "log_destination": "market",
  "timestamp": "2025-05-27T03:25:28.561Z"
}
[2025-05-27T22:51:44.678Z] FRONTEND:CS2 - INFO: Validating model path: /assets/models/cs2/weapons/sandstorm_-_gunblade.glb
  Details: {
  "component": "HomePage",
  "modelPath": "/assets/models/cs2/weapons/sandstorm_-_gunblade.glb",
  "exists": true,
  "log_destination": "market",
  "timestamp": "2025-05-27T22:51:44.678Z"
}
[2025-05-27T22:51:44.678Z] FRONTEND:CS2 - INFO: Validating model path: /assets/models/cs2/knives/cs2_knife_-_case_hardened__free.glb
  Details: {
  "component": "HomePage",
  "modelPath": "/assets/models/cs2/knives/cs2_knife_-_case_hardened__free.glb",
  "exists": true,
  "log_destination": "market",
  "timestamp": "2025-05-27T22:51:44.678Z"
}
[2025-05-27T22:51:45.148Z] FRONTEND:AUTH - DEBUG: Auth Flow - Initial Auth State Check
  Details: {
  "timestamp": "2025-05-27T22:51:45.148Z",
  "has_token": false,
  "has_user": false
}
[2025-05-27T22:51:45.271Z] FRONTEND:CS2 - INFO: Paginated CS2 products: page 1 of 1
  Details: {
  "page": 1,
  "pageSize": 20,
  "totalProducts": 5,
  "totalPages": 1,
  "operation": "pagination",
  "log_destination": "market",
  "timestamp": "2025-05-27T22:51:45.271Z"
}
[2025-05-27T22:51:44.677Z] FRONTEND:CS2 - INFO: Validating model path: /assets/models/cs2/weapons/awp_counter_strike_2.glb
  Details: {
  "component": "HomePage",
  "modelPath": "/assets/models/cs2/weapons/awp_counter_strike_2.glb",
  "exists": true,
  "log_destination": "market",
  "timestamp": "2025-05-27T22:51:44.677Z"
}
[2025-05-27T22:51:45.272Z] FRONTEND:CS2 - INFO: Loaded 5 CS2 products successfully
  Details: {
  "products": [
    "cs2-awp-crakow-minimal-wear",
    "cs2-ak47-asiimov-factory-new",
    "cs2-m4a4-howl-field-tested",
    "cs2-deagle-printstream-minimal-wear",
    "cs2-butterfly-doppler-factory-new"
  ],
  "count": 5,
  "totalProducts": 5,
  "page": 1,
  "operation": "product_load",
  "log_destination": "market",
  "timestamp": "2025-05-27T22:51:45.272Z"
}
[2025-05-27T22:51:45.277Z] FRONTEND:CS2 - WARN: Using ModelViewer fallback for: Loading...
  Details: {
  "component": "ModelFallback",
  "modelPath": "Loading...",
  "log_destination": "market",
  "timestamp": "2025-05-27T22:51:45.277Z"
}
[2025-05-27T22:51:45.278Z] FRONTEND:CS2 - WARN: Using ModelViewer fallback for: Loading...
  Details: {
  "component": "ModelFallback",
  "modelPath": "Loading...",
  "log_destination": "market",
  "timestamp": "2025-05-27T22:51:45.278Z"
}
[2025-05-27T22:51:45.283Z] FRONTEND:CS2 - WARN: Using ModelViewer fallback for: Loading...
  Details: {
  "component": "ModelFallback",
  "modelPath": "Loading...",
  "log_destination": "market",
  "timestamp": "2025-05-27T22:51:45.283Z"
}
[2025-05-27T22:51:45.284Z] FRONTEND:CS2 - WARN: Using ModelViewer fallback for: Loading...
  Details: {
  "component": "ModelFallback",
  "modelPath": "Loading...",
  "log_destination": "market",
  "timestamp": "2025-05-27T22:51:45.284Z"
}
[2025-05-27T22:51:45.288Z] FRONTEND:CS2 - WARN: Using ModelViewer fallback for: Loading...
  Details: {
  "component": "ModelFallback",
  "modelPath": "Loading...",
  "log_destination": "market",
  "timestamp": "2025-05-27T22:51:45.288Z"
}
[2025-05-27T22:51:45.289Z] FRONTEND:CS2 - WARN: Using ModelViewer fallback for: Loading...
  Details: {
  "component": "ModelFallback",
  "modelPath": "Loading...",
  "log_destination": "market",
  "timestamp": "2025-05-27T22:51:45.289Z"
}
[2025-05-27T22:51:45.298Z] FRONTEND:CS2 - WARN: Using ModelViewer fallback for: Loading...
  Details: {
  "component": "ModelFallback",
  "modelPath": "Loading...",
  "log_destination": "market",
  "timestamp": "2025-05-27T22:51:45.298Z"
}
[2025-05-27T22:51:45.299Z] FRONTEND:CS2 - WARN: Using ModelViewer fallback for: Loading...
  Details: {
  "component": "ModelFallback",
  "modelPath": "Loading...",
  "log_destination": "market",
  "timestamp": "2025-05-27T22:51:45.299Z"
}
[2025-05-27T22:51:45.303Z] FRONTEND:CS2 - WARN: Using ModelViewer fallback for: Loading...
  Details: {
  "component": "ModelFallback",
  "modelPath": "Loading...",
  "log_destination": "market",
  "timestamp": "2025-05-27T22:51:45.303Z"
}
[2025-05-27T22:51:45.304Z] FRONTEND:CS2 - WARN: Using ModelViewer fallback for: Loading...
  Details: {
  "component": "ModelFallback",
  "modelPath": "Loading...",
  "log_destination": "market",
  "timestamp": "2025-05-27T22:51:45.304Z"
}
[2025-05-27T22:51:45.307Z] FRONTEND:CS2 - WARN: Using ModelViewer fallback for: Loading...
  Details: {
  "component": "ModelFallback",
  "modelPath": "Loading...",
  "log_destination": "market",
  "timestamp": "2025-05-27T22:51:45.307Z"
}
[2025-05-27T22:51:45.307Z] FRONTEND:CS2 - WARN: Using ModelViewer fallback for: Loading...
  Details: {
  "component": "ModelFallback",
  "modelPath": "Loading...",
  "log_destination": "market",
  "timestamp": "2025-05-27T22:51:45.307Z"
}
[2025-05-27T22:51:45.315Z] FRONTEND:CS2 - WARN: Using ModelViewer fallback for: Loading...
  Details: {
  "component": "ModelFallback",
  "modelPath": "Loading...",
  "log_destination": "market",
  "timestamp": "2025-05-27T22:51:45.315Z"
}
[2025-05-27T22:51:45.316Z] FRONTEND:CS2 - WARN: Using ModelViewer fallback for: Loading...
  Details: {
  "component": "ModelFallback",
  "modelPath": "Loading...",
  "log_destination": "market",
  "timestamp": "2025-05-27T22:51:45.316Z"
}
[2025-05-27T22:51:45.319Z] FRONTEND:CS2 - WARN: Using ModelViewer fallback for: Loading...
  Details: {
  "component": "ModelFallback",
  "modelPath": "Loading...",
  "log_destination": "market",
  "timestamp": "2025-05-27T22:51:45.319Z"
}
[2025-05-27T22:51:45.319Z] FRONTEND:CS2 - WARN: Using ModelViewer fallback for: Loading...
  Details: {
  "component": "ModelFallback",
  "modelPath": "Loading...",
  "log_destination": "market",
  "timestamp": "2025-05-27T22:51:45.319Z"
}
[2025-05-27T22:51:45.323Z] FRONTEND:CS2 - WARN: Using ModelViewer fallback for: Loading...
  Details: {
  "component": "ModelFallback",
  "modelPath": "Loading...",
  "log_destination": "market",
  "timestamp": "2025-05-27T22:51:45.323Z"
}
[2025-05-27T22:51:45.324Z] FRONTEND:CS2 - WARN: Using ModelViewer fallback for: Loading...
  Details: {
  "component": "ModelFallback",
  "modelPath": "Loading...",
  "log_destination": "market",
  "timestamp": "2025-05-27T22:51:45.324Z"
}
[2025-05-27T22:51:45.358Z] FRONTEND:CS2 - INFO: Loaded 4 featured products for homepage
  Details: {
  "productCount": 4,
  "productIds": [
    "cs2-awp-crakow-minimal-wear",
    "cs2-ak47-asiimov-factory-new",
    "cs2-m4a4-howl-field-tested",
    "cs2-deagle-printstream-minimal-wear"
  ],
  "log_destination": "market",
  "timestamp": "2025-05-27T22:51:45.358Z"
}
[2025-05-27T22:51:50.072Z] FRONTEND:CS2 - WARN: Using ModelViewer fallback for: /assets/models/cs2/weapons/awp_counter_strike_2.glb
  Details: {
  "component": "ModelFallback",
  "modelPath": "/assets/models/cs2/weapons/awp_counter_strike_2.glb",
  "log_destination": "market",
  "timestamp": "2025-05-27T22:51:50.072Z"
}
[2025-05-27T22:51:50.073Z] FRONTEND:CS2 - WARN: Using ModelViewer fallback for: /assets/models/cs2/weapons/awp_counter_strike_2.glb
  Details: {
  "component": "ModelFallback",
  "modelPath": "/assets/models/cs2/weapons/awp_counter_strike_2.glb",
  "log_destination": "market",
  "timestamp": "2025-05-27T22:51:50.073Z"
}
[2025-05-27T22:51:50.091Z] FRONTEND:CS2 - WARN: Using ModelViewer fallback for: /assets/models/cs2/weapons/awp_counter_strike_2.glb
  Details: {
  "component": "ModelFallback",
  "modelPath": "/assets/models/cs2/weapons/awp_counter_strike_2.glb",
  "log_destination": "market",
  "timestamp": "2025-05-27T22:51:50.091Z"
}
[2025-05-27T22:51:50.092Z] FRONTEND:CS2 - WARN: Using ModelViewer fallback for: /assets/models/cs2/weapons/awp_counter_strike_2.glb
  Details: {
  "component": "ModelFallback",
  "modelPath": "/assets/models/cs2/weapons/awp_counter_strike_2.glb",
  "log_destination": "market",
  "timestamp": "2025-05-27T22:51:50.092Z"
}
[2025-05-27T22:51:50.095Z] FRONTEND:CS2 - WARN: Using ModelViewer fallback for: /assets/models/cs2/weapons/sandstorm_-_gunblade.glb
  Details: {
  "component": "ModelFallback",
  "modelPath": "/assets/models/cs2/weapons/sandstorm_-_gunblade.glb",
  "log_destination": "market",
  "timestamp": "2025-05-27T22:51:50.095Z"
}
[2025-05-27T22:51:50.096Z] FRONTEND:CS2 - WARN: Using ModelViewer fallback for: /assets/models/cs2/weapons/sandstorm_-_gunblade.glb
  Details: {
  "component": "ModelFallback",
  "modelPath": "/assets/models/cs2/weapons/sandstorm_-_gunblade.glb",
  "log_destination": "market",
  "timestamp": "2025-05-27T22:51:50.096Z"
}
[2025-05-27T22:51:50.099Z] FRONTEND:CS2 - WARN: Using ModelViewer fallback for: /assets/models/cs2/knives/cs2_knife_-_case_hardened__free.glb
  Details: {
  "component": "ModelFallback",
  "modelPath": "/assets/models/cs2/knives/cs2_knife_-_case_hardened__free.glb",
  "log_destination": "market",
  "timestamp": "2025-05-27T22:51:50.099Z"
}
[2025-05-27T22:51:50.100Z] FRONTEND:CS2 - WARN: Using ModelViewer fallback for: /assets/models/cs2/knives/cs2_knife_-_case_hardened__free.glb
  Details: {
  "component": "ModelFallback",
  "modelPath": "/assets/models/cs2/knives/cs2_knife_-_case_hardened__free.glb",
  "log_destination": "market",
  "timestamp": "2025-05-27T22:51:50.100Z"
}
[2025-05-27T22:51:50.110Z] FRONTEND:CS2 - WARN: Using ModelViewer fallback for: /assets/models/cs2/weapons/awp_counter_strike_2.glb
  Details: {
  "component": "ModelFallback",
  "modelPath": "/assets/models/cs2/weapons/awp_counter_strike_2.glb",
  "log_destination": "market",
  "timestamp": "2025-05-27T22:51:50.110Z"
}
[2025-05-27T22:51:50.111Z] FRONTEND:CS2 - WARN: Using ModelViewer fallback for: /assets/models/cs2/weapons/awp_counter_strike_2.glb
  Details: {
  "component": "ModelFallback",
  "modelPath": "/assets/models/cs2/weapons/awp_counter_strike_2.glb",
  "log_destination": "market",
  "timestamp": "2025-05-27T22:51:50.111Z"
}
[2025-05-27T22:51:50.114Z] FRONTEND:CS2 - WARN: Using ModelViewer fallback for: /assets/models/cs2/weapons/sandstorm_-_gunblade.glb
  Details: {
  "component": "ModelFallback",
  "modelPath": "/assets/models/cs2/weapons/sandstorm_-_gunblade.glb",
  "log_destination": "market",
  "timestamp": "2025-05-27T22:51:50.114Z"
}
[2025-05-27T22:51:50.114Z] FRONTEND:CS2 - WARN: Using ModelViewer fallback for: /assets/models/cs2/weapons/sandstorm_-_gunblade.glb
  Details: {
  "component": "ModelFallback",
  "modelPath": "/assets/models/cs2/weapons/sandstorm_-_gunblade.glb",
  "log_destination": "market",
  "timestamp": "2025-05-27T22:51:50.114Z"
}
[2025-05-27T22:51:50.120Z] FRONTEND:CS2 - WARN: Using ModelViewer fallback for: /assets/models/cs2/knives/cs2_knife_-_case_hardened__free.glb
  Details: {
  "component": "ModelFallback",
  "modelPath": "/assets/models/cs2/knives/cs2_knife_-_case_hardened__free.glb",
  "log_destination": "market",
  "timestamp": "2025-05-27T22:51:50.120Z"
}
[2025-05-27T22:51:50.120Z] FRONTEND:CS2 - WARN: Using ModelViewer fallback for: /assets/models/cs2/knives/cs2_knife_-_case_hardened__free.glb
  Details: {
  "component": "ModelFallback",
  "modelPath": "/assets/models/cs2/knives/cs2_knife_-_case_hardened__free.glb",
  "log_destination": "market",
  "timestamp": "2025-05-27T22:51:50.120Z"
}
[2025-05-27T22:51:53.275Z] FRONTEND:CS2 - INFO: Changed to next slide: 1
  Details: {
  "component": "HomePage",
  "action": "nextSlide",
  "log_destination": "market",
  "timestamp": "2025-05-27T22:51:53.275Z"
}
[2025-05-27T22:51:53.286Z] FRONTEND:CS2 - WARN: Using ModelViewer fallback for: /assets/models/cs2/weapons/awp_counter_strike_2.glb
  Details: {
  "component": "ModelFallback",
  "modelPath": "/assets/models/cs2/weapons/awp_counter_strike_2.glb",
  "log_destination": "market",
  "timestamp": "2025-05-27T22:51:53.285Z"
}
[2025-05-27T22:51:53.286Z] FRONTEND:CS2 - WARN: Using ModelViewer fallback for: /assets/models/cs2/weapons/awp_counter_strike_2.glb
  Details: {
  "component": "ModelFallback",
  "modelPath": "/assets/models/cs2/weapons/awp_counter_strike_2.glb",
  "log_destination": "market",
  "timestamp": "2025-05-27T22:51:53.286Z"
}
[2025-05-27T22:51:53.290Z] FRONTEND:CS2 - WARN: Using ModelViewer fallback for: /assets/models/cs2/weapons/sandstorm_-_gunblade.glb
  Details: {
  "component": "ModelFallback",
  "modelPath": "/assets/models/cs2/weapons/sandstorm_-_gunblade.glb",
  "log_destination": "market",
  "timestamp": "2025-05-27T22:51:53.290Z"
}
[2025-05-27T22:51:53.290Z] FRONTEND:CS2 - WARN: Using ModelViewer fallback for: /assets/models/cs2/weapons/sandstorm_-_gunblade.glb
  Details: {
  "component": "ModelFallback",
  "modelPath": "/assets/models/cs2/weapons/sandstorm_-_gunblade.glb",
  "log_destination": "market",
  "timestamp": "2025-05-27T22:51:53.290Z"
}
[2025-05-27T22:51:53.297Z] FRONTEND:CS2 - WARN: Using ModelViewer fallback for: /assets/models/cs2/knives/cs2_knife_-_case_hardened__free.glb
  Details: {
  "component": "ModelFallback",
  "modelPath": "/assets/models/cs2/knives/cs2_knife_-_case_hardened__free.glb",
  "log_destination": "market",
  "timestamp": "2025-05-27T22:51:53.297Z"
}
[2025-05-27T22:51:53.298Z] FRONTEND:CS2 - WARN: Using ModelViewer fallback for: /assets/models/cs2/knives/cs2_knife_-_case_hardened__free.glb
  Details: {
  "component": "ModelFallback",
  "modelPath": "/assets/models/cs2/knives/cs2_knife_-_case_hardened__free.glb",
  "log_destination": "market",
  "timestamp": "2025-05-27T22:51:53.298Z"
}
[2025-05-27T22:52:02.152Z] FRONTEND:CS2 - INFO: Changed to next slide: 2
  Details: {
  "component": "HomePage",
  "action": "nextSlide",
  "log_destination": "market",
  "timestamp": "2025-05-27T22:52:02.152Z"
}
[2025-05-27T22:52:02.171Z] FRONTEND:CS2 - WARN: Using ModelViewer fallback for: /assets/models/cs2/weapons/awp_counter_strike_2.glb
  Details: {
  "component": "ModelFallback",
  "modelPath": "/assets/models/cs2/weapons/awp_counter_strike_2.glb",
  "log_destination": "market",
  "timestamp": "2025-05-27T22:52:02.171Z"
}
[2025-05-27T22:52:02.171Z] FRONTEND:CS2 - WARN: Using ModelViewer fallback for: /assets/models/cs2/weapons/awp_counter_strike_2.glb
  Details: {
  "component": "ModelFallback",
  "modelPath": "/assets/models/cs2/weapons/awp_counter_strike_2.glb",
  "log_destination": "market",
  "timestamp": "2025-05-27T22:52:02.171Z"
}
[2025-05-27T22:52:02.175Z] FRONTEND:CS2 - WARN: Using ModelViewer fallback for: /assets/models/cs2/weapons/sandstorm_-_gunblade.glb
  Details: {
  "component": "ModelFallback",
  "modelPath": "/assets/models/cs2/weapons/sandstorm_-_gunblade.glb",
  "log_destination": "market",
  "timestamp": "2025-05-27T22:52:02.175Z"
}
[2025-05-27T22:52:02.176Z] FRONTEND:CS2 - WARN: Using ModelViewer fallback for: /assets/models/cs2/weapons/sandstorm_-_gunblade.glb
  Details: {
  "component": "ModelFallback",
  "modelPath": "/assets/models/cs2/weapons/sandstorm_-_gunblade.glb",
  "log_destination": "market",
  "timestamp": "2025-05-27T22:52:02.176Z"
}
[2025-05-27T22:52:02.179Z] FRONTEND:CS2 - WARN: Using ModelViewer fallback for: /assets/models/cs2/knives/cs2_knife_-_case_hardened__free.glb
  Details: {
  "component": "ModelFallback",
  "modelPath": "/assets/models/cs2/knives/cs2_knife_-_case_hardened__free.glb",
  "log_destination": "market",
  "timestamp": "2025-05-27T22:52:02.179Z"
}
[2025-05-27T22:52:02.181Z] FRONTEND:CS2 - WARN: Using ModelViewer fallback for: /assets/models/cs2/knives/cs2_knife_-_case_hardened__free.glb
  Details: {
  "component": "ModelFallback",
  "modelPath": "/assets/models/cs2/knives/cs2_knife_-_case_hardened__free.glb",
  "log_destination": "market",
  "timestamp": "2025-05-27T22:52:02.181Z"
}
[2025-05-27T22:52:11.149Z] FRONTEND:CS2 - INFO: Changed to next slide: 0
  Details: {
  "component": "HomePage",
  "action": "nextSlide",
  "log_destination": "market",
  "timestamp": "2025-05-27T22:52:11.149Z"
}
[2025-05-27T22:52:11.160Z] FRONTEND:CS2 - WARN: Using ModelViewer fallback for: /assets/models/cs2/weapons/awp_counter_strike_2.glb
  Details: {
  "component": "ModelFallback",
  "modelPath": "/assets/models/cs2/weapons/awp_counter_strike_2.glb",
  "log_destination": "market",
  "timestamp": "2025-05-27T22:52:11.160Z"
}
[2025-05-27T22:52:11.160Z] FRONTEND:CS2 - WARN: Using ModelViewer fallback for: /assets/models/cs2/weapons/awp_counter_strike_2.glb
  Details: {
  "component": "ModelFallback",
  "modelPath": "/assets/models/cs2/weapons/awp_counter_strike_2.glb",
  "log_destination": "market",
  "timestamp": "2025-05-27T22:52:11.160Z"
}
[2025-05-27T22:52:11.164Z] FRONTEND:CS2 - WARN: Using ModelViewer fallback for: /assets/models/cs2/weapons/sandstorm_-_gunblade.glb
  Details: {
  "component": "ModelFallback",
  "modelPath": "/assets/models/cs2/weapons/sandstorm_-_gunblade.glb",
  "log_destination": "market",
  "timestamp": "2025-05-27T22:52:11.164Z"
}
[2025-05-27T22:52:11.165Z] FRONTEND:CS2 - WARN: Using ModelViewer fallback for: /assets/models/cs2/weapons/sandstorm_-_gunblade.glb
  Details: {
  "component": "ModelFallback",
  "modelPath": "/assets/models/cs2/weapons/sandstorm_-_gunblade.glb",
  "log_destination": "market",
  "timestamp": "2025-05-27T22:52:11.165Z"
}
[2025-05-27T22:52:11.167Z] FRONTEND:CS2 - WARN: Using ModelViewer fallback for: /assets/models/cs2/knives/cs2_knife_-_case_hardened__free.glb
  Details: {
  "component": "ModelFallback",
  "modelPath": "/assets/models/cs2/knives/cs2_knife_-_case_hardened__free.glb",
  "log_destination": "market",
  "timestamp": "2025-05-27T22:52:11.167Z"
}
[2025-05-27T22:52:11.168Z] FRONTEND:CS2 - WARN: Using ModelViewer fallback for: /assets/models/cs2/knives/cs2_knife_-_case_hardened__free.glb
  Details: {
  "component": "ModelFallback",
  "modelPath": "/assets/models/cs2/knives/cs2_knife_-_case_hardened__free.glb",
  "log_destination": "market",
  "timestamp": "2025-05-27T22:52:11.168Z"
}
[2025-05-27T22:52:20.160Z] FRONTEND:CS2 - INFO: Changed to next slide: 1
  Details: {
  "component": "HomePage",
  "action": "nextSlide",
  "log_destination": "market",
  "timestamp": "2025-05-27T22:52:20.160Z"
}
[2025-05-27T22:52:20.179Z] FRONTEND:CS2 - WARN: Using ModelViewer fallback for: /assets/models/cs2/weapons/awp_counter_strike_2.glb
  Details: {
  "component": "ModelFallback",
  "modelPath": "/assets/models/cs2/weapons/awp_counter_strike_2.glb",
  "log_destination": "market",
  "timestamp": "2025-05-27T22:52:20.179Z"
}
[2025-05-27T22:52:20.180Z] FRONTEND:CS2 - WARN: Using ModelViewer fallback for: /assets/models/cs2/weapons/awp_counter_strike_2.glb
  Details: {
  "component": "ModelFallback",
  "modelPath": "/assets/models/cs2/weapons/awp_counter_strike_2.glb",
  "log_destination": "market",
  "timestamp": "2025-05-27T22:52:20.180Z"
}
[2025-05-27T22:52:20.184Z] FRONTEND:CS2 - WARN: Using ModelViewer fallback for: /assets/models/cs2/weapons/sandstorm_-_gunblade.glb
  Details: {
  "component": "ModelFallback",
  "modelPath": "/assets/models/cs2/weapons/sandstorm_-_gunblade.glb",
  "log_destination": "market",
  "timestamp": "2025-05-27T22:52:20.184Z"
}
[2025-05-27T22:52:20.185Z] FRONTEND:CS2 - WARN: Using ModelViewer fallback for: /assets/models/cs2/weapons/sandstorm_-_gunblade.glb
  Details: {
  "component": "ModelFallback",
  "modelPath": "/assets/models/cs2/weapons/sandstorm_-_gunblade.glb",
  "log_destination": "market",
  "timestamp": "2025-05-27T22:52:20.185Z"
}
[2025-05-27T22:52:20.188Z] FRONTEND:CS2 - WARN: Using ModelViewer fallback for: /assets/models/cs2/knives/cs2_knife_-_case_hardened__free.glb
  Details: {
  "component": "ModelFallback",
  "modelPath": "/assets/models/cs2/knives/cs2_knife_-_case_hardened__free.glb",
  "log_destination": "market",
  "timestamp": "2025-05-27T22:52:20.188Z"
}
[2025-05-27T22:52:20.189Z] FRONTEND:CS2 - WARN: Using ModelViewer fallback for: /assets/models/cs2/knives/cs2_knife_-_case_hardened__free.glb
  Details: {
  "component": "ModelFallback",
  "modelPath": "/assets/models/cs2/knives/cs2_knife_-_case_hardened__free.glb",
  "log_destination": "market",
  "timestamp": "2025-05-27T22:52:20.189Z"
}
[2025-05-27T22:52:28.286Z] FRONTEND:CS2 - WARN: Using ModelViewer fallback for: /assets/models/cs2/weapons/awp_counter_strike_2.glb
  Details: {
  "component": "ModelFallback",
  "modelPath": "/assets/models/cs2/weapons/awp_counter_strike_2.glb",
  "log_destination": "market",
  "timestamp": "2025-05-27T22:52:28.286Z"
}
[2025-05-27T22:52:28.286Z] FRONTEND:CS2 - WARN: Using ModelViewer fallback for: /assets/models/cs2/weapons/awp_counter_strike_2.glb
  Details: {
  "component": "ModelFallback",
  "modelPath": "/assets/models/cs2/weapons/awp_counter_strike_2.glb",
  "log_destination": "market",
  "timestamp": "2025-05-27T22:52:28.286Z"
}
[2025-05-27T22:52:28.287Z] FRONTEND:CS2 - WARN: Using ModelViewer fallback for: /assets/models/cs2/weapons/sandstorm_-_gunblade.glb
  Details: {
  "component": "ModelFallback",
  "modelPath": "/assets/models/cs2/weapons/sandstorm_-_gunblade.glb",
  "log_destination": "market",
  "timestamp": "2025-05-27T22:52:28.287Z"
}
[2025-05-27T22:52:28.288Z] FRONTEND:CS2 - WARN: Using ModelViewer fallback for: /assets/models/cs2/weapons/sandstorm_-_gunblade.glb
  Details: {
  "component": "ModelFallback",
  "modelPath": "/assets/models/cs2/weapons/sandstorm_-_gunblade.glb",
  "log_destination": "market",
  "timestamp": "2025-05-27T22:52:28.288Z"
}
[2025-05-27T22:52:28.282Z] FRONTEND:CS2 - INFO: Changed to next slide: 2
  Details: {
  "component": "HomePage",
  "action": "nextSlide",
  "log_destination": "market",
  "timestamp": "2025-05-27T22:52:28.282Z"
}
[2025-05-27T22:52:28.289Z] FRONTEND:CS2 - WARN: Using ModelViewer fallback for: /assets/models/cs2/knives/cs2_knife_-_case_hardened__free.glb
  Details: {
  "component": "ModelFallback",
  "modelPath": "/assets/models/cs2/knives/cs2_knife_-_case_hardened__free.glb",
  "log_destination": "market",
  "timestamp": "2025-05-27T22:52:28.289Z"
}
[2025-05-27T22:52:28.289Z] FRONTEND:CS2 - WARN: Using ModelViewer fallback for: /assets/models/cs2/knives/cs2_knife_-_case_hardened__free.glb
  Details: {
  "component": "ModelFallback",
  "modelPath": "/assets/models/cs2/knives/cs2_knife_-_case_hardened__free.glb",
  "log_destination": "market",
  "timestamp": "2025-05-27T22:52:28.289Z"
}
[2025-05-27T22:52:37.005Z] FRONTEND:AUTH - DEBUG: Auth Flow - HeaderConnect Render
  Details: {
  "timestamp": "2025-05-27T22:52:37.005Z",
  "is_connected": false,
  "is_authenticated": false,
  "is_authenticating": false
}
[2025-05-27T22:52:37.006Z] FRONTEND:AUTH - DEBUG: Auth Flow - HeaderConnect Render
  Details: {
  "timestamp": "2025-05-27T22:52:37.006Z",
  "is_connected": false,
  "is_authenticated": false,
  "is_authenticating": false
}
[2025-05-27T22:52:37.162Z] FRONTEND:AUTH - DEBUG: Auth Flow - HeaderConnect Render
  Details: {
  "timestamp": "2025-05-27T22:52:37.162Z",
  "is_connected": false,
  "is_authenticated": false,
  "is_authenticating": false
}
[2025-05-27T22:52:37.163Z] FRONTEND:AUTH - DEBUG: Auth Flow - HeaderConnect Render
  Details: {
  "timestamp": "2025-05-27T22:52:37.163Z",
  "is_connected": false,
  "is_authenticated": false,
  "is_authenticating": false
}
[2025-05-27T22:52:38.754Z] FRONTEND:AUTH - DEBUG: Auth Flow - HeaderConnect Render
  Details: {
  "timestamp": "2025-05-27T22:52:38.754Z",
  "is_connected": false,
  "is_authenticated": false,
  "is_authenticating": false
}
[2025-05-27T22:52:38.755Z] FRONTEND:AUTH - DEBUG: Auth Flow - HeaderConnect Render
  Details: {
  "timestamp": "2025-05-27T22:52:38.755Z",
  "is_connected": false,
  "is_authenticated": false,
  "is_authenticating": false
}
[2025-05-27T22:52:38.923Z] FRONTEND:AUTH - DEBUG: Auth Flow - Auth state updated
  Details: {
  "timestamp": "2025-05-27T22:52:38.923Z",
  "is_connected": false,
  "is_authenticated": false,
  "is_authenticating": false,
  "initial_check_done": false,
  "needs_reauthentication": false,
  "last_authenticated_address": null
}
[2025-05-27T22:52:38.924Z] FRONTEND:CS2 - INFO: Market navbar mounted with enhanced Skinport style and animations
  Details: {
  "categoriesCount": 4,
  "currentCategory": "none",
  "style": "text-only-enhanced-animated",
  "log_destination": "market",
  "timestamp": "2025-05-27T22:52:38.924Z"
}
[2025-05-27T22:52:38.951Z] FRONTEND:AUTH - DEBUG: Auth Flow - Auth state updated
  Details: {
  "timestamp": "2025-05-27T22:52:38.951Z",
  "is_connected": false,
  "is_authenticated": false,
  "is_authenticating": false,
  "initial_check_done": false,
  "needs_reauthentication": false,
  "last_authenticated_address": null
}
[2025-05-27T22:52:39.131Z] FRONTEND:AUTH - DEBUG: Auth Flow - HeaderConnect Render
  Details: {
  "timestamp": "2025-05-27T22:52:39.131Z",
  "is_connected": false,
  "is_authenticated": false,
  "is_authenticating": false
}
[2025-05-27T22:52:39.138Z] FRONTEND:AUTH - DEBUG: Auth Flow - HeaderConnect Render
  Details: {
  "timestamp": "2025-05-27T22:52:39.138Z",
  "is_connected": false,
  "is_authenticated": false,
  "is_authenticating": false
}
[2025-05-27T22:52:39.269Z] FRONTEND:AUTH - DEBUG: Auth Flow - Auth state updated
  Details: {
  "timestamp": "2025-05-27T22:52:39.269Z",
  "is_connected": false,
  "is_authenticated": false,
  "is_authenticating": false,
  "initial_check_done": false,
  "needs_reauthentication": false,
  "last_authenticated_address": null
}
[2025-05-27T22:52:39.271Z] FRONTEND:CS2 - INFO: Market navbar mounted with enhanced Skinport style and animations
  Details: {
  "categoriesCount": 4,
  "currentCategory": "none",
  "style": "text-only-enhanced-animated",
  "log_destination": "market",
  "timestamp": "2025-05-27T22:52:39.271Z"
}
[2025-05-27T22:52:39.273Z] FRONTEND:AUTH - DEBUG: Auth Flow - Auth state updated
  Details: {
  "timestamp": "2025-05-27T22:52:39.273Z",
  "is_connected": false,
  "is_authenticated": false,
  "is_authenticating": false,
  "initial_check_done": false,
  "needs_reauthentication": false,
  "last_authenticated_address": null
}
[2025-05-27T22:52:39.471Z] FRONTEND:CS2 - INFO: Rendering 20 products with enhanced staggered animation
  Details: {
  "productCount": 20,
  "productIds": [
    "6fee917f",
    "6fee917f",
    "6fee917f",
    "6fee917f",
    "6fee917f",
    "6fee917f",
    "6fee917f",
    "6fee917f",
    "45dd43ba",
    "6eedda04",
    "fbe7d78d",
    "fbe7d78d",
    "fbe7d78d",
    "fbe7d78d",
    "fbe7d78d",
    "9924a945",
    "441c8935",
    "47510819",
    "0b6f114f",
    "7ac4709f"
  ],
  "animationEnabled": true,
  "staggerType": "wave",
  "baseDelay": "35ms",
  "log_destination": "market",
  "timestamp": "2025-05-27T22:52:39.471Z"
}
[2025-05-27T22:52:39.473Z] FRONTEND:CS2 - INFO: MarketPageView mounted with 20 products and enhanced animations
  Details: {
  "page": 1,
  "pageSize": 20,
  "totalProducts": 1563,
  "productIds": [
    "6fee917f",
    "6fee917f",
    "6fee917f",
    "6fee917f",
    "6fee917f",
    "6fee917f",
    "6fee917f",
    "6fee917f",
    "45dd43ba",
    "6eedda04",
    "fbe7d78d",
    "fbe7d78d",
    "fbe7d78d",
    "fbe7d78d",
    "fbe7d78d",
    "9924a945",
    "441c8935",
    "47510819",
    "0b6f114f",
    "7ac4709f"
  ],
  "transitionType": "initial-mount",
  "animationsEnabled": true,
  "log_destination": "market",
  "timestamp": "2025-05-27T22:52:39.473Z"
}
[2025-05-27T22:52:39.474Z] FRONTEND:CS2 - DEBUG: MarketPageView unmounted
  Details: {
  "page": 1,
  "log_destination": "market",
  "timestamp": "2025-05-27T22:52:39.474Z"
}
[2025-05-27T22:52:39.476Z] FRONTEND:CS2 - INFO: Rendering 20 products with enhanced staggered animation
  Details: {
  "productCount": 20,
  "productIds": [
    "6fee917f",
    "6fee917f",
    "6fee917f",
    "6fee917f",
    "6fee917f",
    "6fee917f",
    "6fee917f",
    "6fee917f",
    "45dd43ba",
    "6eedda04",
    "fbe7d78d",
    "fbe7d78d",
    "fbe7d78d",
    "fbe7d78d",
    "fbe7d78d",
    "9924a945",
    "441c8935",
    "47510819",
    "0b6f114f",
    "7ac4709f"
  ],
  "animationEnabled": true,
  "staggerType": "wave",
  "baseDelay": "35ms",
  "log_destination": "market",
  "timestamp": "2025-05-27T22:52:39.476Z"
}
[2025-05-27T23:01:21.066Z] FRONTEND:AUTH - DEBUG: Auth Flow - HeaderConnect Render
  Details: {
  "timestamp": "2025-05-27T23:01:21.066Z",
  "is_connected": false,
  "is_authenticated": false,
  "is_authenticating": false
}
[2025-05-27T23:01:21.191Z] FRONTEND:AUTH - DEBUG: Auth Flow - HeaderConnect Render
  Details: {
  "timestamp": "2025-05-27T23:01:21.191Z",
  "is_connected": false,
  "is_authenticated": false,
  "is_authenticating": false
}
[2025-05-27T23:01:21.192Z] FRONTEND:AUTH - DEBUG: Auth Flow - HeaderConnect Render
  Details: {
  "timestamp": "2025-05-27T23:01:21.192Z",
  "is_connected": false,
  "is_authenticated": false,
  "is_authenticating": false
}
[2025-05-27T23:01:21.065Z] FRONTEND:AUTH - DEBUG: Auth Flow - HeaderConnect Render
  Details: {
  "timestamp": "2025-05-27T23:01:21.065Z",
  "is_connected": false,
  "is_authenticated": false,
  "is_authenticating": false
}
[2025-05-27T23:01:31.073Z] FRONTEND:AUTH - DEBUG: Auth Flow - HeaderConnect Render
  Details: {
  "timestamp": "2025-05-27T23:01:31.073Z",
  "is_connected": false,
  "is_authenticated": false,
  "is_authenticating": false
}
[2025-05-27T23:01:31.072Z] FRONTEND:AUTH - DEBUG: Auth Flow - HeaderConnect Render
  Details: {
  "timestamp": "2025-05-27T23:01:31.072Z",
  "is_connected": false,
  "is_authenticated": false,
  "is_authenticating": false
}
[2025-05-27T23:01:31.288Z] FRONTEND:AUTH - DEBUG: Auth Flow - Auth state updated
  Details: {
  "timestamp": "2025-05-27T23:01:31.288Z",
  "is_connected": false,
  "is_authenticated": false,
  "is_authenticating": false,
  "initial_check_done": false,
  "needs_reauthentication": false,
  "last_authenticated_address": null
}
[2025-05-27T23:01:31.288Z] FRONTEND:CS2 - INFO: Market navbar mounted with enhanced Skinport style and animations
  Details: {
  "categoriesCount": 4,
  "currentCategory": "none",
  "style": "text-only-enhanced-animated",
  "log_destination": "market",
  "timestamp": "2025-05-27T23:01:31.288Z"
}
[2025-05-27T23:01:31.289Z] FRONTEND:CS2 - INFO: Rendering 20 products with enhanced staggered animation
  Details: {
  "productCount": 20,
  "productIds": [
    "ad9ae79d",
    "1d229356",
    "9508cb36",
    "14b71f3d",
    "78e206eb",
    "f71c160c",
    "33753a9a",
    "97c8534e",
    "e0afa4a2",
    "e8f5f0de",
    "68a3dbe7",
    "f71c160c",
    "f71c160c",
    "e98318d1",
    "f71c160c",
    "f71c160c",
    "f71c160c",
    "f71c160c",
    "30dbd089",
    "02acd4fd"
  ],
  "animationEnabled": true,
  "staggerType": "wave",
  "baseDelay": "35ms",
  "log_destination": "market",
  "timestamp": "2025-05-27T23:01:31.289Z"
}
[2025-05-27T23:01:31.292Z] FRONTEND:AUTH - DEBUG: Auth Flow - Auth state updated
  Details: {
  "timestamp": "2025-05-27T23:01:31.292Z",
  "is_connected": false,
  "is_authenticated": false,
  "is_authenticating": false,
  "initial_check_done": false,
  "needs_reauthentication": false,
  "last_authenticated_address": null
}
[2025-05-27T23:01:56.220Z] FRONTEND:CS2 - INFO: MarketPageView mounted with 20 products and enhanced animations
  Details: {
  "page": 1,
  "pageSize": 20,
  "totalProducts": 20,
  "productIds": [
    "ad9ae79d",
    "1d229356",
    "9508cb36",
    "14b71f3d",
    "78e206eb",
    "f71c160c",
    "33753a9a",
    "97c8534e",
    "e0afa4a2",
    "e8f5f0de",
    "68a3dbe7",
    "f71c160c",
    "f71c160c",
    "e98318d1",
    "f71c160c",
    "f71c160c",
    "f71c160c",
    "f71c160c",
    "30dbd089",
    "02acd4fd"
  ],
  "transitionType": "initial-mount",
  "animationsEnabled": true,
  "log_destination": "market",
  "timestamp": "2025-05-27T23:01:56.220Z"
}
[2025-05-27T23:01:56.257Z] FRONTEND:CS2 - INFO: MarketPageView mounted with 20 products and enhanced animations
  Details: {
  "page": 1,
  "pageSize": 20,
  "totalProducts": 20,
  "productIds": [
    "ad9ae79d",
    "1d229356",
    "9508cb36",
    "14b71f3d",
    "78e206eb",
    "f71c160c",
    "33753a9a",
    "97c8534e",
    "e0afa4a2",
    "e8f5f0de",
    "68a3dbe7",
    "f71c160c",
    "f71c160c",
    "e98318d1",
    "f71c160c",
    "f71c160c",
    "f71c160c",
    "f71c160c",
    "30dbd089",
    "02acd4fd"
  ],
  "transitionType": "initial-mount",
  "animationsEnabled": true,
  "log_destination": "market",
  "timestamp": "2025-05-27T23:01:56.257Z"
}
[2025-05-27T23:01:56.256Z] FRONTEND:CS2 - INFO: Rendering 20 products with enhanced staggered animation
  Details: {
  "productCount": 20,
  "productIds": [
    "ad9ae79d",
    "1d229356",
    "9508cb36",
    "14b71f3d",
    "78e206eb",
    "f71c160c",
    "33753a9a",
    "97c8534e",
    "e0afa4a2",
    "e8f5f0de",
    "68a3dbe7",
    "f71c160c",
    "f71c160c",
    "e98318d1",
    "f71c160c",
    "f71c160c",
    "f71c160c",
    "f71c160c",
    "30dbd089",
    "02acd4fd"
  ],
  "animationEnabled": true,
  "staggerType": "wave",
  "baseDelay": "35ms",
  "log_destination": "market",
  "timestamp": "2025-05-27T23:01:56.256Z"
}
[2025-05-27T23:01:56.255Z] FRONTEND:CS2 - DEBUG: MarketPageView unmounted
  Details: {
  "page": 1,
  "log_destination": "market",
  "timestamp": "2025-05-27T23:01:56.255Z"
}
[2025-05-27T23:01:56.219Z] FRONTEND:CS2 - INFO: Rendering 20 products with enhanced staggered animation
  Details: {
  "productCount": 20,
  "productIds": [
    "ad9ae79d",
    "1d229356",
    "9508cb36",
    "14b71f3d",
    "78e206eb",
    "f71c160c",
    "33753a9a",
    "97c8534e",
    "e0afa4a2",
    "e8f5f0de",
    "68a3dbe7",
    "f71c160c",
    "f71c160c",
    "e98318d1",
    "f71c160c",
    "f71c160c",
    "f71c160c",
    "f71c160c",
    "30dbd089",
    "02acd4fd"
  ],
  "animationEnabled": true,
  "staggerType": "wave",
  "baseDelay": "35ms",
  "log_destination": "market",
  "timestamp": "2025-05-27T23:01:56.219Z"
}
[2025-05-27T23:01:56.257Z] FRONTEND:CS2 - DEBUG: MarketPageView unmounted
  Details: {
  "page": 1,
  "log_destination": "market",
  "timestamp": "2025-05-27T23:01:56.257Z"
}
[2025-05-27T23:01:59.262Z] FRONTEND:CS2 - INFO: Validating model path: /assets/models/cs2/weapons/awp_counter_strike_2.glb
  Details: {
  "component": "HomePage",
  "modelPath": "/assets/models/cs2/weapons/awp_counter_strike_2.glb",
  "exists": true,
  "log_destination": "market",
  "timestamp": "2025-05-27T23:01:59.262Z"
}
[2025-05-27T23:01:59.262Z] FRONTEND:CS2 - INFO: Validating model path: /assets/models/cs2/weapons/sandstorm_-_gunblade.glb
  Details: {
  "component": "HomePage",
  "modelPath": "/assets/models/cs2/weapons/sandstorm_-_gunblade.glb",
  "exists": true,
  "log_destination": "market",
  "timestamp": "2025-05-27T23:01:59.262Z"
}
[2025-05-27T23:01:59.263Z] FRONTEND:CS2 - INFO: Validating model path: /assets/models/cs2/knives/cs2_knife_-_case_hardened__free.glb
  Details: {
  "component": "HomePage",
  "modelPath": "/assets/models/cs2/knives/cs2_knife_-_case_hardened__free.glb",
  "exists": true,
  "log_destination": "market",
  "timestamp": "2025-05-27T23:01:59.263Z"
}
[2025-05-27T23:01:59.727Z] FRONTEND:AUTH - DEBUG: Auth Flow - Initial Auth State Check
  Details: {
  "timestamp": "2025-05-27T23:01:59.726Z",
  "has_token": false,
  "has_user": false
}
[2025-05-27T23:01:59.800Z] FRONTEND:AUTH - DEBUG: Auth Flow - HeaderConnect Render
  Details: {
  "timestamp": "2025-05-27T23:01:59.800Z",
  "is_connected": false,
  "is_authenticated": false,
  "is_authenticating": false
}
[2025-05-27T23:01:59.801Z] FRONTEND:AUTH - DEBUG: Auth Flow - HeaderConnect Render
  Details: {
  "timestamp": "2025-05-27T23:01:59.801Z",
  "is_connected": false,
  "is_authenticated": false,
  "is_authenticating": false
}
[2025-05-27T23:01:59.959Z] FRONTEND:AUTH - DEBUG: Auth Flow - HeaderConnect Render
  Details: {
  "timestamp": "2025-05-27T23:01:59.959Z",
  "is_connected": false,
  "is_authenticated": false,
  "is_authenticating": false
}
[2025-05-27T23:01:59.959Z] FRONTEND:AUTH - DEBUG: Auth Flow - HeaderConnect Render
  Details: {
  "timestamp": "2025-05-27T23:01:59.959Z",
  "is_connected": false,
  "is_authenticated": false,
  "is_authenticating": false
}
[2025-05-27T23:02:00.014Z] FRONTEND:AUTH - DEBUG: Auth Flow - HeaderConnect Render
  Details: {
  "timestamp": "2025-05-27T23:02:00.014Z",
  "is_connected": false,
  "is_authenticated": false,
  "is_authenticating": false
}
[2025-05-27T23:02:00.015Z] FRONTEND:AUTH - DEBUG: Auth Flow - HeaderConnect Render
  Details: {
  "timestamp": "2025-05-27T23:02:00.015Z",
  "is_connected": false,
  "is_authenticated": false,
  "is_authenticating": false
}
[2025-05-27T23:02:00.068Z] FRONTEND:AUTH - DEBUG: Auth Flow - HeaderConnect Render
  Details: {
  "timestamp": "2025-05-27T23:02:00.068Z",
  "is_connected": false,
  "is_authenticated": false,
  "is_authenticating": false
}
[2025-05-27T23:02:00.069Z] FRONTEND:AUTH - DEBUG: Auth Flow - HeaderConnect Render
  Details: {
  "timestamp": "2025-05-27T23:02:00.069Z",
  "is_connected": false,
  "is_authenticated": false,
  "is_authenticating": false
}
[2025-05-27T23:02:02.149Z] FRONTEND:AUTH - DEBUG: Auth Flow - HeaderConnect Render
  Details: {
  "timestamp": "2025-05-27T23:02:02.149Z",
  "is_connected": false,
  "is_authenticated": false,
  "is_authenticating": false
}
[2025-05-27T23:02:02.227Z] FRONTEND:AUTH - DEBUG: Auth Flow - Auth state updated
  Details: {
  "timestamp": "2025-05-27T23:02:02.227Z",
  "is_connected": false,
  "is_authenticated": false,
  "is_authenticating": false,
  "initial_check_done": false,
  "needs_reauthentication": false,
  "last_authenticated_address": null
}
[2025-05-27T23:02:02.228Z] FRONTEND:CS2 - INFO: Market navbar mounted with enhanced Skinport style and animations
  Details: {
  "categoriesCount": 4,
  "currentCategory": "none",
  "style": "text-only-enhanced-animated",
  "log_destination": "market",
  "timestamp": "2025-05-27T23:02:02.228Z"
}
[2025-05-27T23:02:02.239Z] FRONTEND:AUTH - DEBUG: Auth Flow - Auth state updated
  Details: {
  "timestamp": "2025-05-27T23:02:02.239Z",
  "is_connected": false,
  "is_authenticated": false,
  "is_authenticating": false,
  "initial_check_done": false,
  "needs_reauthentication": false,
  "last_authenticated_address": null
}
[2025-05-27T23:02:02.148Z] FRONTEND:AUTH - DEBUG: Auth Flow - HeaderConnect Render
  Details: {
  "timestamp": "2025-05-27T23:02:02.148Z",
  "is_connected": false,
  "is_authenticated": false,
  "is_authenticating": false
}
[2025-05-27T23:02:02.321Z] FRONTEND:AUTH - DEBUG: Auth Flow - HeaderConnect Render
  Details: {
  "timestamp": "2025-05-27T23:02:02.321Z",
  "is_connected": false,
  "is_authenticated": false,
  "is_authenticating": false
}
[2025-05-27T23:02:02.322Z] FRONTEND:AUTH - DEBUG: Auth Flow - HeaderConnect Render
  Details: {
  "timestamp": "2025-05-27T23:02:02.322Z",
  "is_connected": false,
  "is_authenticated": false,
  "is_authenticating": false
}
[2025-05-27T23:02:02.358Z] FRONTEND:AUTH - DEBUG: Auth Flow - Auth state updated
  Details: {
  "timestamp": "2025-05-27T23:02:02.358Z",
  "is_connected": false,
  "is_authenticated": false,
  "is_authenticating": false,
  "initial_check_done": false,
  "needs_reauthentication": false,
  "last_authenticated_address": null
}
[2025-05-27T23:02:02.359Z] FRONTEND:CS2 - INFO: Market navbar mounted with enhanced Skinport style and animations
  Details: {
  "categoriesCount": 4,
  "currentCategory": "none",
  "style": "text-only-enhanced-animated",
  "log_destination": "market",
  "timestamp": "2025-05-27T23:02:02.359Z"
}
[2025-05-27T23:02:02.360Z] FRONTEND:AUTH - DEBUG: Auth Flow - Auth state updated
  Details: {
  "timestamp": "2025-05-27T23:02:02.360Z",
  "is_connected": false,
  "is_authenticated": false,
  "is_authenticating": false,
  "initial_check_done": false,
  "needs_reauthentication": false,
  "last_authenticated_address": null
}
[2025-05-27T23:02:04.038Z] FRONTEND:CS2 - INFO: Rendering 20 products with enhanced staggered animation
  Details: {
  "productCount": 20,
  "productIds": [
    "6fee917f",
    "6fee917f",
    "6fee917f",
    "6fee917f",
    "6fee917f",
    "6fee917f",
    "6fee917f",
    "6fee917f",
    "45dd43ba",
    "6eedda04",
    "fbe7d78d",
    "fbe7d78d",
    "fbe7d78d",
    "fbe7d78d",
    "fbe7d78d",
    "9924a945",
    "441c8935",
    "47510819",
    "0b6f114f",
    "7ac4709f"
  ],
  "animationEnabled": true,
  "staggerType": "wave",
  "baseDelay": "35ms",
  "log_destination": "market",
  "timestamp": "2025-05-27T23:02:04.038Z"
}
[2025-05-27T23:02:04.039Z] FRONTEND:CS2 - INFO: MarketPageView mounted with 20 products and enhanced animations
  Details: {
  "page": 1,
  "pageSize": 20,
  "totalProducts": 20,
  "productIds": [
    "6fee917f",
    "6fee917f",
    "6fee917f",
    "6fee917f",
    "6fee917f",
    "6fee917f",
    "6fee917f",
    "6fee917f",
    "45dd43ba",
    "6eedda04",
    "fbe7d78d",
    "fbe7d78d",
    "fbe7d78d",
    "fbe7d78d",
    "fbe7d78d",
    "9924a945",
    "441c8935",
    "47510819",
    "0b6f114f",
    "7ac4709f"
  ],
  "transitionType": "initial-mount",
  "animationsEnabled": true,
  "log_destination": "market",
  "timestamp": "2025-05-27T23:02:04.039Z"
}
[2025-05-27T23:02:04.040Z] FRONTEND:CS2 - DEBUG: MarketPageView unmounted
  Details: {
  "page": 1,
  "log_destination": "market",
  "timestamp": "2025-05-27T23:02:04.040Z"
}
[2025-05-27T23:02:04.041Z] FRONTEND:CS2 - INFO: Rendering 20 products with enhanced staggered animation
  Details: {
  "productCount": 20,
  "productIds": [
    "6fee917f",
    "6fee917f",
    "6fee917f",
    "6fee917f",
    "6fee917f",
    "6fee917f",
    "6fee917f",
    "6fee917f",
    "45dd43ba",
    "6eedda04",
    "fbe7d78d",
    "fbe7d78d",
    "fbe7d78d",
    "fbe7d78d",
    "fbe7d78d",
    "9924a945",
    "441c8935",
    "47510819",
    "0b6f114f",
    "7ac4709f"
  ],
  "animationEnabled": true,
  "staggerType": "wave",
  "baseDelay": "35ms",
  "log_destination": "market",
  "timestamp": "2025-05-27T23:02:04.041Z"
}
[2025-05-27T23:02:37.185Z] FRONTEND:CS2 - INFO: Market navbar mounted with 16 Steam categories
  Details: {
  "categoriesCount": 16,
  "currentCategory": "none",
  "categories": [
    "Rifles",
    "Pistols",
    "SMGs",
    "Shotguns",
    "Sniper Rifles",
    "Machine Guns",
    "Knives",
    "Gloves",
    "Stickers",
    "Agents",
    "Patches",
    "Music Kits",
    "Cases",
    "Keys",
    "Tools",
    "Graffiti"
  ],
  "log_destination": "market",
  "timestamp": "2025-05-27T23:02:37.185Z"
}
[2025-05-27T23:02:49.943Z] FRONTEND:CS2 - INFO: Navigation: none → all
  Details: {
  "component": "MarketNavbar",
  "interactionType": "select",
  "transitionDuration": 300,
  "operation": "navigation",
  "from": "none",
  "to": "all",
  "log_destination": "market",
  "timestamp": "2025-05-27T23:02:49.943Z"
}
[2025-05-27T23:02:52.571Z] FRONTEND:CS2 - INFO: Rendering 20 products with enhanced staggered animation
  Details: {
  "productCount": 20,
  "productIds": [
    "6fee917f",
    "6fee917f",
    "6fee917f",
    "6fee917f",
    "6fee917f",
    "6fee917f",
    "6fee917f",
    "6fee917f",
    "45dd43ba",
    "6eedda04",
    "fbe7d78d",
    "fbe7d78d",
    "fbe7d78d",
    "fbe7d78d",
    "fbe7d78d",
    "9924a945",
    "441c8935",
    "47510819",
    "0b6f114f",
    "7ac4709f"
  ],
  "animationEnabled": true,
  "staggerType": "wave",
  "baseDelay": "35ms",
  "log_destination": "market",
  "timestamp": "2025-05-27T23:02:52.571Z"
}
[2025-05-27T23:02:53.837Z] FRONTEND:CS2 - INFO: Navigation: none → rifles
  Details: {
  "component": "MarketNavbar",
  "interactionType": "select",
  "transitionDuration": 300,
  "operation": "navigation",
  "from": "none",
  "to": "rifles",
  "log_destination": "market",
  "timestamp": "2025-05-27T23:02:53.837Z"
}
[2025-05-27T23:02:56.719Z] FRONTEND:CS2 - INFO: Category transition started: all → rifles
  Details: {
  "fromCategory": "all",
  "toCategory": "rifles",
  "transitionStartTime": 1748386976719,
  "pageProductCount": 0,
  "transitionType": "category-change",
  "log_destination": "market",
  "timestamp": "2025-05-27T23:02:56.719Z"
}
[2025-05-27T23:02:57.732Z] FRONTEND:CS2 - INFO: Category transition complete
  Details: {
  "fromCategory": "all",
  "toCategory": "rifles",
  "transitionDuration": 1013,
  "frameDrops": 0,
  "layoutShifts": 11,
  "framesRendered": 61,
  "fps": 60,
  "pageProductCount": 0,
  "log_destination": "market",
  "timestamp": "2025-05-27T23:02:57.731Z"
}
[2025-05-27T23:03:00.708Z] FRONTEND:AUTH - DEBUG: Auth Flow - HeaderConnect Render
  Details: {
  "timestamp": "2025-05-27T23:03:00.708Z",
  "is_connected": false,
  "is_authenticated": false,
  "is_authenticating": false
}
[2025-05-27T23:03:00.708Z] FRONTEND:AUTH - DEBUG: Auth Flow - HeaderConnect Render
  Details: {
  "timestamp": "2025-05-27T23:03:00.708Z",
  "is_connected": false,
  "is_authenticated": false,
  "is_authenticating": false
}
[2025-05-27T23:03:00.801Z] FRONTEND:AUTH - DEBUG: Auth Flow - HeaderConnect Render
  Details: {
  "timestamp": "2025-05-27T23:03:00.801Z",
  "is_connected": false,
  "is_authenticated": false,
  "is_authenticating": false
}
[2025-05-27T23:03:00.802Z] FRONTEND:AUTH - DEBUG: Auth Flow - HeaderConnect Render
  Details: {
  "timestamp": "2025-05-27T23:03:00.802Z",
  "is_connected": false,
  "is_authenticated": false,
  "is_authenticating": false
}
[2025-05-27T23:03:03.660Z] FRONTEND:AUTH - DEBUG: Auth Flow - HeaderConnect Render
  Details: {
  "timestamp": "2025-05-27T23:03:03.660Z",
  "is_connected": false,
  "is_authenticated": false,
  "is_authenticating": false
}
[2025-05-27T23:03:03.661Z] FRONTEND:AUTH - DEBUG: Auth Flow - HeaderConnect Render
  Details: {
  "timestamp": "2025-05-27T23:03:03.661Z",
  "is_connected": false,
  "is_authenticated": false,
  "is_authenticating": false
}
[2025-05-27T23:03:03.715Z] FRONTEND:AUTH - DEBUG: Auth Flow - Auth state updated
  Details: {
  "timestamp": "2025-05-27T23:03:03.715Z",
  "is_connected": false,
  "is_authenticated": false,
  "is_authenticating": false,
  "initial_check_done": false,
  "needs_reauthentication": false,
  "last_authenticated_address": null
}
[2025-05-27T23:03:03.716Z] FRONTEND:CS2 - INFO: Market navbar mounted with 16 Steam categories
  Details: {
  "categoriesCount": 16,
  "currentCategory": "none",
  "categories": [
    "Rifles",
    "Pistols",
    "SMGs",
    "Shotguns",
    "Sniper Rifles",
    "Machine Guns",
    "Knives",
    "Gloves",
    "Stickers",
    "Agents",
    "Patches",
    "Music Kits",
    "Cases",
    "Keys",
    "Tools",
    "Graffiti"
  ],
  "log_destination": "market",
  "timestamp": "2025-05-27T23:03:03.716Z"
}
[2025-05-27T23:03:03.718Z] FRONTEND:AUTH - DEBUG: Auth Flow - Auth state updated
  Details: {
  "timestamp": "2025-05-27T23:03:03.718Z",
  "is_connected": false,
  "is_authenticated": false,
  "is_authenticating": false,
  "initial_check_done": false,
  "needs_reauthentication": false,
  "last_authenticated_address": null
}
[2025-05-27T23:04:13.438Z] FRONTEND:AUTH - DEBUG: Auth Flow - HeaderConnect Render
  Details: {
  "timestamp": "2025-05-27T23:04:13.438Z",
  "is_connected": false,
  "is_authenticated": false,
  "is_authenticating": false
}
[2025-05-27T23:04:13.439Z] FRONTEND:AUTH - DEBUG: Auth Flow - HeaderConnect Render
  Details: {
  "timestamp": "2025-05-27T23:04:13.439Z",
  "is_connected": false,
  "is_authenticated": false,
  "is_authenticating": false
}
[2025-05-27T23:04:13.636Z] FRONTEND:AUTH - DEBUG: Auth Flow - HeaderConnect Render
  Details: {
  "timestamp": "2025-05-27T23:04:13.636Z",
  "is_connected": false,
  "is_authenticated": false,
  "is_authenticating": false
}
[2025-05-27T23:04:13.637Z] FRONTEND:AUTH - DEBUG: Auth Flow - HeaderConnect Render
  Details: {
  "timestamp": "2025-05-27T23:04:13.637Z",
  "is_connected": false,
  "is_authenticated": false,
  "is_authenticating": false
}
[2025-05-27T23:04:13.346Z] FRONTEND:CS2 - INFO: Market navbar mounted with 16 Steam categories
  Details: {
  "categoriesCount": 16,
  "currentCategory": "none",
  "categories": [
    "Rifles",
    "Pistols",
    "SMGs",
    "Shotguns",
    "Sniper Rifles",
    "Machine Guns",
    "Knives",
    "Gloves",
    "Stickers",
    "Agents",
    "Patches",
    "Music Kits",
    "Cases",
    "Keys",
    "Tools",
    "Graffiti"
  ],
  "log_destination": "market",
  "timestamp": "2025-05-27T23:04:13.346Z"
}
[2025-05-27T23:04:15.840Z] FRONTEND:AUTH - DEBUG: Auth Flow - HeaderConnect Render
  Details: {
  "timestamp": "2025-05-27T23:04:15.840Z",
  "is_connected": false,
  "is_authenticated": false,
  "is_authenticating": false
}
[2025-05-27T23:04:15.841Z] FRONTEND:AUTH - DEBUG: Auth Flow - HeaderConnect Render
  Details: {
  "timestamp": "2025-05-27T23:04:15.841Z",
  "is_connected": false,
  "is_authenticated": false,
  "is_authenticating": false
}
[2025-05-27T23:04:15.938Z] FRONTEND:AUTH - DEBUG: Auth Flow - Auth state updated
  Details: {
  "timestamp": "2025-05-27T23:04:15.938Z",
  "is_connected": false,
  "is_authenticated": false,
  "is_authenticating": false,
  "initial_check_done": false,
  "needs_reauthentication": false,
  "last_authenticated_address": null
}
[2025-05-27T23:04:15.939Z] FRONTEND:CS2 - INFO: Market navbar mounted with 16 Steam categories
  Details: {
  "categoriesCount": 16,
  "currentCategory": "none",
  "categories": [
    "Rifles",
    "Pistols",
    "SMGs",
    "Shotguns",
    "Sniper Rifles",
    "Machine Guns",
    "Knives",
    "Gloves",
    "Stickers",
    "Agents",
    "Patches",
    "Music Kits",
    "Cases",
    "Keys",
    "Tools",
    "Graffiti"
  ],
  "log_destination": "market",
  "timestamp": "2025-05-27T23:04:15.939Z"
}
[2025-05-27T23:04:15.942Z] FRONTEND:AUTH - DEBUG: Auth Flow - Auth state updated
  Details: {
  "timestamp": "2025-05-27T23:04:15.942Z",
  "is_connected": false,
  "is_authenticated": false,
  "is_authenticating": false,
  "initial_check_done": false,
  "needs_reauthentication": false,
  "last_authenticated_address": null
}
[2025-05-27T23:13:49.226Z] FRONTEND:CS2 - INFO: Validating model path: /assets/models/cs2/weapons/sandstorm_-_gunblade.glb
  Details: {
  "component": "HomePage",
  "modelPath": "/assets/models/cs2/weapons/sandstorm_-_gunblade.glb",
  "exists": true,
  "log_destination": "market",
  "timestamp": "2025-05-27T23:13:49.226Z"
}
[2025-05-27T23:13:49.226Z] FRONTEND:CS2 - INFO: Validating model path: /assets/models/cs2/knives/cs2_knife_-_case_hardened__free.glb
  Details: {
  "component": "HomePage",
  "modelPath": "/assets/models/cs2/knives/cs2_knife_-_case_hardened__free.glb",
  "exists": true,
  "log_destination": "market",
  "timestamp": "2025-05-27T23:13:49.226Z"
}
[2025-05-27T23:13:49.682Z] FRONTEND:AUTH - DEBUG: Auth Flow - Initial Auth State Check
  Details: {
  "timestamp": "2025-05-27T23:13:49.682Z",
  "has_token": false,
  "has_user": false
}
[2025-05-27T23:13:49.779Z] FRONTEND:CS2 - INFO: Paginated CS2 products: page 1 of 1
  Details: {
  "page": 1,
  "pageSize": 20,
  "totalProducts": 5,
  "totalPages": 1,
  "operation": "pagination",
  "log_destination": "market",
  "timestamp": "2025-05-27T23:13:49.779Z"
}
[2025-05-27T23:13:49.225Z] FRONTEND:CS2 - INFO: Validating model path: /assets/models/cs2/weapons/awp_counter_strike_2.glb
  Details: {
  "component": "HomePage",
  "modelPath": "/assets/models/cs2/weapons/awp_counter_strike_2.glb",
  "exists": true,
  "log_destination": "market",
  "timestamp": "2025-05-27T23:13:49.225Z"
}
[2025-05-27T23:13:49.779Z] FRONTEND:CS2 - INFO: Loaded 5 CS2 products successfully
  Details: {
  "products": [
    "cs2-awp-crakow-minimal-wear",
    "cs2-ak47-asiimov-factory-new",
    "cs2-m4a4-howl-field-tested",
    "cs2-deagle-printstream-minimal-wear",
    "cs2-butterfly-doppler-factory-new"
  ],
  "count": 5,
  "totalProducts": 5,
  "page": 1,
  "operation": "product_load",
  "log_destination": "market",
  "timestamp": "2025-05-27T23:13:49.779Z"
}
[2025-05-27T23:13:49.783Z] FRONTEND:CS2 - WARN: Using ModelViewer fallback for: Loading...
  Details: {
  "component": "ModelFallback",
  "modelPath": "Loading...",
  "log_destination": "market",
  "timestamp": "2025-05-27T23:13:49.783Z"
}
[2025-05-27T23:13:49.784Z] FRONTEND:CS2 - WARN: Using ModelViewer fallback for: Loading...
  Details: {
  "component": "ModelFallback",
  "modelPath": "Loading...",
  "log_destination": "market",
  "timestamp": "2025-05-27T23:13:49.784Z"
}
[2025-05-27T23:13:49.787Z] FRONTEND:CS2 - WARN: Using ModelViewer fallback for: Loading...
  Details: {
  "component": "ModelFallback",
  "modelPath": "Loading...",
  "log_destination": "market",
  "timestamp": "2025-05-27T23:13:49.787Z"
}
[2025-05-27T23:13:49.787Z] FRONTEND:CS2 - WARN: Using ModelViewer fallback for: Loading...
  Details: {
  "component": "ModelFallback",
  "modelPath": "Loading...",
  "log_destination": "market",
  "timestamp": "2025-05-27T23:13:49.787Z"
}
[2025-05-27T23:13:49.789Z] FRONTEND:CS2 - WARN: Using ModelViewer fallback for: Loading...
  Details: {
  "component": "ModelFallback",
  "modelPath": "Loading...",
  "log_destination": "market",
  "timestamp": "2025-05-27T23:13:49.789Z"
}
[2025-05-27T23:13:49.789Z] FRONTEND:CS2 - WARN: Using ModelViewer fallback for: Loading...
  Details: {
  "component": "ModelFallback",
  "modelPath": "Loading...",
  "log_destination": "market",
  "timestamp": "2025-05-27T23:13:49.789Z"
}
[2025-05-27T23:13:49.792Z] FRONTEND:CS2 - WARN: Using ModelViewer fallback for: Loading...
  Details: {
  "component": "ModelFallback",
  "modelPath": "Loading...",
  "log_destination": "market",
  "timestamp": "2025-05-27T23:13:49.792Z"
}
[2025-05-27T23:13:49.792Z] FRONTEND:CS2 - WARN: Using ModelViewer fallback for: Loading...
  Details: {
  "component": "ModelFallback",
  "modelPath": "Loading...",
  "log_destination": "market",
  "timestamp": "2025-05-27T23:13:49.792Z"
}
[2025-05-27T23:13:49.794Z] FRONTEND:CS2 - WARN: Using ModelViewer fallback for: Loading...
  Details: {
  "component": "ModelFallback",
  "modelPath": "Loading...",
  "log_destination": "market",
  "timestamp": "2025-05-27T23:13:49.794Z"
}
[2025-05-27T23:13:49.794Z] FRONTEND:CS2 - WARN: Using ModelViewer fallback for: Loading...
  Details: {
  "component": "ModelFallback",
  "modelPath": "Loading...",
  "log_destination": "market",
  "timestamp": "2025-05-27T23:13:49.794Z"
}
[2025-05-27T23:13:49.795Z] FRONTEND:CS2 - WARN: Using ModelViewer fallback for: Loading...
  Details: {
  "component": "ModelFallback",
  "modelPath": "Loading...",
  "log_destination": "market",
  "timestamp": "2025-05-27T23:13:49.795Z"
}
[2025-05-27T23:13:49.795Z] FRONTEND:CS2 - WARN: Using ModelViewer fallback for: Loading...
  Details: {
  "component": "ModelFallback",
  "modelPath": "Loading...",
  "log_destination": "market",
  "timestamp": "2025-05-27T23:13:49.795Z"
}
[2025-05-27T23:13:49.799Z] FRONTEND:CS2 - WARN: Using ModelViewer fallback for: Loading...
  Details: {
  "component": "ModelFallback",
  "modelPath": "Loading...",
  "log_destination": "market",
  "timestamp": "2025-05-27T23:13:49.799Z"
}
[2025-05-27T23:13:49.800Z] FRONTEND:CS2 - WARN: Using ModelViewer fallback for: Loading...
  Details: {
  "component": "ModelFallback",
  "modelPath": "Loading...",
  "log_destination": "market",
  "timestamp": "2025-05-27T23:13:49.800Z"
}
[2025-05-27T23:13:49.803Z] FRONTEND:CS2 - WARN: Using ModelViewer fallback for: Loading...
  Details: {
  "component": "ModelFallback",
  "modelPath": "Loading...",
  "log_destination": "market",
  "timestamp": "2025-05-27T23:13:49.803Z"
}
[2025-05-27T23:13:49.804Z] FRONTEND:CS2 - WARN: Using ModelViewer fallback for: Loading...
  Details: {
  "component": "ModelFallback",
  "modelPath": "Loading...",
  "log_destination": "market",
  "timestamp": "2025-05-27T23:13:49.804Z"
}
[2025-05-27T23:13:49.806Z] FRONTEND:CS2 - WARN: Using ModelViewer fallback for: Loading...
  Details: {
  "component": "ModelFallback",
  "modelPath": "Loading...",
  "log_destination": "market",
  "timestamp": "2025-05-27T23:13:49.806Z"
}
[2025-05-27T23:13:49.807Z] FRONTEND:CS2 - WARN: Using ModelViewer fallback for: Loading...
  Details: {
  "component": "ModelFallback",
  "modelPath": "Loading...",
  "log_destination": "market",
  "timestamp": "2025-05-27T23:13:49.807Z"
}
[2025-05-27T23:13:49.836Z] FRONTEND:CS2 - INFO: Loaded 4 featured products for homepage
  Details: {
  "productCount": 4,
  "productIds": [
    "cs2-awp-crakow-minimal-wear",
    "cs2-ak47-asiimov-factory-new",
    "cs2-m4a4-howl-field-tested",
    "cs2-deagle-printstream-minimal-wear"
  ],
  "log_destination": "market",
  "timestamp": "2025-05-27T23:13:49.836Z"
}
[2025-05-27T23:13:53.926Z] FRONTEND:CS2 - WARN: Using ModelViewer fallback for: /assets/models/cs2/weapons/awp_counter_strike_2.glb
  Details: {
  "component": "ModelFallback",
  "modelPath": "/assets/models/cs2/weapons/awp_counter_strike_2.glb",
  "log_destination": "market",
  "timestamp": "2025-05-27T23:13:53.926Z"
}
[2025-05-27T23:13:53.926Z] FRONTEND:CS2 - WARN: Using ModelViewer fallback for: /assets/models/cs2/weapons/awp_counter_strike_2.glb
  Details: {
  "component": "ModelFallback",
  "modelPath": "/assets/models/cs2/weapons/awp_counter_strike_2.glb",
  "log_destination": "market",
  "timestamp": "2025-05-27T23:13:53.926Z"
}
[2025-05-27T23:13:53.930Z] FRONTEND:CS2 - WARN: Using ModelViewer fallback for: /assets/models/cs2/weapons/sandstorm_-_gunblade.glb
  Details: {
  "component": "ModelFallback",
  "modelPath": "/assets/models/cs2/weapons/sandstorm_-_gunblade.glb",
  "log_destination": "market",
  "timestamp": "2025-05-27T23:13:53.930Z"
}
[2025-05-27T23:13:53.930Z] FRONTEND:CS2 - WARN: Using ModelViewer fallback for: /assets/models/cs2/weapons/sandstorm_-_gunblade.glb
  Details: {
  "component": "ModelFallback",
  "modelPath": "/assets/models/cs2/weapons/sandstorm_-_gunblade.glb",
  "log_destination": "market",
  "timestamp": "2025-05-27T23:13:53.930Z"
}
[2025-05-27T23:13:53.948Z] FRONTEND:CS2 - WARN: Using ModelViewer fallback for: /assets/models/cs2/weapons/awp_counter_strike_2.glb
  Details: {
  "component": "ModelFallback",
  "modelPath": "/assets/models/cs2/weapons/awp_counter_strike_2.glb",
  "log_destination": "market",
  "timestamp": "2025-05-27T23:13:53.948Z"
}
[2025-05-27T23:13:53.948Z] FRONTEND:CS2 - WARN: Using ModelViewer fallback for: /assets/models/cs2/weapons/awp_counter_strike_2.glb
  Details: {
  "component": "ModelFallback",
  "modelPath": "/assets/models/cs2/weapons/awp_counter_strike_2.glb",
  "log_destination": "market",
  "timestamp": "2025-05-27T23:13:53.948Z"
}
[2025-05-27T23:13:53.972Z] FRONTEND:CS2 - WARN: Using ModelViewer fallback for: /assets/models/cs2/weapons/awp_counter_strike_2.glb
  Details: {
  "component": "ModelFallback",
  "modelPath": "/assets/models/cs2/weapons/awp_counter_strike_2.glb",
  "log_destination": "market",
  "timestamp": "2025-05-27T23:13:53.972Z"
}
[2025-05-27T23:13:53.971Z] FRONTEND:CS2 - WARN: Using ModelViewer fallback for: /assets/models/cs2/weapons/awp_counter_strike_2.glb
  Details: {
  "component": "ModelFallback",
  "modelPath": "/assets/models/cs2/weapons/awp_counter_strike_2.glb",
  "log_destination": "market",
  "timestamp": "2025-05-27T23:13:53.971Z"
}
[2025-05-27T23:13:53.977Z] FRONTEND:CS2 - WARN: Using ModelViewer fallback for: /assets/models/cs2/weapons/sandstorm_-_gunblade.glb
  Details: {
  "component": "ModelFallback",
  "modelPath": "/assets/models/cs2/weapons/sandstorm_-_gunblade.glb",
  "log_destination": "market",
  "timestamp": "2025-05-27T23:13:53.977Z"
}
[2025-05-27T23:13:53.978Z] FRONTEND:CS2 - WARN: Using ModelViewer fallback for: /assets/models/cs2/weapons/sandstorm_-_gunblade.glb
  Details: {
  "component": "ModelFallback",
  "modelPath": "/assets/models/cs2/weapons/sandstorm_-_gunblade.glb",
  "log_destination": "market",
  "timestamp": "2025-05-27T23:13:53.978Z"
}
[2025-05-27T23:13:53.980Z] FRONTEND:CS2 - WARN: Using ModelViewer fallback for: /assets/models/cs2/knives/cs2_knife_-_case_hardened__free.glb
  Details: {
  "component": "ModelFallback",
  "modelPath": "/assets/models/cs2/knives/cs2_knife_-_case_hardened__free.glb",
  "log_destination": "market",
  "timestamp": "2025-05-27T23:13:53.980Z"
}
[2025-05-27T23:13:53.981Z] FRONTEND:CS2 - WARN: Using ModelViewer fallback for: /assets/models/cs2/knives/cs2_knife_-_case_hardened__free.glb
  Details: {
  "component": "ModelFallback",
  "modelPath": "/assets/models/cs2/knives/cs2_knife_-_case_hardened__free.glb",
  "log_destination": "market",
  "timestamp": "2025-05-27T23:13:53.981Z"
}
[2025-05-27T23:13:57.782Z] FRONTEND:CS2 - INFO: Changed to next slide: 1
  Details: {
  "component": "HomePage",
  "action": "nextSlide",
  "log_destination": "market",
  "timestamp": "2025-05-27T23:13:57.782Z"
}
[2025-05-27T23:13:57.792Z] FRONTEND:CS2 - WARN: Using ModelViewer fallback for: /assets/models/cs2/weapons/awp_counter_strike_2.glb
  Details: {
  "component": "ModelFallback",
  "modelPath": "/assets/models/cs2/weapons/awp_counter_strike_2.glb",
  "log_destination": "market",
  "timestamp": "2025-05-27T23:13:57.792Z"
}
[2025-05-27T23:13:57.793Z] FRONTEND:CS2 - WARN: Using ModelViewer fallback for: /assets/models/cs2/weapons/awp_counter_strike_2.glb
  Details: {
  "component": "ModelFallback",
  "modelPath": "/assets/models/cs2/weapons/awp_counter_strike_2.glb",
  "log_destination": "market",
  "timestamp": "2025-05-27T23:13:57.793Z"
}
[2025-05-27T23:13:57.800Z] FRONTEND:CS2 - WARN: Using ModelViewer fallback for: /assets/models/cs2/weapons/sandstorm_-_gunblade.glb
  Details: {
  "component": "ModelFallback",
  "modelPath": "/assets/models/cs2/weapons/sandstorm_-_gunblade.glb",
  "log_destination": "market",
  "timestamp": "2025-05-27T23:13:57.800Z"
}
[2025-05-27T23:13:57.801Z] FRONTEND:CS2 - WARN: Using ModelViewer fallback for: /assets/models/cs2/weapons/sandstorm_-_gunblade.glb
  Details: {
  "component": "ModelFallback",
  "modelPath": "/assets/models/cs2/weapons/sandstorm_-_gunblade.glb",
  "log_destination": "market",
  "timestamp": "2025-05-27T23:13:57.801Z"
}
[2025-05-27T23:13:57.807Z] FRONTEND:CS2 - WARN: Using ModelViewer fallback for: /assets/models/cs2/knives/cs2_knife_-_case_hardened__free.glb
  Details: {
  "component": "ModelFallback",
  "modelPath": "/assets/models/cs2/knives/cs2_knife_-_case_hardened__free.glb",
  "log_destination": "market",
  "timestamp": "2025-05-27T23:13:57.807Z"
}
[2025-05-27T23:13:57.808Z] FRONTEND:CS2 - WARN: Using ModelViewer fallback for: /assets/models/cs2/knives/cs2_knife_-_case_hardened__free.glb
  Details: {
  "component": "ModelFallback",
  "modelPath": "/assets/models/cs2/knives/cs2_knife_-_case_hardened__free.glb",
  "log_destination": "market",
  "timestamp": "2025-05-27T23:13:57.808Z"
}
[2025-05-27T23:14:05.888Z] FRONTEND:CS2 - INFO: Changed to next slide: 2
  Details: {
  "component": "HomePage",
  "action": "nextSlide",
  "log_destination": "market",
  "timestamp": "2025-05-27T23:14:05.888Z"
}
[2025-05-27T23:14:05.909Z] FRONTEND:CS2 - WARN: Using ModelViewer fallback for: /assets/models/cs2/weapons/awp_counter_strike_2.glb
  Details: {
  "component": "ModelFallback",
  "modelPath": "/assets/models/cs2/weapons/awp_counter_strike_2.glb",
  "log_destination": "market",
  "timestamp": "2025-05-27T23:14:05.909Z"
}
[2025-05-27T23:14:05.909Z] FRONTEND:CS2 - WARN: Using ModelViewer fallback for: /assets/models/cs2/weapons/awp_counter_strike_2.glb
  Details: {
  "component": "ModelFallback",
  "modelPath": "/assets/models/cs2/weapons/awp_counter_strike_2.glb",
  "log_destination": "market",
  "timestamp": "2025-05-27T23:14:05.909Z"
}
[2025-05-27T23:14:05.914Z] FRONTEND:CS2 - WARN: Using ModelViewer fallback for: /assets/models/cs2/weapons/sandstorm_-_gunblade.glb
  Details: {
  "component": "ModelFallback",
  "modelPath": "/assets/models/cs2/weapons/sandstorm_-_gunblade.glb",
  "log_destination": "market",
  "timestamp": "2025-05-27T23:14:05.914Z"
}
[2025-05-27T23:14:05.913Z] FRONTEND:CS2 - WARN: Using ModelViewer fallback for: /assets/models/cs2/weapons/sandstorm_-_gunblade.glb
  Details: {
  "component": "ModelFallback",
  "modelPath": "/assets/models/cs2/weapons/sandstorm_-_gunblade.glb",
  "log_destination": "market",
  "timestamp": "2025-05-27T23:14:05.913Z"
}
[2025-05-27T23:14:05.917Z] FRONTEND:CS2 - WARN: Using ModelViewer fallback for: /assets/models/cs2/knives/cs2_knife_-_case_hardened__free.glb
  Details: {
  "component": "ModelFallback",
  "modelPath": "/assets/models/cs2/knives/cs2_knife_-_case_hardened__free.glb",
  "log_destination": "market",
  "timestamp": "2025-05-27T23:14:05.917Z"
}
[2025-05-27T23:14:05.917Z] FRONTEND:CS2 - WARN: Using ModelViewer fallback for: /assets/models/cs2/knives/cs2_knife_-_case_hardened__free.glb
  Details: {
  "component": "ModelFallback",
  "modelPath": "/assets/models/cs2/knives/cs2_knife_-_case_hardened__free.glb",
  "log_destination": "market",
  "timestamp": "2025-05-27T23:14:05.917Z"
}
[2025-05-27T23:14:13.998Z] FRONTEND:CS2 - INFO: Changed to next slide: 0
  Details: {
  "component": "HomePage",
  "action": "nextSlide",
  "log_destination": "market",
  "timestamp": "2025-05-27T23:14:13.998Z"
}
[2025-05-27T23:14:14.011Z] FRONTEND:CS2 - WARN: Using ModelViewer fallback for: /assets/models/cs2/weapons/awp_counter_strike_2.glb
  Details: {
  "component": "ModelFallback",
  "modelPath": "/assets/models/cs2/weapons/awp_counter_strike_2.glb",
  "log_destination": "market",
  "timestamp": "2025-05-27T23:14:14.011Z"
}
[2025-05-27T23:14:14.012Z] FRONTEND:CS2 - WARN: Using ModelViewer fallback for: /assets/models/cs2/weapons/awp_counter_strike_2.glb
  Details: {
  "component": "ModelFallback",
  "modelPath": "/assets/models/cs2/weapons/awp_counter_strike_2.glb",
  "log_destination": "market",
  "timestamp": "2025-05-27T23:14:14.012Z"
}
[2025-05-27T23:14:14.022Z] FRONTEND:CS2 - WARN: Using ModelViewer fallback for: /assets/models/cs2/weapons/sandstorm_-_gunblade.glb
  Details: {
  "component": "ModelFallback",
  "modelPath": "/assets/models/cs2/weapons/sandstorm_-_gunblade.glb",
  "log_destination": "market",
  "timestamp": "2025-05-27T23:14:14.022Z"
}
[2025-05-27T23:14:14.025Z] FRONTEND:CS2 - WARN: Using ModelViewer fallback for: /assets/models/cs2/weapons/sandstorm_-_gunblade.glb
  Details: {
  "component": "ModelFallback",
  "modelPath": "/assets/models/cs2/weapons/sandstorm_-_gunblade.glb",
  "log_destination": "market",
  "timestamp": "2025-05-27T23:14:14.025Z"
}
[2025-05-27T23:14:14.033Z] FRONTEND:CS2 - WARN: Using ModelViewer fallback for: /assets/models/cs2/knives/cs2_knife_-_case_hardened__free.glb
  Details: {
  "component": "ModelFallback",
  "modelPath": "/assets/models/cs2/knives/cs2_knife_-_case_hardened__free.glb",
  "log_destination": "market",
  "timestamp": "2025-05-27T23:14:14.033Z"
}
[2025-05-27T23:14:14.034Z] FRONTEND:CS2 - WARN: Using ModelViewer fallback for: /assets/models/cs2/knives/cs2_knife_-_case_hardened__free.glb
  Details: {
  "component": "ModelFallback",
  "modelPath": "/assets/models/cs2/knives/cs2_knife_-_case_hardened__free.glb",
  "log_destination": "market",
  "timestamp": "2025-05-27T23:14:14.034Z"
}
[2025-05-27T23:14:22.131Z] FRONTEND:CS2 - INFO: Changed to next slide: 1
  Details: {
  "component": "HomePage",
  "action": "nextSlide",
  "log_destination": "market",
  "timestamp": "2025-05-27T23:14:22.131Z"
}
[2025-05-27T23:14:22.142Z] FRONTEND:CS2 - WARN: Using ModelViewer fallback for: /assets/models/cs2/weapons/awp_counter_strike_2.glb
  Details: {
  "component": "ModelFallback",
  "modelPath": "/assets/models/cs2/weapons/awp_counter_strike_2.glb",
  "log_destination": "market",
  "timestamp": "2025-05-27T23:14:22.142Z"
}
[2025-05-27T23:14:22.144Z] FRONTEND:CS2 - WARN: Using ModelViewer fallback for: /assets/models/cs2/weapons/sandstorm_-_gunblade.glb
  Details: {
  "component": "ModelFallback",
  "modelPath": "/assets/models/cs2/weapons/sandstorm_-_gunblade.glb",
  "log_destination": "market",
  "timestamp": "2025-05-27T23:14:22.144Z"
}
[2025-05-27T23:14:22.143Z] FRONTEND:CS2 - WARN: Using ModelViewer fallback for: /assets/models/cs2/weapons/awp_counter_strike_2.glb
  Details: {
  "component": "ModelFallback",
  "modelPath": "/assets/models/cs2/weapons/awp_counter_strike_2.glb",
  "log_destination": "market",
  "timestamp": "2025-05-27T23:14:22.143Z"
}
[2025-05-27T23:14:22.145Z] FRONTEND:CS2 - WARN: Using ModelViewer fallback for: /assets/models/cs2/weapons/sandstorm_-_gunblade.glb
  Details: {
  "component": "ModelFallback",
  "modelPath": "/assets/models/cs2/weapons/sandstorm_-_gunblade.glb",
  "log_destination": "market",
  "timestamp": "2025-05-27T23:14:22.145Z"
}
[2025-05-27T23:14:22.146Z] FRONTEND:CS2 - WARN: Using ModelViewer fallback for: /assets/models/cs2/knives/cs2_knife_-_case_hardened__free.glb
  Details: {
  "component": "ModelFallback",
  "modelPath": "/assets/models/cs2/knives/cs2_knife_-_case_hardened__free.glb",
  "log_destination": "market",
  "timestamp": "2025-05-27T23:14:22.146Z"
}
[2025-05-27T23:14:22.146Z] FRONTEND:CS2 - WARN: Using ModelViewer fallback for: /assets/models/cs2/knives/cs2_knife_-_case_hardened__free.glb
  Details: {
  "component": "ModelFallback",
  "modelPath": "/assets/models/cs2/knives/cs2_knife_-_case_hardened__free.glb",
  "log_destination": "market",
  "timestamp": "2025-05-27T23:14:22.146Z"
}
[2025-05-27T23:14:30.215Z] FRONTEND:CS2 - INFO: Changed to next slide: 2
  Details: {
  "component": "HomePage",
  "action": "nextSlide",
  "log_destination": "market",
  "timestamp": "2025-05-27T23:14:30.215Z"
}
[2025-05-27T23:14:30.227Z] FRONTEND:CS2 - WARN: Using ModelViewer fallback for: /assets/models/cs2/weapons/awp_counter_strike_2.glb
  Details: {
  "component": "ModelFallback",
  "modelPath": "/assets/models/cs2/weapons/awp_counter_strike_2.glb",
  "log_destination": "market",
  "timestamp": "2025-05-27T23:14:30.227Z"
}
[2025-05-27T23:14:30.228Z] FRONTEND:CS2 - WARN: Using ModelViewer fallback for: /assets/models/cs2/weapons/awp_counter_strike_2.glb
  Details: {
  "component": "ModelFallback",
  "modelPath": "/assets/models/cs2/weapons/awp_counter_strike_2.glb",
  "log_destination": "market",
  "timestamp": "2025-05-27T23:14:30.228Z"
}
[2025-05-27T23:14:30.234Z] FRONTEND:CS2 - WARN: Using ModelViewer fallback for: /assets/models/cs2/weapons/sandstorm_-_gunblade.glb
  Details: {
  "component": "ModelFallback",
  "modelPath": "/assets/models/cs2/weapons/sandstorm_-_gunblade.glb",
  "log_destination": "market",
  "timestamp": "2025-05-27T23:14:30.234Z"
}
[2025-05-27T23:14:30.235Z] FRONTEND:CS2 - WARN: Using ModelViewer fallback for: /assets/models/cs2/weapons/sandstorm_-_gunblade.glb
  Details: {
  "component": "ModelFallback",
  "modelPath": "/assets/models/cs2/weapons/sandstorm_-_gunblade.glb",
  "log_destination": "market",
  "timestamp": "2025-05-27T23:14:30.235Z"
}
[2025-05-27T23:14:30.242Z] FRONTEND:CS2 - WARN: Using ModelViewer fallback for: /assets/models/cs2/knives/cs2_knife_-_case_hardened__free.glb
  Details: {
  "component": "ModelFallback",
  "modelPath": "/assets/models/cs2/knives/cs2_knife_-_case_hardened__free.glb",
  "log_destination": "market",
  "timestamp": "2025-05-27T23:14:30.242Z"
}
[2025-05-27T23:14:30.242Z] FRONTEND:CS2 - WARN: Using ModelViewer fallback for: /assets/models/cs2/knives/cs2_knife_-_case_hardened__free.glb
  Details: {
  "component": "ModelFallback",
  "modelPath": "/assets/models/cs2/knives/cs2_knife_-_case_hardened__free.glb",
  "log_destination": "market",
  "timestamp": "2025-05-27T23:14:30.242Z"
}
[2025-05-27T23:14:38.298Z] FRONTEND:CS2 - INFO: Changed to next slide: 0
  Details: {
  "component": "HomePage",
  "action": "nextSlide",
  "log_destination": "market",
  "timestamp": "2025-05-27T23:14:38.298Z"
}
[2025-05-27T23:14:38.305Z] FRONTEND:CS2 - WARN: Using ModelViewer fallback for: /assets/models/cs2/weapons/awp_counter_strike_2.glb
  Details: {
  "component": "ModelFallback",
  "modelPath": "/assets/models/cs2/weapons/awp_counter_strike_2.glb",
  "log_destination": "market",
  "timestamp": "2025-05-27T23:14:38.305Z"
}
[2025-05-27T23:14:38.306Z] FRONTEND:CS2 - WARN: Using ModelViewer fallback for: /assets/models/cs2/weapons/awp_counter_strike_2.glb
  Details: {
  "component": "ModelFallback",
  "modelPath": "/assets/models/cs2/weapons/awp_counter_strike_2.glb",
  "log_destination": "market",
  "timestamp": "2025-05-27T23:14:38.306Z"
}
[2025-05-27T23:14:38.307Z] FRONTEND:CS2 - WARN: Using ModelViewer fallback for: /assets/models/cs2/weapons/sandstorm_-_gunblade.glb
  Details: {
  "component": "ModelFallback",
  "modelPath": "/assets/models/cs2/weapons/sandstorm_-_gunblade.glb",
  "log_destination": "market",
  "timestamp": "2025-05-27T23:14:38.307Z"
}
[2025-05-27T23:14:38.308Z] FRONTEND:CS2 - WARN: Using ModelViewer fallback for: /assets/models/cs2/knives/cs2_knife_-_case_hardened__free.glb
  Details: {
  "component": "ModelFallback",
  "modelPath": "/assets/models/cs2/knives/cs2_knife_-_case_hardened__free.glb",
  "log_destination": "market",
  "timestamp": "2025-05-27T23:14:38.308Z"
}
[2025-05-27T23:14:38.307Z] FRONTEND:CS2 - WARN: Using ModelViewer fallback for: /assets/models/cs2/weapons/sandstorm_-_gunblade.glb
  Details: {
  "component": "ModelFallback",
  "modelPath": "/assets/models/cs2/weapons/sandstorm_-_gunblade.glb",
  "log_destination": "market",
  "timestamp": "2025-05-27T23:14:38.307Z"
}
[2025-05-27T23:14:38.308Z] FRONTEND:CS2 - WARN: Using ModelViewer fallback for: /assets/models/cs2/knives/cs2_knife_-_case_hardened__free.glb
  Details: {
  "component": "ModelFallback",
  "modelPath": "/assets/models/cs2/knives/cs2_knife_-_case_hardened__free.glb",
  "log_destination": "market",
  "timestamp": "2025-05-27T23:14:38.308Z"
}
[2025-05-27T23:14:46.364Z] FRONTEND:CS2 - INFO: Changed to next slide: 1
  Details: {
  "component": "HomePage",
  "action": "nextSlide",
  "log_destination": "market",
  "timestamp": "2025-05-27T23:14:46.364Z"
}
[2025-05-27T23:14:46.375Z] FRONTEND:CS2 - WARN: Using ModelViewer fallback for: /assets/models/cs2/weapons/awp_counter_strike_2.glb
  Details: {
  "component": "ModelFallback",
  "modelPath": "/assets/models/cs2/weapons/awp_counter_strike_2.glb",
  "log_destination": "market",
  "timestamp": "2025-05-27T23:14:46.375Z"
}
[2025-05-27T23:14:46.376Z] FRONTEND:CS2 - WARN: Using ModelViewer fallback for: /assets/models/cs2/weapons/awp_counter_strike_2.glb
  Details: {
  "component": "ModelFallback",
  "modelPath": "/assets/models/cs2/weapons/awp_counter_strike_2.glb",
  "log_destination": "market",
  "timestamp": "2025-05-27T23:14:46.376Z"
}
[2025-05-27T23:14:46.378Z] FRONTEND:CS2 - WARN: Using ModelViewer fallback for: /assets/models/cs2/weapons/sandstorm_-_gunblade.glb
  Details: {
  "component": "ModelFallback",
  "modelPath": "/assets/models/cs2/weapons/sandstorm_-_gunblade.glb",
  "log_destination": "market",
  "timestamp": "2025-05-27T23:14:46.378Z"
}
[2025-05-27T23:14:46.379Z] FRONTEND:CS2 - WARN: Using ModelViewer fallback for: /assets/models/cs2/weapons/sandstorm_-_gunblade.glb
  Details: {
  "component": "ModelFallback",
  "modelPath": "/assets/models/cs2/weapons/sandstorm_-_gunblade.glb",
  "log_destination": "market",
  "timestamp": "2025-05-27T23:14:46.379Z"
}
[2025-05-27T23:14:46.381Z] FRONTEND:CS2 - WARN: Using ModelViewer fallback for: /assets/models/cs2/knives/cs2_knife_-_case_hardened__free.glb
  Details: {
  "component": "ModelFallback",
  "modelPath": "/assets/models/cs2/knives/cs2_knife_-_case_hardened__free.glb",
  "log_destination": "market",
  "timestamp": "2025-05-27T23:14:46.381Z"
}
[2025-05-27T23:14:46.383Z] FRONTEND:CS2 - WARN: Using ModelViewer fallback for: /assets/models/cs2/knives/cs2_knife_-_case_hardened__free.glb
  Details: {
  "component": "ModelFallback",
  "modelPath": "/assets/models/cs2/knives/cs2_knife_-_case_hardened__free.glb",
  "log_destination": "market",
  "timestamp": "2025-05-27T23:14:46.383Z"
}
[2025-05-27T23:14:54.461Z] FRONTEND:CS2 - INFO: Changed to next slide: 2
  Details: {
  "component": "HomePage",
  "action": "nextSlide",
  "log_destination": "market",
  "timestamp": "2025-05-27T23:14:54.461Z"
}
[2025-05-27T23:14:54.475Z] FRONTEND:CS2 - WARN: Using ModelViewer fallback for: /assets/models/cs2/weapons/awp_counter_strike_2.glb
  Details: {
  "component": "ModelFallback",
  "modelPath": "/assets/models/cs2/weapons/awp_counter_strike_2.glb",
  "log_destination": "market",
  "timestamp": "2025-05-27T23:14:54.475Z"
}
[2025-05-27T23:14:54.475Z] FRONTEND:CS2 - WARN: Using ModelViewer fallback for: /assets/models/cs2/weapons/awp_counter_strike_2.glb
  Details: {
  "component": "ModelFallback",
  "modelPath": "/assets/models/cs2/weapons/awp_counter_strike_2.glb",
  "log_destination": "market",
  "timestamp": "2025-05-27T23:14:54.475Z"
}
[2025-05-27T23:14:54.479Z] FRONTEND:CS2 - WARN: Using ModelViewer fallback for: /assets/models/cs2/weapons/sandstorm_-_gunblade.glb
  Details: {
  "component": "ModelFallback",
  "modelPath": "/assets/models/cs2/weapons/sandstorm_-_gunblade.glb",
  "log_destination": "market",
  "timestamp": "2025-05-27T23:14:54.479Z"
}
[2025-05-27T23:14:54.478Z] FRONTEND:CS2 - WARN: Using ModelViewer fallback for: /assets/models/cs2/weapons/sandstorm_-_gunblade.glb
  Details: {
  "component": "ModelFallback",
  "modelPath": "/assets/models/cs2/weapons/sandstorm_-_gunblade.glb",
  "log_destination": "market",
  "timestamp": "2025-05-27T23:14:54.478Z"
}
[2025-05-27T23:14:54.482Z] FRONTEND:CS2 - WARN: Using ModelViewer fallback for: /assets/models/cs2/knives/cs2_knife_-_case_hardened__free.glb
  Details: {
  "component": "ModelFallback",
  "modelPath": "/assets/models/cs2/knives/cs2_knife_-_case_hardened__free.glb",
  "log_destination": "market",
  "timestamp": "2025-05-27T23:14:54.482Z"
}
[2025-05-27T23:14:54.483Z] FRONTEND:CS2 - WARN: Using ModelViewer fallback for: /assets/models/cs2/knives/cs2_knife_-_case_hardened__free.glb
  Details: {
  "component": "ModelFallback",
  "modelPath": "/assets/models/cs2/knives/cs2_knife_-_case_hardened__free.glb",
  "log_destination": "market",
  "timestamp": "2025-05-27T23:14:54.483Z"
}
[2025-05-27T23:15:02.565Z] FRONTEND:CS2 - INFO: Changed to next slide: 0
  Details: {
  "component": "HomePage",
  "action": "nextSlide",
  "log_destination": "market",
  "timestamp": "2025-05-27T23:15:02.565Z"
}
[2025-05-27T23:15:02.578Z] FRONTEND:CS2 - WARN: Using ModelViewer fallback for: /assets/models/cs2/weapons/awp_counter_strike_2.glb
  Details: {
  "component": "ModelFallback",
  "modelPath": "/assets/models/cs2/weapons/awp_counter_strike_2.glb",
  "log_destination": "market",
  "timestamp": "2025-05-27T23:15:02.578Z"
}
[2025-05-27T23:15:02.579Z] FRONTEND:CS2 - WARN: Using ModelViewer fallback for: /assets/models/cs2/weapons/awp_counter_strike_2.glb
  Details: {
  "component": "ModelFallback",
  "modelPath": "/assets/models/cs2/weapons/awp_counter_strike_2.glb",
  "log_destination": "market",
  "timestamp": "2025-05-27T23:15:02.579Z"
}
[2025-05-27T23:15:02.583Z] FRONTEND:CS2 - WARN: Using ModelViewer fallback for: /assets/models/cs2/weapons/sandstorm_-_gunblade.glb
  Details: {
  "component": "ModelFallback",
  "modelPath": "/assets/models/cs2/weapons/sandstorm_-_gunblade.glb",
  "log_destination": "market",
  "timestamp": "2025-05-27T23:15:02.583Z"
}
[2025-05-27T23:15:02.584Z] FRONTEND:CS2 - WARN: Using ModelViewer fallback for: /assets/models/cs2/weapons/sandstorm_-_gunblade.glb
  Details: {
  "component": "ModelFallback",
  "modelPath": "/assets/models/cs2/weapons/sandstorm_-_gunblade.glb",
  "log_destination": "market",
  "timestamp": "2025-05-27T23:15:02.584Z"
}
[2025-05-27T23:15:02.589Z] FRONTEND:CS2 - WARN: Using ModelViewer fallback for: /assets/models/cs2/knives/cs2_knife_-_case_hardened__free.glb
  Details: {
  "component": "ModelFallback",
  "modelPath": "/assets/models/cs2/knives/cs2_knife_-_case_hardened__free.glb",
  "log_destination": "market",
  "timestamp": "2025-05-27T23:15:02.589Z"
}
[2025-05-27T23:15:02.590Z] FRONTEND:CS2 - WARN: Using ModelViewer fallback for: /assets/models/cs2/knives/cs2_knife_-_case_hardened__free.glb
  Details: {
  "component": "ModelFallback",
  "modelPath": "/assets/models/cs2/knives/cs2_knife_-_case_hardened__free.glb",
  "log_destination": "market",
  "timestamp": "2025-05-27T23:15:02.590Z"
}
[2025-05-27T23:15:10.666Z] FRONTEND:CS2 - INFO: Changed to next slide: 1
  Details: {
  "component": "HomePage",
  "action": "nextSlide",
  "log_destination": "market",
  "timestamp": "2025-05-27T23:15:10.666Z"
}
[2025-05-27T23:15:10.680Z] FRONTEND:CS2 - WARN: Using ModelViewer fallback for: /assets/models/cs2/weapons/awp_counter_strike_2.glb
  Details: {
  "component": "ModelFallback",
  "modelPath": "/assets/models/cs2/weapons/awp_counter_strike_2.glb",
  "log_destination": "market",
  "timestamp": "2025-05-27T23:15:10.680Z"
}
[2025-05-27T23:15:10.681Z] FRONTEND:CS2 - WARN: Using ModelViewer fallback for: /assets/models/cs2/weapons/awp_counter_strike_2.glb
  Details: {
  "component": "ModelFallback",
  "modelPath": "/assets/models/cs2/weapons/awp_counter_strike_2.glb",
  "log_destination": "market",
  "timestamp": "2025-05-27T23:15:10.681Z"
}
[2025-05-27T23:15:10.687Z] FRONTEND:CS2 - WARN: Using ModelViewer fallback for: /assets/models/cs2/weapons/sandstorm_-_gunblade.glb
  Details: {
  "component": "ModelFallback",
  "modelPath": "/assets/models/cs2/weapons/sandstorm_-_gunblade.glb",
  "log_destination": "market",
  "timestamp": "2025-05-27T23:15:10.687Z"
}
[2025-05-27T23:15:10.690Z] FRONTEND:CS2 - WARN: Using ModelViewer fallback for: /assets/models/cs2/knives/cs2_knife_-_case_hardened__free.glb
  Details: {
  "component": "ModelFallback",
  "modelPath": "/assets/models/cs2/knives/cs2_knife_-_case_hardened__free.glb",
  "log_destination": "market",
  "timestamp": "2025-05-27T23:15:10.690Z"
}
[2025-05-27T23:15:10.690Z] FRONTEND:CS2 - WARN: Using ModelViewer fallback for: /assets/models/cs2/knives/cs2_knife_-_case_hardened__free.glb
  Details: {
  "component": "ModelFallback",
  "modelPath": "/assets/models/cs2/knives/cs2_knife_-_case_hardened__free.glb",
  "log_destination": "market",
  "timestamp": "2025-05-27T23:15:10.690Z"
}
[2025-05-27T23:15:10.687Z] FRONTEND:CS2 - WARN: Using ModelViewer fallback for: /assets/models/cs2/weapons/sandstorm_-_gunblade.glb
  Details: {
  "component": "ModelFallback",
  "modelPath": "/assets/models/cs2/weapons/sandstorm_-_gunblade.glb",
  "log_destination": "market",
  "timestamp": "2025-05-27T23:15:10.687Z"
}
[2025-05-27T23:15:18.772Z] FRONTEND:CS2 - WARN: Using ModelViewer fallback for: /assets/models/cs2/weapons/awp_counter_strike_2.glb
  Details: {
  "component": "ModelFallback",
  "modelPath": "/assets/models/cs2/weapons/awp_counter_strike_2.glb",
  "log_destination": "market",
  "timestamp": "2025-05-27T23:15:18.772Z"
}
[2025-05-27T23:15:18.772Z] FRONTEND:CS2 - WARN: Using ModelViewer fallback for: /assets/models/cs2/weapons/awp_counter_strike_2.glb
  Details: {
  "component": "ModelFallback",
  "modelPath": "/assets/models/cs2/weapons/awp_counter_strike_2.glb",
  "log_destination": "market",
  "timestamp": "2025-05-27T23:15:18.772Z"
}
[2025-05-27T23:15:18.774Z] FRONTEND:CS2 - WARN: Using ModelViewer fallback for: /assets/models/cs2/weapons/sandstorm_-_gunblade.glb
  Details: {
  "component": "ModelFallback",
  "modelPath": "/assets/models/cs2/weapons/sandstorm_-_gunblade.glb",
  "log_destination": "market",
  "timestamp": "2025-05-27T23:15:18.774Z"
}
[2025-05-27T23:15:18.775Z] FRONTEND:CS2 - WARN: Using ModelViewer fallback for: /assets/models/cs2/weapons/sandstorm_-_gunblade.glb
  Details: {
  "component": "ModelFallback",
  "modelPath": "/assets/models/cs2/weapons/sandstorm_-_gunblade.glb",
  "log_destination": "market",
  "timestamp": "2025-05-27T23:15:18.775Z"
}
[2025-05-27T23:15:18.765Z] FRONTEND:CS2 - INFO: Changed to next slide: 2
  Details: {
  "component": "HomePage",
  "action": "nextSlide",
  "log_destination": "market",
  "timestamp": "2025-05-27T23:15:18.765Z"
}
[2025-05-27T23:15:18.777Z] FRONTEND:CS2 - WARN: Using ModelViewer fallback for: /assets/models/cs2/knives/cs2_knife_-_case_hardened__free.glb
  Details: {
  "component": "ModelFallback",
  "modelPath": "/assets/models/cs2/knives/cs2_knife_-_case_hardened__free.glb",
  "log_destination": "market",
  "timestamp": "2025-05-27T23:15:18.777Z"
}
[2025-05-27T23:15:18.778Z] FRONTEND:CS2 - WARN: Using ModelViewer fallback for: /assets/models/cs2/knives/cs2_knife_-_case_hardened__free.glb
  Details: {
  "component": "ModelFallback",
  "modelPath": "/assets/models/cs2/knives/cs2_knife_-_case_hardened__free.glb",
  "log_destination": "market",
  "timestamp": "2025-05-27T23:15:18.778Z"
}
[2025-05-27T23:15:20.219Z] FRONTEND:AUTH - DEBUG: Auth Flow - HeaderConnect Render
  Details: {
  "timestamp": "2025-05-27T23:15:20.219Z",
  "is_connected": false,
  "is_authenticated": false,
  "is_authenticating": false
}
[2025-05-27T23:15:20.220Z] FRONTEND:AUTH - DEBUG: Auth Flow - HeaderConnect Render
  Details: {
  "timestamp": "2025-05-27T23:15:20.220Z",
  "is_connected": false,
  "is_authenticated": false,
  "is_authenticating": false
}
[2025-05-27T23:15:20.251Z] FRONTEND:AUTH - DEBUG: Auth Flow - HeaderConnect Render
  Details: {
  "timestamp": "2025-05-27T23:15:20.251Z",
  "is_connected": false,
  "is_authenticated": false,
  "is_authenticating": false
}
[2025-05-27T23:15:20.251Z] FRONTEND:AUTH - DEBUG: Auth Flow - HeaderConnect Render
  Details: {
  "timestamp": "2025-05-27T23:15:20.251Z",
  "is_connected": false,
  "is_authenticated": false,
  "is_authenticating": false
}
[2025-05-27T23:15:22.050Z] FRONTEND:AUTH - DEBUG: Auth Flow - HeaderConnect Render
  Details: {
  "timestamp": "2025-05-27T23:15:22.050Z",
  "is_connected": false,
  "is_authenticated": false,
  "is_authenticating": false
}
[2025-05-27T23:15:22.051Z] FRONTEND:AUTH - DEBUG: Auth Flow - HeaderConnect Render
  Details: {
  "timestamp": "2025-05-27T23:15:22.051Z",
  "is_connected": false,
  "is_authenticated": false,
  "is_authenticating": false
}
[2025-05-27T23:15:22.110Z] FRONTEND:AUTH - DEBUG: Auth Flow - Auth state updated
  Details: {
  "timestamp": "2025-05-27T23:15:22.110Z",
  "is_connected": false,
  "is_authenticated": false,
  "is_authenticating": false,
  "initial_check_done": false,
  "needs_reauthentication": false,
  "last_authenticated_address": null
}
[2025-05-27T23:15:22.110Z] FRONTEND:CS2 - INFO: Market navbar mounted with 16 Steam categories
  Details: {
  "categoriesCount": 16,
  "currentCategory": "none",
  "categories": [
    "Rifles",
    "Pistols",
    "SMGs",
    "Shotguns",
    "Sniper Rifles",
    "Machine Guns",
    "Knives",
    "Gloves",
    "Stickers",
    "Agents",
    "Patches",
    "Music Kits",
    "Cases",
    "Keys",
    "Tools",
    "Graffiti"
  ],
  "log_destination": "market",
  "timestamp": "2025-05-27T23:15:22.110Z"
}
[2025-05-27T23:15:22.122Z] FRONTEND:AUTH - DEBUG: Auth Flow - Auth state updated
  Details: {
  "timestamp": "2025-05-27T23:15:22.122Z",
  "is_connected": false,
  "is_authenticated": false,
  "is_authenticating": false,
  "initial_check_done": false,
  "needs_reauthentication": false,
  "last_authenticated_address": null
}
[2025-05-27T23:15:22.183Z] FRONTEND:AUTH - DEBUG: Auth Flow - HeaderConnect Render
  Details: {
  "timestamp": "2025-05-27T23:15:22.183Z",
  "is_connected": false,
  "is_authenticated": false,
  "is_authenticating": false
}
[2025-05-27T23:15:22.183Z] FRONTEND:AUTH - DEBUG: Auth Flow - HeaderConnect Render
  Details: {
  "timestamp": "2025-05-27T23:15:22.183Z",
  "is_connected": false,
  "is_authenticated": false,
  "is_authenticating": false
}
[2025-05-27T23:15:22.207Z] FRONTEND:AUTH - DEBUG: Auth Flow - Auth state updated
  Details: {
  "timestamp": "2025-05-27T23:15:22.207Z",
  "is_connected": false,
  "is_authenticated": false,
  "is_authenticating": false,
  "initial_check_done": false,
  "needs_reauthentication": false,
  "last_authenticated_address": null
}
[2025-05-27T23:15:22.207Z] FRONTEND:CS2 - INFO: Market navbar mounted with 16 Steam categories
  Details: {
  "categoriesCount": 16,
  "currentCategory": "none",
  "categories": [
    "Rifles",
    "Pistols",
    "SMGs",
    "Shotguns",
    "Sniper Rifles",
    "Machine Guns",
    "Knives",
    "Gloves",
    "Stickers",
    "Agents",
    "Patches",
    "Music Kits",
    "Cases",
    "Keys",
    "Tools",
    "Graffiti"
  ],
  "log_destination": "market",
  "timestamp": "2025-05-27T23:15:22.207Z"
}
[2025-05-27T23:15:22.208Z] FRONTEND:AUTH - DEBUG: Auth Flow - Auth state updated
  Details: {
  "timestamp": "2025-05-27T23:15:22.208Z",
  "is_connected": false,
  "is_authenticated": false,
  "is_authenticating": false,
  "initial_check_done": false,
  "needs_reauthentication": false,
  "last_authenticated_address": null
}
[2025-05-27T23:15:22.427Z] FRONTEND:CS2 - INFO: Rendering 20 products with enhanced staggered animation
  Details: {
  "productCount": 20,
  "productIds": [
    "6fee917f",
    "6fee917f",
    "6fee917f",
    "6fee917f",
    "6fee917f",
    "6fee917f",
    "6fee917f",
    "6fee917f",
    "45dd43ba",
    "6eedda04",
    "fbe7d78d",
    "fbe7d78d",
    "fbe7d78d",
    "fbe7d78d",
    "fbe7d78d",
    "9924a945",
    "441c8935",
    "47510819",
    "0b6f114f",
    "7ac4709f"
  ],
  "animationEnabled": true,
  "staggerType": "wave",
  "baseDelay": "35ms",
  "log_destination": "market",
  "timestamp": "2025-05-27T23:15:22.427Z"
}
[2025-05-27T23:15:22.428Z] FRONTEND:CS2 - INFO: MarketPageView mounted with 20 products and enhanced animations
  Details: {
  "page": 1,
  "pageSize": 20,
  "totalProducts": 20,
  "productIds": [
    "6fee917f",
    "6fee917f",
    "6fee917f",
    "6fee917f",
    "6fee917f",
    "6fee917f",
    "6fee917f",
    "6fee917f",
    "45dd43ba",
    "6eedda04",
    "fbe7d78d",
    "fbe7d78d",
    "fbe7d78d",
    "fbe7d78d",
    "fbe7d78d",
    "9924a945",
    "441c8935",
    "47510819",
    "0b6f114f",
    "7ac4709f"
  ],
  "transitionType": "initial-mount",
  "animationsEnabled": true,
  "log_destination": "market",
  "timestamp": "2025-05-27T23:15:22.428Z"
}
[2025-05-27T23:15:22.428Z] FRONTEND:CS2 - DEBUG: MarketPageView unmounted
  Details: {
  "page": 1,
  "log_destination": "market",
  "timestamp": "2025-05-27T23:15:22.428Z"
}
[2025-05-27T23:15:22.429Z] FRONTEND:CS2 - INFO: Rendering 20 products with enhanced staggered animation
  Details: {
  "productCount": 20,
  "productIds": [
    "6fee917f",
    "6fee917f",
    "6fee917f",
    "6fee917f",
    "6fee917f",
    "6fee917f",
    "6fee917f",
    "6fee917f",
    "45dd43ba",
    "6eedda04",
    "fbe7d78d",
    "fbe7d78d",
    "fbe7d78d",
    "fbe7d78d",
    "fbe7d78d",
    "9924a945",
    "441c8935",
    "47510819",
    "0b6f114f",
    "7ac4709f"
  ],
  "animationEnabled": true,
  "staggerType": "wave",
  "baseDelay": "35ms",
  "log_destination": "market",
  "timestamp": "2025-05-27T23:15:22.429Z"
}
[2025-05-27T23:17:33.382Z] FRONTEND:CS2 - INFO: Navigation: none → rifles
  Details: {
  "component": "MarketNavbar",
  "interactionType": "select",
  "transitionDuration": 300,
  "operation": "navigation",
  "from": "none",
  "to": "rifles",
  "log_destination": "market",
  "timestamp": "2025-05-27T23:17:33.382Z"
}
[2025-05-27T23:17:35.576Z] FRONTEND:CS2 - INFO: Category transition started: all → rifles
  Details: {
  "fromCategory": "all",
  "toCategory": "rifles",
  "transitionStartTime": 1748387855576,
  "pageProductCount": 0,
  "transitionType": "category-change",
  "log_destination": "market",
  "timestamp": "2025-05-27T23:17:35.576Z"
}
[2025-05-27T23:17:36.583Z] FRONTEND:CS2 - INFO: Category transition complete
  Details: {
  "fromCategory": "all",
  "toCategory": "rifles",
  "transitionDuration": 1006,
  "frameDrops": 0,
  "layoutShifts": 7,
  "framesRendered": 61,
  "fps": 61,
  "pageProductCount": 0,
  "log_destination": "market",
  "timestamp": "2025-05-27T23:17:36.583Z"
}
[2025-05-27T23:20:06.591Z] FRONTEND:CS2 - INFO: Market navbar mounted with 16 Steam categories
  Details: {
  "categoriesCount": 16,
  "currentCategory": "none",
  "categories": [
    "Rifles",
    "Pistols",
    "SMGs",
    "Shotguns",
    "Sniper Rifles",
    "Machine Guns",
    "Knives",
    "Gloves",
    "Stickers",
    "Agents",
    "Patches",
    "Music Kits",
    "Cases",
    "Keys",
    "Tools",
    "Graffiti"
  ],
  "log_destination": "market",
  "timestamp": "2025-05-27T23:20:06.591Z"
}
[2025-05-27T23:20:10.374Z] FRONTEND:CS2 - INFO: Validating model path: /assets/models/cs2/weapons/awp_counter_strike_2.glb
  Details: {
  "component": "HomePage",
  "modelPath": "/assets/models/cs2/weapons/awp_counter_strike_2.glb",
  "exists": true,
  "log_destination": "market",
  "timestamp": "2025-05-27T23:20:10.374Z"
}
[2025-05-27T23:20:10.374Z] FRONTEND:CS2 - INFO: Validating model path: /assets/models/cs2/weapons/sandstorm_-_gunblade.glb
  Details: {
  "component": "HomePage",
  "modelPath": "/assets/models/cs2/weapons/sandstorm_-_gunblade.glb",
  "exists": true,
  "log_destination": "market",
  "timestamp": "2025-05-27T23:20:10.374Z"
}
[2025-05-27T23:20:10.375Z] FRONTEND:CS2 - INFO: Validating model path: /assets/models/cs2/knives/cs2_knife_-_case_hardened__free.glb
  Details: {
  "component": "HomePage",
  "modelPath": "/assets/models/cs2/knives/cs2_knife_-_case_hardened__free.glb",
  "exists": true,
  "log_destination": "market",
  "timestamp": "2025-05-27T23:20:10.375Z"
}
[2025-05-27T23:20:10.616Z] FRONTEND:AUTH - DEBUG: Auth Flow - Initial Auth State Check
  Details: {
  "timestamp": "2025-05-27T23:20:10.616Z",
  "has_token": false,
  "has_user": false
}
[2025-05-27T23:20:10.690Z] FRONTEND:AUTH - DEBUG: Auth Flow - HeaderConnect Render
  Details: {
  "timestamp": "2025-05-27T23:20:10.690Z",
  "is_connected": false,
  "is_authenticated": false,
  "is_authenticating": false
}
[2025-05-27T23:20:10.691Z] FRONTEND:AUTH - DEBUG: Auth Flow - HeaderConnect Render
  Details: {
  "timestamp": "2025-05-27T23:20:10.691Z",
  "is_connected": false,
  "is_authenticated": false,
  "is_authenticating": false
}
[2025-05-27T23:20:10.874Z] FRONTEND:AUTH - DEBUG: Auth Flow - HeaderConnect Render
  Details: {
  "timestamp": "2025-05-27T23:20:10.874Z",
  "is_connected": false,
  "is_authenticated": false,
  "is_authenticating": false
}
[2025-05-27T23:20:10.875Z] FRONTEND:AUTH - DEBUG: Auth Flow - HeaderConnect Render
  Details: {
  "timestamp": "2025-05-27T23:20:10.875Z",
  "is_connected": false,
  "is_authenticated": false,
  "is_authenticating": false
}
[2025-05-27T23:20:10.940Z] FRONTEND:AUTH - DEBUG: Auth Flow - HeaderConnect Render
  Details: {
  "timestamp": "2025-05-27T23:20:10.940Z",
  "is_connected": false,
  "is_authenticated": false,
  "is_authenticating": false
}
[2025-05-27T23:20:10.941Z] FRONTEND:AUTH - DEBUG: Auth Flow - HeaderConnect Render
  Details: {
  "timestamp": "2025-05-27T23:20:10.941Z",
  "is_connected": false,
  "is_authenticated": false,
  "is_authenticating": false
}
[2025-05-27T23:20:10.977Z] FRONTEND:AUTH - DEBUG: Auth Flow - HeaderConnect Render
  Details: {
  "timestamp": "2025-05-27T23:20:10.977Z",
  "is_connected": false,
  "is_authenticated": false,
  "is_authenticating": false
}
[2025-05-27T23:20:10.978Z] FRONTEND:AUTH - DEBUG: Auth Flow - HeaderConnect Render
  Details: {
  "timestamp": "2025-05-27T23:20:10.978Z",
  "is_connected": false,
  "is_authenticated": false,
  "is_authenticating": false
}
[2025-05-27T23:20:12.955Z] FRONTEND:AUTH - DEBUG: Auth Flow - HeaderConnect Render
  Details: {
  "timestamp": "2025-05-27T23:20:12.955Z",
  "is_connected": false,
  "is_authenticated": false,
  "is_authenticating": false
}
[2025-05-27T23:20:13.020Z] FRONTEND:AUTH - DEBUG: Auth Flow - Auth state updated
  Details: {
  "timestamp": "2025-05-27T23:20:13.020Z",
  "is_connected": false,
  "is_authenticated": false,
  "is_authenticating": false,
  "initial_check_done": false,
  "needs_reauthentication": false,
  "last_authenticated_address": null
}
[2025-05-27T23:20:13.021Z] FRONTEND:CS2 - INFO: Market navbar mounted with 16 Steam categories
  Details: {
  "categoriesCount": 16,
  "currentCategory": "none",
  "categories": [
    "Rifles",
    "Pistols",
    "SMGs",
    "Shotguns",
    "Sniper Rifles",
    "Machine Guns",
    "Knives",
    "Gloves",
    "Stickers",
    "Agents",
    "Patches",
    "Music Kits",
    "Cases",
    "Keys",
    "Tools",
    "Graffiti"
  ],
  "log_destination": "market",
  "timestamp": "2025-05-27T23:20:13.021Z"
}
[2025-05-27T23:20:13.032Z] FRONTEND:AUTH - DEBUG: Auth Flow - Auth state updated
  Details: {
  "timestamp": "2025-05-27T23:20:13.032Z",
  "is_connected": false,
  "is_authenticated": false,
  "is_authenticating": false,
  "initial_check_done": false,
  "needs_reauthentication": false,
  "last_authenticated_address": null
}
[2025-05-27T23:20:12.954Z] FRONTEND:AUTH - DEBUG: Auth Flow - HeaderConnect Render
  Details: {
  "timestamp": "2025-05-27T23:20:12.954Z",
  "is_connected": false,
  "is_authenticated": false,
  "is_authenticating": false
}
[2025-05-27T23:20:13.112Z] FRONTEND:AUTH - DEBUG: Auth Flow - HeaderConnect Render
  Details: {
  "timestamp": "2025-05-27T23:20:13.112Z",
  "is_connected": false,
  "is_authenticated": false,
  "is_authenticating": false
}
[2025-05-27T23:20:13.113Z] FRONTEND:AUTH - DEBUG: Auth Flow - HeaderConnect Render
  Details: {
  "timestamp": "2025-05-27T23:20:13.113Z",
  "is_connected": false,
  "is_authenticated": false,
  "is_authenticating": false
}
[2025-05-27T23:20:13.146Z] FRONTEND:AUTH - DEBUG: Auth Flow - Auth state updated
  Details: {
  "timestamp": "2025-05-27T23:20:13.146Z",
  "is_connected": false,
  "is_authenticated": false,
  "is_authenticating": false,
  "initial_check_done": false,
  "needs_reauthentication": false,
  "last_authenticated_address": null
}
[2025-05-27T23:20:13.147Z] FRONTEND:CS2 - INFO: Market navbar mounted with 16 Steam categories
  Details: {
  "categoriesCount": 16,
  "currentCategory": "none",
  "categories": [
    "Rifles",
    "Pistols",
    "SMGs",
    "Shotguns",
    "Sniper Rifles",
    "Machine Guns",
    "Knives",
    "Gloves",
    "Stickers",
    "Agents",
    "Patches",
    "Music Kits",
    "Cases",
    "Keys",
    "Tools",
    "Graffiti"
  ],
  "log_destination": "market",
  "timestamp": "2025-05-27T23:20:13.147Z"
}
[2025-05-27T23:20:13.149Z] FRONTEND:AUTH - DEBUG: Auth Flow - Auth state updated
  Details: {
  "timestamp": "2025-05-27T23:20:13.149Z",
  "is_connected": false,
  "is_authenticated": false,
  "is_authenticating": false,
  "initial_check_done": false,
  "needs_reauthentication": false,
  "last_authenticated_address": null
}
[2025-05-27T23:20:13.713Z] FRONTEND:CS2 - INFO: MarketPageView mounted with 0 products and enhanced animations
  Details: {
  "page": 1,
  "pageSize": 20,
  "totalProducts": 0,
  "productIds": [],
  "transitionType": "initial-mount",
  "animationsEnabled": true,
  "log_destination": "market",
  "timestamp": "2025-05-27T23:20:13.713Z"
}
[2025-05-27T23:20:13.714Z] FRONTEND:CS2 - DEBUG: MarketPageView unmounted
  Details: {
  "page": 1,
  "log_destination": "market",
  "timestamp": "2025-05-27T23:20:13.714Z"
}
[2025-05-27T23:20:16.006Z] FRONTEND:CS2 - INFO: Navigation: none → category-smgs
  Details: {
  "component": "MarketNavbar",
  "interactionType": "select",
  "transitionDuration": 300,
  "operation": "navigation",
  "from": "none",
  "to": "category-smgs",
  "log_destination": "market",
  "timestamp": "2025-05-27T23:20:16.006Z"
}
[2025-05-27T23:20:18.642Z] FRONTEND:CS2 - INFO: Category transition started: rifles → smgs
  Details: {
  "fromCategory": "rifles",
  "toCategory": "smgs",
  "transitionStartTime": 1748388018642,
  "pageProductCount": 0,
  "transitionType": "category-change",
  "log_destination": "market",
  "timestamp": "2025-05-27T23:20:18.642Z"
}
[2025-05-27T23:20:19.659Z] FRONTEND:CS2 - INFO: Category transition complete
  Details: {
  "fromCategory": "rifles",
  "toCategory": "smgs",
  "transitionDuration": 1017,
  "frameDrops": 0,
  "layoutShifts": 2,
  "framesRendered": 61,
  "fps": 60,
  "pageProductCount": 0,
  "log_destination": "market",
  "timestamp": "2025-05-27T23:20:19.659Z"
}
[2025-05-27T23:20:23.404Z] FRONTEND:CS2 - INFO: Navigation: none → category-cases
  Details: {
  "component": "MarketNavbar",
  "interactionType": "select",
  "transitionDuration": 300,
  "operation": "navigation",
  "from": "none",
  "to": "category-cases",
  "log_destination": "market",
  "timestamp": "2025-05-27T23:20:23.404Z"
}
[2025-05-27T23:20:26.004Z] FRONTEND:CS2 - INFO: Category transition started: smgs → cases
  Details: {
  "fromCategory": "smgs",
  "toCategory": "cases",
  "transitionStartTime": 1748388026004,
  "pageProductCount": 0,
  "transitionType": "category-change",
  "log_destination": "market",
  "timestamp": "2025-05-27T23:20:26.004Z"
}
[2025-05-27T23:20:27.015Z] FRONTEND:CS2 - INFO: Category transition complete
  Details: {
  "fromCategory": "smgs",
  "toCategory": "cases",
  "transitionDuration": 1012,
  "frameDrops": 0,
  "layoutShifts": 2,
  "framesRendered": 61,
  "fps": 60,
  "pageProductCount": 0,
  "log_destination": "market",
  "timestamp": "2025-05-27T23:20:27.015Z"
}
[2025-05-27T23:20:40.948Z] FRONTEND:AUTH - DEBUG: Auth Flow - HeaderConnect Render
  Details: {
  "timestamp": "2025-05-27T23:20:40.948Z",
  "is_connected": false,
  "is_authenticated": false,
  "is_authenticating": false
}
[2025-05-27T23:20:40.949Z] FRONTEND:AUTH - DEBUG: Auth Flow - HeaderConnect Render
  Details: {
  "timestamp": "2025-05-27T23:20:40.949Z",
  "is_connected": false,
  "is_authenticated": false,
  "is_authenticating": false
}
[2025-05-27T23:20:41.112Z] FRONTEND:AUTH - DEBUG: Auth Flow - HeaderConnect Render
  Details: {
  "timestamp": "2025-05-27T23:20:41.112Z",
  "is_connected": false,
  "is_authenticated": false,
  "is_authenticating": false
}
[2025-05-27T23:20:41.113Z] FRONTEND:AUTH - DEBUG: Auth Flow - HeaderConnect Render
  Details: {
  "timestamp": "2025-05-27T23:20:41.113Z",
  "is_connected": false,
  "is_authenticated": false,
  "is_authenticating": false
}
[2025-05-27T23:20:42.974Z] FRONTEND:AUTH - DEBUG: Auth Flow - HeaderConnect Render
  Details: {
  "timestamp": "2025-05-27T23:20:42.974Z",
  "is_connected": false,
  "is_authenticated": false,
  "is_authenticating": false
}
[2025-05-27T23:20:42.975Z] FRONTEND:AUTH - DEBUG: Auth Flow - HeaderConnect Render
  Details: {
  "timestamp": "2025-05-27T23:20:42.975Z",
  "is_connected": false,
  "is_authenticated": false,
  "is_authenticating": false
}
[2025-05-27T23:20:43.069Z] FRONTEND:AUTH - DEBUG: Auth Flow - Auth state updated
  Details: {
  "timestamp": "2025-05-27T23:20:43.069Z",
  "is_connected": false,
  "is_authenticated": false,
  "is_authenticating": false,
  "initial_check_done": false,
  "needs_reauthentication": false,
  "last_authenticated_address": null
}
[2025-05-27T23:20:43.070Z] FRONTEND:CS2 - INFO: Market navbar mounted with 16 Steam categories
  Details: {
  "categoriesCount": 16,
  "currentCategory": "none",
  "categories": [
    "Rifles",
    "Pistols",
    "SMGs",
    "Shotguns",
    "Sniper Rifles",
    "Machine Guns",
    "Knives",
    "Gloves",
    "Stickers",
    "Agents",
    "Patches",
    "Music Kits",
    "Cases",
    "Keys",
    "Tools",
    "Graffiti"
  ],
  "log_destination": "market",
  "timestamp": "2025-05-27T23:20:43.070Z"
}
[2025-05-27T23:20:43.072Z] FRONTEND:AUTH - DEBUG: Auth Flow - Auth state updated
  Details: {
  "timestamp": "2025-05-27T23:20:43.072Z",
  "is_connected": false,
  "is_authenticated": false,
  "is_authenticating": false,
  "initial_check_done": false,
  "needs_reauthentication": false,
  "last_authenticated_address": null
}
[2025-05-27T23:20:53.539Z] FRONTEND:CS2 - INFO: Validating model path: /assets/models/cs2/weapons/awp_counter_strike_2.glb
  Details: {
  "component": "HomePage",
  "modelPath": "/assets/models/cs2/weapons/awp_counter_strike_2.glb",
  "exists": true,
  "log_destination": "market",
  "timestamp": "2025-05-27T23:20:53.539Z"
}
[2025-05-27T23:20:53.540Z] FRONTEND:CS2 - INFO: Validating model path: /assets/models/cs2/weapons/sandstorm_-_gunblade.glb
  Details: {
  "component": "HomePage",
  "modelPath": "/assets/models/cs2/weapons/sandstorm_-_gunblade.glb",
  "exists": true,
  "log_destination": "market",
  "timestamp": "2025-05-27T23:20:53.540Z"
}
[2025-05-27T23:20:53.540Z] FRONTEND:CS2 - INFO: Validating model path: /assets/models/cs2/knives/cs2_knife_-_case_hardened__free.glb
  Details: {
  "component": "HomePage",
  "modelPath": "/assets/models/cs2/knives/cs2_knife_-_case_hardened__free.glb",
  "exists": true,
  "log_destination": "market",
  "timestamp": "2025-05-27T23:20:53.540Z"
}
[2025-05-27T23:20:54.286Z] FRONTEND:AUTH - DEBUG: Auth Flow - Initial Auth State Check
  Details: {
  "timestamp": "2025-05-27T23:20:54.286Z",
  "has_token": false,
  "has_user": false
}
[2025-05-27T23:20:54.409Z] FRONTEND:AUTH - DEBUG: Auth Flow - HeaderConnect Render
  Details: {
  "timestamp": "2025-05-27T23:20:54.409Z",
  "is_connected": false,
  "is_authenticated": false,
  "is_authenticating": false
}
[2025-05-27T23:20:54.410Z] FRONTEND:AUTH - DEBUG: Auth Flow - HeaderConnect Render
  Details: {
  "timestamp": "2025-05-27T23:20:54.410Z",
  "is_connected": false,
  "is_authenticated": false,
  "is_authenticating": false
}
[2025-05-27T23:20:54.509Z] FRONTEND:AUTH - DEBUG: Auth Flow - Auth state updated
  Details: {
  "timestamp": "2025-05-27T23:20:54.509Z",
  "is_connected": false,
  "is_authenticated": false,
  "is_authenticating": false,
  "initial_check_done": false,
  "needs_reauthentication": false,
  "last_authenticated_address": null
}
[2025-05-27T23:20:54.510Z] FRONTEND:CS2 - INFO: Market navbar mounted with 16 Steam categories
  Details: {
  "categoriesCount": 16,
  "currentCategory": "none",
  "categories": [
    "Rifles",
    "Pistols",
    "SMGs",
    "Shotguns",
    "Sniper Rifles",
    "Machine Guns",
    "Knives",
    "Gloves",
    "Stickers",
    "Agents",
    "Patches",
    "Music Kits",
    "Cases",
    "Keys",
    "Tools",
    "Graffiti"
  ],
  "log_destination": "market",
  "timestamp": "2025-05-27T23:20:54.510Z"
}
[2025-05-27T23:20:54.544Z] FRONTEND:AUTH - DEBUG: Auth Flow - HeaderConnect Render
  Details: {
  "timestamp": "2025-05-27T23:20:54.544Z",
  "is_connected": false,
  "is_authenticated": false,
  "is_authenticating": false
}
[2025-05-27T23:20:54.545Z] FRONTEND:AUTH - DEBUG: Auth Flow - HeaderConnect Render
  Details: {
  "timestamp": "2025-05-27T23:20:54.545Z",
  "is_connected": false,
  "is_authenticated": false,
  "is_authenticating": false
}
[2025-05-27T23:20:54.587Z] FRONTEND:AUTH - DEBUG: Auth Flow - HeaderConnect Render
  Details: {
  "timestamp": "2025-05-27T23:20:54.587Z",
  "is_connected": false,
  "is_authenticated": false,
  "is_authenticating": false
}
[2025-05-27T23:20:54.588Z] FRONTEND:AUTH - DEBUG: Auth Flow - HeaderConnect Render
  Details: {
  "timestamp": "2025-05-27T23:20:54.588Z",
  "is_connected": false,
  "is_authenticated": false,
  "is_authenticating": false
}
[2025-05-27T23:20:54.623Z] FRONTEND:AUTH - DEBUG: Auth Flow - HeaderConnect Render
  Details: {
  "timestamp": "2025-05-27T23:20:54.623Z",
  "is_connected": false,
  "is_authenticated": false,
  "is_authenticating": false
}
[2025-05-27T23:20:54.624Z] FRONTEND:AUTH - DEBUG: Auth Flow - HeaderConnect Render
  Details: {
  "timestamp": "2025-05-27T23:20:54.624Z",
  "is_connected": false,
  "is_authenticated": false,
  "is_authenticating": false
}
[2025-05-27T23:20:54.727Z] FRONTEND:AUTH - DEBUG: Auth Flow - HeaderConnect Render
  Details: {
  "timestamp": "2025-05-27T23:20:54.727Z",
  "is_connected": false,
  "is_authenticated": false,
  "is_authenticating": false
}
[2025-05-27T23:20:54.727Z] FRONTEND:AUTH - DEBUG: Auth Flow - HeaderConnect Render
  Details: {
  "timestamp": "2025-05-27T23:20:54.727Z",
  "is_connected": false,
  "is_authenticated": false,
  "is_authenticating": false
}
[2025-05-27T23:20:54.801Z] FRONTEND:AUTH - DEBUG: Auth Flow - Auth state updated
  Details: {
  "timestamp": "2025-05-27T23:20:54.801Z",
  "is_connected": false,
  "is_authenticated": false,
  "is_authenticating": false,
  "initial_check_done": false,
  "needs_reauthentication": false,
  "last_authenticated_address": null
}
[2025-05-27T23:20:54.802Z] FRONTEND:CS2 - INFO: Market navbar mounted with 16 Steam categories
  Details: {
  "categoriesCount": 16,
  "currentCategory": "none",
  "categories": [
    "Rifles",
    "Pistols",
    "SMGs",
    "Shotguns",
    "Sniper Rifles",
    "Machine Guns",
    "Knives",
    "Gloves",
    "Stickers",
    "Agents",
    "Patches",
    "Music Kits",
    "Cases",
    "Keys",
    "Tools",
    "Graffiti"
  ],
  "log_destination": "market",
  "timestamp": "2025-05-27T23:20:54.802Z"
}
[2025-05-27T23:20:54.805Z] FRONTEND:AUTH - DEBUG: Auth Flow - Auth state updated
  Details: {
  "timestamp": "2025-05-27T23:20:54.805Z",
  "is_connected": false,
  "is_authenticated": false,
  "is_authenticating": false,
  "initial_check_done": false,
  "needs_reauthentication": false,
  "last_authenticated_address": null
}
[2025-05-27T23:21:08.415Z] FRONTEND:AUTH - DEBUG: Auth Flow - HeaderConnect Render
  Details: {
  "timestamp": "2025-05-27T23:21:08.415Z",
  "is_connected": false,
  "is_authenticated": false,
  "is_authenticating": false
}
[2025-05-27T23:21:08.414Z] FRONTEND:AUTH - DEBUG: Auth Flow - HeaderConnect Render
  Details: {
  "timestamp": "2025-05-27T23:21:08.414Z",
  "is_connected": false,
  "is_authenticated": false,
  "is_authenticating": false
}
[2025-05-27T23:21:09.415Z] FRONTEND:AUTH - DEBUG: Auth Flow - HeaderConnect Render
  Details: {
  "timestamp": "2025-05-27T23:21:09.415Z",
  "is_connected": false,
  "is_authenticated": false,
  "is_authenticating": false
}
[2025-05-27T23:21:09.416Z] FRONTEND:AUTH - DEBUG: Auth Flow - HeaderConnect Render
  Details: {
  "timestamp": "2025-05-27T23:21:09.416Z",
  "is_connected": false,
  "is_authenticated": false,
  "is_authenticating": false
}
[2025-05-27T23:21:09.495Z] FRONTEND:AUTH - DEBUG: Auth Flow - Auth state updated
  Details: {
  "timestamp": "2025-05-27T23:21:09.495Z",
  "is_connected": false,
  "is_authenticated": false,
  "is_authenticating": false,
  "initial_check_done": false,
  "needs_reauthentication": false,
  "last_authenticated_address": null
}
[2025-05-27T23:21:09.496Z] FRONTEND:CS2 - INFO: Market navbar mounted with 16 Steam categories
  Details: {
  "categoriesCount": 16,
  "currentCategory": "none",
  "categories": [
    "Rifles",
    "Pistols",
    "SMGs",
    "Shotguns",
    "Sniper Rifles",
    "Machine Guns",
    "Knives",
    "Gloves",
    "Stickers",
    "Agents",
    "Patches",
    "Music Kits",
    "Cases",
    "Keys",
    "Tools",
    "Graffiti"
  ],
  "log_destination": "market",
  "timestamp": "2025-05-27T23:21:09.496Z"
}
[2025-05-27T23:21:09.500Z] FRONTEND:AUTH - DEBUG: Auth Flow - Auth state updated
  Details: {
  "timestamp": "2025-05-27T23:21:09.500Z",
  "is_connected": false,
  "is_authenticated": false,
  "is_authenticating": false,
  "initial_check_done": false,
  "needs_reauthentication": false,
  "last_authenticated_address": null
}
[2025-05-27T23:21:16.188Z] FRONTEND:CS2 - INFO: Validating model path: /assets/models/cs2/weapons/awp_counter_strike_2.glb
  Details: {
  "component": "HomePage",
  "modelPath": "/assets/models/cs2/weapons/awp_counter_strike_2.glb",
  "exists": true,
  "log_destination": "market",
  "timestamp": "2025-05-27T23:21:16.188Z"
}
[2025-05-27T23:21:16.189Z] FRONTEND:CS2 - INFO: Validating model path: /assets/models/cs2/weapons/sandstorm_-_gunblade.glb
  Details: {
  "component": "HomePage",
  "modelPath": "/assets/models/cs2/weapons/sandstorm_-_gunblade.glb",
  "exists": true,
  "log_destination": "market",
  "timestamp": "2025-05-27T23:21:16.189Z"
}
[2025-05-27T23:21:16.189Z] FRONTEND:CS2 - INFO: Validating model path: /assets/models/cs2/knives/cs2_knife_-_case_hardened__free.glb
  Details: {
  "component": "HomePage",
  "modelPath": "/assets/models/cs2/knives/cs2_knife_-_case_hardened__free.glb",
  "exists": true,
  "log_destination": "market",
  "timestamp": "2025-05-27T23:21:16.189Z"
}
[2025-05-27T23:21:16.451Z] FRONTEND:AUTH - DEBUG: Auth Flow - Initial Auth State Check
  Details: {
  "timestamp": "2025-05-27T23:21:16.451Z",
  "has_token": false,
  "has_user": false
}
[2025-05-27T23:21:16.535Z] FRONTEND:AUTH - DEBUG: Auth Flow - HeaderConnect Render
  Details: {
  "timestamp": "2025-05-27T23:21:16.535Z",
  "is_connected": false,
  "is_authenticated": false,
  "is_authenticating": false
}
[2025-05-27T23:21:16.534Z] FRONTEND:AUTH - DEBUG: Auth Flow - HeaderConnect Render
  Details: {
  "timestamp": "2025-05-27T23:21:16.534Z",
  "is_connected": false,
  "is_authenticated": false,
  "is_authenticating": false
}
[2025-05-27T23:21:16.720Z] FRONTEND:AUTH - DEBUG: Auth Flow - HeaderConnect Render
  Details: {
  "timestamp": "2025-05-27T23:21:16.720Z",
  "is_connected": false,
  "is_authenticated": false,
  "is_authenticating": false
}
[2025-05-27T23:21:16.720Z] FRONTEND:AUTH - DEBUG: Auth Flow - HeaderConnect Render
  Details: {
  "timestamp": "2025-05-27T23:21:16.720Z",
  "is_connected": false,
  "is_authenticated": false,
  "is_authenticating": false
}
[2025-05-27T23:21:16.843Z] FRONTEND:AUTH - DEBUG: Auth Flow - HeaderConnect Render
  Details: {
  "timestamp": "2025-05-27T23:21:16.843Z",
  "is_connected": false,
  "is_authenticated": false,
  "is_authenticating": false
}
[2025-05-27T23:21:16.844Z] FRONTEND:AUTH - DEBUG: Auth Flow - HeaderConnect Render
  Details: {
  "timestamp": "2025-05-27T23:21:16.844Z",
  "is_connected": false,
  "is_authenticated": false,
  "is_authenticating": false
}
[2025-05-27T23:21:17.020Z] FRONTEND:AUTH - DEBUG: Auth Flow - HeaderConnect Render
  Details: {
  "timestamp": "2025-05-27T23:21:17.020Z",
  "is_connected": false,
  "is_authenticated": false,
  "is_authenticating": false
}
[2025-05-27T23:21:17.020Z] FRONTEND:AUTH - DEBUG: Auth Flow - HeaderConnect Render
  Details: {
  "timestamp": "2025-05-27T23:21:17.020Z",
  "is_connected": false,
  "is_authenticated": false,
  "is_authenticating": false
}
[2025-05-27T23:21:17.078Z] FRONTEND:AUTH - DEBUG: Auth Flow - HeaderConnect Render
  Details: {
  "timestamp": "2025-05-27T23:21:17.078Z",
  "is_connected": false,
  "is_authenticated": false,
  "is_authenticating": false
}
[2025-05-27T23:21:17.079Z] FRONTEND:AUTH - DEBUG: Auth Flow - HeaderConnect Render
  Details: {
  "timestamp": "2025-05-27T23:21:17.079Z",
  "is_connected": false,
  "is_authenticated": false,
  "is_authenticating": false
}
[2025-05-27T23:21:18.180Z] FRONTEND:AUTH - DEBUG: Auth Flow - HeaderConnect Render
  Details: {
  "timestamp": "2025-05-27T23:21:18.180Z",
  "is_connected": false,
  "is_authenticated": false,
  "is_authenticating": false
}
[2025-05-27T23:21:18.181Z] FRONTEND:AUTH - DEBUG: Auth Flow - HeaderConnect Render
  Details: {
  "timestamp": "2025-05-27T23:21:18.181Z",
  "is_connected": false,
  "is_authenticated": false,
  "is_authenticating": false
}
[2025-05-27T23:21:18.351Z] FRONTEND:AUTH - DEBUG: Auth Flow - Auth state updated
  Details: {
  "timestamp": "2025-05-27T23:21:18.351Z",
  "is_connected": false,
  "is_authenticated": false,
  "is_authenticating": false,
  "initial_check_done": false,
  "needs_reauthentication": false,
  "last_authenticated_address": null
}
[2025-05-27T23:21:18.352Z] FRONTEND:CS2 - INFO: Market navbar mounted with 16 Steam categories
  Details: {
  "categoriesCount": 16,
  "currentCategory": "none",
  "categories": [
    "Rifles",
    "Pistols",
    "SMGs",
    "Shotguns",
    "Sniper Rifles",
    "Machine Guns",
    "Knives",
    "Gloves",
    "Stickers",
    "Agents",
    "Patches",
    "Music Kits",
    "Cases",
    "Keys",
    "Tools",
    "Graffiti"
  ],
  "log_destination": "market",
  "timestamp": "2025-05-27T23:21:18.352Z"
}
[2025-05-27T23:21:18.363Z] FRONTEND:CS2 - INFO: MarketPageView mounted with 0 products and enhanced animations
  Details: {
  "page": 1,
  "pageSize": 20,
  "totalProducts": 0,
  "productIds": [],
  "transitionType": "initial-mount",
  "animationsEnabled": true,
  "log_destination": "market",
  "timestamp": "2025-05-27T23:21:18.363Z"
}
[2025-05-27T23:21:18.365Z] FRONTEND:CS2 - DEBUG: MarketPageView unmounted
  Details: {
  "page": 1,
  "log_destination": "market",
  "timestamp": "2025-05-27T23:21:18.365Z"
}
[2025-05-27T23:21:18.369Z] FRONTEND:AUTH - DEBUG: Auth Flow - Auth state updated
  Details: {
  "timestamp": "2025-05-27T23:21:18.369Z",
  "is_connected": false,
  "is_authenticated": false,
  "is_authenticating": false,
  "initial_check_done": false,
  "needs_reauthentication": false,
  "last_authenticated_address": null
}
[2025-05-27T23:21:18.499Z] FRONTEND:AUTH - DEBUG: Auth Flow - HeaderConnect Render
  Details: {
  "timestamp": "2025-05-27T23:21:18.499Z",
  "is_connected": false,
  "is_authenticated": false,
  "is_authenticating": false
}
[2025-05-27T23:21:18.500Z] FRONTEND:AUTH - DEBUG: Auth Flow - HeaderConnect Render
  Details: {
  "timestamp": "2025-05-27T23:21:18.500Z",
  "is_connected": false,
  "is_authenticated": false,
  "is_authenticating": false
}
[2025-05-27T23:21:18.552Z] FRONTEND:AUTH - DEBUG: Auth Flow - Auth state updated
  Details: {
  "timestamp": "2025-05-27T23:21:18.552Z",
  "is_connected": false,
  "is_authenticated": false,
  "is_authenticating": false,
  "initial_check_done": false,
  "needs_reauthentication": false,
  "last_authenticated_address": null
}
[2025-05-27T23:21:18.553Z] FRONTEND:CS2 - INFO: Market navbar mounted with 16 Steam categories
  Details: {
  "categoriesCount": 16,
  "currentCategory": "none",
  "categories": [
    "Rifles",
    "Pistols",
    "SMGs",
    "Shotguns",
    "Sniper Rifles",
    "Machine Guns",
    "Knives",
    "Gloves",
    "Stickers",
    "Agents",
    "Patches",
    "Music Kits",
    "Cases",
    "Keys",
    "Tools",
    "Graffiti"
  ],
  "log_destination": "market",
  "timestamp": "2025-05-27T23:21:18.553Z"
}
[2025-05-27T23:21:18.554Z] FRONTEND:AUTH - DEBUG: Auth Flow - Auth state updated
  Details: {
  "timestamp": "2025-05-27T23:21:18.554Z",
  "is_connected": false,
  "is_authenticated": false,
  "is_authenticating": false,
  "initial_check_done": false,
  "needs_reauthentication": false,
  "last_authenticated_address": null
}
[2025-05-27T23:21:49.392Z] FRONTEND:AUTH - DEBUG: Auth Flow - HeaderConnect Render
  Details: {
  "timestamp": "2025-05-27T23:21:49.392Z",
  "is_connected": false,
  "is_authenticated": false,
  "is_authenticating": false
}
[2025-05-27T23:21:49.393Z] FRONTEND:AUTH - DEBUG: Auth Flow - HeaderConnect Render
  Details: {
  "timestamp": "2025-05-27T23:21:49.393Z",
  "is_connected": false,
  "is_authenticated": false,
  "is_authenticating": false
}
[2025-05-27T23:21:49.498Z] FRONTEND:AUTH - DEBUG: Auth Flow - HeaderConnect Render
  Details: {
  "timestamp": "2025-05-27T23:21:49.498Z",
  "is_connected": false,
  "is_authenticated": false,
  "is_authenticating": false
}
[2025-05-27T23:21:49.499Z] FRONTEND:AUTH - DEBUG: Auth Flow - HeaderConnect Render
  Details: {
  "timestamp": "2025-05-27T23:21:49.499Z",
  "is_connected": false,
  "is_authenticated": false,
  "is_authenticating": false
}
[2025-05-27T23:21:51.701Z] FRONTEND:AUTH - DEBUG: Auth Flow - HeaderConnect Render
  Details: {
  "timestamp": "2025-05-27T23:21:51.701Z",
  "is_connected": false,
  "is_authenticated": false,
  "is_authenticating": false
}
[2025-05-27T23:21:51.701Z] FRONTEND:AUTH - DEBUG: Auth Flow - HeaderConnect Render
  Details: {
  "timestamp": "2025-05-27T23:21:51.701Z",
  "is_connected": false,
  "is_authenticated": false,
  "is_authenticating": false
}
[2025-05-27T23:21:51.764Z] FRONTEND:AUTH - DEBUG: Auth Flow - Auth state updated
  Details: {
  "timestamp": "2025-05-27T23:21:51.764Z",
  "is_connected": false,
  "is_authenticated": false,
  "is_authenticating": false,
  "initial_check_done": false,
  "needs_reauthentication": false,
  "last_authenticated_address": null
}
[2025-05-27T23:21:51.765Z] FRONTEND:CS2 - INFO: Market navbar mounted with 16 Steam categories
  Details: {
  "categoriesCount": 16,
  "currentCategory": "none",
  "categories": [
    "Rifles",
    "Pistols",
    "SMGs",
    "Shotguns",
    "Sniper Rifles",
    "Machine Guns",
    "Knives",
    "Gloves",
    "Stickers",
    "Agents",
    "Patches",
    "Music Kits",
    "Cases",
    "Keys",
    "Tools",
    "Graffiti"
  ],
  "log_destination": "market",
  "timestamp": "2025-05-27T23:21:51.765Z"
}
[2025-05-27T23:21:51.767Z] FRONTEND:AUTH - DEBUG: Auth Flow - Auth state updated
  Details: {
  "timestamp": "2025-05-27T23:21:51.767Z",
  "is_connected": false,
  "is_authenticated": false,
  "is_authenticating": false,
  "initial_check_done": false,
  "needs_reauthentication": false,
  "last_authenticated_address": null
}
[2025-05-27T23:22:09.778Z] FRONTEND:AUTH - DEBUG: Auth Flow - HeaderConnect Render
  Details: {
  "timestamp": "2025-05-27T23:22:09.778Z",
  "is_connected": false,
  "is_authenticated": false,
  "is_authenticating": false
}
[2025-05-27T23:22:09.779Z] FRONTEND:AUTH - DEBUG: Auth Flow - HeaderConnect Render
  Details: {
  "timestamp": "2025-05-27T23:22:09.779Z",
  "is_connected": false,
  "is_authenticated": false,
  "is_authenticating": false
}
[2025-05-27T23:22:09.951Z] FRONTEND:AUTH - DEBUG: Auth Flow - HeaderConnect Render
  Details: {
  "timestamp": "2025-05-27T23:22:09.951Z",
  "is_connected": false,
  "is_authenticated": false,
  "is_authenticating": false
}
[2025-05-27T23:22:09.951Z] FRONTEND:AUTH - DEBUG: Auth Flow - HeaderConnect Render
  Details: {
  "timestamp": "2025-05-27T23:22:09.951Z",
  "is_connected": false,
  "is_authenticated": false,
  "is_authenticating": false
}
[2025-05-27T23:22:12.239Z] FRONTEND:AUTH - DEBUG: Auth Flow - HeaderConnect Render
  Details: {
  "timestamp": "2025-05-27T23:22:12.239Z",
  "is_connected": false,
  "is_authenticated": false,
  "is_authenticating": false
}
[2025-05-27T23:22:12.239Z] FRONTEND:AUTH - DEBUG: Auth Flow - HeaderConnect Render
  Details: {
  "timestamp": "2025-05-27T23:22:12.239Z",
  "is_connected": false,
  "is_authenticated": false,
  "is_authenticating": false
}
[2025-05-27T23:22:12.292Z] FRONTEND:AUTH - DEBUG: Auth Flow - Auth state updated
  Details: {
  "timestamp": "2025-05-27T23:22:12.292Z",
  "is_connected": false,
  "is_authenticated": false,
  "is_authenticating": false,
  "initial_check_done": false,
  "needs_reauthentication": false,
  "last_authenticated_address": null
}
[2025-05-27T23:22:12.293Z] FRONTEND:CS2 - INFO: Market navbar mounted with 16 Steam categories
  Details: {
  "categoriesCount": 16,
  "currentCategory": "none",
  "categories": [
    "Rifles",
    "Pistols",
    "SMGs",
    "Shotguns",
    "Sniper Rifles",
    "Machine Guns",
    "Knives",
    "Gloves",
    "Stickers",
    "Agents",
    "Patches",
    "Music Kits",
    "Cases",
    "Keys",
    "Tools",
    "Graffiti"
  ],
  "log_destination": "market",
  "timestamp": "2025-05-27T23:22:12.293Z"
}
[2025-05-27T23:22:12.294Z] FRONTEND:CS2 - INFO: Rendering 8 products with enhanced staggered animation
  Details: {
  "productCount": 8,
  "productIds": [
    "6fee917f",
    "6fee917f",
    "6fee917f",
    "6fee917f",
    "6fee917f",
    "6fee917f",
    "6fee917f",
    "6fee917f"
  ],
  "animationEnabled": true,
  "staggerType": "wave",
  "baseDelay": "35ms",
  "log_destination": "market",
  "timestamp": "2025-05-27T23:22:12.294Z"
}
[2025-05-27T23:22:12.296Z] FRONTEND:AUTH - DEBUG: Auth Flow - Auth state updated
  Details: {
  "timestamp": "2025-05-27T23:22:12.296Z",
  "is_connected": false,
  "is_authenticated": false,
  "is_authenticating": false,
  "initial_check_done": false,
  "needs_reauthentication": false,
  "last_authenticated_address": null
}
[2025-05-27T23:22:37.321Z] FRONTEND:AUTH - DEBUG: Auth Flow - HeaderConnect Render
  Details: {
  "timestamp": "2025-05-27T23:22:37.321Z",
  "is_connected": false,
  "is_authenticated": false,
  "is_authenticating": false
}
[2025-05-27T23:22:37.321Z] FRONTEND:AUTH - DEBUG: Auth Flow - HeaderConnect Render
  Details: {
  "timestamp": "2025-05-27T23:22:37.321Z",
  "is_connected": false,
  "is_authenticated": false,
  "is_authenticating": false
}
[2025-05-27T23:22:37.441Z] FRONTEND:AUTH - DEBUG: Auth Flow - HeaderConnect Render
  Details: {
  "timestamp": "2025-05-27T23:22:37.441Z",
  "is_connected": false,
  "is_authenticated": false,
  "is_authenticating": false
}
[2025-05-27T23:22:37.442Z] FRONTEND:AUTH - DEBUG: Auth Flow - HeaderConnect Render
  Details: {
  "timestamp": "2025-05-27T23:22:37.442Z",
  "is_connected": false,
  "is_authenticated": false,
  "is_authenticating": false
}
[2025-05-27T23:22:39.706Z] FRONTEND:AUTH - DEBUG: Auth Flow - HeaderConnect Render
  Details: {
  "timestamp": "2025-05-27T23:22:39.706Z",
  "is_connected": false,
  "is_authenticated": false,
  "is_authenticating": false
}
[2025-05-27T23:22:39.707Z] FRONTEND:AUTH - DEBUG: Auth Flow - HeaderConnect Render
  Details: {
  "timestamp": "2025-05-27T23:22:39.707Z",
  "is_connected": false,
  "is_authenticated": false,
  "is_authenticating": false
}
[2025-05-27T23:22:39.822Z] FRONTEND:AUTH - DEBUG: Auth Flow - Auth state updated
  Details: {
  "timestamp": "2025-05-27T23:22:39.822Z",
  "is_connected": false,
  "is_authenticated": false,
  "is_authenticating": false,
  "initial_check_done": false,
  "needs_reauthentication": false,
  "last_authenticated_address": null
}
[2025-05-27T23:22:39.822Z] FRONTEND:CS2 - INFO: Market navbar mounted with 16 Steam categories
  Details: {
  "categoriesCount": 16,
  "currentCategory": "none",
  "categories": [
    "Rifles",
    "Pistols",
    "SMGs",
    "Shotguns",
    "Sniper Rifles",
    "Machine Guns",
    "Knives",
    "Gloves",
    "Stickers",
    "Agents",
    "Patches",
    "Music Kits",
    "Cases",
    "Keys",
    "Tools",
    "Graffiti"
  ],
  "log_destination": "market",
  "timestamp": "2025-05-27T23:22:39.822Z"
}
[2025-05-27T23:22:39.823Z] FRONTEND:CS2 - INFO: Rendering 8 products with enhanced staggered animation
  Details: {
  "productCount": 8,
  "productIds": [
    "6fee917f",
    "6fee917f",
    "6fee917f",
    "6fee917f",
    "6fee917f",
    "6fee917f",
    "6fee917f",
    "6fee917f"
  ],
  "animationEnabled": true,
  "staggerType": "wave",
  "baseDelay": "35ms",
  "log_destination": "market",
  "timestamp": "2025-05-27T23:22:39.823Z"
}
[2025-05-27T23:22:39.824Z] FRONTEND:AUTH - DEBUG: Auth Flow - Auth state updated
  Details: {
  "timestamp": "2025-05-27T23:22:39.824Z",
  "is_connected": false,
  "is_authenticated": false,
  "is_authenticating": false,
  "initial_check_done": false,
  "needs_reauthentication": false,
  "last_authenticated_address": null
}
[2025-05-27T23:23:17.847Z] FRONTEND:CS2 - INFO: Navigation: none → category-rifles
  Details: {
  "component": "MarketNavbar",
  "interactionType": "select",
  "transitionDuration": 300,
  "operation": "navigation",
  "from": "none",
  "to": "category-rifles",
  "log_destination": "market",
  "timestamp": "2025-05-27T23:23:17.847Z"
}
[2025-05-27T23:23:19.867Z] FRONTEND:CS2 - INFO: Navigation: none → category-rifles
  Details: {
  "component": "MarketNavbar",
  "interactionType": "select",
  "transitionDuration": 300,
  "operation": "navigation",
  "from": "none",
  "to": "category-rifles",
  "log_destination": "market",
  "timestamp": "2025-05-27T23:23:19.867Z"
}
[2025-05-27T23:23:22.102Z] FRONTEND:CS2 - INFO: Rendering 1 products with enhanced staggered animation
  Details: {
  "productCount": 1,
  "productIds": [
    "47510819"
  ],
  "animationEnabled": true,
  "staggerType": "wave",
  "baseDelay": "35ms",
  "log_destination": "market",
  "timestamp": "2025-05-27T23:23:22.102Z"
}
[2025-05-27T23:23:22.103Z] FRONTEND:CS2 - INFO: Category transition started: cases → rifles
  Details: {
  "fromCategory": "cases",
  "toCategory": "rifles",
  "transitionStartTime": 1748388202103,
  "pageProductCount": 1,
  "transitionType": "category-change",
  "log_destination": "market",
  "timestamp": "2025-05-27T23:23:22.103Z"
}
[2025-05-27T23:23:23.116Z] FRONTEND:CS2 - INFO: Category transition complete
  Details: {
  "fromCategory": "cases",
  "toCategory": "rifles",
  "transitionDuration": 1012,
  "frameDrops": 0,
  "layoutShifts": 38,
  "framesRendered": 60,
  "fps": 59,
  "pageProductCount": 1,
  "log_destination": "market",
  "timestamp": "2025-05-27T23:23:23.116Z"
}
[2025-05-27T23:24:41.146Z] FRONTEND:CS2 - INFO: Validating model path: /assets/models/cs2/weapons/awp_counter_strike_2.glb
  Details: {
  "component": "HomePage",
  "modelPath": "/assets/models/cs2/weapons/awp_counter_strike_2.glb",
  "exists": true,
  "log_destination": "market",
  "timestamp": "2025-05-27T23:24:41.146Z"
}
[2025-05-27T23:24:41.147Z] FRONTEND:CS2 - INFO: Validating model path: /assets/models/cs2/weapons/sandstorm_-_gunblade.glb
  Details: {
  "component": "HomePage",
  "modelPath": "/assets/models/cs2/weapons/sandstorm_-_gunblade.glb",
  "exists": true,
  "log_destination": "market",
  "timestamp": "2025-05-27T23:24:41.147Z"
}
[2025-05-27T23:24:41.148Z] FRONTEND:CS2 - INFO: Validating model path: /assets/models/cs2/knives/cs2_knife_-_case_hardened__free.glb
  Details: {
  "component": "HomePage",
  "modelPath": "/assets/models/cs2/knives/cs2_knife_-_case_hardened__free.glb",
  "exists": true,
  "log_destination": "market",
  "timestamp": "2025-05-27T23:24:41.148Z"
}
[2025-05-27T23:24:41.519Z] FRONTEND:AUTH - DEBUG: Auth Flow - Initial Auth State Check
  Details: {
  "timestamp": "2025-05-27T23:24:41.519Z",
  "has_token": false,
  "has_user": false
}
[2025-05-27T23:24:41.605Z] FRONTEND:AUTH - DEBUG: Auth Flow - HeaderConnect Render
  Details: {
  "timestamp": "2025-05-27T23:24:41.605Z",
  "is_connected": false,
  "is_authenticated": false,
  "is_authenticating": false
}
[2025-05-27T23:24:41.606Z] FRONTEND:AUTH - DEBUG: Auth Flow - HeaderConnect Render
  Details: {
  "timestamp": "2025-05-27T23:24:41.606Z",
  "is_connected": false,
  "is_authenticated": false,
  "is_authenticating": false
}
[2025-05-27T23:24:41.869Z] FRONTEND:AUTH - DEBUG: Auth Flow - HeaderConnect Render
  Details: {
  "timestamp": "2025-05-27T23:24:41.869Z",
  "is_connected": false,
  "is_authenticated": false,
  "is_authenticating": false
}
[2025-05-27T23:24:41.870Z] FRONTEND:AUTH - DEBUG: Auth Flow - HeaderConnect Render
  Details: {
  "timestamp": "2025-05-27T23:24:41.870Z",
  "is_connected": false,
  "is_authenticated": false,
  "is_authenticating": false
}
[2025-05-27T23:24:41.987Z] FRONTEND:AUTH - DEBUG: Auth Flow - HeaderConnect Render
  Details: {
  "timestamp": "2025-05-27T23:24:41.987Z",
  "is_connected": false,
  "is_authenticated": false,
  "is_authenticating": false
}
[2025-05-27T23:24:41.989Z] FRONTEND:AUTH - DEBUG: Auth Flow - HeaderConnect Render
  Details: {
  "timestamp": "2025-05-27T23:24:41.989Z",
  "is_connected": false,
  "is_authenticated": false,
  "is_authenticating": false
}
[2025-05-27T23:24:42.183Z] FRONTEND:AUTH - DEBUG: Auth Flow - HeaderConnect Render
  Details: {
  "timestamp": "2025-05-27T23:24:42.183Z",
  "is_connected": false,
  "is_authenticated": false,
  "is_authenticating": false
}
[2025-05-27T23:24:42.184Z] FRONTEND:AUTH - DEBUG: Auth Flow - HeaderConnect Render
  Details: {
  "timestamp": "2025-05-27T23:24:42.184Z",
  "is_connected": false,
  "is_authenticated": false,
  "is_authenticating": false
}
[2025-05-27T23:24:42.246Z] FRONTEND:AUTH - DEBUG: Auth Flow - HeaderConnect Render
  Details: {
  "timestamp": "2025-05-27T23:24:42.246Z",
  "is_connected": false,
  "is_authenticated": false,
  "is_authenticating": false
}
[2025-05-27T23:24:42.247Z] FRONTEND:AUTH - DEBUG: Auth Flow - HeaderConnect Render
  Details: {
  "timestamp": "2025-05-27T23:24:42.247Z",
  "is_connected": false,
  "is_authenticated": false,
  "is_authenticating": false
}
[2025-05-27T23:24:42.347Z] FRONTEND:AUTH - DEBUG: Auth Flow - HeaderConnect Render
  Details: {
  "timestamp": "2025-05-27T23:24:42.347Z",
  "is_connected": false,
  "is_authenticated": false,
  "is_authenticating": false
}
[2025-05-27T23:24:42.348Z] FRONTEND:AUTH - DEBUG: Auth Flow - HeaderConnect Render
  Details: {
  "timestamp": "2025-05-27T23:24:42.348Z",
  "is_connected": false,
  "is_authenticated": false,
  "is_authenticating": false
}
[2025-05-27T23:24:42.400Z] FRONTEND:AUTH - DEBUG: Auth Flow - HeaderConnect Render
  Details: {
  "timestamp": "2025-05-27T23:24:42.400Z",
  "is_connected": false,
  "is_authenticated": false,
  "is_authenticating": false
}
[2025-05-27T23:24:42.401Z] FRONTEND:AUTH - DEBUG: Auth Flow - HeaderConnect Render
  Details: {
  "timestamp": "2025-05-27T23:24:42.401Z",
  "is_connected": false,
  "is_authenticated": false,
  "is_authenticating": false
}
[2025-05-27T23:24:43.108Z] FRONTEND:AUTH - DEBUG: Auth Flow - HeaderConnect Render
  Details: {
  "timestamp": "2025-05-27T23:24:43.108Z",
  "is_connected": false,
  "is_authenticated": false,
  "is_authenticating": false
}
[2025-05-27T23:24:43.109Z] FRONTEND:AUTH - DEBUG: Auth Flow - HeaderConnect Render
  Details: {
  "timestamp": "2025-05-27T23:24:43.109Z",
  "is_connected": false,
  "is_authenticated": false,
  "is_authenticating": false
}
[2025-05-27T23:24:43.213Z] FRONTEND:AUTH - DEBUG: Auth Flow - Auth state updated
  Details: {
  "timestamp": "2025-05-27T23:24:43.213Z",
  "is_connected": false,
  "is_authenticated": false,
  "is_authenticating": false,
  "initial_check_done": false,
  "needs_reauthentication": false,
  "last_authenticated_address": null
}
[2025-05-27T23:24:43.213Z] FRONTEND:CS2 - INFO: Market navbar mounted with 16 Steam categories
  Details: {
  "categoriesCount": 16,
  "currentCategory": "none",
  "categories": [
    "Rifles",
    "Pistols",
    "SMGs",
    "Shotguns",
    "Sniper Rifles",
    "Machine Guns",
    "Knives",
    "Gloves",
    "Stickers",
    "Agents",
    "Patches",
    "Music Kits",
    "Cases",
    "Keys",
    "Tools",
    "Graffiti"
  ],
  "log_destination": "market",
  "timestamp": "2025-05-27T23:24:43.213Z"
}
[2025-05-27T23:24:43.225Z] FRONTEND:AUTH - DEBUG: Auth Flow - Auth state updated
  Details: {
  "timestamp": "2025-05-27T23:24:43.225Z",
  "is_connected": false,
  "is_authenticated": false,
  "is_authenticating": false,
  "initial_check_done": false,
  "needs_reauthentication": false,
  "last_authenticated_address": null
}
[2025-05-27T23:24:43.337Z] FRONTEND:AUTH - DEBUG: Auth Flow - HeaderConnect Render
  Details: {
  "timestamp": "2025-05-27T23:24:43.337Z",
  "is_connected": false,
  "is_authenticated": false,
  "is_authenticating": false
}
[2025-05-27T23:24:43.338Z] FRONTEND:AUTH - DEBUG: Auth Flow - HeaderConnect Render
  Details: {
  "timestamp": "2025-05-27T23:24:43.338Z",
  "is_connected": false,
  "is_authenticated": false,
  "is_authenticating": false
}
[2025-05-27T23:24:43.393Z] FRONTEND:AUTH - DEBUG: Auth Flow - Auth state updated
  Details: {
  "timestamp": "2025-05-27T23:24:43.393Z",
  "is_connected": false,
  "is_authenticated": false,
  "is_authenticating": false,
  "initial_check_done": false,
  "needs_reauthentication": false,
  "last_authenticated_address": null
}
[2025-05-27T23:24:43.394Z] FRONTEND:CS2 - INFO: Market navbar mounted with 16 Steam categories
  Details: {
  "categoriesCount": 16,
  "currentCategory": "none",
  "categories": [
    "Rifles",
    "Pistols",
    "SMGs",
    "Shotguns",
    "Sniper Rifles",
    "Machine Guns",
    "Knives",
    "Gloves",
    "Stickers",
    "Agents",
    "Patches",
    "Music Kits",
    "Cases",
    "Keys",
    "Tools",
    "Graffiti"
  ],
  "log_destination": "market",
  "timestamp": "2025-05-27T23:24:43.394Z"
}
[2025-05-27T23:24:43.396Z] FRONTEND:AUTH - DEBUG: Auth Flow - Auth state updated
  Details: {
  "timestamp": "2025-05-27T23:24:43.396Z",
  "is_connected": false,
  "is_authenticated": false,
  "is_authenticating": false,
  "initial_check_done": false,
  "needs_reauthentication": false,
  "last_authenticated_address": null
}
[2025-05-27T23:24:43.519Z] FRONTEND:CS2 - INFO: Rendering 1 products with enhanced staggered animation
  Details: {
  "productCount": 1,
  "productIds": [
    "47510819"
  ],
  "animationEnabled": true,
  "staggerType": "wave",
  "baseDelay": "35ms",
  "log_destination": "market",
  "timestamp": "2025-05-27T23:24:43.519Z"
}
[2025-05-27T23:24:43.520Z] FRONTEND:CS2 - INFO: MarketPageView mounted with 1 products and enhanced animations
  Details: {
  "page": 1,
  "pageSize": 20,
  "totalProducts": 1,
  "productIds": [
    "47510819"
  ],
  "transitionType": "initial-mount",
  "animationsEnabled": true,
  "log_destination": "market",
  "timestamp": "2025-05-27T23:24:43.520Z"
}
[2025-05-27T23:24:43.521Z] FRONTEND:CS2 - DEBUG: MarketPageView unmounted
  Details: {
  "page": 1,
  "log_destination": "market",
  "timestamp": "2025-05-27T23:24:43.521Z"
}
[2025-05-27T23:24:43.522Z] FRONTEND:CS2 - INFO: Rendering 1 products with enhanced staggered animation
  Details: {
  "productCount": 1,
  "productIds": [
    "47510819"
  ],
  "animationEnabled": true,
  "staggerType": "wave",
  "baseDelay": "35ms",
  "log_destination": "market",
  "timestamp": "2025-05-27T23:24:43.522Z"
}
[2025-05-27T23:25:04.911Z] FRONTEND:CS2 - INFO: Navigation: none → category-cases
  Details: {
  "component": "MarketNavbar",
  "interactionType": "select",
  "transitionDuration": 300,
  "operation": "navigation",
  "from": "none",
  "to": "category-cases",
  "log_destination": "market",
  "timestamp": "2025-05-27T23:25:04.911Z"
}
[2025-05-27T23:25:07.222Z] FRONTEND:CS2 - INFO: Rendering 8 products with enhanced staggered animation
  Details: {
  "productCount": 8,
  "productIds": [
    "6fee917f",
    "6fee917f",
    "6fee917f",
    "6fee917f",
    "6fee917f",
    "6fee917f",
    "6fee917f",
    "6fee917f"
  ],
  "animationEnabled": true,
  "staggerType": "wave",
  "baseDelay": "35ms",
  "log_destination": "market",
  "timestamp": "2025-05-27T23:25:07.222Z"
}
[2025-05-27T23:25:07.223Z] FRONTEND:CS2 - INFO: Category transition started: rifles → cases
  Details: {
  "fromCategory": "rifles",
  "toCategory": "cases",
  "transitionStartTime": 1748388307223,
  "pageProductCount": 8,
  "transitionType": "category-change",
  "log_destination": "market",
  "timestamp": "2025-05-27T23:25:07.223Z"
}
[2025-05-27T23:25:08.233Z] FRONTEND:CS2 - INFO: Category transition complete
  Details: {
  "fromCategory": "rifles",
  "toCategory": "cases",
  "transitionDuration": 1010,
  "frameDrops": 0,
  "layoutShifts": 7,
  "framesRendered": 59,
  "fps": 58,
  "pageProductCount": 8,
  "log_destination": "market",
  "timestamp": "2025-05-27T23:25:08.233Z"
}
[2025-05-27T23:33:17.913Z] FRONTEND:AUTH - DEBUG: Auth Flow - HeaderConnect Render
  Details: {
  "timestamp": "2025-05-27T23:33:17.913Z",
  "is_connected": false,
  "is_authenticated": false,
  "is_authenticating": false
}
[2025-05-27T23:33:17.914Z] FRONTEND:AUTH - DEBUG: Auth Flow - HeaderConnect Render
  Details: {
  "timestamp": "2025-05-27T23:33:17.914Z",
  "is_connected": false,
  "is_authenticated": false,
  "is_authenticating": false
}
[2025-05-27T23:33:18.211Z] FRONTEND:AUTH - DEBUG: Auth Flow - HeaderConnect Render
  Details: {
  "timestamp": "2025-05-27T23:33:18.211Z",
  "is_connected": false,
  "is_authenticated": false,
  "is_authenticating": false
}
[2025-05-27T23:33:18.212Z] FRONTEND:AUTH - DEBUG: Auth Flow - HeaderConnect Render
  Details: {
  "timestamp": "2025-05-27T23:33:18.212Z",
  "is_connected": false,
  "is_authenticated": false,
  "is_authenticating": false
}
[2025-05-27T23:33:18.347Z] FRONTEND:AUTH - DEBUG: Auth Flow - HeaderConnect Render
  Details: {
  "timestamp": "2025-05-27T23:33:18.347Z",
  "is_connected": false,
  "is_authenticated": false,
  "is_authenticating": false
}
[2025-05-27T23:33:17.790Z] FRONTEND:AUTH - DEBUG: Auth Flow - Initial Auth State Check
  Details: {
  "timestamp": "2025-05-27T23:33:17.790Z",
  "has_token": false,
  "has_user": false
}
[2025-05-27T23:33:18.348Z] FRONTEND:AUTH - DEBUG: Auth Flow - HeaderConnect Render
  Details: {
  "timestamp": "2025-05-27T23:33:18.348Z",
  "is_connected": false,
  "is_authenticated": false,
  "is_authenticating": false
}
[2025-05-27T23:33:18.408Z] FRONTEND:AUTH - DEBUG: Auth Flow - HeaderConnect Render
  Details: {
  "timestamp": "2025-05-27T23:33:18.408Z",
  "is_connected": false,
  "is_authenticated": false,
  "is_authenticating": false
}
[2025-05-27T23:33:18.409Z] FRONTEND:AUTH - DEBUG: Auth Flow - HeaderConnect Render
  Details: {
  "timestamp": "2025-05-27T23:33:18.409Z",
  "is_connected": false,
  "is_authenticated": false,
  "is_authenticating": false
}
[2025-05-27T23:33:19.078Z] FRONTEND:AUTH - DEBUG: Auth Flow - HeaderConnect Render
  Details: {
  "timestamp": "2025-05-27T23:33:19.078Z",
  "is_connected": false,
  "is_authenticated": false,
  "is_authenticating": false
}
[2025-05-27T23:33:19.079Z] FRONTEND:AUTH - DEBUG: Auth Flow - HeaderConnect Render
  Details: {
  "timestamp": "2025-05-27T23:33:19.079Z",
  "is_connected": false,
  "is_authenticated": false,
  "is_authenticating": false
}
[2025-05-27T23:33:19.186Z] FRONTEND:AUTH - DEBUG: Auth Flow - Auth state updated
  Details: {
  "timestamp": "2025-05-27T23:33:19.186Z",
  "is_connected": false,
  "is_authenticated": false,
  "is_authenticating": false,
  "initial_check_done": false,
  "needs_reauthentication": false,
  "last_authenticated_address": null
}
[2025-05-27T23:33:19.187Z] FRONTEND:CS2 - INFO: Market navbar mounted with 16 Steam categories
  Details: {
  "categoriesCount": 16,
  "currentCategory": "none",
  "categories": [
    "Rifles",
    "Pistols",
    "SMGs",
    "Shotguns",
    "Sniper Rifles",
    "Machine Guns",
    "Knives",
    "Gloves",
    "Stickers",
    "Agents",
    "Patches",
    "Music Kits",
    "Cases",
    "Keys",
    "Tools",
    "Graffiti"
  ],
  "log_destination": "market",
  "timestamp": "2025-05-27T23:33:19.187Z"
}
[2025-05-27T23:33:19.197Z] FRONTEND:AUTH - DEBUG: Auth Flow - Auth state updated
  Details: {
  "timestamp": "2025-05-27T23:33:19.197Z",
  "is_connected": false,
  "is_authenticated": false,
  "is_authenticating": false,
  "initial_check_done": false,
  "needs_reauthentication": false,
  "last_authenticated_address": null
}
[2025-05-27T23:33:19.314Z] FRONTEND:AUTH - DEBUG: Auth Flow - HeaderConnect Render
  Details: {
  "timestamp": "2025-05-27T23:33:19.314Z",
  "is_connected": false,
  "is_authenticated": false,
  "is_authenticating": false
}
[2025-05-27T23:33:19.314Z] FRONTEND:AUTH - DEBUG: Auth Flow - HeaderConnect Render
  Details: {
  "timestamp": "2025-05-27T23:33:19.314Z",
  "is_connected": false,
  "is_authenticated": false,
  "is_authenticating": false
}
[2025-05-27T23:33:19.376Z] FRONTEND:AUTH - DEBUG: Auth Flow - Auth state updated
  Details: {
  "timestamp": "2025-05-27T23:33:19.376Z",
  "is_connected": false,
  "is_authenticated": false,
  "is_authenticating": false,
  "initial_check_done": false,
  "needs_reauthentication": false,
  "last_authenticated_address": null
}
[2025-05-27T23:33:19.377Z] FRONTEND:CS2 - INFO: Market navbar mounted with 16 Steam categories
  Details: {
  "categoriesCount": 16,
  "currentCategory": "none",
  "categories": [
    "Rifles",
    "Pistols",
    "SMGs",
    "Shotguns",
    "Sniper Rifles",
    "Machine Guns",
    "Knives",
    "Gloves",
    "Stickers",
    "Agents",
    "Patches",
    "Music Kits",
    "Cases",
    "Keys",
    "Tools",
    "Graffiti"
  ],
  "log_destination": "market",
  "timestamp": "2025-05-27T23:33:19.377Z"
}
[2025-05-27T23:33:19.378Z] FRONTEND:AUTH - DEBUG: Auth Flow - Auth state updated
  Details: {
  "timestamp": "2025-05-27T23:33:19.378Z",
  "is_connected": false,
  "is_authenticated": false,
  "is_authenticating": false,
  "initial_check_done": false,
  "needs_reauthentication": false,
  "last_authenticated_address": null
}
[2025-05-27T23:33:21.110Z] FRONTEND:CS2 - DEBUG: MarketPageView unmounted
  Details: {
  "page": 1,
  "log_destination": "market",
  "timestamp": "2025-05-27T23:33:21.110Z"
}
[2025-05-27T23:33:21.111Z] FRONTEND:CS2 - INFO: Rendering 8 products with enhanced staggered animation
  Details: {
  "productCount": 8,
  "productIds": [
    "6fee917f",
    "6fee917f",
    "6fee917f",
    "6fee917f",
    "6fee917f",
    "6fee917f",
    "6fee917f",
    "6fee917f"
  ],
  "animationEnabled": true,
  "staggerType": "wave",
  "baseDelay": "35ms",
  "log_destination": "market",
  "timestamp": "2025-05-27T23:33:21.111Z"
}
[2025-05-27T23:33:21.109Z] FRONTEND:CS2 - INFO: Rendering 8 products with enhanced staggered animation
  Details: {
  "productCount": 8,
  "productIds": [
    "6fee917f",
    "6fee917f",
    "6fee917f",
    "6fee917f",
    "6fee917f",
    "6fee917f",
    "6fee917f",
    "6fee917f"
  ],
  "animationEnabled": true,
  "staggerType": "wave",
  "baseDelay": "35ms",
  "log_destination": "market",
  "timestamp": "2025-05-27T23:33:21.109Z"
}
[2025-05-27T23:33:21.110Z] FRONTEND:CS2 - INFO: MarketPageView mounted with 8 products and enhanced animations
  Details: {
  "page": 1,
  "pageSize": 20,
  "totalProducts": 8,
  "productIds": [
    "6fee917f",
    "6fee917f",
    "6fee917f",
    "6fee917f",
    "6fee917f",
    "6fee917f",
    "6fee917f",
    "6fee917f"
  ],
  "transitionType": "initial-mount",
  "animationsEnabled": true,
  "log_destination": "market",
  "timestamp": "2025-05-27T23:33:21.110Z"
}
[2025-05-27T23:35:50.492Z] FRONTEND:CS2 - INFO: Market navbar mounted with 16 Steam categories
  Details: {
  "categoriesCount": 16,
  "currentCategory": "none",
  "categories": [
    "Rifles",
    "Pistols",
    "SMGs",
    "Shotguns",
    "Sniper Rifles",
    "Machine Guns",
    "Knives",
    "Gloves",
    "Stickers",
    "Agents",
    "Patches",
    "Music Kits",
    "Cases",
    "Keys",
    "Tools",
    "Graffiti"
  ],
  "log_destination": "market",
  "timestamp": "2025-05-27T23:35:50.492Z"
}
[2025-05-27T23:35:56.927Z] FRONTEND:AUTH - DEBUG: Auth Flow - Initial Auth State Check
  Details: {
  "timestamp": "2025-05-27T23:35:56.927Z",
  "has_token": false,
  "has_user": false
}
[2025-05-27T23:35:57.008Z] FRONTEND:AUTH - DEBUG: Auth Flow - HeaderConnect Render
  Details: {
  "timestamp": "2025-05-27T23:35:57.008Z",
  "is_connected": false,
  "is_authenticated": false,
  "is_authenticating": false
}
[2025-05-27T23:35:57.009Z] FRONTEND:AUTH - DEBUG: Auth Flow - HeaderConnect Render
  Details: {
  "timestamp": "2025-05-27T23:35:57.009Z",
  "is_connected": false,
  "is_authenticated": false,
  "is_authenticating": false
}
[2025-05-27T23:35:57.204Z] FRONTEND:AUTH - DEBUG: Auth Flow - HeaderConnect Render
  Details: {
  "timestamp": "2025-05-27T23:35:57.204Z",
  "is_connected": false,
  "is_authenticated": false,
  "is_authenticating": false
}
[2025-05-27T23:35:57.205Z] FRONTEND:AUTH - DEBUG: Auth Flow - HeaderConnect Render
  Details: {
  "timestamp": "2025-05-27T23:35:57.205Z",
  "is_connected": false,
  "is_authenticated": false,
  "is_authenticating": false
}
[2025-05-27T23:35:57.305Z] FRONTEND:AUTH - DEBUG: Auth Flow - HeaderConnect Render
  Details: {
  "timestamp": "2025-05-27T23:35:57.305Z",
  "is_connected": false,
  "is_authenticated": false,
  "is_authenticating": false
}
[2025-05-27T23:35:57.306Z] FRONTEND:AUTH - DEBUG: Auth Flow - HeaderConnect Render
  Details: {
  "timestamp": "2025-05-27T23:35:57.306Z",
  "is_connected": false,
  "is_authenticated": false,
  "is_authenticating": false
}
[2025-05-27T23:35:57.351Z] FRONTEND:AUTH - DEBUG: Auth Flow - HeaderConnect Render
  Details: {
  "timestamp": "2025-05-27T23:35:57.350Z",
  "is_connected": false,
  "is_authenticated": false,
  "is_authenticating": false
}
[2025-05-27T23:35:57.352Z] FRONTEND:AUTH - DEBUG: Auth Flow - HeaderConnect Render
  Details: {
  "timestamp": "2025-05-27T23:35:57.352Z",
  "is_connected": false,
  "is_authenticated": false,
  "is_authenticating": false
}
[2025-05-27T23:35:57.538Z] FRONTEND:AUTH - DEBUG: Auth Flow - HeaderConnect Render
  Details: {
  "timestamp": "2025-05-27T23:35:57.538Z",
  "is_connected": false,
  "is_authenticated": false,
  "is_authenticating": false
}
[2025-05-27T23:35:57.537Z] FRONTEND:AUTH - DEBUG: Auth Flow - HeaderConnect Render
  Details: {
  "timestamp": "2025-05-27T23:35:57.537Z",
  "is_connected": false,
  "is_authenticated": false,
  "is_authenticating": false
}
[2025-05-27T23:35:57.595Z] FRONTEND:AUTH - DEBUG: Auth Flow - HeaderConnect Render
  Details: {
  "timestamp": "2025-05-27T23:35:57.595Z",
  "is_connected": false,
  "is_authenticated": false,
  "is_authenticating": false
}
[2025-05-27T23:35:57.596Z] FRONTEND:AUTH - DEBUG: Auth Flow - HeaderConnect Render
  Details: {
  "timestamp": "2025-05-27T23:35:57.596Z",
  "is_connected": false,
  "is_authenticated": false,
  "is_authenticating": false
}
[2025-05-27T23:35:58.579Z] FRONTEND:AUTH - DEBUG: Auth Flow - HeaderConnect Render
  Details: {
  "timestamp": "2025-05-27T23:35:58.579Z",
  "is_connected": false,
  "is_authenticated": false,
  "is_authenticating": false
}
[2025-05-27T23:35:58.647Z] FRONTEND:AUTH - DEBUG: Auth Flow - Auth state updated
  Details: {
  "timestamp": "2025-05-27T23:35:58.647Z",
  "is_connected": false,
  "is_authenticated": false,
  "is_authenticating": false,
  "initial_check_done": false,
  "needs_reauthentication": false,
  "last_authenticated_address": null
}
[2025-05-27T23:35:58.648Z] FRONTEND:CS2 - INFO: Market navbar mounted with 16 Steam categories
  Details: {
  "categoriesCount": 16,
  "currentCategory": "none",
  "categories": [
    "Rifles",
    "Pistols",
    "SMGs",
    "Shotguns",
    "Sniper Rifles",
    "Machine Guns",
    "Knives",
    "Gloves",
    "Stickers",
    "Agents",
    "Patches",
    "Music Kits",
    "Cases",
    "Keys",
    "Tools",
    "Graffiti"
  ],
  "log_destination": "market",
  "timestamp": "2025-05-27T23:35:58.648Z"
}
[2025-05-27T23:35:58.658Z] FRONTEND:AUTH - DEBUG: Auth Flow - Auth state updated
  Details: {
  "timestamp": "2025-05-27T23:35:58.658Z",
  "is_connected": false,
  "is_authenticated": false,
  "is_authenticating": false,
  "initial_check_done": false,
  "needs_reauthentication": false,
  "last_authenticated_address": null
}
[2025-05-27T23:35:58.578Z] FRONTEND:AUTH - DEBUG: Auth Flow - HeaderConnect Render
  Details: {
  "timestamp": "2025-05-27T23:35:58.578Z",
  "is_connected": false,
  "is_authenticated": false,
  "is_authenticating": false
}
[2025-05-27T23:35:58.764Z] FRONTEND:AUTH - DEBUG: Auth Flow - HeaderConnect Render
  Details: {
  "timestamp": "2025-05-27T23:35:58.764Z",
  "is_connected": false,
  "is_authenticated": false,
  "is_authenticating": false
}
[2025-05-27T23:35:58.765Z] FRONTEND:AUTH - DEBUG: Auth Flow - HeaderConnect Render
  Details: {
  "timestamp": "2025-05-27T23:35:58.765Z",
  "is_connected": false,
  "is_authenticated": false,
  "is_authenticating": false
}
[2025-05-27T23:35:58.829Z] FRONTEND:AUTH - DEBUG: Auth Flow - Auth state updated
  Details: {
  "timestamp": "2025-05-27T23:35:58.829Z",
  "is_connected": false,
  "is_authenticated": false,
  "is_authenticating": false,
  "initial_check_done": false,
  "needs_reauthentication": false,
  "last_authenticated_address": null
}
[2025-05-27T23:35:58.829Z] FRONTEND:CS2 - INFO: Market navbar mounted with 16 Steam categories
  Details: {
  "categoriesCount": 16,
  "currentCategory": "none",
  "categories": [
    "Rifles",
    "Pistols",
    "SMGs",
    "Shotguns",
    "Sniper Rifles",
    "Machine Guns",
    "Knives",
    "Gloves",
    "Stickers",
    "Agents",
    "Patches",
    "Music Kits",
    "Cases",
    "Keys",
    "Tools",
    "Graffiti"
  ],
  "log_destination": "market",
  "timestamp": "2025-05-27T23:35:58.829Z"
}
[2025-05-27T23:35:58.831Z] FRONTEND:AUTH - DEBUG: Auth Flow - Auth state updated
  Details: {
  "timestamp": "2025-05-27T23:35:58.831Z",
  "is_connected": false,
  "is_authenticated": false,
  "is_authenticating": false,
  "initial_check_done": false,
  "needs_reauthentication": false,
  "last_authenticated_address": null
}
[2025-05-27T23:35:59.018Z] FRONTEND:CS2 - INFO: Rendering 8 products with enhanced staggered animation
  Details: {
  "productCount": 8,
  "productIds": [
    "6fee917f",
    "6fee917f",
    "6fee917f",
    "6fee917f",
    "6fee917f",
    "6fee917f",
    "6fee917f",
    "6fee917f"
  ],
  "animationEnabled": true,
  "staggerType": "wave",
  "baseDelay": "35ms",
  "log_destination": "market",
  "timestamp": "2025-05-27T23:35:59.018Z"
}
[2025-05-27T23:35:59.020Z] FRONTEND:CS2 - INFO: MarketPageView mounted with 8 products and enhanced animations
  Details: {
  "page": 1,
  "pageSize": 20,
  "totalProducts": 8,
  "productIds": [
    "6fee917f",
    "6fee917f",
    "6fee917f",
    "6fee917f",
    "6fee917f",
    "6fee917f",
    "6fee917f",
    "6fee917f"
  ],
  "transitionType": "initial-mount",
  "animationsEnabled": true,
  "log_destination": "market",
  "timestamp": "2025-05-27T23:35:59.020Z"
}
[2025-05-27T23:35:59.021Z] FRONTEND:CS2 - DEBUG: MarketPageView unmounted
  Details: {
  "page": 1,
  "log_destination": "market",
  "timestamp": "2025-05-27T23:35:59.021Z"
}
[2025-05-27T23:35:59.022Z] FRONTEND:CS2 - INFO: Rendering 8 products with enhanced staggered animation
  Details: {
  "productCount": 8,
  "productIds": [
    "6fee917f",
    "6fee917f",
    "6fee917f",
    "6fee917f",
    "6fee917f",
    "6fee917f",
    "6fee917f",
    "6fee917f"
  ],
  "animationEnabled": true,
  "staggerType": "wave",
  "baseDelay": "35ms",
  "log_destination": "market",
  "timestamp": "2025-05-27T23:35:59.021Z"
}
[2025-05-27T23:36:44.788Z] FRONTEND:AUTH - DEBUG: Auth Flow - Initial Auth State Check
  Details: {
  "timestamp": "2025-05-27T23:36:44.788Z",
  "has_token": false,
  "has_user": false
}
[2025-05-27T23:36:45.041Z] FRONTEND:AUTH - DEBUG: Auth Flow - HeaderConnect Render
  Details: {
  "timestamp": "2025-05-27T23:36:45.041Z",
  "is_connected": false,
  "is_authenticated": false,
  "is_authenticating": false
}
[2025-05-27T23:36:45.042Z] FRONTEND:AUTH - DEBUG: Auth Flow - HeaderConnect Render
  Details: {
  "timestamp": "2025-05-27T23:36:45.042Z",
  "is_connected": false,
  "is_authenticated": false,
  "is_authenticating": false
}
[2025-05-27T23:36:45.131Z] FRONTEND:AUTH - DEBUG: Auth Flow - HeaderConnect Render
  Details: {
  "timestamp": "2025-05-27T23:36:45.131Z",
  "is_connected": false,
  "is_authenticated": false,
  "is_authenticating": false
}
[2025-05-27T23:36:45.132Z] FRONTEND:AUTH - DEBUG: Auth Flow - HeaderConnect Render
  Details: {
  "timestamp": "2025-05-27T23:36:45.132Z",
  "is_connected": false,
  "is_authenticated": false,
  "is_authenticating": false
}
[2025-05-27T23:36:45.191Z] FRONTEND:AUTH - DEBUG: Auth Flow - HeaderConnect Render
  Details: {
  "timestamp": "2025-05-27T23:36:45.191Z",
  "is_connected": false,
  "is_authenticated": false,
  "is_authenticating": false
}
[2025-05-27T23:36:45.191Z] FRONTEND:AUTH - DEBUG: Auth Flow - HeaderConnect Render
  Details: {
  "timestamp": "2025-05-27T23:36:45.191Z",
  "is_connected": false,
  "is_authenticated": false,
  "is_authenticating": false
}
[2025-05-27T23:36:45.227Z] FRONTEND:AUTH - DEBUG: Auth Flow - HeaderConnect Render
  Details: {
  "timestamp": "2025-05-27T23:36:45.227Z",
  "is_connected": false,
  "is_authenticated": false,
  "is_authenticating": false
}
[2025-05-27T23:36:45.227Z] FRONTEND:AUTH - DEBUG: Auth Flow - HeaderConnect Render
  Details: {
  "timestamp": "2025-05-27T23:36:45.227Z",
  "is_connected": false,
  "is_authenticated": false,
  "is_authenticating": false
}
[2025-05-27T23:36:46.742Z] FRONTEND:AUTH - DEBUG: Auth Flow - HeaderConnect Render
  Details: {
  "timestamp": "2025-05-27T23:36:46.742Z",
  "is_connected": false,
  "is_authenticated": false,
  "is_authenticating": false
}
[2025-05-27T23:36:46.743Z] FRONTEND:AUTH - DEBUG: Auth Flow - HeaderConnect Render
  Details: {
  "timestamp": "2025-05-27T23:36:46.743Z",
  "is_connected": false,
  "is_authenticated": false,
  "is_authenticating": false
}
[2025-05-27T23:36:46.787Z] FRONTEND:AUTH - DEBUG: Auth Flow - Auth state updated
  Details: {
  "timestamp": "2025-05-27T23:36:46.787Z",
  "is_connected": false,
  "is_authenticated": false,
  "is_authenticating": false,
  "initial_check_done": false,
  "needs_reauthentication": false,
  "last_authenticated_address": null
}
[2025-05-27T23:36:46.787Z] FRONTEND:CS2 - INFO: Market navbar mounted with 16 Steam categories
  Details: {
  "categoriesCount": 16,
  "currentCategory": "none",
  "categories": [
    "Rifles",
    "Pistols",
    "SMGs",
    "Shotguns",
    "Sniper Rifles",
    "Machine Guns",
    "Knives",
    "Gloves",
    "Stickers",
    "Agents",
    "Patches",
    "Music Kits",
    "Cases",
    "Keys",
    "Tools",
    "Graffiti"
  ],
  "log_destination": "market",
  "timestamp": "2025-05-27T23:36:46.787Z"
}
[2025-05-27T23:36:46.793Z] FRONTEND:AUTH - DEBUG: Auth Flow - Auth state updated
  Details: {
  "timestamp": "2025-05-27T23:36:46.793Z",
  "is_connected": false,
  "is_authenticated": false,
  "is_authenticating": false,
  "initial_check_done": false,
  "needs_reauthentication": false,
  "last_authenticated_address": null
}
[2025-05-27T23:36:46.859Z] FRONTEND:AUTH - DEBUG: Auth Flow - HeaderConnect Render
  Details: {
  "timestamp": "2025-05-27T23:36:46.859Z",
  "is_connected": false,
  "is_authenticated": false,
  "is_authenticating": false
}
[2025-05-27T23:36:46.859Z] FRONTEND:AUTH - DEBUG: Auth Flow - HeaderConnect Render
  Details: {
  "timestamp": "2025-05-27T23:36:46.859Z",
  "is_connected": false,
  "is_authenticated": false,
  "is_authenticating": false
}
[2025-05-27T23:36:46.896Z] FRONTEND:AUTH - DEBUG: Auth Flow - Auth state updated
  Details: {
  "timestamp": "2025-05-27T23:36:46.896Z",
  "is_connected": false,
  "is_authenticated": false,
  "is_authenticating": false,
  "initial_check_done": false,
  "needs_reauthentication": false,
  "last_authenticated_address": null
}
[2025-05-27T23:36:46.896Z] FRONTEND:CS2 - INFO: Market navbar mounted with 16 Steam categories
  Details: {
  "categoriesCount": 16,
  "currentCategory": "none",
  "categories": [
    "Rifles",
    "Pistols",
    "SMGs",
    "Shotguns",
    "Sniper Rifles",
    "Machine Guns",
    "Knives",
    "Gloves",
    "Stickers",
    "Agents",
    "Patches",
    "Music Kits",
    "Cases",
    "Keys",
    "Tools",
    "Graffiti"
  ],
  "log_destination": "market",
  "timestamp": "2025-05-27T23:36:46.896Z"
}
[2025-05-27T23:36:46.897Z] FRONTEND:AUTH - DEBUG: Auth Flow - Auth state updated
  Details: {
  "timestamp": "2025-05-27T23:36:46.897Z",
  "is_connected": false,
  "is_authenticated": false,
  "is_authenticating": false,
  "initial_check_done": false,
  "needs_reauthentication": false,
  "last_authenticated_address": null
}
[2025-05-27T23:36:47.090Z] FRONTEND:CS2 - INFO: Rendering 8 products with enhanced staggered animation
  Details: {
  "productCount": 8,
  "productIds": [
    "6fee917f",
    "6fee917f",
    "6fee917f",
    "6fee917f",
    "6fee917f",
    "6fee917f",
    "6fee917f",
    "6fee917f"
  ],
  "animationEnabled": true,
  "staggerType": "wave",
  "baseDelay": "35ms",
  "log_destination": "market",
  "timestamp": "2025-05-27T23:36:47.090Z"
}
[2025-05-27T23:36:47.091Z] FRONTEND:CS2 - INFO: MarketPageView mounted with 8 products and enhanced animations
  Details: {
  "page": 1,
  "pageSize": 20,
  "totalProducts": 8,
  "productIds": [
    "6fee917f",
    "6fee917f",
    "6fee917f",
    "6fee917f",
    "6fee917f",
    "6fee917f",
    "6fee917f",
    "6fee917f"
  ],
  "transitionType": "initial-mount",
  "animationsEnabled": true,
  "log_destination": "market",
  "timestamp": "2025-05-27T23:36:47.091Z"
}
[2025-05-27T23:36:47.091Z] FRONTEND:CS2 - DEBUG: MarketPageView unmounted
  Details: {
  "page": 1,
  "log_destination": "market",
  "timestamp": "2025-05-27T23:36:47.091Z"
}
[2025-05-27T23:36:47.092Z] FRONTEND:CS2 - INFO: Rendering 8 products with enhanced staggered animation
  Details: {
  "productCount": 8,
  "productIds": [
    "6fee917f",
    "6fee917f",
    "6fee917f",
    "6fee917f",
    "6fee917f",
    "6fee917f",
    "6fee917f",
    "6fee917f"
  ],
  "animationEnabled": true,
  "staggerType": "wave",
  "baseDelay": "35ms",
  "log_destination": "market",
  "timestamp": "2025-05-27T23:36:47.092Z"
}
[2025-05-27T23:38:07.732Z] FRONTEND:AUTH - DEBUG: Auth Flow - HeaderConnect Render
  Details: {
  "timestamp": "2025-05-27T23:38:07.732Z",
  "is_connected": false,
  "is_authenticated": false,
  "is_authenticating": false
}
[2025-05-27T23:38:07.733Z] FRONTEND:AUTH - DEBUG: Auth Flow - HeaderConnect Render
  Details: {
  "timestamp": "2025-05-27T23:38:07.733Z",
  "is_connected": false,
  "is_authenticated": false,
  "is_authenticating": false
}
[2025-05-27T23:38:08.063Z] FRONTEND:AUTH - DEBUG: Auth Flow - HeaderConnect Render
  Details: {
  "timestamp": "2025-05-27T23:38:08.063Z",
  "is_connected": false,
  "is_authenticated": false,
  "is_authenticating": false
}
[2025-05-27T23:38:08.064Z] FRONTEND:AUTH - DEBUG: Auth Flow - HeaderConnect Render
  Details: {
  "timestamp": "2025-05-27T23:38:08.064Z",
  "is_connected": false,
  "is_authenticated": false,
  "is_authenticating": false
}
[2025-05-27T23:38:08.169Z] FRONTEND:AUTH - DEBUG: Auth Flow - HeaderConnect Render
  Details: {
  "timestamp": "2025-05-27T23:38:08.169Z",
  "is_connected": false,
  "is_authenticated": false,
  "is_authenticating": false
}
[2025-05-27T23:38:07.608Z] FRONTEND:AUTH - DEBUG: Auth Flow - Initial Auth State Check
  Details: {
  "timestamp": "2025-05-27T23:38:07.608Z",
  "has_token": false,
  "has_user": false
}
[2025-05-27T23:38:08.170Z] FRONTEND:AUTH - DEBUG: Auth Flow - HeaderConnect Render
  Details: {
  "timestamp": "2025-05-27T23:38:08.170Z",
  "is_connected": false,
  "is_authenticated": false,
  "is_authenticating": false
}
[2025-05-27T23:38:08.252Z] FRONTEND:AUTH - DEBUG: Auth Flow - HeaderConnect Render
  Details: {
  "timestamp": "2025-05-27T23:38:08.252Z",
  "is_connected": false,
  "is_authenticated": false,
  "is_authenticating": false
}
[2025-05-27T23:38:08.253Z] FRONTEND:AUTH - DEBUG: Auth Flow - HeaderConnect Render
  Details: {
  "timestamp": "2025-05-27T23:38:08.253Z",
  "is_connected": false,
  "is_authenticated": false,
  "is_authenticating": false
}
[2025-05-27T23:38:08.854Z] FRONTEND:AUTH - DEBUG: Auth Flow - HeaderConnect Render
  Details: {
  "timestamp": "2025-05-27T23:38:08.854Z",
  "is_connected": false,
  "is_authenticated": false,
  "is_authenticating": false
}
[2025-05-27T23:38:08.931Z] FRONTEND:AUTH - DEBUG: Auth Flow - HeaderConnect Render
  Details: {
  "timestamp": "2025-05-27T23:38:08.931Z",
  "is_connected": false,
  "is_authenticated": false,
  "is_authenticating": false
}
[2025-05-27T23:38:08.855Z] FRONTEND:AUTH - DEBUG: Auth Flow - HeaderConnect Render
  Details: {
  "timestamp": "2025-05-27T23:38:08.855Z",
  "is_connected": false,
  "is_authenticated": false,
  "is_authenticating": false
}
[2025-05-27T23:38:08.932Z] FRONTEND:AUTH - DEBUG: Auth Flow - HeaderConnect Render
  Details: {
  "timestamp": "2025-05-27T23:38:08.932Z",
  "is_connected": false,
  "is_authenticated": false,
  "is_authenticating": false
}
[2025-05-27T23:38:09.019Z] FRONTEND:AUTH - DEBUG: Auth Flow - Auth state updated
  Details: {
  "timestamp": "2025-05-27T23:38:09.019Z",
  "is_connected": false,
  "is_authenticated": false,
  "is_authenticating": false,
  "initial_check_done": false,
  "needs_reauthentication": false,
  "last_authenticated_address": null
}
[2025-05-27T23:38:09.020Z] FRONTEND:CS2 - INFO: Market navbar mounted with 16 Steam categories
  Details: {
  "categoriesCount": 16,
  "currentCategory": "none",
  "categories": [
    "Rifles",
    "Pistols",
    "SMGs",
    "Shotguns",
    "Sniper Rifles",
    "Machine Guns",
    "Knives",
    "Gloves",
    "Stickers",
    "Agents",
    "Patches",
    "Music Kits",
    "Cases",
    "Keys",
    "Tools",
    "Graffiti"
  ],
  "log_destination": "market",
  "timestamp": "2025-05-27T23:38:09.020Z"
}
[2025-05-27T23:38:09.113Z] FRONTEND:AUTH - DEBUG: Auth Flow - Auth state updated
  Details: {
  "timestamp": "2025-05-27T23:38:09.113Z",
  "is_connected": false,
  "is_authenticated": false,
  "is_authenticating": false,
  "initial_check_done": false,
  "needs_reauthentication": false,
  "last_authenticated_address": null
}
[2025-05-27T23:38:09.211Z] FRONTEND:AUTH - DEBUG: Auth Flow - HeaderConnect Render
  Details: {
  "timestamp": "2025-05-27T23:38:09.211Z",
  "is_connected": false,
  "is_authenticated": false,
  "is_authenticating": false
}
[2025-05-27T23:38:09.211Z] FRONTEND:AUTH - DEBUG: Auth Flow - HeaderConnect Render
  Details: {
  "timestamp": "2025-05-27T23:38:09.211Z",
  "is_connected": false,
  "is_authenticated": false,
  "is_authenticating": false
}
[2025-05-27T23:38:09.265Z] FRONTEND:AUTH - DEBUG: Auth Flow - Auth state updated
  Details: {
  "timestamp": "2025-05-27T23:38:09.265Z",
  "is_connected": false,
  "is_authenticated": false,
  "is_authenticating": false,
  "initial_check_done": false,
  "needs_reauthentication": false,
  "last_authenticated_address": null
}
[2025-05-27T23:38:09.266Z] FRONTEND:CS2 - INFO: Market navbar mounted with 16 Steam categories
  Details: {
  "categoriesCount": 16,
  "currentCategory": "none",
  "categories": [
    "Rifles",
    "Pistols",
    "SMGs",
    "Shotguns",
    "Sniper Rifles",
    "Machine Guns",
    "Knives",
    "Gloves",
    "Stickers",
    "Agents",
    "Patches",
    "Music Kits",
    "Cases",
    "Keys",
    "Tools",
    "Graffiti"
  ],
  "log_destination": "market",
  "timestamp": "2025-05-27T23:38:09.266Z"
}
[2025-05-27T23:38:09.268Z] FRONTEND:AUTH - DEBUG: Auth Flow - Auth state updated
  Details: {
  "timestamp": "2025-05-27T23:38:09.268Z",
  "is_connected": false,
  "is_authenticated": false,
  "is_authenticating": false,
  "initial_check_done": false,
  "needs_reauthentication": false,
  "last_authenticated_address": null
}
[2025-05-27T23:38:10.995Z] FRONTEND:CS2 - DEBUG: MarketPageView unmounted
  Details: {
  "page": 1,
  "log_destination": "market",
  "timestamp": "2025-05-27T23:38:10.995Z"
}
[2025-05-27T23:38:10.994Z] FRONTEND:CS2 - INFO: MarketPageView mounted with 20 products and enhanced animations
  Details: {
  "page": 1,
  "pageSize": 20,
  "totalProducts": 20,
  "productIds": [
    "6fee917f",
    "6fee917f",
    "6fee917f",
    "6fee917f",
    "6fee917f",
    "6fee917f",
    "6fee917f",
    "6fee917f",
    "45dd43ba",
    "6eedda04",
    "fbe7d78d",
    "fbe7d78d",
    "fbe7d78d",
    "fbe7d78d",
    "fbe7d78d",
    "9924a945",
    "441c8935",
    "47510819",
    "0b6f114f",
    "7ac4709f"
  ],
  "transitionType": "initial-mount",
  "animationsEnabled": true,
  "log_destination": "market",
  "timestamp": "2025-05-27T23:38:10.994Z"
}
[2025-05-27T23:38:10.996Z] FRONTEND:CS2 - INFO: Rendering 20 products with enhanced staggered animation
  Details: {
  "productCount": 20,
  "productIds": [
    "6fee917f",
    "6fee917f",
    "6fee917f",
    "6fee917f",
    "6fee917f",
    "6fee917f",
    "6fee917f",
    "6fee917f",
    "45dd43ba",
    "6eedda04",
    "fbe7d78d",
    "fbe7d78d",
    "fbe7d78d",
    "fbe7d78d",
    "fbe7d78d",
    "9924a945",
    "441c8935",
    "47510819",
    "0b6f114f",
    "7ac4709f"
  ],
  "animationEnabled": true,
  "staggerType": "wave",
  "baseDelay": "35ms",
  "log_destination": "market",
  "timestamp": "2025-05-27T23:38:10.996Z"
}
[2025-05-27T23:38:10.993Z] FRONTEND:CS2 - INFO: Rendering 20 products with enhanced staggered animation
  Details: {
  "productCount": 20,
  "productIds": [
    "6fee917f",
    "6fee917f",
    "6fee917f",
    "6fee917f",
    "6fee917f",
    "6fee917f",
    "6fee917f",
    "6fee917f",
    "45dd43ba",
    "6eedda04",
    "fbe7d78d",
    "fbe7d78d",
    "fbe7d78d",
    "fbe7d78d",
    "fbe7d78d",
    "9924a945",
    "441c8935",
    "47510819",
    "0b6f114f",
    "7ac4709f"
  ],
  "animationEnabled": true,
  "staggerType": "wave",
  "baseDelay": "35ms",
  "log_destination": "market",
  "timestamp": "2025-05-27T23:38:10.993Z"
}
[2025-05-27T23:47:31.098Z] FRONTEND:AUTH - DEBUG: Auth Flow - HeaderConnect Render
  Details: {
  "timestamp": "2025-05-27T23:47:31.098Z",
  "is_connected": false,
  "is_authenticated": false,
  "is_authenticating": false
}
[2025-05-27T23:47:31.098Z] FRONTEND:AUTH - DEBUG: Auth Flow - HeaderConnect Render
  Details: {
  "timestamp": "2025-05-27T23:47:31.098Z",
  "is_connected": false,
  "is_authenticated": false,
  "is_authenticating": false
}
[2025-05-27T23:47:31.299Z] FRONTEND:AUTH - DEBUG: Auth Flow - HeaderConnect Render
  Details: {
  "timestamp": "2025-05-27T23:47:31.299Z",
  "is_connected": false,
  "is_authenticated": false,
  "is_authenticating": false
}
[2025-05-27T23:47:31.300Z] FRONTEND:AUTH - DEBUG: Auth Flow - HeaderConnect Render
  Details: {
  "timestamp": "2025-05-27T23:47:31.300Z",
  "is_connected": false,
  "is_authenticated": false,
  "is_authenticating": false
}
[2025-05-27T23:47:31.034Z] FRONTEND:AUTH - DEBUG: Auth Flow - Initial Auth State Check
  Details: {
  "timestamp": "2025-05-27T23:47:31.034Z",
  "has_token": false,
  "has_user": false
}
[2025-05-27T23:47:31.373Z] FRONTEND:AUTH - DEBUG: Auth Flow - HeaderConnect Render
  Details: {
  "timestamp": "2025-05-27T23:47:31.373Z",
  "is_connected": false,
  "is_authenticated": false,
  "is_authenticating": false
}
[2025-05-27T23:47:31.374Z] FRONTEND:AUTH - DEBUG: Auth Flow - HeaderConnect Render
  Details: {
  "timestamp": "2025-05-27T23:47:31.374Z",
  "is_connected": false,
  "is_authenticated": false,
  "is_authenticating": false
}
[2025-05-27T23:47:31.456Z] FRONTEND:AUTH - DEBUG: Auth Flow - HeaderConnect Render
  Details: {
  "timestamp": "2025-05-27T23:47:31.456Z",
  "is_connected": false,
  "is_authenticated": false,
  "is_authenticating": false
}
[2025-05-27T23:47:31.457Z] FRONTEND:AUTH - DEBUG: Auth Flow - HeaderConnect Render
  Details: {
  "timestamp": "2025-05-27T23:47:31.457Z",
  "is_connected": false,
  "is_authenticated": false,
  "is_authenticating": false
}
[2025-05-27T23:47:33.992Z] FRONTEND:AUTH - DEBUG: Auth Flow - HeaderConnect Render
  Details: {
  "timestamp": "2025-05-27T23:47:33.992Z",
  "is_connected": false,
  "is_authenticated": false,
  "is_authenticating": false
}
[2025-05-27T23:47:33.992Z] FRONTEND:AUTH - DEBUG: Auth Flow - HeaderConnect Render
  Details: {
  "timestamp": "2025-05-27T23:47:33.992Z",
  "is_connected": false,
  "is_authenticated": false,
  "is_authenticating": false
}
[2025-05-27T23:47:34.029Z] FRONTEND:AUTH - DEBUG: Auth Flow - Auth state updated
  Details: {
  "timestamp": "2025-05-27T23:47:34.029Z",
  "is_connected": false,
  "is_authenticated": false,
  "is_authenticating": false,
  "initial_check_done": false,
  "needs_reauthentication": false,
  "last_authenticated_address": null
}
[2025-05-27T23:47:34.029Z] FRONTEND:CS2 - INFO: Market navbar mounted with 16 Steam categories
  Details: {
  "categoriesCount": 16,
  "currentCategory": "none",
  "categories": [
    "Rifles",
    "Pistols",
    "SMGs",
    "Shotguns",
    "Sniper Rifles",
    "Machine Guns",
    "Knives",
    "Gloves",
    "Stickers",
    "Agents",
    "Patches",
    "Music Kits",
    "Cases",
    "Keys",
    "Tools",
    "Graffiti"
  ],
  "log_destination": "market",
  "timestamp": "2025-05-27T23:47:34.029Z"
}
[2025-05-27T23:47:34.037Z] FRONTEND:AUTH - DEBUG: Auth Flow - Auth state updated
  Details: {
  "timestamp": "2025-05-27T23:47:34.037Z",
  "is_connected": false,
  "is_authenticated": false,
  "is_authenticating": false,
  "initial_check_done": false,
  "needs_reauthentication": false,
  "last_authenticated_address": null
}
[2025-05-27T23:47:34.113Z] FRONTEND:AUTH - DEBUG: Auth Flow - HeaderConnect Render
  Details: {
  "timestamp": "2025-05-27T23:47:34.113Z",
  "is_connected": false,
  "is_authenticated": false,
  "is_authenticating": false
}
[2025-05-27T23:47:34.114Z] FRONTEND:AUTH - DEBUG: Auth Flow - HeaderConnect Render
  Details: {
  "timestamp": "2025-05-27T23:47:34.114Z",
  "is_connected": false,
  "is_authenticated": false,
  "is_authenticating": false
}
[2025-05-27T23:47:34.148Z] FRONTEND:AUTH - DEBUG: Auth Flow - Auth state updated
  Details: {
  "timestamp": "2025-05-27T23:47:34.148Z",
  "is_connected": false,
  "is_authenticated": false,
  "is_authenticating": false,
  "initial_check_done": false,
  "needs_reauthentication": false,
  "last_authenticated_address": null
}
[2025-05-27T23:47:34.148Z] FRONTEND:CS2 - INFO: Market navbar mounted with 16 Steam categories
  Details: {
  "categoriesCount": 16,
  "currentCategory": "none",
  "categories": [
    "Rifles",
    "Pistols",
    "SMGs",
    "Shotguns",
    "Sniper Rifles",
    "Machine Guns",
    "Knives",
    "Gloves",
    "Stickers",
    "Agents",
    "Patches",
    "Music Kits",
    "Cases",
    "Keys",
    "Tools",
    "Graffiti"
  ],
  "log_destination": "market",
  "timestamp": "2025-05-27T23:47:34.148Z"
}
[2025-05-27T23:47:34.150Z] FRONTEND:AUTH - DEBUG: Auth Flow - Auth state updated
  Details: {
  "timestamp": "2025-05-27T23:47:34.150Z",
  "is_connected": false,
  "is_authenticated": false,
  "is_authenticating": false,
  "initial_check_done": false,
  "needs_reauthentication": false,
  "last_authenticated_address": null
}
[2025-05-27T23:47:34.614Z] FRONTEND:CS2 - INFO: MarketPageView mounted with 20 products and enhanced animations
  Details: {
  "page": 1,
  "pageSize": 20,
  "totalProducts": 20,
  "productIds": [
    "6fee917f",
    "6fee917f",
    "6fee917f",
    "6fee917f",
    "6fee917f",
    "6fee917f",
    "6fee917f",
    "6fee917f",
    "45dd43ba",
    "6eedda04",
    "fbe7d78d",
    "fbe7d78d",
    "fbe7d78d",
    "fbe7d78d",
    "fbe7d78d",
    "9924a945",
    "441c8935",
    "47510819",
    "0b6f114f",
    "7ac4709f"
  ],
  "transitionType": "initial-mount",
  "animationsEnabled": true,
  "log_destination": "market",
  "timestamp": "2025-05-27T23:47:34.614Z"
}
[2025-05-27T23:47:34.614Z] FRONTEND:CS2 - DEBUG: MarketPageView unmounted
  Details: {
  "page": 1,
  "log_destination": "market",
  "timestamp": "2025-05-27T23:47:34.614Z"
}
[2025-05-27T23:47:34.615Z] FRONTEND:CS2 - INFO: Rendering 20 products with enhanced staggered animation
  Details: {
  "productCount": 20,
  "productIds": [
    "6fee917f",
    "6fee917f",
    "6fee917f",
    "6fee917f",
    "6fee917f",
    "6fee917f",
    "6fee917f",
    "6fee917f",
    "45dd43ba",
    "6eedda04",
    "fbe7d78d",
    "fbe7d78d",
    "fbe7d78d",
    "fbe7d78d",
    "fbe7d78d",
    "9924a945",
    "441c8935",
    "47510819",
    "0b6f114f",
    "7ac4709f"
  ],
  "animationEnabled": true,
  "staggerType": "wave",
  "baseDelay": "35ms",
  "log_destination": "market",
  "timestamp": "2025-05-27T23:47:34.615Z"
}
[2025-05-27T23:47:34.613Z] FRONTEND:CS2 - INFO: Rendering 20 products with enhanced staggered animation
  Details: {
  "productCount": 20,
  "productIds": [
    "6fee917f",
    "6fee917f",
    "6fee917f",
    "6fee917f",
    "6fee917f",
    "6fee917f",
    "6fee917f",
    "6fee917f",
    "45dd43ba",
    "6eedda04",
    "fbe7d78d",
    "fbe7d78d",
    "fbe7d78d",
    "fbe7d78d",
    "fbe7d78d",
    "9924a945",
    "441c8935",
    "47510819",
    "0b6f114f",
    "7ac4709f"
  ],
  "animationEnabled": true,
  "staggerType": "wave",
  "baseDelay": "35ms",
  "log_destination": "market",
  "timestamp": "2025-05-27T23:47:34.613Z"
}
