[2025-03-11 19:07:28,023] INFO - Table 'users' verified
[2025-03-11 19:07:28,048] INFO - Table 'sessions' verified
[2025-03-11 19:07:28,079] INFO - Table 'migration_versions' verified
[2025-03-11 19:07:28,103] INFO - Table 'orders' verified
[2025-03-11 19:07:28,127] WARNING - Table 'order_items' does not exist
[2025-03-11 19:07:28,127] INFO - Database verification complete
[2025-03-11 19:07:28,705] INFO - Database initialization complete
[2025-03-11 22:43:00,064] INFO - Table 'users' verified
[2025-03-11 22:43:00,091] INFO - Table 'sessions' verified
[2025-03-11 22:43:00,112] INFO - Table 'migration_versions' verified
[2025-03-11 22:43:00,149] INFO - Table 'orders' verified
[2025-03-11 22:43:00,177] WARNING - Table 'order_items' does not exist
[2025-03-11 22:43:00,178] INFO - Database verification complete
[2025-03-11 22:43:00,800] INFO - Database initialization complete
[2025-03-11 23:56:52,045] INFO - Table 'users' verified
[2025-03-11 23:56:52,076] INFO - Table 'sessions' verified
[2025-03-11 23:56:52,104] INFO - Table 'migration_versions' verified
[2025-03-11 23:56:52,129] INFO - Table 'orders' verified
[2025-03-11 23:56:52,158] WARNING - Table 'order_items' does not exist
[2025-03-11 23:56:52,158] INFO - Database verification complete
[2025-03-11 23:56:52,731] INFO - Database initialization complete
[2025-03-12 00:28:28,948] INFO - Table 'users' verified
[2025-03-12 00:28:28,972] INFO - Table 'sessions' verified
[2025-03-12 00:28:28,996] INFO - Table 'migration_versions' verified
[2025-03-12 00:28:29,021] INFO - Table 'orders' verified
[2025-03-12 00:28:29,045] WARNING - Table 'order_items' does not exist
[2025-03-12 00:28:29,045] INFO - Database verification complete
[2025-03-12 00:28:29,656] INFO - Database initialization complete
[2025-03-12 00:50:01,528] INFO - Table 'users' verified
[2025-03-12 00:50:01,556] INFO - Table 'sessions' verified
[2025-03-12 00:50:01,584] INFO - Table 'migration_versions' verified
[2025-03-12 00:50:01,610] INFO - Table 'orders' verified
[2025-03-12 00:50:01,637] WARNING - Table 'order_items' does not exist
[2025-03-12 00:50:01,638] INFO - Database verification complete
[2025-03-12 00:50:02,236] INFO - Database initialization complete
[2025-03-12 01:14:49,855] ERROR - Database verification error: Database connection pool not available
[2025-03-12 01:14:49,855] ERROR - Database initialization failed: Database connection pool not available
[2025-03-12 01:15:02,845] ERROR - Database verification error: Database connection pool not available
[2025-03-12 01:15:02,846] ERROR - Database initialization failed: Database connection pool not available
[2025-03-12 01:15:31,979] ERROR - Database verification error: Database connection pool not available
[2025-03-12 01:15:31,979] ERROR - Database initialization failed: Database connection pool not available
[2025-03-12 01:17:22,967] INFO - Table 'users' verified
[2025-03-12 01:17:22,998] INFO - Table 'sessions' verified
[2025-03-12 01:17:23,013] INFO - Table 'migration_versions' verified
[2025-03-12 01:17:23,046] INFO - Table 'orders' verified
[2025-03-12 01:17:23,078] WARNING - Table 'order_items' does not exist
[2025-03-12 01:17:23,079] INFO - Database verification complete
[2025-03-12 01:17:24,095] INFO - Database initialization complete
[2025-03-12 01:34:24,996] INFO - Table 'users' verified
[2025-03-12 01:34:25,035] INFO - Table 'sessions' verified
[2025-03-12 01:34:25,046] INFO - Table 'migration_versions' verified
[2025-03-12 01:34:25,084] INFO - Table 'orders' verified
[2025-03-12 01:34:25,104] WARNING - Table 'order_items' does not exist
[2025-03-12 01:34:25,104] INFO - Database verification complete
[2025-03-12 01:34:25,715] INFO - Database initialization complete
[2025-03-12 01:44:24,970] INFO - Table 'users' verified
[2025-03-12 01:44:24,994] INFO - Table 'sessions' verified
[2025-03-12 01:44:25,025] INFO - Table 'migration_versions' verified
[2025-03-12 01:44:25,056] INFO - Table 'orders' verified
[2025-03-12 01:44:25,076] WARNING - Table 'order_items' does not exist
[2025-03-12 01:44:25,085] INFO - Database verification complete
[2025-03-12 01:44:25,687] INFO - Database initialization complete
[2025-03-12 01:44:56,338] INFO - Table 'users' verified
[2025-03-12 01:44:56,362] INFO - Table 'sessions' verified
[2025-03-12 01:44:56,384] INFO - Table 'migration_versions' verified
[2025-03-12 01:44:56,417] INFO - Table 'orders' verified
[2025-03-12 01:44:56,443] WARNING - Table 'order_items' does not exist
[2025-03-12 01:44:56,444] INFO - Database verification complete
[2025-03-12 01:44:57,034] INFO - Database initialization complete
[2025-03-12 01:44:59,851] INFO - Table 'users' verified
[2025-03-12 01:44:59,886] INFO - Table 'sessions' verified
[2025-03-12 01:44:59,915] INFO - Table 'migration_versions' verified
[2025-03-12 01:44:59,935] INFO - Table 'orders' verified
[2025-03-12 01:44:59,979] WARNING - Table 'order_items' does not exist
[2025-03-12 01:44:59,980] INFO - Database verification complete
[2025-03-12 01:45:00,614] INFO - Database initialization complete
[2025-03-12 02:12:05,768] INFO - Table 'users' verified
[2025-03-12 02:12:05,783] INFO - Table 'sessions' verified
[2025-03-12 02:12:05,809] INFO - Table 'migration_versions' verified
[2025-03-12 02:12:05,842] INFO - Table 'orders' verified
[2025-03-12 02:12:05,880] WARNING - Table 'order_items' does not exist
[2025-03-12 02:12:05,880] INFO - Database verification complete
[2025-03-12 02:12:06,525] INFO - Database initialization complete
[2025-03-12 02:12:13,915] INFO - Table 'users' verified
[2025-03-12 02:12:13,942] INFO - Table 'sessions' verified
[2025-03-12 02:12:13,968] INFO - Table 'migration_versions' verified
[2025-03-12 02:12:13,994] INFO - Table 'orders' verified
[2025-03-12 02:12:14,018] WARNING - Table 'order_items' does not exist
[2025-03-12 02:12:14,018] INFO - Database verification complete
[2025-03-12 02:12:14,607] INFO - Database initialization complete
[2025-03-12 02:38:16,327] INFO - Table 'users' verified
[2025-03-12 02:38:16,353] INFO - Table 'sessions' verified
[2025-03-12 02:38:16,384] INFO - Table 'migration_versions' verified
[2025-03-12 02:38:16,402] INFO - Table 'orders' verified
[2025-03-12 02:38:16,427] WARNING - Table 'order_items' does not exist
[2025-03-12 02:38:16,427] INFO - Database verification complete
[2025-03-12 02:38:17,024] INFO - Database initialization complete
[2025-03-12 02:51:37,216] INFO - Table 'users' verified
[2025-03-12 02:51:37,233] INFO - Table 'sessions' verified
[2025-03-12 02:51:37,267] INFO - Table 'migration_versions' verified
[2025-03-12 02:51:37,294] INFO - Table 'orders' verified
[2025-03-12 02:51:37,319] WARNING - Table 'order_items' does not exist
[2025-03-12 02:51:37,319] INFO - Database verification complete
[2025-03-12 02:51:37,950] INFO - Database initialization complete
[2025-03-12 11:57:12,980] INFO - Table 'users' verified
[2025-03-12 11:57:12,995] INFO - Table 'sessions' verified
[2025-03-12 11:57:13,055] INFO - Table 'migration_versions' verified
[2025-03-12 11:57:13,081] INFO - Table 'orders' verified
[2025-03-12 11:57:13,112] WARNING - Table 'order_items' does not exist
[2025-03-12 11:57:13,113] INFO - Database verification complete
[2025-03-12 11:57:13,797] INFO - Database initialization complete
[2025-03-12 15:37:03,422] INFO - Table 'users' verified
[2025-03-12 15:37:03,452] INFO - Table 'sessions' verified
[2025-03-12 15:37:03,469] INFO - Table 'migration_versions' verified
[2025-03-12 15:37:03,501] INFO - Table 'orders' verified
[2025-03-12 15:37:03,549] WARNING - Table 'order_items' does not exist
[2025-03-12 15:37:03,549] INFO - Database verification complete
[2025-03-12 15:37:04,718] INFO - Database initialization complete
[2025-03-14 10:20:15,831] INFO - Table 'users' verified
[2025-03-14 10:20:15,856] INFO - Table 'sessions' verified
[2025-03-14 10:20:15,882] INFO - Table 'migration_versions' verified
[2025-03-14 10:20:15,909] INFO - Table 'orders' verified
[2025-03-14 10:20:15,932] WARNING - Table 'order_items' does not exist
[2025-03-14 10:20:15,933] INFO - Database verification complete
[2025-03-14 10:20:16,566] INFO - Database initialization complete
[2025-03-14 11:32:30,928] INFO - Table 'users' verified
[2025-03-14 11:32:30,958] INFO - Table 'sessions' verified
[2025-03-14 11:32:30,981] INFO - Table 'migration_versions' verified
[2025-03-14 11:32:31,012] INFO - Table 'orders' verified
[2025-03-14 11:32:31,039] WARNING - Table 'order_items' does not exist
[2025-03-14 11:32:31,040] INFO - Database verification complete
[2025-03-14 11:32:31,668] INFO - Database initialization complete
[2025-03-14 11:43:43,799] INFO - Table 'users' verified
[2025-03-14 11:43:43,831] INFO - Table 'sessions' verified
[2025-03-14 11:43:43,860] INFO - Table 'migration_versions' verified
[2025-03-14 11:43:43,880] INFO - Table 'orders' verified
[2025-03-14 11:43:43,915] WARNING - Table 'order_items' does not exist
[2025-03-14 11:43:43,916] INFO - Database verification complete
[2025-03-14 11:43:44,630] INFO - Database initialization complete
[2025-03-14 13:14:31,459] INFO - Table 'users' verified
[2025-03-14 13:14:31,482] INFO - Table 'sessions' verified
[2025-03-14 13:14:31,515] INFO - Table 'migration_versions' verified
[2025-03-14 13:14:31,544] INFO - Table 'orders' verified
[2025-03-14 13:14:31,574] WARNING - Table 'order_items' does not exist
[2025-03-14 13:14:31,575] INFO - Database verification complete
[2025-03-14 13:14:32,208] INFO - Database initialization complete
[2025-03-14 15:27:19,610] INFO - Table 'users' verified
[2025-03-14 15:27:19,635] INFO - Table 'sessions' verified
[2025-03-14 15:27:19,663] INFO - Table 'migration_versions' verified
[2025-03-14 15:27:19,695] INFO - Table 'orders' verified
[2025-03-14 15:27:19,723] WARNING - Table 'order_items' does not exist
[2025-03-14 15:27:19,723] INFO - Database verification complete
[2025-03-14 15:27:20,318] INFO - Database initialization complete
[2025-03-14 22:53:37,275] INFO - Table 'users' verified
[2025-03-14 22:53:37,295] INFO - Table 'sessions' verified
[2025-03-14 22:53:37,324] INFO - Table 'migration_versions' verified
[2025-03-14 22:53:37,352] INFO - Table 'orders' verified
[2025-03-14 22:53:37,376] WARNING - Table 'order_items' does not exist
[2025-03-14 22:53:37,376] INFO - Database verification complete
[2025-03-14 22:53:38,027] INFO - Database initialization complete
[2025-03-15 15:43:59,846] INFO - Table 'users' verified
[2025-03-15 15:43:59,882] INFO - Table 'sessions' verified
[2025-03-15 15:43:59,916] INFO - Table 'migration_versions' verified
[2025-03-15 15:43:59,946] INFO - Table 'orders' verified
[2025-03-15 15:43:59,974] WARNING - Table 'order_items' does not exist
[2025-03-15 15:43:59,975] INFO - Database verification complete
[2025-03-15 15:44:00,595] INFO - Database initialization complete
[2025-03-15 20:29:04,516] INFO - Table 'users' verified
[2025-03-15 20:29:04,532] INFO - Table 'sessions' verified
[2025-03-15 20:29:04,564] INFO - Table 'migration_versions' verified
[2025-03-15 20:29:04,596] INFO - Table 'orders' verified
[2025-03-15 20:29:04,623] WARNING - Table 'order_items' does not exist
[2025-03-15 20:29:04,623] INFO - Database verification complete
[2025-03-15 20:29:05,217] INFO - Database initialization complete
[2025-03-15 22:09:59,470] INFO - Table 'users' verified
[2025-03-15 22:09:59,510] INFO - Table 'sessions' verified
[2025-03-15 22:09:59,535] INFO - Table 'migration_versions' verified
[2025-03-15 22:09:59,552] INFO - Table 'orders' verified
[2025-03-15 22:09:59,584] WARNING - Table 'order_items' does not exist
[2025-03-15 22:09:59,584] INFO - Database verification complete
[2025-03-15 22:10:00,181] INFO - Database initialization complete
[2025-03-16 11:53:40,444] INFO - Table 'users' verified
[2025-03-16 11:53:40,478] INFO - Table 'sessions' verified
[2025-03-16 11:53:40,510] INFO - Table 'migration_versions' verified
[2025-03-16 11:53:40,541] INFO - Table 'orders' verified
[2025-03-16 11:53:40,563] WARNING - Table 'order_items' does not exist
[2025-03-16 11:53:40,563] INFO - Database verification complete
[2025-03-16 11:53:41,288] INFO - Database initialization complete
[2025-03-16 14:48:07,058] INFO - Table 'users' verified
[2025-03-16 14:48:07,159] INFO - Table 'sessions' verified
[2025-03-16 14:48:07,262] INFO - Table 'migration_versions' verified
[2025-03-16 14:48:07,364] INFO - Table 'orders' verified
[2025-03-16 14:48:07,466] WARNING - Table 'order_items' does not exist
[2025-03-16 14:48:07,466] INFO - Database verification complete
[2025-03-16 14:48:09,310] INFO - Database initialization complete
[2025-03-16 17:54:36,357] INFO - Table 'users' verified
[2025-03-16 17:54:36,458] INFO - Table 'sessions' verified
[2025-03-16 17:54:36,482] INFO - Table 'migration_versions' verified
[2025-03-16 17:54:36,560] INFO - Table 'orders' verified
[2025-03-16 17:54:36,663] WARNING - Table 'order_items' does not exist
[2025-03-16 17:54:36,663] INFO - Database verification complete
[2025-03-16 17:54:38,610] INFO - Database initialization complete
[2025-03-16 18:11:38,424] INFO - Table 'users' verified
[2025-03-16 18:11:38,527] INFO - Table 'sessions' verified
[2025-03-16 18:11:38,551] INFO - Table 'migration_versions' verified
[2025-03-16 18:11:38,626] INFO - Table 'orders' verified
[2025-03-16 18:11:38,651] WARNING - Table 'order_items' does not exist
[2025-03-16 18:11:38,651] INFO - Database verification complete
[2025-03-16 18:11:40,264] INFO - Database initialization complete
[2025-03-16 19:11:35,276] INFO - Table 'users' verified
[2025-03-16 19:11:35,365] INFO - Table 'sessions' verified
[2025-03-16 19:11:35,474] INFO - Table 'migration_versions' verified
[2025-03-16 19:11:35,500] INFO - Table 'orders' verified
[2025-03-16 19:11:35,577] WARNING - Table 'order_items' does not exist
[2025-03-16 19:11:35,578] INFO - Database verification complete
[2025-03-16 19:11:37,218] INFO - Database initialization complete
[2025-03-17 00:03:17,678] INFO - Table 'users' verified
[2025-03-17 00:03:17,705] INFO - Table 'sessions' verified
[2025-03-17 00:03:17,734] INFO - Table 'migration_versions' verified
[2025-03-17 00:03:17,765] INFO - Table 'orders' verified
[2025-03-17 00:03:17,798] WARNING - Table 'order_items' does not exist
[2025-03-17 00:03:17,798] INFO - Database verification complete
[2025-03-17 00:03:18,432] INFO - Database initialization complete
[2025-03-18 17:44:05,345] INFO - Table 'users' verified
[2025-03-18 17:44:05,367] INFO - Table 'sessions' verified
[2025-03-18 17:44:05,389] INFO - Table 'migration_versions' verified
[2025-03-18 17:44:05,412] INFO - Table 'orders' verified
[2025-03-18 17:44:05,436] WARNING - Table 'order_items' does not exist
[2025-03-18 17:44:05,436] INFO - Database verification complete
[2025-03-18 17:44:06,045] INFO - Database initialization complete
[2025-03-18 18:17:34,682] INFO - Table 'users' verified
[2025-03-18 18:17:34,795] INFO - Table 'sessions' verified
[2025-03-18 18:17:34,828] INFO - Table 'migration_versions' verified
[2025-03-18 18:17:34,846] INFO - Table 'orders' verified
[2025-03-18 18:17:34,879] WARNING - Table 'order_items' does not exist
[2025-03-18 18:17:34,882] INFO - Database verification complete
[2025-03-18 18:17:35,428] INFO - Database initialization complete
[2025-03-18 19:30:03,270] INFO - Table 'users' verified
[2025-03-18 19:30:03,296] INFO - Table 'sessions' verified
[2025-03-18 19:30:03,318] INFO - Table 'migration_versions' verified
[2025-03-18 19:30:03,339] INFO - Table 'orders' verified
[2025-03-18 19:30:03,361] WARNING - Table 'order_items' does not exist
[2025-03-18 19:30:03,361] INFO - Database verification complete
[2025-03-18 19:30:04,038] INFO - Database initialization complete
[2025-03-18 20:01:03,718] INFO - Table 'users' verified
[2025-03-18 20:01:03,743] INFO - Table 'sessions' verified
[2025-03-18 20:01:03,768] INFO - Table 'migration_versions' verified
[2025-03-18 20:01:03,793] INFO - Table 'orders' verified
[2025-03-18 20:01:03,818] WARNING - Table 'order_items' does not exist
[2025-03-18 20:01:03,818] INFO - Database verification complete
[2025-03-18 20:01:04,371] INFO - Database initialization complete
[2025-03-19 22:15:59,696] INFO - Table 'users' verified
[2025-03-19 22:15:59,722] INFO - Table 'sessions' verified
[2025-03-19 22:15:59,758] INFO - Table 'migration_versions' verified
[2025-03-19 22:15:59,794] INFO - Table 'orders' verified
[2025-03-19 22:15:59,824] WARNING - Table 'order_items' does not exist
[2025-03-19 22:15:59,824] INFO - Database verification complete
[2025-03-19 22:16:00,459] INFO - Database initialization complete
[2025-03-20 05:42:04,037] INFO - Table 'users' verified
[2025-03-20 05:42:04,059] INFO - Table 'sessions' verified
[2025-03-20 05:42:04,077] INFO - Table 'migration_versions' verified
[2025-03-20 05:42:04,106] INFO - Table 'orders' verified
[2025-03-20 05:42:04,127] WARNING - Table 'order_items' does not exist
[2025-03-20 05:42:04,127] INFO - Database verification complete
[2025-03-20 05:42:04,732] INFO - Database initialization complete
[2025-03-20 06:34:30,740] INFO - Table 'users' verified
[2025-03-20 06:34:30,768] INFO - Table 'sessions' verified
[2025-03-20 06:34:30,798] INFO - Table 'migration_versions' verified
[2025-03-20 06:34:30,826] INFO - Table 'orders' verified
[2025-03-20 06:34:30,853] WARNING - Table 'order_items' does not exist
[2025-03-20 06:34:30,854] INFO - Database verification complete
[2025-03-20 06:34:31,454] INFO - Database initialization complete
[2025-03-20 08:10:38,280] INFO - Table 'users' verified
[2025-03-20 08:10:38,312] INFO - Table 'sessions' verified
[2025-03-20 08:10:38,338] INFO - Table 'migration_versions' verified
[2025-03-20 08:10:38,364] INFO - Table 'orders' verified
[2025-03-20 08:10:38,390] WARNING - Table 'order_items' does not exist
[2025-03-20 08:10:38,391] INFO - Database verification complete
[2025-03-20 08:10:38,995] INFO - Database initialization complete
[2025-03-20 08:43:40,466] INFO - Table 'users' verified
[2025-03-20 08:43:40,496] INFO - Table 'sessions' verified
[2025-03-20 08:43:40,523] INFO - Table 'migration_versions' verified
[2025-03-20 08:43:40,550] INFO - Table 'orders' verified
[2025-03-20 08:43:40,578] WARNING - Table 'order_items' does not exist
[2025-03-20 08:43:40,578] INFO - Database verification complete
[2025-03-20 08:43:41,192] INFO - Database initialization complete
[2025-03-20 09:03:14,565] INFO - Table 'users' verified
[2025-03-20 09:03:14,589] INFO - Table 'sessions' verified
[2025-03-20 09:03:14,614] INFO - Table 'migration_versions' verified
[2025-03-20 09:03:14,642] INFO - Table 'orders' verified
[2025-03-20 09:03:14,669] WARNING - Table 'order_items' does not exist
[2025-03-20 09:03:14,670] INFO - Database verification complete
[2025-03-20 09:03:15,288] INFO - Database initialization complete
[2025-03-20 17:38:40,560] INFO - Table 'users' verified
[2025-03-20 17:38:40,576] INFO - Table 'sessions' verified
[2025-03-20 17:38:40,610] INFO - Table 'migration_versions' verified
[2025-03-20 17:38:40,626] INFO - Table 'orders' verified
[2025-03-20 17:38:40,659] WARNING - Table 'order_items' does not exist
[2025-03-20 17:38:40,659] INFO - Database verification complete
[2025-03-20 17:38:41,262] INFO - Database initialization complete
[2025-03-21 16:36:24,328] INFO - Table 'users' verified
[2025-03-21 16:36:24,355] INFO - Table 'sessions' verified
[2025-03-21 16:36:24,370] INFO - Table 'migration_versions' verified
[2025-03-21 16:36:24,406] INFO - Table 'orders' verified
[2025-03-21 16:36:24,437] WARNING - Table 'order_items' does not exist
[2025-03-21 16:36:24,437] INFO - Database verification complete
[2025-03-21 16:36:25,038] INFO - Database initialization complete
[2025-03-21 23:05:44,460] INFO - Table 'users' verified
[2025-03-21 23:05:44,565] INFO - Table 'sessions' verified
[2025-03-21 23:05:44,669] INFO - Table 'migration_versions' verified
[2025-03-21 23:05:44,775] INFO - Table 'orders' verified
[2025-03-21 23:05:44,877] WARNING - Table 'order_items' does not exist
[2025-03-21 23:05:44,877] INFO - Database verification complete
[2025-03-21 23:05:46,510] INFO - Database initialization complete
[2025-03-23 15:08:48,669] INFO - Table 'users' verified
[2025-03-23 15:08:48,695] INFO - Table 'sessions' verified
[2025-03-23 15:08:48,720] INFO - Table 'migration_versions' verified
[2025-03-23 15:08:48,743] INFO - Table 'orders' verified
[2025-03-23 15:08:48,771] WARNING - Table 'order_items' does not exist
[2025-03-23 15:08:48,771] INFO - Database verification complete
[2025-03-23 15:08:49,383] INFO - Database initialization complete
[2025-03-23 15:38:36,317] INFO - Table 'users' verified
[2025-03-23 15:38:36,348] INFO - Table 'sessions' verified
[2025-03-23 15:38:36,375] INFO - Table 'migration_versions' verified
[2025-03-23 15:38:36,409] INFO - Table 'orders' verified
[2025-03-23 15:38:36,434] WARNING - Table 'order_items' does not exist
[2025-03-23 15:38:36,434] INFO - Database verification complete
[2025-03-23 15:38:37,166] INFO - Database initialization complete
[2025-03-23 16:23:33,231] INFO - Table 'users' verified
[2025-03-23 16:23:33,256] INFO - Table 'sessions' verified
[2025-03-23 16:23:33,281] INFO - Table 'migration_versions' verified
[2025-03-23 16:23:33,307] INFO - Table 'orders' verified
[2025-03-23 16:23:33,333] WARNING - Table 'order_items' does not exist
[2025-03-23 16:23:33,335] INFO - Database verification complete
[2025-03-23 16:23:34,080] INFO - Database initialization complete
[2025-03-27 19:57:05,392] INFO - Table 'users' verified
[2025-03-27 19:57:05,425] INFO - Table 'sessions' verified
[2025-03-27 19:57:05,456] INFO - Table 'migration_versions' verified
[2025-03-27 19:57:05,488] INFO - Table 'orders' verified
[2025-03-27 19:57:05,517] WARNING - Table 'order_items' does not exist
[2025-03-27 19:57:05,517] INFO - Database verification complete
[2025-03-27 19:57:06,217] INFO - Database initialization complete
[2025-04-01 16:58:51,647] INFO - Table 'users' verified
[2025-04-01 16:58:51,679] INFO - Table 'sessions' verified
[2025-04-01 16:58:51,706] INFO - Table 'migration_versions' verified
[2025-04-01 16:58:51,735] INFO - Table 'orders' verified
[2025-04-01 16:58:51,761] WARNING - Table 'order_items' does not exist
[2025-04-01 16:58:51,762] INFO - Database verification complete
[2025-04-01 16:58:52,391] INFO - Database initialization complete
[2025-04-01 19:02:24,902] INFO - Table 'users' verified
[2025-04-01 19:02:24,926] INFO - Table 'sessions' verified
[2025-04-01 19:02:24,954] INFO - Table 'migration_versions' verified
[2025-04-01 19:02:24,980] INFO - Table 'orders' verified
[2025-04-01 19:02:25,009] WARNING - Table 'order_items' does not exist
[2025-04-01 19:02:25,010] INFO - Database verification complete
[2025-04-01 19:02:25,623] INFO - Database initialization complete
[2025-04-02 18:28:43,343] INFO - Table 'users' verified
[2025-04-02 18:28:43,371] INFO - Table 'sessions' verified
[2025-04-02 18:28:43,395] INFO - Table 'migration_versions' verified
[2025-04-02 18:28:43,475] INFO - Table 'orders' verified
[2025-04-02 18:28:43,504] WARNING - Table 'order_items' does not exist
[2025-04-02 18:28:43,504] INFO - Database verification complete
[2025-04-02 18:28:44,635] INFO - Database initialization complete
[2025-04-18 19:59:54,454] INFO - Table 'users' verified
[2025-04-18 19:59:54,480] INFO - Table 'sessions' verified
[2025-04-18 19:59:54,507] INFO - Table 'migration_versions' verified
[2025-04-18 19:59:54,530] INFO - Table 'orders' verified
[2025-04-18 19:59:54,557] WARNING - Table 'order_items' does not exist
[2025-04-18 19:59:54,557] INFO - Database verification complete
[2025-04-18 19:59:55,250] INFO - Database initialization complete
[2025-04-18 20:25:31,509] INFO - Table 'users' verified
[2025-04-18 20:25:31,537] INFO - Table 'sessions' verified
[2025-04-18 20:25:31,566] INFO - Table 'migration_versions' verified
[2025-04-18 20:25:31,595] INFO - Table 'orders' verified
[2025-04-18 20:25:31,623] WARNING - Table 'order_items' does not exist
[2025-04-18 20:25:31,623] INFO - Database verification complete
[2025-04-18 20:25:32,265] INFO - Database initialization complete
[2025-04-18 20:25:34,823] INFO - Table 'users' verified
[2025-04-18 20:25:34,851] INFO - Table 'sessions' verified
[2025-04-18 20:25:34,880] INFO - Table 'migration_versions' verified
[2025-04-18 20:25:34,906] INFO - Table 'orders' verified
[2025-04-18 20:25:34,932] WARNING - Table 'order_items' does not exist
[2025-04-18 20:25:34,932] INFO - Database verification complete
[2025-04-18 20:25:35,547] INFO - Database initialization complete
[2025-04-18 20:26:05,709] INFO - Table 'users' verified
[2025-04-18 20:26:05,737] INFO - Table 'sessions' verified
[2025-04-18 20:26:05,770] INFO - Table 'migration_versions' verified
[2025-04-18 20:26:05,804] INFO - Table 'orders' verified
[2025-04-18 20:26:05,830] WARNING - Table 'order_items' does not exist
[2025-04-18 20:26:05,831] INFO - Database verification complete
[2025-04-18 20:26:06,435] INFO - Database initialization complete
[2025-04-18 20:40:54,315] INFO - Table 'users' verified
[2025-04-18 20:40:54,349] INFO - Table 'sessions' verified
[2025-04-18 20:40:54,382] INFO - Table 'migration_versions' verified
[2025-04-18 20:40:54,410] INFO - Table 'orders' verified
[2025-04-18 20:40:54,442] WARNING - Table 'order_items' does not exist
[2025-04-18 20:40:54,442] INFO - Database verification complete
[2025-04-18 20:40:55,090] INFO - Database initialization complete
[2025-04-18 20:40:57,841] INFO - Table 'users' verified
[2025-04-18 20:40:57,874] INFO - Table 'sessions' verified
[2025-04-18 20:40:57,901] INFO - Table 'migration_versions' verified
[2025-04-18 20:40:57,928] INFO - Table 'orders' verified
[2025-04-18 20:40:57,955] WARNING - Table 'order_items' does not exist
[2025-04-18 20:40:57,956] INFO - Database verification complete
[2025-04-18 20:40:58,571] INFO - Database initialization complete
[2025-04-18 20:41:01,324] INFO - Table 'users' verified
[2025-04-18 20:41:01,357] INFO - Table 'sessions' verified
[2025-04-18 20:41:01,387] INFO - Table 'migration_versions' verified
[2025-04-18 20:41:01,417] INFO - Table 'orders' verified
[2025-04-18 20:41:01,447] WARNING - Table 'order_items' does not exist
[2025-04-18 20:41:01,447] INFO - Database verification complete
[2025-04-18 20:41:02,086] INFO - Database initialization complete
[2025-04-18 20:41:04,657] INFO - Table 'users' verified
[2025-04-18 20:41:04,693] INFO - Table 'sessions' verified
[2025-04-18 20:41:04,721] INFO - Table 'migration_versions' verified
[2025-04-18 20:41:04,747] INFO - Table 'orders' verified
[2025-04-18 20:41:04,773] WARNING - Table 'order_items' does not exist
[2025-04-18 20:41:04,774] INFO - Database verification complete
[2025-04-18 20:41:05,432] INFO - Database initialization complete
[2025-04-18 20:41:07,984] INFO - Table 'users' verified
[2025-04-18 20:41:08,023] INFO - Table 'sessions' verified
[2025-04-18 20:41:08,064] INFO - Table 'migration_versions' verified
[2025-04-18 20:41:08,089] INFO - Table 'orders' verified
[2025-04-18 20:41:08,116] WARNING - Table 'order_items' does not exist
[2025-04-18 20:41:08,116] INFO - Database verification complete
[2025-04-18 20:41:08,755] INFO - Database initialization complete
[2025-04-18 20:58:12,481] INFO - Table 'users' verified
[2025-04-18 20:58:12,505] INFO - Table 'sessions' verified
[2025-04-18 20:58:12,529] INFO - Table 'migration_versions' verified
[2025-04-18 20:58:12,552] INFO - Table 'orders' verified
[2025-04-18 20:58:12,578] WARNING - Table 'order_items' does not exist
[2025-04-18 20:58:12,579] INFO - Database verification complete
[2025-04-18 20:58:13,233] INFO - Database initialization complete
[2025-04-18 20:58:42,457] INFO - Table 'users' verified
[2025-04-18 20:58:42,488] INFO - Table 'sessions' verified
[2025-04-18 20:58:42,520] INFO - Table 'migration_versions' verified
[2025-04-18 20:58:42,550] INFO - Table 'orders' verified
[2025-04-18 20:58:42,581] WARNING - Table 'order_items' does not exist
[2025-04-18 20:58:42,581] INFO - Database verification complete
[2025-04-18 20:58:43,208] INFO - Database initialization complete
[2025-04-18 20:58:45,658] INFO - Table 'users' verified
[2025-04-18 20:58:45,690] INFO - Table 'sessions' verified
[2025-04-18 20:58:45,717] INFO - Table 'migration_versions' verified
[2025-04-18 20:58:45,745] INFO - Table 'orders' verified
[2025-04-18 20:58:45,771] WARNING - Table 'order_items' does not exist
[2025-04-18 20:58:45,771] INFO - Database verification complete
[2025-04-18 20:58:46,340] INFO - Database initialization complete
[2025-04-18 20:58:48,919] INFO - Table 'users' verified
[2025-04-18 20:58:48,948] INFO - Table 'sessions' verified
[2025-04-18 20:58:48,982] INFO - Table 'migration_versions' verified
[2025-04-18 20:58:49,012] INFO - Table 'orders' verified
[2025-04-18 20:58:49,040] WARNING - Table 'order_items' does not exist
[2025-04-18 20:58:49,040] INFO - Database verification complete
[2025-04-18 20:58:49,638] INFO - Database initialization complete
[2025-04-18 23:25:36,466] INFO - Table 'users' verified
[2025-04-18 23:25:36,505] INFO - Table 'sessions' verified
[2025-04-18 23:25:36,529] INFO - Table 'migration_versions' verified
[2025-04-18 23:25:36,561] INFO - Table 'orders' verified
[2025-04-18 23:25:36,576] WARNING - Table 'order_items' does not exist
[2025-04-18 23:25:36,576] INFO - Database verification complete
[2025-04-18 23:25:37,197] INFO - Database initialization complete
[2025-04-18 23:30:36,580] INFO - Table 'users' verified
[2025-04-18 23:30:36,623] INFO - Table 'sessions' verified
[2025-04-18 23:30:36,648] INFO - Table 'migration_versions' verified
[2025-04-18 23:30:36,690] INFO - Table 'orders' verified
[2025-04-18 23:30:36,712] WARNING - Table 'order_items' does not exist
[2025-04-18 23:30:36,712] INFO - Database verification complete
[2025-04-18 23:30:37,298] INFO - Database initialization complete
[2025-04-18 23:30:39,600] INFO - Table 'users' verified
[2025-04-18 23:30:39,613] INFO - Table 'sessions' verified
[2025-04-18 23:30:39,651] INFO - Table 'migration_versions' verified
[2025-04-18 23:30:39,667] INFO - Table 'orders' verified
[2025-04-18 23:30:39,698] WARNING - Table 'order_items' does not exist
[2025-04-18 23:30:39,698] INFO - Database verification complete
[2025-04-18 23:30:40,299] INFO - Database initialization complete
[2025-04-18 23:31:10,546] INFO - Table 'users' verified
[2025-04-18 23:31:10,580] INFO - Table 'sessions' verified
[2025-04-18 23:31:10,597] INFO - Table 'migration_versions' verified
[2025-04-18 23:31:10,630] INFO - Table 'orders' verified
[2025-04-18 23:31:10,647] WARNING - Table 'order_items' does not exist
[2025-04-18 23:31:10,647] INFO - Database verification complete
[2025-04-18 23:31:11,264] INFO - Database initialization complete
[2025-04-18 23:31:13,463] INFO - Table 'users' verified
[2025-04-18 23:31:13,497] INFO - Table 'sessions' verified
[2025-04-18 23:31:13,531] INFO - Table 'migration_versions' verified
[2025-04-18 23:31:13,546] INFO - Table 'orders' verified
[2025-04-18 23:31:13,584] WARNING - Table 'order_items' does not exist
[2025-04-18 23:31:13,584] INFO - Database verification complete
[2025-04-18 23:31:14,214] INFO - Database initialization complete
[2025-04-18 23:31:44,592] INFO - Table 'users' verified
[2025-04-18 23:31:44,624] INFO - Table 'sessions' verified
[2025-04-18 23:31:44,640] INFO - Table 'migration_versions' verified
[2025-04-18 23:31:44,672] INFO - Table 'orders' verified
[2025-04-18 23:31:44,704] WARNING - Table 'order_items' does not exist
[2025-04-18 23:31:44,704] INFO - Database verification complete
[2025-04-18 23:31:45,266] INFO - Database initialization complete
[2025-04-18 23:31:47,486] INFO - Table 'users' verified
[2025-04-18 23:31:47,532] INFO - Table 'sessions' verified
[2025-04-18 23:31:47,556] INFO - Table 'migration_versions' verified
[2025-04-18 23:31:47,583] INFO - Table 'orders' verified
[2025-04-18 23:31:47,601] WARNING - Table 'order_items' does not exist
[2025-04-18 23:31:47,601] INFO - Database verification complete
[2025-04-18 23:31:48,171] INFO - Database initialization complete
[2025-04-18 23:35:36,766] INFO - Table 'users' verified
[2025-04-18 23:35:36,793] INFO - Table 'sessions' verified
[2025-04-18 23:35:36,821] INFO - Table 'migration_versions' verified
[2025-04-18 23:35:36,848] INFO - Table 'orders' verified
[2025-04-18 23:35:36,880] WARNING - Table 'order_items' does not exist
[2025-04-18 23:35:36,880] INFO - Database verification complete
[2025-04-18 23:35:37,553] INFO - Database initialization complete
[2025-04-18 23:35:39,993] INFO - Table 'users' verified
[2025-04-18 23:35:40,024] INFO - Table 'sessions' verified
[2025-04-18 23:35:40,063] INFO - Table 'migration_versions' verified
[2025-04-18 23:35:40,101] INFO - Table 'orders' verified
[2025-04-18 23:35:40,131] WARNING - Table 'order_items' does not exist
[2025-04-18 23:35:40,131] INFO - Database verification complete
[2025-04-18 23:35:40,751] INFO - Database initialization complete
[2025-04-18 23:45:41,121] INFO - Table 'users' verified
[2025-04-18 23:45:41,154] INFO - Table 'sessions' verified
[2025-04-18 23:45:41,193] INFO - Table 'migration_versions' verified
[2025-04-18 23:45:41,218] INFO - Table 'orders' verified
[2025-04-18 23:45:41,249] WARNING - Table 'order_items' does not exist
[2025-04-18 23:45:41,250] INFO - Database verification complete
[2025-04-18 23:45:41,951] INFO - Database initialization complete
[2025-04-18 23:45:44,352] INFO - Table 'users' verified
[2025-04-18 23:45:44,381] INFO - Table 'sessions' verified
[2025-04-18 23:45:44,406] INFO - Table 'migration_versions' verified
[2025-04-18 23:45:44,433] INFO - Table 'orders' verified
[2025-04-18 23:45:44,458] WARNING - Table 'order_items' does not exist
[2025-04-18 23:45:44,458] INFO - Database verification complete
[2025-04-18 23:45:45,075] INFO - Database initialization complete
[2025-04-18 23:55:25,960] INFO - Table 'users' verified
[2025-04-18 23:55:25,985] INFO - Table 'sessions' verified
[2025-04-18 23:55:26,029] INFO - Table 'migration_versions' verified
[2025-04-18 23:55:26,053] INFO - Table 'orders' verified
[2025-04-18 23:55:26,075] WARNING - Table 'order_items' does not exist
[2025-04-18 23:55:26,075] INFO - Database verification complete
[2025-04-18 23:55:26,735] INFO - Database initialization complete
[2025-04-18 23:55:29,169] INFO - Table 'users' verified
[2025-04-18 23:55:29,183] INFO - Table 'sessions' verified
[2025-04-18 23:55:29,220] INFO - Table 'migration_versions' verified
[2025-04-18 23:55:29,247] INFO - Table 'orders' verified
[2025-04-18 23:55:29,273] WARNING - Table 'order_items' does not exist
[2025-04-18 23:55:29,273] INFO - Database verification complete
[2025-04-18 23:55:29,886] INFO - Database initialization complete
[2025-04-18 23:55:32,350] INFO - Table 'users' verified
[2025-04-18 23:55:32,384] INFO - Table 'sessions' verified
[2025-04-18 23:55:32,413] INFO - Table 'migration_versions' verified
[2025-04-18 23:55:32,438] INFO - Table 'orders' verified
[2025-04-18 23:55:32,465] WARNING - Table 'order_items' does not exist
[2025-04-18 23:55:32,465] INFO - Database verification complete
[2025-04-18 23:55:33,101] INFO - Database initialization complete
[2025-04-18 23:55:35,864] INFO - Table 'users' verified
[2025-04-18 23:55:35,882] INFO - Table 'sessions' verified
[2025-04-18 23:55:35,922] INFO - Table 'migration_versions' verified
[2025-04-18 23:55:35,948] INFO - Table 'orders' verified
[2025-04-18 23:55:35,969] WARNING - Table 'order_items' does not exist
[2025-04-18 23:55:35,969] INFO - Database verification complete
[2025-04-18 23:55:36,618] INFO - Database initialization complete
[2025-04-18 23:55:39,355] INFO - Table 'users' verified
[2025-04-18 23:55:39,383] INFO - Table 'sessions' verified
[2025-04-18 23:55:39,415] INFO - Table 'migration_versions' verified
[2025-04-18 23:55:39,433] INFO - Table 'orders' verified
[2025-04-18 23:55:39,471] WARNING - Table 'order_items' does not exist
[2025-04-18 23:55:39,471] INFO - Database verification complete
[2025-04-18 23:55:40,063] INFO - Database initialization complete
[2025-04-18 23:55:42,553] INFO - Table 'users' verified
[2025-04-18 23:55:42,582] INFO - Table 'sessions' verified
[2025-04-18 23:55:42,615] INFO - Table 'migration_versions' verified
[2025-04-18 23:55:42,646] INFO - Table 'orders' verified
[2025-04-18 23:55:42,669] WARNING - Table 'order_items' does not exist
[2025-04-18 23:55:42,669] INFO - Database verification complete
[2025-04-18 23:55:43,264] INFO - Database initialization complete
[2025-04-18 23:55:45,700] INFO - Table 'users' verified
[2025-04-18 23:55:45,734] INFO - Table 'sessions' verified
[2025-04-18 23:55:45,767] INFO - Table 'migration_versions' verified
[2025-04-18 23:55:45,791] INFO - Table 'orders' verified
[2025-04-18 23:55:45,816] WARNING - Table 'order_items' does not exist
[2025-04-18 23:55:45,816] INFO - Database verification complete
[2025-04-18 23:55:46,435] INFO - Database initialization complete
[2025-04-18 23:56:16,869] INFO - Table 'users' verified
[2025-04-18 23:56:16,897] INFO - Table 'sessions' verified
[2025-04-18 23:56:16,916] INFO - Table 'migration_versions' verified
[2025-04-18 23:56:16,949] INFO - Table 'orders' verified
[2025-04-18 23:56:16,970] WARNING - Table 'order_items' does not exist
[2025-04-18 23:56:16,970] INFO - Database verification complete
[2025-04-18 23:56:17,522] INFO - Database initialization complete
[2025-04-18 23:56:20,067] INFO - Table 'users' verified
[2025-04-18 23:56:20,083] INFO - Table 'sessions' verified
[2025-04-18 23:56:20,115] INFO - Table 'migration_versions' verified
[2025-04-18 23:56:20,134] INFO - Table 'orders' verified
[2025-04-18 23:56:20,166] WARNING - Table 'order_items' does not exist
[2025-04-18 23:56:20,166] INFO - Database verification complete
[2025-04-18 23:56:20,784] INFO - Database initialization complete
[2025-04-18 23:56:23,276] INFO - Table 'users' verified
[2025-04-18 23:56:23,304] INFO - Table 'sessions' verified
[2025-04-18 23:56:23,332] INFO - Table 'migration_versions' verified
[2025-04-18 23:56:23,357] INFO - Table 'orders' verified
[2025-04-18 23:56:23,386] WARNING - Table 'order_items' does not exist
[2025-04-18 23:56:23,386] INFO - Database verification complete
[2025-04-18 23:56:24,062] INFO - Database initialization complete
[2025-04-19 17:41:30,915] INFO - Table 'users' verified
[2025-04-19 17:41:30,947] INFO - Table 'sessions' verified
[2025-04-19 17:41:30,978] INFO - Table 'migration_versions' verified
[2025-04-19 17:41:31,010] INFO - Table 'orders' verified
[2025-04-19 17:41:31,039] WARNING - Table 'order_items' does not exist
[2025-04-19 17:41:31,040] INFO - Database verification complete
[2025-04-19 17:41:31,704] INFO - Database initialization complete
[2025-04-19 17:42:05,607] INFO - Table 'users' verified
[2025-04-19 17:42:05,637] INFO - Table 'sessions' verified
[2025-04-19 17:42:05,664] INFO - Table 'migration_versions' verified
[2025-04-19 17:42:05,694] INFO - Table 'orders' verified
[2025-04-19 17:42:05,721] WARNING - Table 'order_items' does not exist
[2025-04-19 17:42:05,721] INFO - Database verification complete
[2025-04-19 17:42:06,391] INFO - Database initialization complete
[2025-04-19 17:42:08,767] INFO - Table 'users' verified
[2025-04-19 17:42:08,791] INFO - Table 'sessions' verified
[2025-04-19 17:42:08,816] INFO - Table 'migration_versions' verified
[2025-04-19 17:42:08,841] INFO - Table 'orders' verified
[2025-04-19 17:42:08,865] WARNING - Table 'order_items' does not exist
[2025-04-19 17:42:08,866] INFO - Database verification complete
[2025-04-19 17:42:09,489] INFO - Database initialization complete
[2025-04-19 17:43:38,701] INFO - Table 'users' verified
[2025-04-19 17:43:38,730] INFO - Table 'sessions' verified
[2025-04-19 17:43:38,756] INFO - Table 'migration_versions' verified
[2025-04-19 17:43:38,782] INFO - Table 'orders' verified
[2025-04-19 17:43:38,813] WARNING - Table 'order_items' does not exist
[2025-04-19 17:43:38,813] INFO - Database verification complete
[2025-04-19 17:43:39,529] INFO - Database initialization complete
[2025-04-19 17:43:41,660] INFO - Table 'users' verified
[2025-04-19 17:43:41,686] INFO - Table 'sessions' verified
[2025-04-19 17:43:41,711] INFO - Table 'migration_versions' verified
[2025-04-19 17:43:41,737] INFO - Table 'orders' verified
[2025-04-19 17:43:41,763] WARNING - Table 'order_items' does not exist
[2025-04-19 17:43:41,763] INFO - Database verification complete
[2025-04-19 17:43:42,344] INFO - Database initialization complete
[2025-04-19 17:46:34,085] INFO - Table 'users' verified
[2025-04-19 17:46:34,111] INFO - Table 'sessions' verified
[2025-04-19 17:46:34,140] INFO - Table 'migration_versions' verified
[2025-04-19 17:46:34,165] INFO - Table 'orders' verified
[2025-04-19 17:46:34,190] WARNING - Table 'order_items' does not exist
[2025-04-19 17:46:34,191] INFO - Database verification complete
[2025-04-19 17:46:34,865] INFO - Database initialization complete
[2025-04-19 17:55:57,418] INFO - Table 'users' verified
[2025-04-19 17:55:57,450] INFO - Table 'sessions' verified
[2025-04-19 17:55:57,477] INFO - Table 'migration_versions' verified
[2025-04-19 17:55:57,507] INFO - Table 'orders' verified
[2025-04-19 17:55:57,535] WARNING - Table 'order_items' does not exist
[2025-04-19 17:55:57,535] INFO - Database verification complete
[2025-04-19 17:55:58,105] INFO - Database initialization complete
[2025-04-19 17:56:00,490] INFO - Table 'users' verified
[2025-04-19 17:56:00,516] INFO - Table 'sessions' verified
[2025-04-19 17:56:00,543] INFO - Table 'migration_versions' verified
[2025-04-19 17:56:00,571] INFO - Table 'orders' verified
[2025-04-19 17:56:00,596] WARNING - Table 'order_items' does not exist
[2025-04-19 17:56:00,596] INFO - Database verification complete
[2025-04-19 17:56:01,225] INFO - Database initialization complete
[2025-04-19 17:57:26,142] INFO - Table 'users' verified
[2025-04-19 17:57:26,171] INFO - Table 'sessions' verified
[2025-04-19 17:57:26,202] INFO - Table 'migration_versions' verified
[2025-04-19 17:57:26,232] INFO - Table 'orders' verified
[2025-04-19 17:57:26,263] WARNING - Table 'order_items' does not exist
[2025-04-19 17:57:26,263] INFO - Database verification complete
[2025-04-19 17:57:26,820] INFO - Database initialization complete
[2025-04-19 17:57:39,201] INFO - Table 'users' verified
[2025-04-19 17:57:39,230] INFO - Table 'sessions' verified
[2025-04-19 17:57:39,258] INFO - Table 'migration_versions' verified
[2025-04-19 17:57:39,286] INFO - Table 'orders' verified
[2025-04-19 17:57:39,314] WARNING - Table 'order_items' does not exist
[2025-04-19 17:57:39,315] INFO - Database verification complete
[2025-04-19 17:57:39,982] INFO - Database initialization complete
[2025-04-19 17:58:45,866] INFO - Table 'users' verified
[2025-04-19 17:58:45,894] INFO - Table 'sessions' verified
[2025-04-19 17:58:45,921] INFO - Table 'migration_versions' verified
[2025-04-19 17:58:45,951] INFO - Table 'orders' verified
[2025-04-19 17:58:45,978] WARNING - Table 'order_items' does not exist
[2025-04-19 17:58:45,978] INFO - Database verification complete
[2025-04-19 17:58:46,527] INFO - Database initialization complete
[2025-04-19 17:58:48,578] INFO - Table 'users' verified
[2025-04-19 17:58:48,605] INFO - Table 'sessions' verified
[2025-04-19 17:58:48,630] INFO - Table 'migration_versions' verified
[2025-04-19 17:58:48,660] INFO - Table 'orders' verified
[2025-04-19 17:58:48,684] WARNING - Table 'order_items' does not exist
[2025-04-19 17:58:48,685] INFO - Database verification complete
[2025-04-19 17:58:49,305] INFO - Database initialization complete
[2025-04-19 18:00:07,246] INFO - Table 'users' verified
[2025-04-19 18:00:07,274] INFO - Table 'sessions' verified
[2025-04-19 18:00:07,306] INFO - Table 'migration_versions' verified
[2025-04-19 18:00:07,337] INFO - Table 'orders' verified
[2025-04-19 18:00:07,365] WARNING - Table 'order_items' does not exist
[2025-04-19 18:00:07,365] INFO - Database verification complete
[2025-04-19 18:00:07,996] INFO - Database initialization complete
[2025-04-19 18:00:10,291] INFO - Table 'users' verified
[2025-04-19 18:00:10,321] INFO - Table 'sessions' verified
[2025-04-19 18:00:10,350] INFO - Table 'migration_versions' verified
[2025-04-19 18:00:10,377] INFO - Table 'orders' verified
[2025-04-19 18:00:10,406] WARNING - Table 'order_items' does not exist
[2025-04-19 18:00:10,406] INFO - Database verification complete
[2025-04-19 18:00:11,007] INFO - Database initialization complete
[2025-04-19 18:03:09,589] INFO - Table 'users' verified
[2025-04-19 18:03:09,619] INFO - Table 'sessions' verified
[2025-04-19 18:03:09,645] INFO - Table 'migration_versions' verified
[2025-04-19 18:03:09,673] INFO - Table 'orders' verified
[2025-04-19 18:03:09,708] WARNING - Table 'order_items' does not exist
[2025-04-19 18:03:09,708] INFO - Database verification complete
[2025-04-19 18:03:10,405] INFO - Database initialization complete
[2025-04-19 18:03:12,510] INFO - Table 'users' verified
[2025-04-19 18:03:12,540] INFO - Table 'sessions' verified
[2025-04-19 18:03:12,568] INFO - Table 'migration_versions' verified
[2025-04-19 18:03:12,595] INFO - Table 'orders' verified
[2025-04-19 18:03:12,621] WARNING - Table 'order_items' does not exist
[2025-04-19 18:03:12,621] INFO - Database verification complete
[2025-04-19 18:03:13,231] INFO - Database initialization complete
[2025-04-19 18:04:46,704] INFO - Table 'users' verified
[2025-04-19 18:04:46,730] INFO - Table 'sessions' verified
[2025-04-19 18:04:46,759] INFO - Table 'migration_versions' verified
[2025-04-19 18:04:46,788] INFO - Table 'orders' verified
[2025-04-19 18:04:46,815] WARNING - Table 'order_items' does not exist
[2025-04-19 18:04:46,816] INFO - Database verification complete
[2025-04-19 18:04:47,498] INFO - Database initialization complete
[2025-04-19 18:04:49,584] INFO - Table 'users' verified
[2025-04-19 18:04:49,611] INFO - Table 'sessions' verified
[2025-04-19 18:04:49,650] INFO - Table 'migration_versions' verified
[2025-04-19 18:04:49,680] INFO - Table 'orders' verified
[2025-04-19 18:04:49,709] WARNING - Table 'order_items' does not exist
[2025-04-19 18:04:49,709] INFO - Database verification complete
[2025-04-19 18:04:50,376] INFO - Database initialization complete
[2025-04-19 18:09:40,311] INFO - Table 'users' verified
[2025-04-19 18:09:40,345] INFO - Table 'sessions' verified
[2025-04-19 18:09:40,373] INFO - Table 'migration_versions' verified
[2025-04-19 18:09:40,401] INFO - Table 'orders' verified
[2025-04-19 18:09:40,431] WARNING - Table 'order_items' does not exist
[2025-04-19 18:09:40,431] INFO - Database verification complete
[2025-04-19 18:09:41,062] INFO - Database initialization complete
[2025-04-19 18:09:43,345] INFO - Table 'users' verified
[2025-04-19 18:09:43,372] INFO - Table 'sessions' verified
[2025-04-19 18:09:43,401] INFO - Table 'migration_versions' verified
[2025-04-19 18:09:43,436] INFO - Table 'orders' verified
[2025-04-19 18:09:43,464] WARNING - Table 'order_items' does not exist
[2025-04-19 18:09:43,464] INFO - Database verification complete
[2025-04-19 18:09:44,112] INFO - Database initialization complete
[2025-04-19 18:14:43,834] INFO - Table 'users' verified
[2025-04-19 18:14:43,859] INFO - Table 'sessions' verified
[2025-04-19 18:14:43,886] INFO - Table 'migration_versions' verified
[2025-04-19 18:14:43,914] INFO - Table 'orders' verified
[2025-04-19 18:14:43,941] WARNING - Table 'order_items' does not exist
[2025-04-19 18:14:43,941] INFO - Database verification complete
[2025-04-19 18:14:44,586] INFO - Database initialization complete
[2025-04-19 20:46:36,268] INFO - Table 'users' verified
[2025-04-19 20:46:36,297] INFO - Table 'sessions' verified
[2025-04-19 20:46:36,325] INFO - Table 'migration_versions' verified
[2025-04-19 20:46:36,359] INFO - Table 'orders' verified
[2025-04-19 20:46:36,387] WARNING - Table 'order_items' does not exist
[2025-04-19 20:46:36,387] INFO - Database verification complete
[2025-04-19 20:46:37,067] INFO - Database initialization complete
[2025-04-19 20:46:39,331] INFO - Table 'users' verified
[2025-04-19 20:46:39,359] INFO - Table 'sessions' verified
[2025-04-19 20:46:39,390] INFO - Table 'migration_versions' verified
[2025-04-19 20:46:39,423] INFO - Table 'orders' verified
[2025-04-19 20:46:39,450] WARNING - Table 'order_items' does not exist
[2025-04-19 20:46:39,450] INFO - Database verification complete
[2025-04-19 20:46:40,078] INFO - Database initialization complete
[2025-04-19 20:47:04,480] INFO - Table 'users' verified
[2025-04-19 20:47:04,511] INFO - Table 'sessions' verified
[2025-04-19 20:47:04,538] INFO - Table 'migration_versions' verified
[2025-04-19 20:47:04,569] INFO - Table 'orders' verified
[2025-04-19 20:47:04,595] WARNING - Table 'order_items' does not exist
[2025-04-19 20:47:04,595] INFO - Database verification complete
[2025-04-19 20:47:05,252] INFO - Database initialization complete
[2025-04-19 20:47:07,296] INFO - Table 'users' verified
[2025-04-19 20:47:07,327] INFO - Table 'sessions' verified
[2025-04-19 20:47:07,356] INFO - Table 'migration_versions' verified
[2025-04-19 20:47:07,381] INFO - Table 'orders' verified
[2025-04-19 20:47:07,406] WARNING - Table 'order_items' does not exist
[2025-04-19 20:47:07,407] INFO - Database verification complete
[2025-04-19 20:47:08,061] INFO - Database initialization complete
[2025-05-23 23:55:32,272] INFO - Table 'users' verified
[2025-05-23 23:55:32,338] INFO - Table 'sessions' verified
[2025-05-23 23:55:32,370] INFO - Table 'migration_versions' verified
[2025-05-23 23:55:32,401] INFO - Table 'orders' verified
[2025-05-23 23:55:32,430] WARNING - Table 'order_items' does not exist
[2025-05-23 23:55:32,431] INFO - Database verification complete
[2025-05-23 23:55:33,226] INFO - Database initialization complete
[2025-05-26 13:34:42,984] INFO - Table 'users' verified
[2025-05-26 13:34:43,023] INFO - Table 'sessions' verified
[2025-05-26 13:34:43,058] INFO - Table 'migration_versions' verified
[2025-05-26 13:34:43,092] INFO - Table 'orders' verified
[2025-05-26 13:34:43,126] WARNING - Table 'order_items' does not exist
[2025-05-26 13:34:43,126] INFO - Database verification complete
[2025-05-26 13:34:44,077] INFO - Database initialization complete
[2025-05-26 13:38:12,484] INFO - Table 'users' verified
[2025-05-26 13:38:12,511] INFO - Table 'sessions' verified
[2025-05-26 13:38:12,552] INFO - Table 'migration_versions' verified
[2025-05-26 13:38:12,583] INFO - Table 'orders' verified
[2025-05-26 13:38:12,615] WARNING - Table 'order_items' does not exist
[2025-05-26 13:38:12,615] INFO - Database verification complete
[2025-05-26 13:38:13,354] INFO - Database initialization complete
[2025-05-26 13:38:51,050] INFO - Table 'users' verified
[2025-05-26 13:38:51,090] INFO - Table 'sessions' verified
[2025-05-26 13:38:51,119] INFO - Table 'migration_versions' verified
[2025-05-26 13:38:51,163] INFO - Table 'orders' verified
[2025-05-26 13:38:51,222] WARNING - Table 'order_items' does not exist
[2025-05-26 13:38:51,222] INFO - Database verification complete
[2025-05-26 13:38:51,924] INFO - Database initialization complete
[2025-05-26 13:39:38,106] INFO - Table 'users' verified
[2025-05-26 13:39:38,256] INFO - Table 'sessions' verified
[2025-05-26 13:39:38,288] INFO - Table 'migration_versions' verified
[2025-05-26 13:39:38,322] INFO - Table 'orders' verified
[2025-05-26 13:39:38,362] WARNING - Table 'order_items' does not exist
[2025-05-26 13:39:38,362] INFO - Database verification complete
[2025-05-26 13:39:39,095] INFO - Database initialization complete
[2025-05-26 13:42:36,790] INFO - Table 'users' verified
[2025-05-26 13:42:36,825] INFO - Table 'sessions' verified
[2025-05-26 13:42:36,860] INFO - Table 'migration_versions' verified
[2025-05-26 13:42:36,898] INFO - Table 'orders' verified
[2025-05-26 13:42:36,936] WARNING - Table 'order_items' does not exist
[2025-05-26 13:42:36,936] INFO - Database verification complete
[2025-05-26 13:42:37,643] INFO - Database initialization complete
[2025-05-26 15:17:50,704] INFO - Table 'users' verified
[2025-05-26 15:17:50,748] INFO - Table 'sessions' verified
[2025-05-26 15:17:50,784] INFO - Table 'migration_versions' verified
[2025-05-26 15:17:50,817] INFO - Table 'orders' verified
[2025-05-26 15:17:50,847] WARNING - Table 'order_items' does not exist
[2025-05-26 15:17:50,848] INFO - Database verification complete
[2025-05-26 15:17:51,622] INFO - Database initialization complete
[2025-05-26 15:21:53,384] INFO - Table 'users' verified
[2025-05-26 15:21:53,424] INFO - Table 'sessions' verified
[2025-05-26 15:21:53,463] INFO - Table 'migration_versions' verified
[2025-05-26 15:21:53,506] INFO - Table 'orders' verified
[2025-05-26 15:21:53,542] WARNING - Table 'order_items' does not exist
[2025-05-26 15:21:53,543] INFO - Database verification complete
[2025-05-26 15:21:54,472] INFO - Database initialization complete
[2025-05-26 15:21:57,683] INFO - Table 'users' verified
[2025-05-26 15:21:57,711] INFO - Table 'sessions' verified
[2025-05-26 15:21:57,886] INFO - Table 'migration_versions' verified
[2025-05-26 15:21:57,922] INFO - Table 'orders' verified
[2025-05-26 15:21:58,088] WARNING - Table 'order_items' does not exist
[2025-05-26 15:21:58,089] INFO - Database verification complete
[2025-05-26 15:21:58,982] INFO - Database initialization complete
[2025-05-26 15:24:14,813] INFO - Table 'users' verified
[2025-05-26 15:24:14,841] INFO - Table 'sessions' verified
[2025-05-26 15:24:14,872] INFO - Table 'migration_versions' verified
[2025-05-26 15:24:14,910] INFO - Table 'orders' verified
[2025-05-26 15:24:14,940] WARNING - Table 'order_items' does not exist
[2025-05-26 15:24:14,940] INFO - Database verification complete
[2025-05-26 15:24:15,782] INFO - Database initialization complete
[2025-05-26 15:24:18,287] INFO - Table 'users' verified
[2025-05-26 15:24:18,467] INFO - Table 'sessions' verified
[2025-05-26 15:24:18,491] INFO - Table 'migration_versions' verified
[2025-05-26 15:24:18,685] INFO - Table 'orders' verified
[2025-05-26 15:24:18,718] WARNING - Table 'order_items' does not exist
[2025-05-26 15:24:18,719] INFO - Database verification complete
[2025-05-26 15:24:21,557] INFO - Database initialization complete
[2025-05-26 15:26:08,552] INFO - Table 'users' verified
[2025-05-26 15:26:08,795] INFO - Table 'sessions' verified
[2025-05-26 15:26:09,009] INFO - Table 'migration_versions' verified
[2025-05-26 15:26:09,196] INFO - Table 'orders' verified
[2025-05-26 15:26:09,397] WARNING - Table 'order_items' does not exist
[2025-05-26 15:26:09,397] INFO - Database verification complete
[2025-05-26 15:26:10,875] INFO - Database initialization complete
[2025-05-26 15:26:13,024] INFO - Table 'users' verified
[2025-05-26 15:26:13,062] INFO - Table 'sessions' verified
[2025-05-26 15:26:13,098] INFO - Table 'migration_versions' verified
[2025-05-26 15:26:13,136] INFO - Table 'orders' verified
[2025-05-26 15:26:13,182] WARNING - Table 'order_items' does not exist
[2025-05-26 15:26:13,182] INFO - Database verification complete
[2025-05-26 15:26:14,065] INFO - Database initialization complete
[2025-05-26 15:27:05,041] INFO - Table 'users' verified
[2025-05-26 15:27:05,074] INFO - Table 'sessions' verified
[2025-05-26 15:27:05,116] INFO - Table 'migration_versions' verified
[2025-05-26 15:27:05,152] INFO - Table 'orders' verified
[2025-05-26 15:27:05,184] WARNING - Table 'order_items' does not exist
[2025-05-26 15:27:05,184] INFO - Database verification complete
[2025-05-26 15:27:05,973] INFO - Database initialization complete
[2025-05-26 15:27:08,224] INFO - Table 'users' verified
[2025-05-26 15:27:08,264] INFO - Table 'sessions' verified
[2025-05-26 15:27:08,297] INFO - Table 'migration_versions' verified
[2025-05-26 15:27:08,335] INFO - Table 'orders' verified
[2025-05-26 15:27:08,373] WARNING - Table 'order_items' does not exist
[2025-05-26 15:27:08,374] INFO - Database verification complete
[2025-05-26 15:27:09,158] INFO - Database initialization complete
[2025-05-26 15:29:12,625] INFO - Table 'users' verified
[2025-05-26 15:29:12,765] INFO - Table 'sessions' verified
[2025-05-26 15:29:12,921] INFO - Table 'migration_versions' verified
[2025-05-26 15:29:13,012] INFO - Table 'orders' verified
[2025-05-26 15:29:13,063] WARNING - Table 'order_items' does not exist
[2025-05-26 15:29:13,063] INFO - Database verification complete
[2025-05-26 15:29:14,261] INFO - Database initialization complete
[2025-05-26 15:29:16,711] INFO - Table 'users' verified
[2025-05-26 15:29:16,871] INFO - Table 'sessions' verified
[2025-05-26 15:29:16,974] INFO - Table 'migration_versions' verified
[2025-05-26 15:29:17,042] INFO - Table 'orders' verified
[2025-05-26 15:29:17,079] WARNING - Table 'order_items' does not exist
[2025-05-26 15:29:17,079] INFO - Database verification complete
[2025-05-26 15:29:18,002] INFO - Database initialization complete
[2025-05-26 15:34:17,501] INFO - Table 'users' verified
[2025-05-26 15:34:17,533] INFO - Table 'sessions' verified
[2025-05-26 15:34:17,564] INFO - Table 'migration_versions' verified
[2025-05-26 15:34:17,595] INFO - Table 'orders' verified
[2025-05-26 15:34:17,630] WARNING - Table 'order_items' does not exist
[2025-05-26 15:34:17,630] INFO - Database verification complete
[2025-05-26 15:34:18,538] INFO - Database initialization complete
[2025-05-26 15:34:20,837] INFO - Table 'users' verified
[2025-05-26 15:34:20,878] INFO - Table 'sessions' verified
[2025-05-26 15:34:20,914] INFO - Table 'migration_versions' verified
[2025-05-26 15:34:20,950] INFO - Table 'orders' verified
[2025-05-26 15:34:20,981] WARNING - Table 'order_items' does not exist
[2025-05-26 15:34:20,981] INFO - Database verification complete
[2025-05-26 15:34:21,776] INFO - Database initialization complete
[2025-05-26 15:35:22,707] INFO - Table 'users' verified
[2025-05-26 15:35:22,736] INFO - Table 'sessions' verified
[2025-05-26 15:35:22,767] INFO - Table 'migration_versions' verified
[2025-05-26 15:35:22,809] INFO - Table 'orders' verified
[2025-05-26 15:35:22,858] WARNING - Table 'order_items' does not exist
[2025-05-26 15:35:22,858] INFO - Database verification complete
[2025-05-26 15:35:24,966] INFO - Database initialization complete
[2025-05-26 15:35:27,268] INFO - Table 'users' verified
[2025-05-26 15:35:27,298] INFO - Table 'sessions' verified
[2025-05-26 15:35:27,335] INFO - Table 'migration_versions' verified
[2025-05-26 15:35:27,387] INFO - Table 'orders' verified
[2025-05-26 15:35:27,430] WARNING - Table 'order_items' does not exist
[2025-05-26 15:35:27,431] INFO - Database verification complete
[2025-05-26 15:35:28,220] INFO - Database initialization complete
[2025-05-26 15:38:14,419] INFO - Table 'users' verified
[2025-05-26 15:38:14,484] INFO - Table 'sessions' verified
[2025-05-26 15:38:14,545] INFO - Table 'migration_versions' verified
[2025-05-26 15:38:14,630] INFO - Table 'orders' verified
[2025-05-26 15:38:14,716] WARNING - Table 'order_items' does not exist
[2025-05-26 15:38:14,716] INFO - Database verification complete
[2025-05-26 15:38:15,481] INFO - Database initialization complete
[2025-05-26 15:38:17,755] INFO - Table 'users' verified
[2025-05-26 15:38:17,784] INFO - Table 'sessions' verified
[2025-05-26 15:38:17,813] INFO - Table 'migration_versions' verified
[2025-05-26 15:38:17,854] INFO - Table 'orders' verified
[2025-05-26 15:38:17,888] WARNING - Table 'order_items' does not exist
[2025-05-26 15:38:17,888] INFO - Database verification complete
[2025-05-26 15:38:18,728] INFO - Database initialization complete
[2025-05-26 15:38:21,026] INFO - Table 'users' verified
[2025-05-26 15:38:21,066] INFO - Table 'sessions' verified
[2025-05-26 15:38:21,104] INFO - Table 'migration_versions' verified
[2025-05-26 15:38:21,159] INFO - Table 'orders' verified
[2025-05-26 15:38:21,198] WARNING - Table 'order_items' does not exist
[2025-05-26 15:38:21,198] INFO - Database verification complete
[2025-05-26 15:38:21,925] INFO - Database initialization complete
[2025-05-26 15:43:10,659] INFO - Table 'users' verified
[2025-05-26 15:43:10,694] INFO - Table 'sessions' verified
[2025-05-26 15:43:10,723] INFO - Table 'migration_versions' verified
[2025-05-26 15:43:10,756] INFO - Table 'orders' verified
[2025-05-26 15:43:10,797] WARNING - Table 'order_items' does not exist
[2025-05-26 15:43:10,797] INFO - Database verification complete
[2025-05-26 15:43:11,560] INFO - Database initialization complete
[2025-05-26 15:43:13,935] INFO - Table 'users' verified
[2025-05-26 15:43:13,963] INFO - Table 'sessions' verified
[2025-05-26 15:43:13,996] INFO - Table 'migration_versions' verified
[2025-05-26 15:43:14,048] INFO - Table 'orders' verified
[2025-05-26 15:43:14,091] WARNING - Table 'order_items' does not exist
[2025-05-26 15:43:14,091] INFO - Database verification complete
[2025-05-26 15:43:14,942] INFO - Database initialization complete
[2025-05-26 15:48:14,486] INFO - Table 'users' verified
[2025-05-26 15:48:14,524] INFO - Table 'sessions' verified
[2025-05-26 15:48:14,564] INFO - Table 'migration_versions' verified
[2025-05-26 15:48:14,606] INFO - Table 'orders' verified
[2025-05-26 15:48:14,651] WARNING - Table 'order_items' does not exist
[2025-05-26 15:48:14,652] INFO - Database verification complete
[2025-05-26 15:48:15,657] INFO - Database initialization complete
[2025-05-26 15:48:17,721] INFO - Table 'users' verified
[2025-05-26 15:48:17,751] INFO - Table 'sessions' verified
[2025-05-26 15:48:17,782] INFO - Table 'migration_versions' verified
[2025-05-26 15:48:17,822] INFO - Table 'orders' verified
[2025-05-26 15:48:17,852] WARNING - Table 'order_items' does not exist
[2025-05-26 15:48:17,853] INFO - Database verification complete
[2025-05-26 15:48:18,669] INFO - Database initialization complete
[2025-05-26 16:05:19,715] INFO - Table 'users' verified
[2025-05-26 16:05:19,758] INFO - Table 'sessions' verified
[2025-05-26 16:05:19,795] INFO - Table 'migration_versions' verified
[2025-05-26 16:05:19,832] INFO - Table 'orders' verified
[2025-05-26 16:05:19,864] WARNING - Table 'order_items' does not exist
[2025-05-26 16:05:19,864] INFO - Database verification complete
[2025-05-26 16:05:20,679] INFO - Database initialization complete
[2025-05-26 16:05:23,108] INFO - Table 'users' verified
[2025-05-26 16:05:23,139] INFO - Table 'sessions' verified
[2025-05-26 16:05:23,173] INFO - Table 'migration_versions' verified
[2025-05-26 16:05:23,218] INFO - Table 'orders' verified
[2025-05-26 16:05:23,243] WARNING - Table 'order_items' does not exist
[2025-05-26 16:05:23,244] INFO - Database verification complete
[2025-05-26 16:05:24,164] INFO - Database initialization complete
[2025-05-26 16:06:57,969] INFO - Table 'users' verified
[2025-05-26 16:06:58,010] INFO - Table 'sessions' verified
[2025-05-26 16:06:58,060] INFO - Table 'migration_versions' verified
[2025-05-26 16:06:58,093] INFO - Table 'orders' verified
[2025-05-26 16:06:58,132] WARNING - Table 'order_items' does not exist
[2025-05-26 16:06:58,132] INFO - Database verification complete
[2025-05-26 16:06:59,187] INFO - Database initialization complete
[2025-05-26 16:07:01,259] INFO - Table 'users' verified
[2025-05-26 16:07:01,292] INFO - Table 'sessions' verified
[2025-05-26 16:07:01,329] INFO - Table 'migration_versions' verified
[2025-05-26 16:07:01,368] INFO - Table 'orders' verified
[2025-05-26 16:07:01,397] WARNING - Table 'order_items' does not exist
[2025-05-26 16:07:01,397] INFO - Database verification complete
[2025-05-26 16:07:02,173] INFO - Database initialization complete
[2025-05-26 16:14:52,817] INFO - Table 'users' verified
[2025-05-26 16:14:52,845] INFO - Table 'sessions' verified
[2025-05-26 16:14:52,880] INFO - Table 'migration_versions' verified
[2025-05-26 16:14:52,919] INFO - Table 'orders' verified
[2025-05-26 16:14:52,957] WARNING - Table 'order_items' does not exist
[2025-05-26 16:14:52,957] INFO - Database verification complete
[2025-05-26 16:14:53,781] INFO - Database initialization complete
[2025-05-26 16:14:55,924] INFO - Table 'users' verified
[2025-05-26 16:14:55,959] INFO - Table 'sessions' verified
[2025-05-26 16:14:55,989] INFO - Table 'migration_versions' verified
[2025-05-26 16:14:56,020] INFO - Table 'orders' verified
[2025-05-26 16:14:56,056] WARNING - Table 'order_items' does not exist
[2025-05-26 16:14:56,056] INFO - Database verification complete
[2025-05-26 16:14:56,851] INFO - Database initialization complete
[2025-05-26 16:15:23,783] INFO - Table 'users' verified
[2025-05-26 16:15:23,823] INFO - Table 'sessions' verified
[2025-05-26 16:15:23,863] INFO - Table 'migration_versions' verified
[2025-05-26 16:15:23,917] INFO - Table 'orders' verified
[2025-05-26 16:15:23,957] WARNING - Table 'order_items' does not exist
[2025-05-26 16:15:23,957] INFO - Database verification complete
[2025-05-26 16:15:24,817] INFO - Database initialization complete
[2025-05-26 16:15:27,086] INFO - Table 'users' verified
[2025-05-26 16:15:27,128] INFO - Table 'sessions' verified
[2025-05-26 16:15:27,162] INFO - Table 'migration_versions' verified
[2025-05-26 16:15:27,194] INFO - Table 'orders' verified
[2025-05-26 16:15:27,225] WARNING - Table 'order_items' does not exist
[2025-05-26 16:15:27,225] INFO - Database verification complete
[2025-05-26 16:15:28,129] INFO - Database initialization complete
[2025-05-26 16:20:27,615] INFO - Table 'users' verified
[2025-05-26 16:20:27,653] INFO - Table 'sessions' verified
[2025-05-26 16:20:27,688] INFO - Table 'migration_versions' verified
[2025-05-26 16:20:27,722] INFO - Table 'orders' verified
[2025-05-26 16:20:27,766] WARNING - Table 'order_items' does not exist
[2025-05-26 16:20:27,766] INFO - Database verification complete
[2025-05-26 16:20:28,617] INFO - Database initialization complete
[2025-05-26 16:20:30,836] INFO - Table 'users' verified
[2025-05-26 16:20:30,863] INFO - Table 'sessions' verified
[2025-05-26 16:20:30,892] INFO - Table 'migration_versions' verified
[2025-05-26 16:20:30,924] INFO - Table 'orders' verified
[2025-05-26 16:20:30,954] WARNING - Table 'order_items' does not exist
[2025-05-26 16:20:30,954] INFO - Database verification complete
[2025-05-26 16:20:31,720] INFO - Database initialization complete
[2025-05-26 16:25:31,458] INFO - Table 'users' verified
[2025-05-26 16:25:31,483] INFO - Table 'sessions' verified
[2025-05-26 16:25:31,512] INFO - Table 'migration_versions' verified
[2025-05-26 16:25:31,545] INFO - Table 'orders' verified
[2025-05-26 16:25:31,573] WARNING - Table 'order_items' does not exist
[2025-05-26 16:25:31,573] INFO - Database verification complete
[2025-05-26 16:25:32,946] INFO - Database initialization complete
[2025-05-26 16:25:35,499] ERROR - Database verification error: Database connection failed: SSL connection has been closed unexpectedly

[2025-05-26 16:25:35,499] ERROR - Database initialization failed: Database connection failed: SSL connection has been closed unexpectedly

[2025-05-26 16:26:12,335] INFO - Table 'users' verified
[2025-05-26 16:26:12,369] INFO - Table 'sessions' verified
[2025-05-26 16:26:12,519] INFO - Table 'migration_versions' verified
[2025-05-26 16:26:12,548] INFO - Table 'orders' verified
[2025-05-26 16:26:12,733] WARNING - Table 'order_items' does not exist
[2025-05-26 16:26:12,733] INFO - Database verification complete
[2025-05-26 16:26:15,652] INFO - Database initialization complete
[2025-05-26 16:27:13,750] INFO - Table 'users' verified
[2025-05-26 16:27:13,782] INFO - Table 'sessions' verified
[2025-05-26 16:27:13,818] INFO - Table 'migration_versions' verified
[2025-05-26 16:27:13,848] INFO - Table 'orders' verified
[2025-05-26 16:27:13,875] WARNING - Table 'order_items' does not exist
[2025-05-26 16:27:13,875] INFO - Database verification complete
[2025-05-26 16:27:16,921] INFO - Database initialization complete
[2025-05-26 16:27:19,074] INFO - Table 'users' verified
[2025-05-26 16:27:19,113] INFO - Table 'sessions' verified
[2025-05-26 16:27:19,155] INFO - Table 'migration_versions' verified
[2025-05-26 16:27:19,196] INFO - Table 'orders' verified
[2025-05-26 16:27:19,229] WARNING - Table 'order_items' does not exist
[2025-05-26 16:27:19,229] INFO - Database verification complete
[2025-05-26 16:27:19,959] INFO - Database initialization complete
[2025-05-26 16:28:53,118] INFO - Table 'users' verified
[2025-05-26 16:28:53,146] INFO - Table 'sessions' verified
[2025-05-26 16:28:53,175] INFO - Table 'migration_versions' verified
[2025-05-26 16:28:53,204] INFO - Table 'orders' verified
[2025-05-26 16:28:53,233] WARNING - Table 'order_items' does not exist
[2025-05-26 16:28:53,233] INFO - Database verification complete
[2025-05-26 16:28:54,002] INFO - Database initialization complete
[2025-05-26 16:28:56,046] INFO - Table 'users' verified
[2025-05-26 16:28:56,086] INFO - Table 'sessions' verified
[2025-05-26 16:28:56,122] INFO - Table 'migration_versions' verified
[2025-05-26 16:28:56,163] INFO - Table 'orders' verified
[2025-05-26 16:28:56,199] WARNING - Table 'order_items' does not exist
[2025-05-26 16:28:56,199] INFO - Database verification complete
[2025-05-26 16:28:57,012] INFO - Database initialization complete
[2025-05-26 16:29:50,265] INFO - Table 'users' verified
[2025-05-26 16:29:50,294] INFO - Table 'sessions' verified
[2025-05-26 16:29:50,322] INFO - Table 'migration_versions' verified
[2025-05-26 16:29:50,355] INFO - Table 'orders' verified
[2025-05-26 16:29:50,389] WARNING - Table 'order_items' does not exist
[2025-05-26 16:29:50,389] INFO - Database verification complete
[2025-05-26 16:29:51,283] INFO - Database initialization complete
[2025-05-26 16:29:53,658] INFO - Table 'users' verified
[2025-05-26 16:29:53,695] INFO - Table 'sessions' verified
[2025-05-26 16:29:53,734] INFO - Table 'migration_versions' verified
[2025-05-26 16:29:53,766] INFO - Table 'orders' verified
[2025-05-26 16:29:53,796] WARNING - Table 'order_items' does not exist
[2025-05-26 16:29:53,797] INFO - Database verification complete
[2025-05-26 16:29:54,484] INFO - Database initialization complete
[2025-05-26 16:30:27,563] INFO - Table 'users' verified
[2025-05-26 16:30:27,602] INFO - Table 'sessions' verified
[2025-05-26 16:30:27,641] INFO - Table 'migration_versions' verified
[2025-05-26 16:30:27,674] INFO - Table 'orders' verified
[2025-05-26 16:30:27,711] WARNING - Table 'order_items' does not exist
[2025-05-26 16:30:27,711] INFO - Database verification complete
[2025-05-26 16:30:28,509] INFO - Database initialization complete
[2025-05-26 16:36:27,294] INFO - Table 'users' verified
[2025-05-26 16:36:27,463] INFO - Table 'sessions' verified
[2025-05-26 16:36:27,498] INFO - Table 'migration_versions' verified
[2025-05-26 16:36:27,536] INFO - Table 'orders' verified
[2025-05-26 16:36:27,576] WARNING - Table 'order_items' does not exist
[2025-05-26 16:36:27,577] INFO - Database verification complete
[2025-05-26 16:36:28,394] INFO - Database initialization complete
[2025-05-26 16:36:30,679] INFO - Table 'users' verified
[2025-05-26 16:36:30,709] INFO - Table 'sessions' verified
[2025-05-26 16:36:30,744] INFO - Table 'migration_versions' verified
[2025-05-26 16:36:30,778] INFO - Table 'orders' verified
[2025-05-26 16:36:30,809] WARNING - Table 'order_items' does not exist
[2025-05-26 16:36:30,809] INFO - Database verification complete
[2025-05-26 16:36:31,912] INFO - Database initialization complete
[2025-05-26 16:38:14,062] INFO - Table 'users' verified
[2025-05-26 16:38:14,105] INFO - Table 'sessions' verified
[2025-05-26 16:38:14,145] INFO - Table 'migration_versions' verified
[2025-05-26 16:38:14,176] INFO - Table 'orders' verified
[2025-05-26 16:38:14,205] WARNING - Table 'order_items' does not exist
[2025-05-26 16:38:14,205] INFO - Database verification complete
[2025-05-26 16:38:14,997] INFO - Database initialization complete
[2025-05-26 16:38:17,591] INFO - Table 'users' verified
[2025-05-26 16:38:17,631] INFO - Table 'sessions' verified
[2025-05-26 16:38:17,666] INFO - Table 'migration_versions' verified
[2025-05-26 16:38:17,708] INFO - Table 'orders' verified
[2025-05-26 16:38:17,745] WARNING - Table 'order_items' does not exist
[2025-05-26 16:38:17,745] INFO - Database verification complete
[2025-05-26 16:38:18,575] INFO - Database initialization complete
[2025-05-26 16:38:20,801] INFO - Table 'users' verified
[2025-05-26 16:38:20,829] INFO - Table 'sessions' verified
[2025-05-26 16:38:20,863] INFO - Table 'migration_versions' verified
[2025-05-26 16:38:20,899] INFO - Table 'orders' verified
[2025-05-26 16:38:20,926] WARNING - Table 'order_items' does not exist
[2025-05-26 16:38:20,926] INFO - Database verification complete
[2025-05-26 16:38:21,753] INFO - Database initialization complete
[2025-05-26 16:43:21,939] INFO - Table 'users' verified
[2025-05-26 16:43:21,968] INFO - Table 'sessions' verified
[2025-05-26 16:43:22,004] INFO - Table 'migration_versions' verified
[2025-05-26 16:43:22,046] INFO - Table 'orders' verified
[2025-05-26 16:43:22,082] WARNING - Table 'order_items' does not exist
[2025-05-26 16:43:22,082] INFO - Database verification complete
[2025-05-26 16:43:22,915] INFO - Database initialization complete
[2025-05-26 16:43:25,162] INFO - Table 'users' verified
[2025-05-26 16:43:25,189] INFO - Table 'sessions' verified
[2025-05-26 16:43:25,220] INFO - Table 'migration_versions' verified
[2025-05-26 16:43:25,248] INFO - Table 'orders' verified
[2025-05-26 16:43:25,277] WARNING - Table 'order_items' does not exist
[2025-05-26 16:43:25,277] INFO - Database verification complete
[2025-05-26 16:43:26,264] INFO - Database initialization complete
[2025-05-26 16:43:28,546] INFO - Table 'users' verified
[2025-05-26 16:43:28,583] INFO - Table 'sessions' verified
[2025-05-26 16:43:28,616] INFO - Table 'migration_versions' verified
[2025-05-26 16:43:28,653] INFO - Table 'orders' verified
[2025-05-26 16:43:28,691] WARNING - Table 'order_items' does not exist
[2025-05-26 16:43:28,691] INFO - Database verification complete
[2025-05-26 16:43:29,402] INFO - Database initialization complete
[2025-05-26 16:45:04,655] INFO - Table 'users' verified
[2025-05-26 16:45:04,723] INFO - Table 'sessions' verified
[2025-05-26 16:45:04,771] INFO - Table 'migration_versions' verified
[2025-05-26 16:45:04,858] INFO - Table 'orders' verified
[2025-05-26 16:45:05,002] WARNING - Table 'order_items' does not exist
[2025-05-26 16:45:05,003] INFO - Database verification complete
[2025-05-26 16:45:05,989] INFO - Database initialization complete
[2025-05-26 16:45:09,300] INFO - Table 'users' verified
[2025-05-26 16:45:09,343] INFO - Table 'sessions' verified
[2025-05-26 16:45:09,378] INFO - Table 'migration_versions' verified
[2025-05-26 16:45:09,429] INFO - Table 'orders' verified
[2025-05-26 16:45:09,473] WARNING - Table 'order_items' does not exist
[2025-05-26 16:45:09,474] INFO - Database verification complete
[2025-05-26 16:45:10,352] INFO - Database initialization complete
[2025-05-26 16:53:14,225] INFO - Table 'users' verified
[2025-05-26 16:53:14,258] INFO - Table 'sessions' verified
[2025-05-26 16:53:14,297] INFO - Table 'migration_versions' verified
[2025-05-26 16:53:14,366] INFO - Table 'orders' verified
[2025-05-26 16:53:14,392] WARNING - Table 'order_items' does not exist
[2025-05-26 16:53:14,393] INFO - Database verification complete
[2025-05-26 16:53:15,260] INFO - Database initialization complete
[2025-05-26 16:56:17,944] INFO - Table 'users' verified
[2025-05-26 16:56:17,979] INFO - Table 'sessions' verified
[2025-05-26 16:56:18,015] INFO - Table 'migration_versions' verified
[2025-05-26 16:56:18,060] INFO - Table 'orders' verified
[2025-05-26 16:56:18,101] WARNING - Table 'order_items' does not exist
[2025-05-26 16:56:18,101] INFO - Database verification complete
[2025-05-26 16:56:18,936] INFO - Database initialization complete
[2025-05-26 16:56:21,163] INFO - Table 'users' verified
[2025-05-26 16:56:21,217] INFO - Table 'sessions' verified
[2025-05-26 16:56:21,277] INFO - Table 'migration_versions' verified
[2025-05-26 16:56:21,311] INFO - Table 'orders' verified
[2025-05-26 16:56:21,343] WARNING - Table 'order_items' does not exist
[2025-05-26 16:56:21,343] INFO - Database verification complete
[2025-05-26 16:56:22,161] INFO - Database initialization complete
[2025-05-26 17:01:21,738] INFO - Table 'users' verified
[2025-05-26 17:01:21,789] INFO - Table 'sessions' verified
[2025-05-26 17:01:21,833] INFO - Table 'migration_versions' verified
[2025-05-26 17:01:21,874] INFO - Table 'orders' verified
[2025-05-26 17:01:21,924] WARNING - Table 'order_items' does not exist
[2025-05-26 17:01:21,924] INFO - Database verification complete
[2025-05-26 17:01:22,709] INFO - Database initialization complete
[2025-05-26 17:01:25,334] INFO - Table 'users' verified
[2025-05-26 17:01:25,368] INFO - Table 'sessions' verified
[2025-05-26 17:01:25,395] INFO - Table 'migration_versions' verified
[2025-05-26 17:01:25,424] INFO - Table 'orders' verified
[2025-05-26 17:01:25,456] WARNING - Table 'order_items' does not exist
[2025-05-26 17:01:25,457] INFO - Database verification complete
[2025-05-26 17:01:26,145] INFO - Database initialization complete
[2025-05-26 17:14:16,590] INFO - Table 'users' verified
[2025-05-26 17:14:16,619] INFO - Table 'sessions' verified
[2025-05-26 17:14:16,649] INFO - Table 'migration_versions' verified
[2025-05-26 17:14:16,678] INFO - Table 'orders' verified
[2025-05-26 17:14:16,711] WARNING - Table 'order_items' does not exist
[2025-05-26 17:14:16,711] INFO - Database verification complete
[2025-05-26 17:14:17,486] INFO - Database initialization complete
[2025-05-26 17:14:19,861] INFO - Table 'users' verified
[2025-05-26 17:14:19,898] INFO - Table 'sessions' verified
[2025-05-26 17:14:19,931] INFO - Table 'migration_versions' verified
[2025-05-26 17:14:19,968] INFO - Table 'orders' verified
[2025-05-26 17:14:20,003] WARNING - Table 'order_items' does not exist
[2025-05-26 17:14:20,004] INFO - Database verification complete
[2025-05-26 17:14:20,803] INFO - Database initialization complete
[2025-05-26 17:17:15,399] INFO - Table 'users' verified
[2025-05-26 17:17:15,452] INFO - Table 'sessions' verified
[2025-05-26 17:17:15,481] INFO - Table 'migration_versions' verified
[2025-05-26 17:17:15,518] INFO - Table 'orders' verified
[2025-05-26 17:17:15,567] WARNING - Table 'order_items' does not exist
[2025-05-26 17:17:15,568] INFO - Database verification complete
[2025-05-26 17:17:16,408] INFO - Database initialization complete
[2025-05-26 17:17:24,529] INFO - Table 'users' verified
[2025-05-26 17:17:24,562] INFO - Table 'sessions' verified
[2025-05-26 17:17:24,599] INFO - Table 'migration_versions' verified
[2025-05-26 17:17:24,630] INFO - Table 'orders' verified
[2025-05-26 17:17:24,658] WARNING - Table 'order_items' does not exist
[2025-05-26 17:17:24,658] INFO - Database verification complete
[2025-05-26 17:17:25,418] INFO - Database initialization complete
[2025-05-26 17:18:33,969] INFO - Table 'users' verified
[2025-05-26 17:18:33,997] INFO - Table 'sessions' verified
[2025-05-26 17:18:34,044] INFO - Table 'migration_versions' verified
[2025-05-26 17:18:34,082] INFO - Table 'orders' verified
[2025-05-26 17:18:34,127] WARNING - Table 'order_items' does not exist
[2025-05-26 17:18:34,127] INFO - Database verification complete
[2025-05-26 17:18:34,967] INFO - Database initialization complete
[2025-05-26 17:18:37,347] INFO - Table 'users' verified
[2025-05-26 17:18:37,376] INFO - Table 'sessions' verified
[2025-05-26 17:18:37,412] INFO - Table 'migration_versions' verified
[2025-05-26 17:18:37,445] INFO - Table 'orders' verified
[2025-05-26 17:18:37,476] WARNING - Table 'order_items' does not exist
[2025-05-26 17:18:37,477] INFO - Database verification complete
[2025-05-26 17:18:38,284] INFO - Database initialization complete
[2025-05-26 17:20:54,792] INFO - Table 'users' verified
[2025-05-26 17:20:54,830] INFO - Table 'sessions' verified
[2025-05-26 17:20:54,860] INFO - Table 'migration_versions' verified
[2025-05-26 17:20:54,889] INFO - Table 'orders' verified
[2025-05-26 17:20:54,933] WARNING - Table 'order_items' does not exist
[2025-05-26 17:20:54,933] INFO - Database verification complete
[2025-05-26 17:20:55,673] INFO - Database initialization complete
[2025-05-26 17:20:57,829] INFO - Table 'users' verified
[2025-05-26 17:20:57,860] INFO - Table 'sessions' verified
[2025-05-26 17:20:57,889] INFO - Table 'migration_versions' verified
[2025-05-26 17:20:57,919] INFO - Table 'orders' verified
[2025-05-26 17:20:57,949] WARNING - Table 'order_items' does not exist
[2025-05-26 17:20:57,949] INFO - Database verification complete
[2025-05-26 17:20:58,704] INFO - Database initialization complete
[2025-05-26 17:21:36,033] INFO - Table 'users' verified
[2025-05-26 17:21:36,083] INFO - Table 'sessions' verified
[2025-05-26 17:21:36,127] INFO - Table 'migration_versions' verified
[2025-05-26 17:21:36,157] INFO - Table 'orders' verified
[2025-05-26 17:21:36,190] WARNING - Table 'order_items' does not exist
[2025-05-26 17:21:36,190] INFO - Database verification complete
[2025-05-26 17:21:36,941] INFO - Database initialization complete
[2025-05-26 17:21:39,182] INFO - Table 'users' verified
[2025-05-26 17:21:39,219] INFO - Table 'sessions' verified
[2025-05-26 17:21:39,252] INFO - Table 'migration_versions' verified
[2025-05-26 17:21:39,290] INFO - Table 'orders' verified
[2025-05-26 17:21:39,331] WARNING - Table 'order_items' does not exist
[2025-05-26 17:21:39,331] INFO - Database verification complete
[2025-05-26 17:21:40,616] INFO - Database initialization complete
[2025-05-26 17:22:11,827] INFO - Table 'users' verified
[2025-05-26 17:22:11,867] INFO - Table 'sessions' verified
[2025-05-26 17:22:11,914] INFO - Table 'migration_versions' verified
[2025-05-26 17:22:11,953] INFO - Table 'orders' verified
[2025-05-26 17:22:11,989] WARNING - Table 'order_items' does not exist
[2025-05-26 17:22:11,989] INFO - Database verification complete
[2025-05-26 17:22:12,731] INFO - Database initialization complete
[2025-05-26 17:22:48,576] INFO - Table 'users' verified
[2025-05-26 17:22:48,610] INFO - Table 'sessions' verified
[2025-05-26 17:22:48,654] INFO - Table 'migration_versions' verified
[2025-05-26 17:22:48,688] INFO - Table 'orders' verified
[2025-05-26 17:22:48,725] WARNING - Table 'order_items' does not exist
[2025-05-26 17:22:48,725] INFO - Database verification complete
[2025-05-26 17:22:49,486] INFO - Database initialization complete
[2025-05-26 17:22:51,802] INFO - Table 'users' verified
[2025-05-26 17:22:51,831] INFO - Table 'sessions' verified
[2025-05-26 17:22:51,859] INFO - Table 'migration_versions' verified
[2025-05-26 17:22:51,890] INFO - Table 'orders' verified
[2025-05-26 17:22:51,919] WARNING - Table 'order_items' does not exist
[2025-05-26 17:22:51,919] INFO - Database verification complete
[2025-05-26 17:22:53,796] INFO - Database initialization complete
[2025-05-26 17:23:43,331] INFO - Table 'users' verified
[2025-05-26 17:23:43,368] INFO - Table 'sessions' verified
[2025-05-26 17:23:43,414] INFO - Table 'migration_versions' verified
[2025-05-26 17:23:43,466] INFO - Table 'orders' verified
[2025-05-26 17:23:43,495] WARNING - Table 'order_items' does not exist
[2025-05-26 17:23:43,495] INFO - Database verification complete
[2025-05-26 17:23:44,744] INFO - Database initialization complete
[2025-05-26 17:24:03,198] INFO - Table 'users' verified
[2025-05-26 17:24:03,232] INFO - Table 'sessions' verified
[2025-05-26 17:24:03,268] INFO - Table 'migration_versions' verified
[2025-05-26 17:24:03,307] INFO - Table 'orders' verified
[2025-05-26 17:24:03,346] WARNING - Table 'order_items' does not exist
[2025-05-26 17:24:03,347] INFO - Database verification complete
[2025-05-26 17:24:04,029] INFO - Database initialization complete
[2025-05-26 17:26:59,445] INFO - Table 'users' verified
[2025-05-26 17:26:59,482] INFO - Table 'sessions' verified
[2025-05-26 17:26:59,510] INFO - Table 'migration_versions' verified
[2025-05-26 17:26:59,540] INFO - Table 'orders' verified
[2025-05-26 17:26:59,568] WARNING - Table 'order_items' does not exist
[2025-05-26 17:26:59,568] INFO - Database verification complete
[2025-05-26 17:27:00,332] INFO - Database initialization complete
[2025-05-26 17:27:02,504] INFO - Table 'users' verified
[2025-05-26 17:27:02,530] INFO - Table 'sessions' verified
[2025-05-26 17:27:02,563] INFO - Table 'migration_versions' verified
[2025-05-26 17:27:02,592] INFO - Table 'orders' verified
[2025-05-26 17:27:02,622] WARNING - Table 'order_items' does not exist
[2025-05-26 17:27:02,623] INFO - Database verification complete
[2025-05-26 17:27:03,339] INFO - Database initialization complete
[2025-05-26 17:32:03,735] INFO - Table 'users' verified
[2025-05-26 17:32:03,775] INFO - Table 'sessions' verified
[2025-05-26 17:32:03,812] INFO - Table 'migration_versions' verified
[2025-05-26 17:32:03,849] INFO - Table 'orders' verified
[2025-05-26 17:32:03,883] WARNING - Table 'order_items' does not exist
[2025-05-26 17:32:03,883] INFO - Database verification complete
[2025-05-26 17:32:04,702] INFO - Database initialization complete
[2025-05-26 17:32:06,991] INFO - Table 'users' verified
[2025-05-26 17:32:07,023] INFO - Table 'sessions' verified
[2025-05-26 17:32:07,067] INFO - Table 'migration_versions' verified
[2025-05-26 17:32:07,101] INFO - Table 'orders' verified
[2025-05-26 17:32:07,142] WARNING - Table 'order_items' does not exist
[2025-05-26 17:32:07,142] INFO - Database verification complete
[2025-05-26 17:32:07,945] INFO - Database initialization complete
[2025-05-26 17:35:21,193] INFO - Table 'users' verified
[2025-05-26 17:35:21,237] INFO - Table 'sessions' verified
[2025-05-26 17:35:21,289] INFO - Table 'migration_versions' verified
[2025-05-26 17:35:21,330] INFO - Table 'orders' verified
[2025-05-26 17:35:21,363] WARNING - Table 'order_items' does not exist
[2025-05-26 17:35:21,363] INFO - Database verification complete
[2025-05-26 17:35:22,193] INFO - Database initialization complete
[2025-05-26 17:35:24,167] INFO - Table 'users' verified
[2025-05-26 17:35:24,200] INFO - Table 'sessions' verified
[2025-05-26 17:35:24,236] INFO - Table 'migration_versions' verified
[2025-05-26 17:35:24,264] INFO - Table 'orders' verified
[2025-05-26 17:35:24,294] WARNING - Table 'order_items' does not exist
[2025-05-26 17:35:24,294] INFO - Database verification complete
[2025-05-26 17:35:25,059] INFO - Database initialization complete
[2025-05-26 18:30:52,683] INFO - Table 'users' verified
[2025-05-26 18:30:52,716] INFO - Table 'sessions' verified
[2025-05-26 18:30:52,750] INFO - Table 'migration_versions' verified
[2025-05-26 18:30:52,785] INFO - Table 'orders' verified
[2025-05-26 18:30:52,814] WARNING - Table 'order_items' does not exist
[2025-05-26 18:30:52,814] INFO - Database verification complete
[2025-05-26 18:30:53,716] INFO - Database initialization complete
[2025-05-26 18:33:31,564] INFO - Table 'users' verified
[2025-05-26 18:33:31,592] INFO - Table 'sessions' verified
[2025-05-26 18:33:31,627] INFO - Table 'migration_versions' verified
[2025-05-26 18:33:31,659] INFO - Table 'orders' verified
[2025-05-26 18:33:31,687] WARNING - Table 'order_items' does not exist
[2025-05-26 18:33:31,688] INFO - Database verification complete
[2025-05-26 18:33:32,450] INFO - Database initialization complete
[2025-05-26 18:33:34,786] INFO - Table 'users' verified
[2025-05-26 18:33:34,830] INFO - Table 'sessions' verified
[2025-05-26 18:33:34,868] INFO - Table 'migration_versions' verified
[2025-05-26 18:33:34,919] INFO - Table 'orders' verified
[2025-05-26 18:33:34,958] WARNING - Table 'order_items' does not exist
[2025-05-26 18:33:34,958] INFO - Database verification complete
[2025-05-26 18:33:35,777] INFO - Database initialization complete
[2025-05-26 18:33:37,889] INFO - Table 'users' verified
[2025-05-26 18:33:37,918] INFO - Table 'sessions' verified
[2025-05-26 18:33:37,947] INFO - Table 'migration_versions' verified
[2025-05-26 18:33:37,977] INFO - Table 'orders' verified
[2025-05-26 18:33:38,006] WARNING - Table 'order_items' does not exist
[2025-05-26 18:33:38,007] INFO - Database verification complete
[2025-05-26 18:33:38,758] INFO - Database initialization complete
[2025-05-26 18:34:16,936] INFO - Table 'users' verified
[2025-05-26 18:34:16,970] INFO - Table 'sessions' verified
[2025-05-26 18:34:17,011] INFO - Table 'migration_versions' verified
[2025-05-26 18:34:17,047] INFO - Table 'orders' verified
[2025-05-26 18:34:17,085] WARNING - Table 'order_items' does not exist
[2025-05-26 18:34:17,085] INFO - Database verification complete
[2025-05-26 18:34:18,898] INFO - Database initialization complete
[2025-05-26 18:34:21,949] INFO - Table 'users' verified
[2025-05-26 18:34:21,990] INFO - Table 'sessions' verified
[2025-05-26 18:34:22,022] INFO - Table 'migration_versions' verified
[2025-05-26 18:34:22,052] INFO - Table 'orders' verified
[2025-05-26 18:34:22,081] WARNING - Table 'order_items' does not exist
[2025-05-26 18:34:22,082] INFO - Database verification complete
[2025-05-26 18:34:22,864] INFO - Database initialization complete
[2025-05-26 18:43:38,591] INFO - Table 'users' verified
[2025-05-26 18:43:38,660] INFO - Table 'sessions' verified
[2025-05-26 18:43:38,735] INFO - Table 'migration_versions' verified
[2025-05-26 18:43:38,772] INFO - Table 'orders' verified
[2025-05-26 18:43:38,804] WARNING - Table 'order_items' does not exist
[2025-05-26 18:43:38,804] INFO - Database verification complete
[2025-05-26 18:43:39,571] INFO - Database initialization complete
[2025-05-26 18:43:41,802] INFO - Table 'users' verified
[2025-05-26 18:43:41,841] INFO - Table 'sessions' verified
[2025-05-26 18:43:41,878] INFO - Table 'migration_versions' verified
[2025-05-26 18:43:41,913] INFO - Table 'orders' verified
[2025-05-26 18:43:41,948] WARNING - Table 'order_items' does not exist
[2025-05-26 18:43:41,948] INFO - Database verification complete
[2025-05-26 18:43:42,716] INFO - Database initialization complete
[2025-05-26 18:44:19,567] INFO - Table 'users' verified
[2025-05-26 18:44:19,597] INFO - Table 'sessions' verified
[2025-05-26 18:44:19,624] INFO - Table 'migration_versions' verified
[2025-05-26 18:44:19,655] INFO - Table 'orders' verified
[2025-05-26 18:44:19,686] WARNING - Table 'order_items' does not exist
[2025-05-26 18:44:19,686] INFO - Database verification complete
[2025-05-26 18:44:20,553] INFO - Database initialization complete
[2025-05-26 18:44:46,837] INFO - Table 'users' verified
[2025-05-26 18:44:46,864] INFO - Table 'sessions' verified
[2025-05-26 18:44:46,900] INFO - Table 'migration_versions' verified
[2025-05-26 18:44:46,934] INFO - Table 'orders' verified
[2025-05-26 18:44:46,963] WARNING - Table 'order_items' does not exist
[2025-05-26 18:44:46,963] INFO - Database verification complete
[2025-05-26 18:44:47,829] INFO - Database initialization complete
[2025-05-26 18:44:49,869] INFO - Table 'users' verified
[2025-05-26 18:44:49,898] INFO - Table 'sessions' verified
[2025-05-26 18:44:49,930] INFO - Table 'migration_versions' verified
[2025-05-26 18:44:49,968] INFO - Table 'orders' verified
[2025-05-26 18:44:50,002] WARNING - Table 'order_items' does not exist
[2025-05-26 18:44:50,002] INFO - Database verification complete
[2025-05-26 18:44:50,748] INFO - Database initialization complete
[2025-05-26 18:45:57,265] INFO - Table 'users' verified
[2025-05-26 18:45:57,306] INFO - Table 'sessions' verified
[2025-05-26 18:45:57,348] INFO - Table 'migration_versions' verified
[2025-05-26 18:45:57,382] INFO - Table 'orders' verified
[2025-05-26 18:45:57,417] WARNING - Table 'order_items' does not exist
[2025-05-26 18:45:57,417] INFO - Database verification complete
[2025-05-26 18:45:58,313] INFO - Database initialization complete
[2025-05-26 18:46:00,596] INFO - Table 'users' verified
[2025-05-26 18:46:00,645] INFO - Table 'sessions' verified
[2025-05-26 18:46:00,680] INFO - Table 'migration_versions' verified
[2025-05-26 18:46:00,711] INFO - Table 'orders' verified
[2025-05-26 18:46:00,756] WARNING - Table 'order_items' does not exist
[2025-05-26 18:46:00,756] INFO - Database verification complete
[2025-05-26 18:46:01,588] INFO - Database initialization complete
[2025-05-26 18:46:38,658] INFO - Table 'users' verified
[2025-05-26 18:46:38,686] INFO - Table 'sessions' verified
[2025-05-26 18:46:38,715] INFO - Table 'migration_versions' verified
[2025-05-26 18:46:38,745] INFO - Table 'orders' verified
[2025-05-26 18:46:38,777] WARNING - Table 'order_items' does not exist
[2025-05-26 18:46:38,777] INFO - Database verification complete
[2025-05-26 18:46:39,524] INFO - Database initialization complete
[2025-05-26 18:47:10,061] INFO - Table 'users' verified
[2025-05-26 18:47:10,096] INFO - Table 'sessions' verified
[2025-05-26 18:47:10,145] INFO - Table 'migration_versions' verified
[2025-05-26 18:47:10,192] INFO - Table 'orders' verified
[2025-05-26 18:47:10,231] WARNING - Table 'order_items' does not exist
[2025-05-26 18:47:10,231] INFO - Database verification complete
[2025-05-26 18:47:11,031] INFO - Database initialization complete
[2025-05-26 18:47:13,203] INFO - Table 'users' verified
[2025-05-26 18:47:13,356] INFO - Table 'sessions' verified
[2025-05-26 18:47:13,389] INFO - Table 'migration_versions' verified
[2025-05-26 18:47:13,423] INFO - Table 'orders' verified
[2025-05-26 18:47:13,464] WARNING - Table 'order_items' does not exist
[2025-05-26 18:47:13,464] INFO - Database verification complete
[2025-05-26 18:47:14,243] INFO - Database initialization complete
[2025-05-26 18:47:37,818] INFO - Table 'users' verified
[2025-05-26 18:47:37,856] INFO - Table 'sessions' verified
[2025-05-26 18:47:37,896] INFO - Table 'migration_versions' verified
[2025-05-26 18:47:37,929] INFO - Table 'orders' verified
[2025-05-26 18:47:37,976] WARNING - Table 'order_items' does not exist
[2025-05-26 18:47:37,976] INFO - Database verification complete
[2025-05-26 18:47:38,717] INFO - Database initialization complete
[2025-05-26 18:47:40,960] INFO - Table 'users' verified
[2025-05-26 18:47:40,992] INFO - Table 'sessions' verified
[2025-05-26 18:47:41,028] INFO - Table 'migration_versions' verified
[2025-05-26 18:47:41,059] INFO - Table 'orders' verified
[2025-05-26 18:47:41,103] WARNING - Table 'order_items' does not exist
[2025-05-26 18:47:41,104] INFO - Database verification complete
[2025-05-26 18:47:41,825] INFO - Database initialization complete
[2025-05-26 18:50:50,127] INFO - Table 'users' verified
[2025-05-26 18:50:50,155] INFO - Table 'sessions' verified
[2025-05-26 18:50:50,184] INFO - Table 'migration_versions' verified
[2025-05-26 18:50:50,214] INFO - Table 'orders' verified
[2025-05-26 18:50:50,245] WARNING - Table 'order_items' does not exist
[2025-05-26 18:50:50,245] INFO - Database verification complete
[2025-05-26 18:50:51,051] INFO - Database initialization complete
[2025-05-26 18:50:53,611] INFO - Table 'users' verified
[2025-05-26 18:50:53,651] INFO - Table 'sessions' verified
[2025-05-26 18:50:53,679] INFO - Table 'migration_versions' verified
[2025-05-26 18:50:53,718] INFO - Table 'orders' verified
[2025-05-26 18:50:53,749] WARNING - Table 'order_items' does not exist
[2025-05-26 18:50:53,749] INFO - Database verification complete
[2025-05-26 18:50:54,456] INFO - Database initialization complete
[2025-05-26 19:19:13,956] INFO - Table 'users' verified
[2025-05-26 19:19:13,989] INFO - Table 'sessions' verified
[2025-05-26 19:19:14,019] INFO - Table 'migration_versions' verified
[2025-05-26 19:19:14,051] INFO - Table 'orders' verified
[2025-05-26 19:19:14,088] WARNING - Table 'order_items' does not exist
[2025-05-26 19:19:14,088] INFO - Database verification complete
[2025-05-26 19:19:14,810] INFO - Database initialization complete
[2025-05-26 19:19:16,986] INFO - Table 'users' verified
[2025-05-26 19:19:17,015] INFO - Table 'sessions' verified
[2025-05-26 19:19:17,057] INFO - Table 'migration_versions' verified
[2025-05-26 19:19:17,094] INFO - Table 'orders' verified
[2025-05-26 19:19:17,127] WARNING - Table 'order_items' does not exist
[2025-05-26 19:19:17,127] INFO - Database verification complete
[2025-05-26 19:19:17,855] INFO - Database initialization complete
[2025-05-26 21:16:24,825] INFO - Table 'users' verified
[2025-05-26 21:16:24,854] INFO - Table 'sessions' verified
[2025-05-26 21:16:24,891] INFO - Table 'migration_versions' verified
[2025-05-26 21:16:24,930] INFO - Table 'orders' verified
[2025-05-26 21:16:24,993] WARNING - Table 'order_items' does not exist
[2025-05-26 21:16:24,993] INFO - Database verification complete
[2025-05-26 21:16:25,765] INFO - Database initialization complete
[2025-05-26 22:09:42,358] INFO - Table 'users' verified
[2025-05-26 22:09:42,493] INFO - Table 'sessions' verified
[2025-05-26 22:09:42,664] INFO - Table 'migration_versions' verified
[2025-05-26 22:09:42,865] INFO - Table 'orders' verified
[2025-05-26 22:09:43,103] WARNING - Table 'order_items' does not exist
[2025-05-26 22:09:43,103] INFO - Database verification complete
[2025-05-26 22:09:44,989] INFO - Database initialization complete
[2025-05-26 22:09:50,592] INFO - Table 'users' verified
[2025-05-26 22:09:50,639] INFO - Table 'sessions' verified
[2025-05-26 22:09:50,694] INFO - Table 'migration_versions' verified
[2025-05-26 22:09:50,732] INFO - Table 'orders' verified
[2025-05-26 22:09:50,770] WARNING - Table 'order_items' does not exist
[2025-05-26 22:09:50,770] INFO - Database verification complete
[2025-05-26 22:09:53,658] INFO - Database initialization complete
[2025-05-26 22:14:49,197] INFO - Table 'users' verified
[2025-05-26 22:14:49,292] INFO - Table 'sessions' verified
[2025-05-26 22:14:49,478] INFO - Table 'migration_versions' verified
[2025-05-26 22:14:49,527] INFO - Table 'orders' verified
[2025-05-26 22:14:49,632] WARNING - Table 'order_items' does not exist
[2025-05-26 22:14:49,632] INFO - Database verification complete
[2025-05-26 22:14:51,259] INFO - Database initialization complete
[2025-05-26 22:24:50,305] INFO - Table 'users' verified
[2025-05-26 22:24:50,347] INFO - Table 'sessions' verified
[2025-05-26 22:24:50,405] INFO - Table 'migration_versions' verified
[2025-05-26 22:24:50,473] INFO - Table 'orders' verified
[2025-05-26 22:24:50,533] WARNING - Table 'order_items' does not exist
[2025-05-26 22:24:50,533] INFO - Database verification complete
[2025-05-26 22:24:53,427] INFO - Database initialization complete
[2025-05-26 22:24:56,791] INFO - Table 'users' verified
[2025-05-26 22:24:56,829] INFO - Table 'sessions' verified
[2025-05-26 22:24:56,932] INFO - Table 'migration_versions' verified
[2025-05-26 22:24:57,076] INFO - Table 'orders' verified
[2025-05-26 22:24:57,199] WARNING - Table 'order_items' does not exist
[2025-05-26 22:24:57,199] INFO - Database verification complete
[2025-05-26 22:25:00,478] INFO - Database initialization complete
[2025-05-26 22:31:09,765] INFO - Table 'users' verified
[2025-05-26 22:31:09,817] INFO - Table 'sessions' verified
[2025-05-26 22:31:09,875] INFO - Table 'migration_versions' verified
[2025-05-26 22:31:09,953] INFO - Table 'orders' verified
[2025-05-26 22:31:10,071] WARNING - Table 'order_items' does not exist
[2025-05-26 22:31:10,072] INFO - Database verification complete
[2025-05-26 22:31:12,451] INFO - Database initialization complete
[2025-05-26 22:31:16,125] INFO - Table 'users' verified
[2025-05-26 22:31:16,266] INFO - Table 'sessions' verified
[2025-05-26 22:31:16,479] INFO - Table 'migration_versions' verified
[2025-05-26 22:31:16,639] INFO - Table 'orders' verified
[2025-05-26 22:31:16,918] WARNING - Table 'order_items' does not exist
[2025-05-26 22:31:16,918] INFO - Database verification complete
[2025-05-26 22:31:18,821] INFO - Database initialization complete
[2025-05-26 22:39:25,527] INFO - Table 'users' verified
[2025-05-26 22:39:25,622] INFO - Table 'sessions' verified
[2025-05-26 22:39:25,711] INFO - Table 'migration_versions' verified
[2025-05-26 22:39:25,743] INFO - Table 'orders' verified
[2025-05-26 22:39:25,779] WARNING - Table 'order_items' does not exist
[2025-05-26 22:39:25,779] INFO - Database verification complete
[2025-05-26 22:39:26,525] INFO - Database initialization complete
[2025-05-26 22:39:52,144] INFO - Table 'users' verified
[2025-05-26 22:39:52,183] INFO - Table 'sessions' verified
[2025-05-26 22:39:52,216] INFO - Table 'migration_versions' verified
[2025-05-26 22:39:52,257] INFO - Table 'orders' verified
[2025-05-26 22:39:52,301] WARNING - Table 'order_items' does not exist
[2025-05-26 22:39:52,301] INFO - Database verification complete
[2025-05-26 22:39:53,009] INFO - Database initialization complete
[2025-05-26 22:41:06,629] INFO - Table 'users' verified
[2025-05-26 22:41:06,662] INFO - Table 'sessions' verified
[2025-05-26 22:41:06,698] INFO - Table 'migration_versions' verified
[2025-05-26 22:41:06,731] INFO - Table 'orders' verified
[2025-05-26 22:41:06,762] WARNING - Table 'order_items' does not exist
[2025-05-26 22:41:06,763] INFO - Database verification complete
[2025-05-26 22:41:07,627] INFO - Database initialization complete
[2025-05-26 22:41:11,049] INFO - Table 'users' verified
[2025-05-26 22:41:11,076] INFO - Table 'sessions' verified
[2025-05-26 22:41:11,275] INFO - Table 'migration_versions' verified
[2025-05-26 22:41:11,309] INFO - Table 'orders' verified
[2025-05-26 22:41:11,493] WARNING - Table 'order_items' does not exist
[2025-05-26 22:41:11,493] INFO - Database verification complete
[2025-05-26 22:41:12,422] INFO - Database initialization complete
[2025-05-26 22:43:05,293] INFO - Table 'users' verified
[2025-05-26 22:43:05,332] INFO - Table 'sessions' verified
[2025-05-26 22:43:05,404] INFO - Table 'migration_versions' verified
[2025-05-26 22:43:05,455] INFO - Table 'orders' verified
[2025-05-26 22:43:05,492] WARNING - Table 'order_items' does not exist
[2025-05-26 22:43:05,492] INFO - Database verification complete
[2025-05-26 22:43:06,249] INFO - Database initialization complete
[2025-05-26 22:43:08,344] INFO - Table 'users' verified
[2025-05-26 22:43:08,375] INFO - Table 'sessions' verified
[2025-05-26 22:43:08,405] INFO - Table 'migration_versions' verified
[2025-05-26 22:43:08,442] INFO - Table 'orders' verified
[2025-05-26 22:43:08,473] WARNING - Table 'order_items' does not exist
[2025-05-26 22:43:08,473] INFO - Database verification complete
[2025-05-26 22:43:09,194] INFO - Database initialization complete
[2025-05-26 22:44:58,370] INFO - Table 'users' verified
[2025-05-26 22:44:58,411] INFO - Table 'sessions' verified
[2025-05-26 22:44:58,448] INFO - Table 'migration_versions' verified
[2025-05-26 22:44:58,484] INFO - Table 'orders' verified
[2025-05-26 22:44:58,519] WARNING - Table 'order_items' does not exist
[2025-05-26 22:44:58,519] INFO - Database verification complete
[2025-05-26 22:44:59,231] INFO - Database initialization complete
[2025-05-26 22:47:15,106] INFO - Table 'users' verified
[2025-05-26 22:47:15,141] INFO - Table 'sessions' verified
[2025-05-26 22:47:15,186] INFO - Table 'migration_versions' verified
[2025-05-26 22:47:15,223] INFO - Table 'orders' verified
[2025-05-26 22:47:15,256] WARNING - Table 'order_items' does not exist
[2025-05-26 22:47:15,256] INFO - Database verification complete
[2025-05-26 22:47:16,100] INFO - Database initialization complete
[2025-05-27 18:51:25,295] INFO - Table 'users' verified
[2025-05-27 18:51:25,327] INFO - Table 'sessions' verified
[2025-05-27 18:51:25,354] INFO - Table 'migration_versions' verified
[2025-05-27 18:51:25,385] INFO - Table 'orders' verified
[2025-05-27 18:51:25,413] WARNING - Table 'order_items' does not exist
[2025-05-27 18:51:25,413] INFO - Database verification complete
[2025-05-27 18:51:26,241] INFO - Database initialization complete
[2025-05-27 19:10:45,124] INFO - Table 'users' verified
[2025-05-27 19:10:45,155] INFO - Table 'sessions' verified
[2025-05-27 19:10:45,186] INFO - Table 'migration_versions' verified
[2025-05-27 19:10:45,240] INFO - Table 'orders' verified
[2025-05-27 19:10:45,278] WARNING - Table 'order_items' does not exist
[2025-05-27 19:10:45,278] INFO - Database verification complete
[2025-05-27 19:10:46,135] INFO - Database initialization complete
[2025-05-27 19:29:41,875] INFO - Table 'users' verified
[2025-05-27 19:29:41,911] INFO - Table 'sessions' verified
[2025-05-27 19:29:41,959] INFO - Table 'migration_versions' verified
[2025-05-27 19:29:42,018] INFO - Table 'orders' verified
[2025-05-27 19:29:42,053] WARNING - Table 'order_items' does not exist
[2025-05-27 19:29:42,054] INFO - Database verification complete
[2025-05-27 19:29:42,828] INFO - Database initialization complete
[2025-05-27 19:43:55,086] INFO - Table 'users' verified
[2025-05-27 19:43:55,124] INFO - Table 'sessions' verified
[2025-05-27 19:43:55,164] INFO - Table 'migration_versions' verified
[2025-05-27 19:43:55,208] INFO - Table 'orders' verified
[2025-05-27 19:43:55,239] WARNING - Table 'order_items' does not exist
[2025-05-27 19:43:55,240] INFO - Database verification complete
[2025-05-27 19:43:56,004] INFO - Database initialization complete
[2025-05-27 21:38:03,238] INFO - Table 'users' verified
[2025-05-27 21:38:03,272] INFO - Table 'sessions' verified
[2025-05-27 21:38:03,309] INFO - Table 'migration_versions' verified
[2025-05-27 21:38:03,337] INFO - Table 'orders' verified
[2025-05-27 21:38:03,371] WARNING - Table 'order_items' does not exist
[2025-05-27 21:38:03,371] INFO - Database verification complete
[2025-05-27 21:38:04,101] INFO - Database initialization complete
[2025-05-27 22:16:03,743] INFO - Table 'users' verified
[2025-05-27 22:16:03,789] INFO - Table 'sessions' verified
[2025-05-27 22:16:03,833] INFO - Table 'migration_versions' verified
[2025-05-27 22:16:03,878] INFO - Table 'orders' verified
[2025-05-27 22:16:03,915] WARNING - Table 'order_items' does not exist
[2025-05-27 22:16:03,915] INFO - Database verification complete
[2025-05-27 22:16:04,686] INFO - Database initialization complete
[2025-05-29 11:42:43,508] INFO - Table 'users' verified
[2025-05-29 11:42:43,547] INFO - Table 'sessions' verified
[2025-05-29 11:42:43,583] INFO - Table 'migration_versions' verified
[2025-05-29 11:42:43,616] INFO - Table 'orders' verified
[2025-05-29 11:42:43,660] WARNING - Table 'order_items' does not exist
[2025-05-29 11:42:43,660] INFO - Database verification complete
[2025-05-29 11:42:44,528] INFO - Database initialization complete
[2025-05-29 12:34:08,975] INFO - Table 'users' verified
[2025-05-29 12:34:09,008] INFO - Table 'sessions' verified
[2025-05-29 12:34:09,049] INFO - Table 'migration_versions' verified
[2025-05-29 12:34:09,084] INFO - Table 'orders' verified
[2025-05-29 12:34:09,113] WARNING - Table 'order_items' does not exist
[2025-05-29 12:34:09,113] INFO - Database verification complete
[2025-05-29 12:34:09,971] INFO - Database initialization complete
[2025-05-29 14:28:46,996] INFO - Table 'users' verified
[2025-05-29 14:28:47,036] INFO - Table 'sessions' verified
[2025-05-29 14:28:47,069] INFO - Table 'migration_versions' verified
[2025-05-29 14:28:47,105] INFO - Table 'orders' verified
[2025-05-29 14:28:47,139] WARNING - Table 'order_items' does not exist
[2025-05-29 14:28:47,140] INFO - Database verification complete
[2025-05-29 14:28:47,891] INFO - Database initialization complete
[2025-05-29 18:41:12,746] INFO - Table 'users' verified
[2025-05-29 18:41:12,781] INFO - Table 'sessions' verified
[2025-05-29 18:41:12,816] INFO - Table 'migration_versions' verified
[2025-05-29 18:41:12,852] INFO - Table 'orders' verified
[2025-05-29 18:41:12,898] WARNING - Table 'order_items' does not exist
[2025-05-29 18:41:12,898] INFO - Database verification complete
[2025-05-29 18:41:13,860] INFO - Database initialization complete
