[2025-03-11 19:07:27,834] INFO - Auth services module initialized
[2025-03-11 19:08:55,355] INFO - Creating auth session for wallet: 0x0300B70e40F138927e3a988ce4A9a069Ff875336
[2025-03-11 19:08:55,355] INFO - Session created successfully with nonce: db815e7300f06bc7430d5a5d122bc49cdb572dc3732fa451cd020a4120812830
[2025-03-11 19:08:56,998] INFO - Starting signature verification for wallet: 0x0300B70e40F138927e3a988ce4A9a069Ff875336
[2025-03-11 19:08:56,998] INFO - Verifying Ethereum signature for wallet: 0x0300B70e40F138927e3a988ce4A9a069Ff875336
[2025-03-11 19:08:57,014] INFO - Generating JWT token for wallet: 0x0300B70e40F138927e3a988ce4A9a069Ff875336
[2025-03-11 19:08:57,016] INFO - Authentication successful for wallet: 0x0300B70e40F138927e3a988ce4A9a069Ff875336
[2025-03-11 22:42:59,842] INFO - Auth services module initialized
[2025-03-11 22:43:43,660] INFO - Creating auth session for wallet: 0x0300B70e40F138927e3a988ce4A9a069Ff875336
[2025-03-11 22:43:43,660] INFO - Session created successfully with nonce: d27155e88e8954f5da092fc267fa29932bc9a06df08ccb946c2cb581a09f1cc3
[2025-03-11 22:43:57,191] INFO - Creating auth session for wallet: 0x0300B70e40F138927e3a988ce4A9a069Ff875336
[2025-03-11 22:43:57,191] INFO - Session created successfully with nonce: eb244a19118950073686643974158d1790123f54ffdff5390d4100c671821c74
[2025-03-11 22:43:59,281] INFO - Starting signature verification for wallet: 0x0300B70e40F138927e3a988ce4A9a069Ff875336
[2025-03-11 22:43:59,281] INFO - Verifying Ethereum signature for wallet: 0x0300B70e40F138927e3a988ce4A9a069Ff875336
[2025-03-11 22:43:59,298] INFO - Generating JWT token for wallet: 0x0300B70e40F138927e3a988ce4A9a069Ff875336
[2025-03-11 22:43:59,303] INFO - Authentication successful for wallet: 0x0300B70e40F138927e3a988ce4A9a069Ff875336
[2025-03-11 22:45:15,574] INFO - Creating auth session for wallet: 0x0300B70e40F138927e3a988ce4A9a069Ff875336
[2025-03-11 22:45:15,574] INFO - Session created successfully with nonce: 26d328cabd6714f2cffabfcd70617b72365d801247046769b4c17d27fc6b2ec1
[2025-03-11 22:45:17,025] INFO - Creating auth session for wallet: 0x0300B70e40F138927e3a988ce4A9a069Ff875336
[2025-03-11 22:45:17,025] INFO - Session created successfully with nonce: 8784298d495c4f7568ff5eb43c5813677b97f8632719f4dd4c2cc99581972a02
[2025-03-11 22:45:17,722] INFO - Starting signature verification for wallet: 0x0300B70e40F138927e3a988ce4A9a069Ff875336
[2025-03-11 22:45:17,722] ERROR - Invalid or expired nonce for wallet: 0x0300B70e40F138927e3a988ce4A9a069Ff875336
[2025-03-11 22:45:18,372] INFO - Starting signature verification for wallet: 0x0300B70e40F138927e3a988ce4A9a069Ff875336
[2025-03-11 22:45:18,372] INFO - Verifying Ethereum signature for wallet: 0x0300B70e40F138927e3a988ce4A9a069Ff875336
[2025-03-11 22:45:18,382] INFO - Generating JWT token for wallet: 0x0300B70e40F138927e3a988ce4A9a069Ff875336
[2025-03-11 22:45:18,383] INFO - Authentication successful for wallet: 0x0300B70e40F138927e3a988ce4A9a069Ff875336
[2025-03-11 22:45:23,392] INFO - Creating auth session for wallet: 0x0300B70e40F138927e3a988ce4A9a069Ff875336
[2025-03-11 22:45:23,394] INFO - Session created successfully with nonce: b1b6e6a0fcf7d5bdea2dddeca247cf31fd10c1a71778d0b51055bd45dc01a6ec
[2025-03-11 22:45:24,827] INFO - Creating auth session for wallet: 0x0300B70e40F138927e3a988ce4A9a069Ff875336
[2025-03-11 22:45:24,827] INFO - Session created successfully with nonce: f7e6d7cd6eca5e927b9a785ede5ab27f9a557f95d469122d88f2bcc58c17cf1b
[2025-03-11 22:45:25,271] INFO - Starting signature verification for wallet: 0x0300B70e40F138927e3a988ce4A9a069Ff875336
[2025-03-11 22:45:25,271] ERROR - Invalid or expired nonce for wallet: 0x0300B70e40F138927e3a988ce4A9a069Ff875336
[2025-03-11 22:45:25,769] INFO - Starting signature verification for wallet: 0x0300B70e40F138927e3a988ce4A9a069Ff875336
[2025-03-11 22:45:25,770] INFO - Verifying Ethereum signature for wallet: 0x0300B70e40F138927e3a988ce4A9a069Ff875336
[2025-03-11 22:45:25,777] INFO - Generating JWT token for wallet: 0x0300B70e40F138927e3a988ce4A9a069Ff875336
[2025-03-11 22:45:25,778] INFO - Authentication successful for wallet: 0x0300B70e40F138927e3a988ce4A9a069Ff875336
[2025-03-11 22:45:30,210] INFO - Creating auth session for wallet: 0x0300B70e40F138927e3a988ce4A9a069Ff875336
[2025-03-11 22:45:30,210] INFO - Session created successfully with nonce: 90a490a0e85ebcd9f5a33447d345594dec07d39f4bf4c1d79caa84ae3c27bc0c
[2025-03-11 22:45:31,598] INFO - Starting signature verification for wallet: 0x0300B70e40F138927e3a988ce4A9a069Ff875336
[2025-03-11 22:45:31,598] INFO - Verifying Ethereum signature for wallet: 0x0300B70e40F138927e3a988ce4A9a069Ff875336
[2025-03-11 22:45:31,607] INFO - Generating JWT token for wallet: 0x0300B70e40F138927e3a988ce4A9a069Ff875336
[2025-03-11 22:45:31,607] INFO - Authentication successful for wallet: 0x0300B70e40F138927e3a988ce4A9a069Ff875336
[2025-03-11 22:53:08,188] INFO - Creating auth session for wallet: 0x0300B70e40F138927e3a988ce4A9a069Ff875336
[2025-03-11 22:53:08,188] INFO - Session created successfully with nonce: 6ed13ef8ac8b69887ae857eaea88fd9711b78df13f481bae83c7297c7261817c
[2025-03-11 22:53:10,040] INFO - Creating auth session for wallet: 0x0300B70e40F138927e3a988ce4A9a069Ff875336
[2025-03-11 22:53:10,040] INFO - Session created successfully with nonce: eff990fc6ea2fdb12914f0c8f670380b2563ea5a96b7d0f0ba13ea61c63342fa
[2025-03-11 22:53:10,703] INFO - Starting signature verification for wallet: 0x0300B70e40F138927e3a988ce4A9a069Ff875336
[2025-03-11 22:53:10,703] ERROR - Invalid or expired nonce for wallet: 0x0300B70e40F138927e3a988ce4A9a069Ff875336
[2025-03-11 22:53:11,405] INFO - Starting signature verification for wallet: 0x0300B70e40F138927e3a988ce4A9a069Ff875336
[2025-03-11 22:53:11,406] INFO - Verifying Ethereum signature for wallet: 0x0300B70e40F138927e3a988ce4A9a069Ff875336
[2025-03-11 22:53:11,413] INFO - Generating JWT token for wallet: 0x0300B70e40F138927e3a988ce4A9a069Ff875336
[2025-03-11 22:53:11,414] INFO - Authentication successful for wallet: 0x0300B70e40F138927e3a988ce4A9a069Ff875336
[2025-03-11 22:53:26,512] INFO - Creating auth session for wallet: 0x0300B70e40F138927e3a988ce4A9a069Ff875336
[2025-03-11 22:53:26,512] INFO - Session created successfully with nonce: a7f3e0e98426401ea280993a8297f2efc136e3acfbfb95ce5903f3116bedd63a
[2025-03-11 22:54:06,279] INFO - Creating auth session for wallet: 0x0300B70e40F138927e3a988ce4A9a069Ff875336
[2025-03-11 22:54:06,279] INFO - Session created successfully with nonce: dfd272c7123bb3dc864226bcaa5ab8659fbe9eb6276c47b0f7d9534c01d7c032
[2025-03-11 22:54:11,350] INFO - Starting signature verification for wallet: 0x0300B70e40F138927e3a988ce4A9a069Ff875336
[2025-03-11 22:54:11,350] INFO - Verifying Ethereum signature for wallet: 0x0300B70e40F138927e3a988ce4A9a069Ff875336
[2025-03-11 22:54:11,360] INFO - Generating JWT token for wallet: 0x0300B70e40F138927e3a988ce4A9a069Ff875336
[2025-03-11 22:54:11,362] INFO - Authentication successful for wallet: 0x0300B70e40F138927e3a988ce4A9a069Ff875336
[2025-03-11 22:54:22,932] INFO - Creating auth session for wallet: 0x0300B70e40F138927e3a988ce4A9a069Ff875336
[2025-03-11 22:54:22,932] INFO - Session created successfully with nonce: 99753a823aba9393e87681746e3c893157c53fd6e9c73a314717a6e116b6b8f1
[2025-03-11 22:54:24,253] INFO - Creating auth session for wallet: 0x0300B70e40F138927e3a988ce4A9a069Ff875336
[2025-03-11 22:54:24,254] INFO - Session created successfully with nonce: 66f43cd825396e6dedf1c0c0179a30419955da522676aa5aed2a1d7ab3a36968
[2025-03-11 22:54:25,349] INFO - Starting signature verification for wallet: 0x0300B70e40F138927e3a988ce4A9a069Ff875336
[2025-03-11 22:54:25,350] ERROR - Invalid or expired nonce for wallet: 0x0300B70e40F138927e3a988ce4A9a069Ff875336
[2025-03-11 22:54:25,794] INFO - Starting signature verification for wallet: 0x0300B70e40F138927e3a988ce4A9a069Ff875336
[2025-03-11 22:54:25,794] INFO - Verifying Ethereum signature for wallet: 0x0300B70e40F138927e3a988ce4A9a069Ff875336
[2025-03-11 22:54:25,808] INFO - Generating JWT token for wallet: 0x0300B70e40F138927e3a988ce4A9a069Ff875336
[2025-03-11 22:54:25,809] INFO - Authentication successful for wallet: 0x0300B70e40F138927e3a988ce4A9a069Ff875336
[2025-03-11 23:04:16,657] INFO - Creating auth session for wallet: 0x0300B70e40F138927e3a988ce4A9a069Ff875336
[2025-03-11 23:04:16,658] INFO - Session created successfully with nonce: ef9b1349d5a82d7f448219cf9fcbed196cb9f4ef2f32d79593f8953ef8b6e17f
[2025-03-11 23:04:18,071] INFO - Starting signature verification for wallet: 0x0300B70e40F138927e3a988ce4A9a069Ff875336
[2025-03-11 23:04:18,071] INFO - Verifying Ethereum signature for wallet: 0x0300B70e40F138927e3a988ce4A9a069Ff875336
[2025-03-11 23:04:18,087] INFO - Generating JWT token for wallet: 0x0300B70e40F138927e3a988ce4A9a069Ff875336
[2025-03-11 23:04:18,088] INFO - Authentication successful for wallet: 0x0300B70e40F138927e3a988ce4A9a069Ff875336
[2025-03-11 23:04:36,615] INFO - Creating auth session for wallet: 0x0300B70e40F138927e3a988ce4A9a069Ff875336
[2025-03-11 23:04:36,615] INFO - Session created successfully with nonce: a29f372346c7832c9b411af294dcc79dd3eebb5e07c22ccac9bfde7d05cf2685
[2025-03-11 23:04:38,145] INFO - Creating auth session for wallet: 0x0300B70e40F138927e3a988ce4A9a069Ff875336
[2025-03-11 23:04:38,146] INFO - Session created successfully with nonce: ac8101bd4ae4fc38a38d8b9666e4ea6f1ad20618c2ffcfec46faff810f67084c
[2025-03-11 23:04:38,594] INFO - Starting signature verification for wallet: 0x0300B70e40F138927e3a988ce4A9a069Ff875336
[2025-03-11 23:04:38,595] ERROR - Invalid or expired nonce for wallet: 0x0300B70e40F138927e3a988ce4A9a069Ff875336
[2025-03-11 23:04:39,011] INFO - Starting signature verification for wallet: 0x0300B70e40F138927e3a988ce4A9a069Ff875336
[2025-03-11 23:04:39,011] INFO - Verifying Ethereum signature for wallet: 0x0300B70e40F138927e3a988ce4A9a069Ff875336
[2025-03-11 23:04:39,028] INFO - Generating JWT token for wallet: 0x0300B70e40F138927e3a988ce4A9a069Ff875336
[2025-03-11 23:04:39,029] INFO - Authentication successful for wallet: 0x0300B70e40F138927e3a988ce4A9a069Ff875336
[2025-03-11 23:40:58,122] INFO - Creating auth session for wallet: 0x0300B70e40F138927e3a988ce4A9a069Ff875336
[2025-03-11 23:40:58,123] INFO - Session created successfully with nonce: 15bf895e9b648bd2236e6923922bbcc5bc7e6bef698b8e96659bd344668bf8e3
[2025-03-11 23:40:59,658] INFO - Starting signature verification for wallet: 0x0300B70e40F138927e3a988ce4A9a069Ff875336
[2025-03-11 23:40:59,658] INFO - Verifying Ethereum signature for wallet: 0x0300B70e40F138927e3a988ce4A9a069Ff875336
[2025-03-11 23:40:59,674] INFO - Generating JWT token for wallet: 0x0300B70e40F138927e3a988ce4A9a069Ff875336
[2025-03-11 23:40:59,675] INFO - Authentication successful for wallet: 0x0300B70e40F138927e3a988ce4A9a069Ff875336
[2025-03-11 23:41:37,344] INFO - Creating auth session for wallet: 0x0300B70e40F138927e3a988ce4A9a069Ff875336
[2025-03-11 23:41:37,345] INFO - Session created successfully with nonce: f81dc5d1703518d707bd275c42424302c5c3b10632dc54ea1f284df4cee88821
[2025-03-11 23:41:49,038] INFO - Starting signature verification for wallet: 0x0300B70e40F138927e3a988ce4A9a069Ff875336
[2025-03-11 23:41:49,038] INFO - Verifying Ethereum signature for wallet: 0x0300B70e40F138927e3a988ce4A9a069Ff875336
[2025-03-11 23:41:49,047] INFO - Generating JWT token for wallet: 0x0300B70e40F138927e3a988ce4A9a069Ff875336
[2025-03-11 23:41:49,048] INFO - Authentication successful for wallet: 0x0300B70e40F138927e3a988ce4A9a069Ff875336
[2025-03-11 23:43:26,948] INFO - Creating auth session for wallet: 0x0300B70e40F138927e3a988ce4A9a069Ff875336
[2025-03-11 23:43:26,949] INFO - Session created successfully with nonce: 1ab56003a8d2e4a19c80bf8d671d805c884154490f5f72425c1dbb0987bdd20b
[2025-03-11 23:43:29,095] INFO - Starting signature verification for wallet: 0x0300B70e40F138927e3a988ce4A9a069Ff875336
[2025-03-11 23:43:29,095] INFO - Verifying Ethereum signature for wallet: 0x0300B70e40F138927e3a988ce4A9a069Ff875336
[2025-03-11 23:43:29,102] INFO - Generating JWT token for wallet: 0x0300B70e40F138927e3a988ce4A9a069Ff875336
[2025-03-11 23:43:29,103] INFO - Authentication successful for wallet: 0x0300B70e40F138927e3a988ce4A9a069Ff875336
[2025-03-11 23:56:14,412] INFO - Creating auth session for wallet: 0x0300B70e40F138927e3a988ce4A9a069Ff875336
[2025-03-11 23:56:14,412] INFO - Session created successfully with nonce: ddca2555a18a224e8aa0c10b167604ca924cdf3ccaf2469591db81f342892817
[2025-03-11 23:56:15,992] INFO - Starting signature verification for wallet: 0x0300B70e40F138927e3a988ce4A9a069Ff875336
[2025-03-11 23:56:15,993] INFO - Verifying Ethereum signature for wallet: 0x0300B70e40F138927e3a988ce4A9a069Ff875336
[2025-03-11 23:56:16,003] INFO - Generating JWT token for wallet: 0x0300B70e40F138927e3a988ce4A9a069Ff875336
[2025-03-11 23:56:16,003] INFO - Authentication successful for wallet: 0x0300B70e40F138927e3a988ce4A9a069Ff875336
[2025-03-11 23:56:51,838] INFO - Auth services module initialized
[2025-03-11 23:57:04,338] INFO - Creating auth session for wallet: 0xAbf4fb1AC5E3c0Db693deC235F9D9BE1a29bcDc9
[2025-03-11 23:57:04,340] INFO - Session created successfully with nonce: 73517eed931ab56af09152b6edd9b3ae7ceb5df75c6fd9e5b3842b07baa19674
[2025-03-11 23:57:05,932] INFO - Starting signature verification for wallet: 0xAbf4fb1AC5E3c0Db693deC235F9D9BE1a29bcDc9
[2025-03-11 23:57:05,932] INFO - Verifying Ethereum signature for wallet: 0xAbf4fb1AC5E3c0Db693deC235F9D9BE1a29bcDc9
[2025-03-11 23:57:05,952] INFO - Generating JWT token for wallet: 0xAbf4fb1AC5E3c0Db693deC235F9D9BE1a29bcDc9
[2025-03-11 23:57:05,961] INFO - Authentication successful for wallet: 0xAbf4fb1AC5E3c0Db693deC235F9D9BE1a29bcDc9
[2025-03-11 23:57:49,475] INFO - Creating auth session for wallet: 0xAbf4fb1AC5E3c0Db693deC235F9D9BE1a29bcDc9
[2025-03-11 23:57:49,475] INFO - Session created successfully with nonce: 0e13fd456b5e65f5c17114a8d2e5b65f249224f0931e02df8c7fe46e8872cd71
[2025-03-11 23:57:53,678] INFO - Starting signature verification for wallet: 0xAbf4fb1AC5E3c0Db693deC235F9D9BE1a29bcDc9
[2025-03-11 23:57:53,679] INFO - Verifying Ethereum signature for wallet: 0xAbf4fb1AC5E3c0Db693deC235F9D9BE1a29bcDc9
[2025-03-11 23:57:53,688] INFO - Generating JWT token for wallet: 0xAbf4fb1AC5E3c0Db693deC235F9D9BE1a29bcDc9
[2025-03-11 23:57:53,689] INFO - Authentication successful for wallet: 0xAbf4fb1AC5E3c0Db693deC235F9D9BE1a29bcDc9
[2025-03-11 23:58:03,936] INFO - Creating auth session for wallet: 0xAbf4fb1AC5E3c0Db693deC235F9D9BE1a29bcDc9
[2025-03-11 23:58:03,937] INFO - Session created successfully with nonce: 81b4880ead4e224dab96f0750edd48b2bdb14067bc6f79a30144800d9856191d
[2025-03-11 23:58:05,241] INFO - Creating auth session for wallet: 0xAbf4fb1AC5E3c0Db693deC235F9D9BE1a29bcDc9
[2025-03-11 23:58:05,241] INFO - Session created successfully with nonce: 079ba3d6fd174d511bf38f3882a43289245624fdee9bbabd77b12bebfa6cbba6
[2025-03-11 23:58:05,758] INFO - Starting signature verification for wallet: 0xAbf4fb1AC5E3c0Db693deC235F9D9BE1a29bcDc9
[2025-03-11 23:58:05,758] ERROR - Invalid or expired nonce for wallet: 0xAbf4fb1AC5E3c0Db693deC235F9D9BE1a29bcDc9
[2025-03-11 23:58:06,320] INFO - Starting signature verification for wallet: 0xAbf4fb1AC5E3c0Db693deC235F9D9BE1a29bcDc9
[2025-03-11 23:58:06,321] INFO - Verifying Ethereum signature for wallet: 0xAbf4fb1AC5E3c0Db693deC235F9D9BE1a29bcDc9
[2025-03-11 23:58:06,329] INFO - Generating JWT token for wallet: 0xAbf4fb1AC5E3c0Db693deC235F9D9BE1a29bcDc9
[2025-03-11 23:58:06,330] INFO - Authentication successful for wallet: 0xAbf4fb1AC5E3c0Db693deC235F9D9BE1a29bcDc9
[2025-03-12 00:01:20,699] INFO - Creating auth session for wallet: 0xAbf4fb1AC5E3c0Db693deC235F9D9BE1a29bcDc9
[2025-03-12 00:01:20,700] INFO - Session created successfully with nonce: ab751f0e1f102e3c29776051865dc3cadd8c74a714fe5252d7eaa8892eee1dd5
[2025-03-12 00:01:22,302] INFO - Starting signature verification for wallet: 0xAbf4fb1AC5E3c0Db693deC235F9D9BE1a29bcDc9
[2025-03-12 00:01:22,302] INFO - Verifying Ethereum signature for wallet: 0xAbf4fb1AC5E3c0Db693deC235F9D9BE1a29bcDc9
[2025-03-12 00:01:22,319] INFO - Generating JWT token for wallet: 0xAbf4fb1AC5E3c0Db693deC235F9D9BE1a29bcDc9
[2025-03-12 00:01:22,319] INFO - Authentication successful for wallet: 0xAbf4fb1AC5E3c0Db693deC235F9D9BE1a29bcDc9
[2025-03-12 00:01:43,247] INFO - Creating auth session for wallet: 0xAbf4fb1AC5E3c0Db693deC235F9D9BE1a29bcDc9
[2025-03-12 00:01:43,248] INFO - Session created successfully with nonce: 223330acabc503bc842a7f983c8101d9230c890f6dba235002f7ff0acb656b30
[2025-03-12 00:01:44,575] INFO - Creating auth session for wallet: 0xAbf4fb1AC5E3c0Db693deC235F9D9BE1a29bcDc9
[2025-03-12 00:01:44,576] INFO - Session created successfully with nonce: 72896b62e4435af010f424439c58e3f953e41bf9a3d5b3ccad77cd189c5b5afa
[2025-03-12 00:02:13,732] INFO - Starting signature verification for wallet: 0xAbf4fb1AC5E3c0Db693deC235F9D9BE1a29bcDc9
[2025-03-12 00:02:13,732] ERROR - Invalid or expired nonce for wallet: 0xAbf4fb1AC5E3c0Db693deC235F9D9BE1a29bcDc9
[2025-03-12 00:02:14,014] INFO - Starting signature verification for wallet: 0xAbf4fb1AC5E3c0Db693deC235F9D9BE1a29bcDc9
[2025-03-12 00:02:14,014] INFO - Verifying Ethereum signature for wallet: 0xAbf4fb1AC5E3c0Db693deC235F9D9BE1a29bcDc9
[2025-03-12 00:02:14,030] INFO - Generating JWT token for wallet: 0xAbf4fb1AC5E3c0Db693deC235F9D9BE1a29bcDc9
[2025-03-12 00:02:14,031] INFO - Authentication successful for wallet: 0xAbf4fb1AC5E3c0Db693deC235F9D9BE1a29bcDc9
[2025-03-12 00:11:29,098] INFO - Creating auth session for wallet: 0xAbf4fb1AC5E3c0Db693deC235F9D9BE1a29bcDc9
[2025-03-12 00:11:29,098] INFO - Session created successfully with nonce: f45d51d21afb6b48223ca951108ef7c42a970ee94149505bdde9c5ee6db9989a
[2025-03-12 00:11:32,188] INFO - Starting signature verification for wallet: 0xAbf4fb1AC5E3c0Db693deC235F9D9BE1a29bcDc9
[2025-03-12 00:11:32,191] INFO - Verifying Ethereum signature for wallet: 0xAbf4fb1AC5E3c0Db693deC235F9D9BE1a29bcDc9
[2025-03-12 00:11:32,232] INFO - Generating JWT token for wallet: 0xAbf4fb1AC5E3c0Db693deC235F9D9BE1a29bcDc9
[2025-03-12 00:11:32,234] INFO - Authentication successful for wallet: 0xAbf4fb1AC5E3c0Db693deC235F9D9BE1a29bcDc9
[2025-03-12 00:11:56,872] INFO - Creating auth session for wallet: 0xAbf4fb1AC5E3c0Db693deC235F9D9BE1a29bcDc9
[2025-03-12 00:11:56,872] INFO - Session created successfully with nonce: beb65b0b4a32759a712cf60877c9236fe4a377bede2efd66d1b799673c1923e1
[2025-03-12 00:11:59,187] INFO - Starting signature verification for wallet: 0xAbf4fb1AC5E3c0Db693deC235F9D9BE1a29bcDc9
[2025-03-12 00:11:59,187] INFO - Verifying Ethereum signature for wallet: 0xAbf4fb1AC5E3c0Db693deC235F9D9BE1a29bcDc9
[2025-03-12 00:11:59,205] INFO - Generating JWT token for wallet: 0xAbf4fb1AC5E3c0Db693deC235F9D9BE1a29bcDc9
[2025-03-12 00:11:59,205] INFO - Authentication successful for wallet: 0xAbf4fb1AC5E3c0Db693deC235F9D9BE1a29bcDc9
[2025-03-12 00:17:56,078] INFO - Creating auth session for wallet: 0x0300B70e40F138927e3a988ce4A9a069Ff875336
[2025-03-12 00:17:56,080] INFO - Session created successfully with nonce: 54d167c3717890429d6e2212a844bf5b66449c6814e0a1a610d1771abefa6227
[2025-03-12 00:18:02,110] INFO - Starting signature verification for wallet: 0x0300B70e40F138927e3a988ce4A9a069Ff875336
[2025-03-12 00:18:02,110] INFO - Verifying Ethereum signature for wallet: 0x0300B70e40F138927e3a988ce4A9a069Ff875336
[2025-03-12 00:18:02,117] INFO - Generating JWT token for wallet: 0x0300B70e40F138927e3a988ce4A9a069Ff875336
[2025-03-12 00:18:02,117] INFO - Authentication successful for wallet: 0x0300B70e40F138927e3a988ce4A9a069Ff875336
[2025-03-12 00:18:07,343] INFO - Creating auth session for wallet: 0x0300B70e40F138927e3a988ce4A9a069Ff875336
[2025-03-12 00:18:07,345] INFO - Session created successfully with nonce: 1f069356616d07fdf38361ba60db5ab10531518aa48db069ef84e13ebbbc779e
[2025-03-12 00:18:08,699] INFO - Starting signature verification for wallet: 0x0300B70e40F138927e3a988ce4A9a069Ff875336
[2025-03-12 00:18:08,699] INFO - Verifying Ethereum signature for wallet: 0x0300B70e40F138927e3a988ce4A9a069Ff875336
[2025-03-12 00:18:08,705] INFO - Generating JWT token for wallet: 0x0300B70e40F138927e3a988ce4A9a069Ff875336
[2025-03-12 00:18:08,705] INFO - Authentication successful for wallet: 0x0300B70e40F138927e3a988ce4A9a069Ff875336
[2025-03-12 00:22:30,021] INFO - Creating auth session for wallet: 0x0300B70e40F138927e3a988ce4A9a069Ff875336
[2025-03-12 00:22:30,022] INFO - Session created successfully with nonce: 4c25daa3e21cb19a24259739e2933fbd24c09af5d1b16d1fb23bf8967bfc8a0d
[2025-03-12 00:22:30,025] INFO - Creating auth session for wallet: 0x0300B70e40F138927e3a988ce4A9a069Ff875336
[2025-03-12 00:22:30,026] INFO - Session created successfully with nonce: 9ea3eaf1b32d5d8af12154b6398b2f0d82baa1aaea189b9edef64fc93a580b33
[2025-03-12 00:22:30,527] INFO - Creating auth session for wallet: 0x0300B70e40F138927e3a988ce4A9a069Ff875336
[2025-03-12 00:22:30,527] INFO - Session created successfully with nonce: b1511ec88c9394744c489866f9275733ce31f5f1183f5eb872853e19c3127833
[2025-03-12 00:22:32,067] INFO - Starting signature verification for wallet: 0x0300B70e40F138927e3a988ce4A9a069Ff875336
[2025-03-12 00:22:32,067] ERROR - Invalid or expired nonce for wallet: 0x0300B70e40F138927e3a988ce4A9a069Ff875336
[2025-03-12 00:22:33,054] INFO - Starting signature verification for wallet: 0x0300B70e40F138927e3a988ce4A9a069Ff875336
[2025-03-12 00:22:33,054] ERROR - Invalid or expired nonce for wallet: 0x0300B70e40F138927e3a988ce4A9a069Ff875336
[2025-03-12 00:22:33,663] INFO - Starting signature verification for wallet: 0x0300B70e40F138927e3a988ce4A9a069Ff875336
[2025-03-12 00:22:33,664] INFO - Verifying Ethereum signature for wallet: 0x0300B70e40F138927e3a988ce4A9a069Ff875336
[2025-03-12 00:22:33,670] INFO - Generating JWT token for wallet: 0x0300B70e40F138927e3a988ce4A9a069Ff875336
[2025-03-12 00:22:33,671] INFO - Authentication successful for wallet: 0x0300B70e40F138927e3a988ce4A9a069Ff875336
[2025-03-12 00:22:40,142] INFO - Creating auth session for wallet: 0x0300B70e40F138927e3a988ce4A9a069Ff875336
[2025-03-12 00:22:40,142] INFO - Session created successfully with nonce: 1f158022a4641a251fb945818bde6c6fce6b0f35aabc5599224c2ae208a03631
[2025-03-12 00:22:40,149] INFO - Creating auth session for wallet: 0x0300B70e40F138927e3a988ce4A9a069Ff875336
[2025-03-12 00:22:40,149] INFO - Session created successfully with nonce: ce286035b525e5097f936ba9162dd4518a365a7093fd2473c1b6fceca623454b
[2025-03-12 00:22:40,284] INFO - Creating auth session for wallet: 0x0300B70e40F138927e3a988ce4A9a069Ff875336
[2025-03-12 00:22:40,285] INFO - Session created successfully with nonce: e5eae8a41a9c591e6a7771bc72787dfa60d6fdde26c3bd1b30a4ec8228271c16
[2025-03-12 00:22:46,499] INFO - Creating auth session for wallet: 0x0300B70e40F138927e3a988ce4A9a069Ff875336
[2025-03-12 00:22:46,499] INFO - Session created successfully with nonce: a45635f2f9923b7a0b41cc5d671ee31885baa140f641bf6df7d50efa01f33445
[2025-03-12 00:22:50,242] INFO - Starting signature verification for wallet: 0x0300B70e40F138927e3a988ce4A9a069Ff875336
[2025-03-12 00:22:50,242] INFO - Verifying Ethereum signature for wallet: 0x0300B70e40F138927e3a988ce4A9a069Ff875336
[2025-03-12 00:22:50,250] INFO - Generating JWT token for wallet: 0x0300B70e40F138927e3a988ce4A9a069Ff875336
[2025-03-12 00:22:50,251] INFO - Authentication successful for wallet: 0x0300B70e40F138927e3a988ce4A9a069Ff875336
[2025-03-12 00:28:28,777] INFO - Auth services module initialized
[2025-03-12 00:29:15,829] INFO - Creating auth session for wallet: 0x0300B70e40F138927e3a988ce4A9a069Ff875336
[2025-03-12 00:29:15,830] INFO - Session created successfully with nonce: f86eb220edcea7019faa261e5ac55608f9809461d4f1a38013ae0deecf9214a4
[2025-03-12 00:29:22,419] INFO - Creating auth session for wallet: 0x0300B70e40F138927e3a988ce4A9a069Ff875336
[2025-03-12 00:29:22,419] INFO - Session created successfully with nonce: eb989bb794980a3ad7a9c1f76507e21c2f0620fada791883027749f2e0ec71ac
[2025-03-12 00:29:24,092] INFO - Starting signature verification for wallet: 0x0300B70e40F138927e3a988ce4A9a069Ff875336
[2025-03-12 00:29:24,092] INFO - Verifying Ethereum signature for wallet: 0x0300B70e40F138927e3a988ce4A9a069Ff875336
[2025-03-12 00:29:24,131] INFO - Generating JWT token for wallet: 0x0300B70e40F138927e3a988ce4A9a069Ff875336
[2025-03-12 00:29:24,138] INFO - Authentication successful for wallet: 0x0300B70e40F138927e3a988ce4A9a069Ff875336
[2025-03-12 00:29:49,292] INFO - Creating auth session for wallet: 0x0300B70e40F138927e3a988ce4A9a069Ff875336
[2025-03-12 00:29:49,293] INFO - Session created successfully with nonce: e53726fa2d633efc66f447dac3cd39d0dbe288d7a2276e17d86cabf51b308295
[2025-03-12 00:29:50,793] INFO - Creating auth session for wallet: 0x0300B70e40F138927e3a988ce4A9a069Ff875336
[2025-03-12 00:29:50,793] INFO - Session created successfully with nonce: 7f3f8f0379a2fcd2dabec9c7e980d07070ff0aae0239af5487117ad88fa4e357
[2025-03-12 00:29:51,155] INFO - Starting signature verification for wallet: 0x0300B70e40F138927e3a988ce4A9a069Ff875336
[2025-03-12 00:29:51,155] ERROR - Invalid or expired nonce for wallet: 0x0300B70e40F138927e3a988ce4A9a069Ff875336
[2025-03-12 00:29:52,071] INFO - Starting signature verification for wallet: 0x0300B70e40F138927e3a988ce4A9a069Ff875336
[2025-03-12 00:29:52,071] INFO - Verifying Ethereum signature for wallet: 0x0300B70e40F138927e3a988ce4A9a069Ff875336
[2025-03-12 00:29:52,082] INFO - Generating JWT token for wallet: 0x0300B70e40F138927e3a988ce4A9a069Ff875336
[2025-03-12 00:29:52,083] INFO - Authentication successful for wallet: 0x0300B70e40F138927e3a988ce4A9a069Ff875336
[2025-03-12 00:29:58,131] INFO - Creating auth session for wallet: 0x0300B70e40F138927e3a988ce4A9a069Ff875336
[2025-03-12 00:29:58,131] INFO - Session created successfully with nonce: 90fd775cf777e78bd90923e3f2d70d2d903eb8e2a042935c49e00b36207086fc
[2025-03-12 00:29:59,351] INFO - Creating auth session for wallet: 0x0300B70e40F138927e3a988ce4A9a069Ff875336
[2025-03-12 00:29:59,351] INFO - Session created successfully with nonce: 1eb0e793f309bea40782a8a35be0deb27a476f95c7e9bb1e949ea1b5aa04efe6
[2025-03-12 00:29:59,680] INFO - Starting signature verification for wallet: 0x0300B70e40F138927e3a988ce4A9a069Ff875336
[2025-03-12 00:29:59,680] ERROR - Invalid or expired nonce for wallet: 0x0300B70e40F138927e3a988ce4A9a069Ff875336
[2025-03-12 00:30:00,134] INFO - Starting signature verification for wallet: 0x0300B70e40F138927e3a988ce4A9a069Ff875336
[2025-03-12 00:30:00,134] INFO - Verifying Ethereum signature for wallet: 0x0300B70e40F138927e3a988ce4A9a069Ff875336
[2025-03-12 00:30:00,145] INFO - Generating JWT token for wallet: 0x0300B70e40F138927e3a988ce4A9a069Ff875336
[2025-03-12 00:30:00,147] INFO - Authentication successful for wallet: 0x0300B70e40F138927e3a988ce4A9a069Ff875336
[2025-03-12 00:39:45,757] INFO - Creating auth session for wallet: 0x0300B70e40F138927e3a988ce4A9a069Ff875336
[2025-03-12 00:39:45,758] INFO - Session created successfully with nonce: 5cdefd5e932d068cf765eb98326166be46066e91189e94abe4a8335e4c49d0ac
[2025-03-12 00:39:47,455] INFO - Creating auth session for wallet: 0x0300B70e40F138927e3a988ce4A9a069Ff875336
[2025-03-12 00:39:47,455] INFO - Session created successfully with nonce: 816a908d4c8311c8d38ee4ae86799115b497e7a25863afad9b6d69259e8c7bb9
[2025-03-12 00:39:47,707] INFO - Starting signature verification for wallet: 0x0300B70e40F138927e3a988ce4A9a069Ff875336
[2025-03-12 00:39:47,707] ERROR - Invalid or expired nonce for wallet: 0x0300B70e40F138927e3a988ce4A9a069Ff875336
[2025-03-12 00:39:48,342] INFO - Starting signature verification for wallet: 0x0300B70e40F138927e3a988ce4A9a069Ff875336
[2025-03-12 00:39:48,342] INFO - Verifying Ethereum signature for wallet: 0x0300B70e40F138927e3a988ce4A9a069Ff875336
[2025-03-12 00:39:48,349] INFO - Generating JWT token for wallet: 0x0300B70e40F138927e3a988ce4A9a069Ff875336
[2025-03-12 00:39:48,349] INFO - Authentication successful for wallet: 0x0300B70e40F138927e3a988ce4A9a069Ff875336
[2025-03-12 00:45:26,244] INFO - Creating auth session for wallet: 0x0300B70e40F138927e3a988ce4A9a069Ff875336
[2025-03-12 00:45:26,245] INFO - Session created successfully with nonce: 11fc80cde17cb4882dda20bcc67e6b5a01b61e5a1018bd85bb39d92740fdd71c
[2025-03-12 00:45:27,816] INFO - Starting signature verification for wallet: 0x0300B70e40F138927e3a988ce4A9a069Ff875336
[2025-03-12 00:45:27,817] INFO - Verifying Ethereum signature for wallet: 0x0300B70e40F138927e3a988ce4A9a069Ff875336
[2025-03-12 00:45:27,825] INFO - Generating JWT token for wallet: 0x0300B70e40F138927e3a988ce4A9a069Ff875336
[2025-03-12 00:45:27,825] INFO - Authentication successful for wallet: 0x0300B70e40F138927e3a988ce4A9a069Ff875336
[2025-03-12 00:45:30,190] INFO - Creating auth session for wallet: 0x0300B70e40F138927e3a988ce4A9a069Ff875336
[2025-03-12 00:45:30,190] INFO - Session created successfully with nonce: def012f77d9e4d0c931abbb52879f2760cece522e39506328e0eba98a36c2ce4
[2025-03-12 00:45:32,987] INFO - Starting signature verification for wallet: 0x0300B70e40F138927e3a988ce4A9a069Ff875336
[2025-03-12 00:45:32,987] INFO - Verifying Ethereum signature for wallet: 0x0300B70e40F138927e3a988ce4A9a069Ff875336
[2025-03-12 00:45:32,995] INFO - Generating JWT token for wallet: 0x0300B70e40F138927e3a988ce4A9a069Ff875336
[2025-03-12 00:45:32,995] INFO - Authentication successful for wallet: 0x0300B70e40F138927e3a988ce4A9a069Ff875336
[2025-03-12 00:45:36,620] INFO - Creating auth session for wallet: 0x0300B70e40F138927e3a988ce4A9a069Ff875336
[2025-03-12 00:45:36,620] INFO - Session created successfully with nonce: 038dd8910cd85498246336136420c58d73abd659f510de85e7e79cc85271b560
[2025-03-12 00:45:37,934] INFO - Starting signature verification for wallet: 0x0300B70e40F138927e3a988ce4A9a069Ff875336
[2025-03-12 00:45:37,934] INFO - Verifying Ethereum signature for wallet: 0x0300B70e40F138927e3a988ce4A9a069Ff875336
[2025-03-12 00:45:37,945] INFO - Generating JWT token for wallet: 0x0300B70e40F138927e3a988ce4A9a069Ff875336
[2025-03-12 00:45:37,945] INFO - Authentication successful for wallet: 0x0300B70e40F138927e3a988ce4A9a069Ff875336
[2025-03-12 00:45:39,817] INFO - Creating auth session for wallet: 0x0300B70e40F138927e3a988ce4A9a069Ff875336
[2025-03-12 00:45:39,818] INFO - Session created successfully with nonce: 4b9b7711e8b554da51e28cf49340a6db18f2ef3deccc29fdebd9de8f0df2c9c1
[2025-03-12 00:45:40,875] INFO - Creating auth session for wallet: 0x0300B70e40F138927e3a988ce4A9a069Ff875336
[2025-03-12 00:45:40,875] INFO - Session created successfully with nonce: 65d66f86927bc8e8e80230e7631b022431df999cab54432f9eadfc239110c418
[2025-03-12 00:45:41,418] INFO - Starting signature verification for wallet: 0x0300B70e40F138927e3a988ce4A9a069Ff875336
[2025-03-12 00:45:41,418] ERROR - Invalid or expired nonce for wallet: 0x0300B70e40F138927e3a988ce4A9a069Ff875336
[2025-03-12 00:45:42,028] INFO - Starting signature verification for wallet: 0x0300B70e40F138927e3a988ce4A9a069Ff875336
[2025-03-12 00:45:42,029] INFO - Verifying Ethereum signature for wallet: 0x0300B70e40F138927e3a988ce4A9a069Ff875336
[2025-03-12 00:45:42,036] INFO - Generating JWT token for wallet: 0x0300B70e40F138927e3a988ce4A9a069Ff875336
[2025-03-12 00:45:42,036] INFO - Authentication successful for wallet: 0x0300B70e40F138927e3a988ce4A9a069Ff875336
[2025-03-12 00:46:15,033] INFO - Creating auth session for wallet: 0xAbf4fb1AC5E3c0Db693deC235F9D9BE1a29bcDc9
[2025-03-12 00:46:15,034] INFO - Session created successfully with nonce: 50c6569240c22fa513a093b83a9cfc81c08a7aca8c2671f27483119a002feb8e
[2025-03-12 00:46:17,319] INFO - Starting signature verification for wallet: 0xAbf4fb1AC5E3c0Db693deC235F9D9BE1a29bcDc9
[2025-03-12 00:46:17,319] INFO - Verifying Ethereum signature for wallet: 0xAbf4fb1AC5E3c0Db693deC235F9D9BE1a29bcDc9
[2025-03-12 00:46:17,327] INFO - Generating JWT token for wallet: 0xAbf4fb1AC5E3c0Db693deC235F9D9BE1a29bcDc9
[2025-03-12 00:46:17,328] INFO - Authentication successful for wallet: 0xAbf4fb1AC5E3c0Db693deC235F9D9BE1a29bcDc9
[2025-03-12 00:46:41,532] INFO - Creating auth session for wallet: 0xAbf4fb1AC5E3c0Db693deC235F9D9BE1a29bcDc9
[2025-03-12 00:46:41,532] INFO - Session created successfully with nonce: 60aa93585c25d2a1947fb29a5a498ea4a316560d2da84f528cab110d7ddc550a
[2025-03-12 00:46:43,045] INFO - Creating auth session for wallet: 0xAbf4fb1AC5E3c0Db693deC235F9D9BE1a29bcDc9
[2025-03-12 00:46:43,045] INFO - Session created successfully with nonce: a36c653b22f1dbd8d86fec144a81323f0eb106d8b568f39fc1dceb292c956309
[2025-03-12 00:46:46,162] INFO - Starting signature verification for wallet: 0xAbf4fb1AC5E3c0Db693deC235F9D9BE1a29bcDc9
[2025-03-12 00:46:46,162] ERROR - Invalid or expired nonce for wallet: 0xAbf4fb1AC5E3c0Db693deC235F9D9BE1a29bcDc9
[2025-03-12 00:46:46,577] INFO - Starting signature verification for wallet: 0xAbf4fb1AC5E3c0Db693deC235F9D9BE1a29bcDc9
[2025-03-12 00:46:46,577] INFO - Verifying Ethereum signature for wallet: 0xAbf4fb1AC5E3c0Db693deC235F9D9BE1a29bcDc9
[2025-03-12 00:46:46,598] INFO - Generating JWT token for wallet: 0xAbf4fb1AC5E3c0Db693deC235F9D9BE1a29bcDc9
[2025-03-12 00:46:46,599] INFO - Authentication successful for wallet: 0xAbf4fb1AC5E3c0Db693deC235F9D9BE1a29bcDc9
[2025-03-12 00:48:34,137] INFO - Creating auth session for wallet: 0xAbf4fb1AC5E3c0Db693deC235F9D9BE1a29bcDc9
[2025-03-12 00:48:34,137] INFO - Session created successfully with nonce: d0c9de09aa66a15494c8d80726825d9f8c0323858297e4846d9dbc52bc6c5989
[2025-03-12 00:48:37,092] INFO - Starting signature verification for wallet: 0xAbf4fb1AC5E3c0Db693deC235F9D9BE1a29bcDc9
[2025-03-12 00:48:37,092] INFO - Verifying Ethereum signature for wallet: 0xAbf4fb1AC5E3c0Db693deC235F9D9BE1a29bcDc9
[2025-03-12 00:48:37,106] INFO - Generating JWT token for wallet: 0xAbf4fb1AC5E3c0Db693deC235F9D9BE1a29bcDc9
[2025-03-12 00:48:37,107] INFO - Authentication successful for wallet: 0xAbf4fb1AC5E3c0Db693deC235F9D9BE1a29bcDc9
[2025-03-12 00:48:39,661] INFO - Creating auth session for wallet: 0xAbf4fb1AC5E3c0Db693deC235F9D9BE1a29bcDc9
[2025-03-12 00:48:39,662] INFO - Session created successfully with nonce: b3dd24e0e1de031d30ea896480d1d01b04be61e1c86eb1d881c9fdc5e2ff5b88
[2025-03-12 00:48:40,812] INFO - Creating auth session for wallet: 0xAbf4fb1AC5E3c0Db693deC235F9D9BE1a29bcDc9
[2025-03-12 00:48:40,813] INFO - Session created successfully with nonce: 04442f7188d0eb6ac80c94a3b1517aee0d2fe56ae193a4368c0f5a881335207b
[2025-03-12 00:48:45,521] INFO - Starting signature verification for wallet: 0xAbf4fb1AC5E3c0Db693deC235F9D9BE1a29bcDc9
[2025-03-12 00:48:45,521] ERROR - Invalid or expired nonce for wallet: 0xAbf4fb1AC5E3c0Db693deC235F9D9BE1a29bcDc9
[2025-03-12 00:48:48,158] INFO - Starting signature verification for wallet: 0xAbf4fb1AC5E3c0Db693deC235F9D9BE1a29bcDc9
[2025-03-12 00:48:48,159] INFO - Verifying Ethereum signature for wallet: 0xAbf4fb1AC5E3c0Db693deC235F9D9BE1a29bcDc9
[2025-03-12 00:48:48,166] INFO - Generating JWT token for wallet: 0xAbf4fb1AC5E3c0Db693deC235F9D9BE1a29bcDc9
[2025-03-12 00:48:48,167] INFO - Authentication successful for wallet: 0xAbf4fb1AC5E3c0Db693deC235F9D9BE1a29bcDc9
[2025-03-12 00:48:55,316] INFO - Creating auth session for wallet: 0xAbf4fb1AC5E3c0Db693deC235F9D9BE1a29bcDc9
[2025-03-12 00:48:55,317] INFO - Session created successfully with nonce: cc0f6f556c371d031d8b14b62647f7ffc729a8dd837ec9f0f1a7d341ec776d35
[2025-03-12 00:48:56,472] INFO - Creating auth session for wallet: 0xAbf4fb1AC5E3c0Db693deC235F9D9BE1a29bcDc9
[2025-03-12 00:48:56,474] INFO - Session created successfully with nonce: 05d015c1686c3f79d697cf5c55619718c27b289f2452bcbe90624b2c60480a70
[2025-03-12 00:48:56,660] INFO - Starting signature verification for wallet: 0xAbf4fb1AC5E3c0Db693deC235F9D9BE1a29bcDc9
[2025-03-12 00:48:56,660] ERROR - Invalid or expired nonce for wallet: 0xAbf4fb1AC5E3c0Db693deC235F9D9BE1a29bcDc9
[2025-03-12 00:48:57,163] INFO - Starting signature verification for wallet: 0xAbf4fb1AC5E3c0Db693deC235F9D9BE1a29bcDc9
[2025-03-12 00:48:57,163] INFO - Verifying Ethereum signature for wallet: 0xAbf4fb1AC5E3c0Db693deC235F9D9BE1a29bcDc9
[2025-03-12 00:48:57,175] INFO - Generating JWT token for wallet: 0xAbf4fb1AC5E3c0Db693deC235F9D9BE1a29bcDc9
[2025-03-12 00:48:57,175] INFO - Authentication successful for wallet: 0xAbf4fb1AC5E3c0Db693deC235F9D9BE1a29bcDc9
[2025-03-12 00:49:26,966] INFO - Creating auth session for wallet: 0xAbf4fb1AC5E3c0Db693deC235F9D9BE1a29bcDc9
[2025-03-12 00:49:26,966] INFO - Session created successfully with nonce: 8ed6ff0cdc4f6fc50723076a62763bbbf7be6d46858ac5858ecc29d046486d48
[2025-03-12 00:49:38,961] INFO - Starting signature verification for wallet: 0xAbf4fb1AC5E3c0Db693deC235F9D9BE1a29bcDc9
[2025-03-12 00:49:38,961] INFO - Verifying Ethereum signature for wallet: 0xAbf4fb1AC5E3c0Db693deC235F9D9BE1a29bcDc9
[2025-03-12 00:49:38,970] INFO - Generating JWT token for wallet: 0xAbf4fb1AC5E3c0Db693deC235F9D9BE1a29bcDc9
[2025-03-12 00:49:38,971] INFO - Authentication successful for wallet: 0xAbf4fb1AC5E3c0Db693deC235F9D9BE1a29bcDc9
[2025-03-12 00:50:01,337] INFO - Auth services module initialized
[2025-03-12 00:56:09,021] INFO - Creating auth session for wallet: 0xAbf4fb1AC5E3c0Db693deC235F9D9BE1a29bcDc9
[2025-03-12 00:56:09,024] INFO - Session created successfully with nonce: 6a034c6d3b6bc8759b5c365cd74339d3e43d49e48dfed4da653c5444bf7c2626
[2025-03-12 00:56:10,688] INFO - Starting signature verification for wallet: 0xAbf4fb1AC5E3c0Db693deC235F9D9BE1a29bcDc9
[2025-03-12 00:56:10,688] INFO - Verifying Ethereum signature for wallet: 0xAbf4fb1AC5E3c0Db693deC235F9D9BE1a29bcDc9
[2025-03-12 00:56:10,717] INFO - Generating JWT token for wallet: 0xAbf4fb1AC5E3c0Db693deC235F9D9BE1a29bcDc9
[2025-03-12 00:56:10,724] INFO - Authentication successful for wallet: 0xAbf4fb1AC5E3c0Db693deC235F9D9BE1a29bcDc9
[2025-03-12 00:56:41,096] INFO - Creating auth session for wallet: 0xAbf4fb1AC5E3c0Db693deC235F9D9BE1a29bcDc9
[2025-03-12 00:56:41,096] INFO - Session created successfully with nonce: 3fc73a8cec47821c29ecf3cf0a12e6e576717fbe78dcbc8117f9023e22d8269d
[2025-03-12 00:56:42,490] INFO - Creating auth session for wallet: 0xAbf4fb1AC5E3c0Db693deC235F9D9BE1a29bcDc9
[2025-03-12 00:56:42,491] INFO - Session created successfully with nonce: e32bde84a5b1117df513389c32ec7e70be34ae68fb98429bd8a611e0110e822a
[2025-03-12 00:57:05,530] INFO - Starting signature verification for wallet: 0xAbf4fb1AC5E3c0Db693deC235F9D9BE1a29bcDc9
[2025-03-12 00:57:05,531] ERROR - Invalid or expired nonce for wallet: 0xAbf4fb1AC5E3c0Db693deC235F9D9BE1a29bcDc9
[2025-03-12 00:57:05,880] INFO - Starting signature verification for wallet: 0xAbf4fb1AC5E3c0Db693deC235F9D9BE1a29bcDc9
[2025-03-12 00:57:05,881] INFO - Verifying Ethereum signature for wallet: 0xAbf4fb1AC5E3c0Db693deC235F9D9BE1a29bcDc9
[2025-03-12 00:57:05,891] INFO - Generating JWT token for wallet: 0xAbf4fb1AC5E3c0Db693deC235F9D9BE1a29bcDc9
[2025-03-12 00:57:05,892] INFO - Authentication successful for wallet: 0xAbf4fb1AC5E3c0Db693deC235F9D9BE1a29bcDc9
[2025-03-12 01:08:40,070] INFO - Creating auth session for wallet: 0xAbf4fb1AC5E3c0Db693deC235F9D9BE1a29bcDc9
[2025-03-12 01:08:40,070] INFO - Session created successfully with nonce: a9a1b8d52d01aca3824394d79141d7f73c515862068d807239b0906f681ca975
[2025-03-12 01:08:42,013] INFO - Starting signature verification for wallet: 0xAbf4fb1AC5E3c0Db693deC235F9D9BE1a29bcDc9
[2025-03-12 01:08:42,013] INFO - Verifying Ethereum signature for wallet: 0xAbf4fb1AC5E3c0Db693deC235F9D9BE1a29bcDc9
[2025-03-12 01:08:42,030] INFO - Generating JWT token for wallet: 0xAbf4fb1AC5E3c0Db693deC235F9D9BE1a29bcDc9
[2025-03-12 01:08:42,031] INFO - Authentication successful for wallet: 0xAbf4fb1AC5E3c0Db693deC235F9D9BE1a29bcDc9
[2025-03-12 01:08:52,216] INFO - Creating auth session for wallet: 0xAbf4fb1AC5E3c0Db693deC235F9D9BE1a29bcDc9
[2025-03-12 01:08:52,217] INFO - Session created successfully with nonce: 6e6c5e5ddb26e22fedd520bed357b38b8ce7c244801cf7ce58315bf944ba46e7
[2025-03-12 01:08:54,427] INFO - Starting signature verification for wallet: 0xAbf4fb1AC5E3c0Db693deC235F9D9BE1a29bcDc9
[2025-03-12 01:08:54,427] INFO - Verifying Ethereum signature for wallet: 0xAbf4fb1AC5E3c0Db693deC235F9D9BE1a29bcDc9
[2025-03-12 01:08:54,432] INFO - Generating JWT token for wallet: 0xAbf4fb1AC5E3c0Db693deC235F9D9BE1a29bcDc9
[2025-03-12 01:08:54,432] INFO - Authentication successful for wallet: 0xAbf4fb1AC5E3c0Db693deC235F9D9BE1a29bcDc9
[2025-03-12 01:09:06,757] INFO - Creating auth session for wallet: 0x0300B70e40F138927e3a988ce4A9a069Ff875336
[2025-03-12 01:09:06,758] INFO - Session created successfully with nonce: 56907e1869c02509c66e4e2cd40c31c57af1313b678a4d6bc1b5b77313fe1a18
[2025-03-12 01:09:08,834] INFO - Starting signature verification for wallet: 0x0300B70e40F138927e3a988ce4A9a069Ff875336
[2025-03-12 01:09:08,834] INFO - Verifying Ethereum signature for wallet: 0x0300B70e40F138927e3a988ce4A9a069Ff875336
[2025-03-12 01:09:08,841] INFO - Generating JWT token for wallet: 0x0300B70e40F138927e3a988ce4A9a069Ff875336
[2025-03-12 01:09:08,841] INFO - Authentication successful for wallet: 0x0300B70e40F138927e3a988ce4A9a069Ff875336
[2025-03-12 01:10:00,421] INFO - Creating auth session for wallet: 0x0300B70e40F138927e3a988ce4A9a069Ff875336
[2025-03-12 01:10:00,421] INFO - Session created successfully with nonce: 5e98a963560b316b38275245ae3059dc7ed7c7a68b63a167b15e6244c5de8941
[2025-03-12 01:10:01,865] INFO - Starting signature verification for wallet: 0x0300B70e40F138927e3a988ce4A9a069Ff875336
[2025-03-12 01:10:01,865] INFO - Verifying Ethereum signature for wallet: 0x0300B70e40F138927e3a988ce4A9a069Ff875336
[2025-03-12 01:10:01,875] INFO - Generating JWT token for wallet: 0x0300B70e40F138927e3a988ce4A9a069Ff875336
[2025-03-12 01:10:01,875] INFO - Authentication successful for wallet: 0x0300B70e40F138927e3a988ce4A9a069Ff875336
[2025-03-12 01:12:23,221] INFO - Creating auth session for wallet: 0x0300B70e40F138927e3a988ce4A9a069Ff875336
[2025-03-12 01:12:23,222] INFO - Session created successfully with nonce: 5e6c14201782ba11d56917d292d840c9bfcb22918b824222f53924cfc36aa868
[2025-03-12 01:12:24,616] INFO - Creating auth session for wallet: 0x0300B70e40F138927e3a988ce4A9a069Ff875336
[2025-03-12 01:12:24,616] INFO - Session created successfully with nonce: 1d0987254f4ad39144b486703e3028375d03cd264bd75d4a5f42d5914d82fa82
[2025-03-12 01:12:25,430] INFO - Starting signature verification for wallet: 0x0300B70e40F138927e3a988ce4A9a069Ff875336
[2025-03-12 01:12:25,430] ERROR - Invalid or expired nonce for wallet: 0x0300B70e40F138927e3a988ce4A9a069Ff875336
[2025-03-12 01:12:25,958] INFO - Starting signature verification for wallet: 0x0300B70e40F138927e3a988ce4A9a069Ff875336
[2025-03-12 01:12:25,958] INFO - Verifying Ethereum signature for wallet: 0x0300B70e40F138927e3a988ce4A9a069Ff875336
[2025-03-12 01:12:25,969] INFO - Generating JWT token for wallet: 0x0300B70e40F138927e3a988ce4A9a069Ff875336
[2025-03-12 01:12:25,970] INFO - Authentication successful for wallet: 0x0300B70e40F138927e3a988ce4A9a069Ff875336
[2025-03-12 01:12:41,162] INFO - Creating auth session for wallet: 0x0300B70e40F138927e3a988ce4A9a069Ff875336
[2025-03-12 01:12:41,162] INFO - Session created successfully with nonce: a427007bd0a12081c2b75201660ad1ced6d8de3b8d6c4fd4dc4dabde7f996ea2
[2025-03-12 01:13:00,384] INFO - Starting signature verification for wallet: 0x0300B70e40F138927e3a988ce4A9a069Ff875336
[2025-03-12 01:13:00,385] INFO - Verifying Ethereum signature for wallet: 0x0300B70e40F138927e3a988ce4A9a069Ff875336
[2025-03-12 01:13:00,404] INFO - Generating JWT token for wallet: 0x0300B70e40F138927e3a988ce4A9a069Ff875336
[2025-03-12 01:13:00,405] INFO - Authentication successful for wallet: 0x0300B70e40F138927e3a988ce4A9a069Ff875336
[2025-03-12 01:13:28,171] INFO - Creating auth session for wallet: 0x0300B70e40F138927e3a988ce4A9a069Ff875336
[2025-03-12 01:13:28,171] INFO - Session created successfully with nonce: 8b801a460ceb54150cc431ac3b3f4b478072ea3d39d9638e9edea55aff50b49f
[2025-03-12 01:13:35,118] INFO - Starting signature verification for wallet: 0x0300B70e40F138927e3a988ce4A9a069Ff875336
[2025-03-12 01:13:35,118] INFO - Verifying Ethereum signature for wallet: 0x0300B70e40F138927e3a988ce4A9a069Ff875336
[2025-03-12 01:13:35,135] INFO - Generating JWT token for wallet: 0x0300B70e40F138927e3a988ce4A9a069Ff875336
[2025-03-12 01:13:35,136] INFO - Authentication successful for wallet: 0x0300B70e40F138927e3a988ce4A9a069Ff875336
[2025-03-12 01:13:56,529] INFO - Creating auth session for wallet: 0x50629C71967908D5C871A5eDAdDC853E2782E809
[2025-03-12 01:13:56,529] INFO - Session created successfully with nonce: 7808bdb754907d02d6bcd6b29553ae473cf8f240b96baac190de5e05a2f6871e
[2025-03-12 01:13:59,529] INFO - Starting signature verification for wallet: 0x50629C71967908D5C871A5eDAdDC853E2782E809
[2025-03-12 01:13:59,529] INFO - Verifying Ethereum signature for wallet: 0x50629C71967908D5C871A5eDAdDC853E2782E809
[2025-03-12 01:13:59,540] INFO - Generating JWT token for wallet: 0x50629C71967908D5C871A5eDAdDC853E2782E809
[2025-03-12 01:13:59,540] INFO - Authentication successful for wallet: 0x50629C71967908D5C871A5eDAdDC853E2782E809
[2025-03-12 01:14:49,785] INFO - Auth services module initialized
[2025-03-12 01:15:02,768] INFO - Auth services module initialized
[2025-03-12 01:15:31,902] INFO - Auth services module initialized
[2025-03-12 01:17:22,777] INFO - Auth services module initialized
[2025-03-12 01:17:42,331] INFO - Creating auth session for wallet: 0x50629C71967908D5C871A5eDAdDC853E2782E809
[2025-03-12 01:17:42,332] INFO - Session created successfully with nonce: 9e1d92ede8c50b025d6046ce58945ad3ba32f7e171c1fb3f9ad275c8f21225ea
[2025-03-12 01:17:44,355] INFO - Starting signature verification for wallet: 0x50629C71967908D5C871A5eDAdDC853E2782E809
[2025-03-12 01:17:44,355] INFO - Verifying Ethereum signature for wallet: 0x50629C71967908D5C871A5eDAdDC853E2782E809
[2025-03-12 01:17:44,370] INFO - Generating JWT token for wallet: 0x50629C71967908D5C871A5eDAdDC853E2782E809
[2025-03-12 01:17:44,370] INFO - Authentication successful for wallet: 0x50629C71967908D5C871A5eDAdDC853E2782E809
[2025-03-12 01:18:11,778] INFO - Creating auth session for wallet: 0x50629C71967908D5C871A5eDAdDC853E2782E809
[2025-03-12 01:18:11,778] INFO - Session created successfully with nonce: 0971c4f0f2839fdaf940b2165087e4f6e09103a456a472d03df266e96d4e2f5b
[2025-03-12 01:18:14,011] INFO - Starting signature verification for wallet: 0x50629C71967908D5C871A5eDAdDC853E2782E809
[2025-03-12 01:18:14,011] INFO - Verifying Ethereum signature for wallet: 0x50629C71967908D5C871A5eDAdDC853E2782E809
[2025-03-12 01:18:14,020] INFO - Generating JWT token for wallet: 0x50629C71967908D5C871A5eDAdDC853E2782E809
[2025-03-12 01:18:14,020] INFO - Authentication successful for wallet: 0x50629C71967908D5C871A5eDAdDC853E2782E809
[2025-03-12 01:22:14,102] INFO - Creating auth session for wallet: 0x50629C71967908D5C871A5eDAdDC853E2782E809
[2025-03-12 01:22:14,102] INFO - Session created successfully with nonce: f3fba2668c4f5ad0d900cbafae5995c9315189f140bbae39c7c4b7baeb9f377a
[2025-03-12 01:22:15,054] INFO - Creating auth session for wallet: 0x50629C71967908D5C871A5eDAdDC853E2782E809
[2025-03-12 01:22:15,054] INFO - Session created successfully with nonce: 198dc759d5546d42bf944e5d7658780ceb64e345a8c029ac8f430b7e3178ef65
[2025-03-12 01:22:15,675] INFO - Starting signature verification for wallet: 0x50629C71967908D5C871A5eDAdDC853E2782E809
[2025-03-12 01:22:15,675] ERROR - Invalid or expired nonce for wallet: 0x50629C71967908D5C871A5eDAdDC853E2782E809
[2025-03-12 01:22:16,404] INFO - Starting signature verification for wallet: 0x50629C71967908D5C871A5eDAdDC853E2782E809
[2025-03-12 01:22:16,404] INFO - Verifying Ethereum signature for wallet: 0x50629C71967908D5C871A5eDAdDC853E2782E809
[2025-03-12 01:22:16,418] INFO - Generating JWT token for wallet: 0x50629C71967908D5C871A5eDAdDC853E2782E809
[2025-03-12 01:22:16,419] INFO - Authentication successful for wallet: 0x50629C71967908D5C871A5eDAdDC853E2782E809
[2025-03-12 01:22:26,139] INFO - Creating auth session for wallet: 0x50629C71967908D5C871A5eDAdDC853E2782E809
[2025-03-12 01:22:26,141] INFO - Session created successfully with nonce: f358998c79f756c1f3ce35bed67bff6c1785e7957d44d4ea265979cd87e3b64e
[2025-03-12 01:22:27,835] INFO - Starting signature verification for wallet: 0x50629C71967908D5C871A5eDAdDC853E2782E809
[2025-03-12 01:22:27,836] INFO - Verifying Ethereum signature for wallet: 0x50629C71967908D5C871A5eDAdDC853E2782E809
[2025-03-12 01:22:27,847] INFO - Generating JWT token for wallet: 0x50629C71967908D5C871A5eDAdDC853E2782E809
[2025-03-12 01:22:27,847] INFO - Authentication successful for wallet: 0x50629C71967908D5C871A5eDAdDC853E2782E809
[2025-03-12 01:23:20,865] INFO - Creating auth session for wallet: 0x50629C71967908D5C871A5eDAdDC853E2782E809
[2025-03-12 01:23:20,866] INFO - Session created successfully with nonce: b786768d49a8075b97d66dcd139b73e5294307bbf956a5200a0fded4a21b7013
[2025-03-12 01:23:22,723] INFO - Starting signature verification for wallet: 0x50629C71967908D5C871A5eDAdDC853E2782E809
[2025-03-12 01:23:22,723] INFO - Verifying Ethereum signature for wallet: 0x50629C71967908D5C871A5eDAdDC853E2782E809
[2025-03-12 01:23:22,740] INFO - Generating JWT token for wallet: 0x50629C71967908D5C871A5eDAdDC853E2782E809
[2025-03-12 01:23:22,740] INFO - Authentication successful for wallet: 0x50629C71967908D5C871A5eDAdDC853E2782E809
[2025-03-12 01:24:08,897] INFO - Creating auth session for wallet: 0x50629C71967908D5C871A5eDAdDC853E2782E809
[2025-03-12 01:24:08,897] INFO - Session created successfully with nonce: b78e50d6e078a9f34d6f25273e5f6e204c4d04255c601a80f5afe5c5daf75060
[2025-03-12 01:24:10,617] INFO - Starting signature verification for wallet: 0x50629C71967908D5C871A5eDAdDC853E2782E809
[2025-03-12 01:24:10,618] INFO - Verifying Ethereum signature for wallet: 0x50629C71967908D5C871A5eDAdDC853E2782E809
[2025-03-12 01:24:10,630] INFO - Generating JWT token for wallet: 0x50629C71967908D5C871A5eDAdDC853E2782E809
[2025-03-12 01:24:10,630] INFO - Authentication successful for wallet: 0x50629C71967908D5C871A5eDAdDC853E2782E809
[2025-03-12 01:25:14,755] INFO - Creating auth session for wallet: 0x50629C71967908D5C871A5eDAdDC853E2782E809
[2025-03-12 01:25:14,756] INFO - Session created successfully with nonce: e7781fe7efe61c9bf53873a4d63f16bb0e946a837f6281b7a5c018d1f89bcc91
[2025-03-12 01:25:16,496] INFO - Starting signature verification for wallet: 0x50629C71967908D5C871A5eDAdDC853E2782E809
[2025-03-12 01:25:16,496] INFO - Verifying Ethereum signature for wallet: 0x50629C71967908D5C871A5eDAdDC853E2782E809
[2025-03-12 01:25:16,512] INFO - Generating JWT token for wallet: 0x50629C71967908D5C871A5eDAdDC853E2782E809
[2025-03-12 01:25:16,512] INFO - Authentication successful for wallet: 0x50629C71967908D5C871A5eDAdDC853E2782E809
[2025-03-12 01:25:21,632] INFO - Creating auth session for wallet: 0x50629C71967908D5C871A5eDAdDC853E2782E809
[2025-03-12 01:25:21,633] INFO - Session created successfully with nonce: 420b9f8df62b756148be6aee208e0da47aa18eb0f1d863b6a14b84cd443c1f61
[2025-03-12 01:25:23,677] INFO - Starting signature verification for wallet: 0x50629C71967908D5C871A5eDAdDC853E2782E809
[2025-03-12 01:25:23,677] INFO - Verifying Ethereum signature for wallet: 0x50629C71967908D5C871A5eDAdDC853E2782E809
[2025-03-12 01:25:23,685] INFO - Generating JWT token for wallet: 0x50629C71967908D5C871A5eDAdDC853E2782E809
[2025-03-12 01:25:23,686] INFO - Authentication successful for wallet: 0x50629C71967908D5C871A5eDAdDC853E2782E809
[2025-03-12 01:25:30,912] INFO - Creating auth session for wallet: 0x50629C71967908D5C871A5eDAdDC853E2782E809
[2025-03-12 01:25:30,913] INFO - Session created successfully with nonce: 35d4a079e3f3bb60897988401e27915cdfa6d30039057463a9cf5e7a7cf08480
[2025-03-12 01:25:32,138] INFO - Creating auth session for wallet: 0x50629C71967908D5C871A5eDAdDC853E2782E809
[2025-03-12 01:25:32,139] INFO - Session created successfully with nonce: 35ff8102736f615cb3b3d9582d19e65d8677ea16d39ba605ebe7d1ebd7be0b95
[2025-03-12 01:25:32,141] INFO - Creating auth session for wallet: 0x50629C71967908D5C871A5eDAdDC853E2782E809
[2025-03-12 01:25:32,141] INFO - Session created successfully with nonce: 3c13ce031d7959f9a35c59737827efad7c81cbb937ecddf268d4251de007d629
[2025-03-12 01:25:32,823] INFO - Starting signature verification for wallet: 0x50629C71967908D5C871A5eDAdDC853E2782E809
[2025-03-12 01:25:32,823] ERROR - Invalid or expired nonce for wallet: 0x50629C71967908D5C871A5eDAdDC853E2782E809
[2025-03-12 01:25:33,380] INFO - Starting signature verification for wallet: 0x50629C71967908D5C871A5eDAdDC853E2782E809
[2025-03-12 01:25:33,380] ERROR - Invalid or expired nonce for wallet: 0x50629C71967908D5C871A5eDAdDC853E2782E809
[2025-03-12 01:25:33,943] INFO - Starting signature verification for wallet: 0x50629C71967908D5C871A5eDAdDC853E2782E809
[2025-03-12 01:25:33,943] INFO - Verifying Ethereum signature for wallet: 0x50629C71967908D5C871A5eDAdDC853E2782E809
[2025-03-12 01:25:33,950] INFO - Generating JWT token for wallet: 0x50629C71967908D5C871A5eDAdDC853E2782E809
[2025-03-12 01:25:33,950] INFO - Authentication successful for wallet: 0x50629C71967908D5C871A5eDAdDC853E2782E809
[2025-03-12 01:25:46,517] INFO - Creating auth session for wallet: 0x50629C71967908D5C871A5eDAdDC853E2782E809
[2025-03-12 01:25:46,518] INFO - Session created successfully with nonce: f1ec362ca2b9e316f8646cd58789313ece618253e475e4621109a0e8ea78c858
[2025-03-12 01:25:48,218] INFO - Starting signature verification for wallet: 0x50629C71967908D5C871A5eDAdDC853E2782E809
[2025-03-12 01:25:48,218] INFO - Verifying Ethereum signature for wallet: 0x50629C71967908D5C871A5eDAdDC853E2782E809
[2025-03-12 01:25:48,224] INFO - Generating JWT token for wallet: 0x50629C71967908D5C871A5eDAdDC853E2782E809
[2025-03-12 01:25:48,224] INFO - Authentication successful for wallet: 0x50629C71967908D5C871A5eDAdDC853E2782E809
[2025-03-12 01:25:55,790] INFO - Creating auth session for wallet: 0x50629C71967908D5C871A5eDAdDC853E2782E809
[2025-03-12 01:25:55,790] INFO - Session created successfully with nonce: c342348f671a0e98c8569ae1aec6067cd5202782b81fb7914c5db93fbe92c072
[2025-03-12 01:25:56,921] INFO - Creating auth session for wallet: 0x50629C71967908D5C871A5eDAdDC853E2782E809
[2025-03-12 01:25:56,921] INFO - Session created successfully with nonce: d433dac78c8722c356ea5d782c05c342dc0a44f66c465e933b9f4a8be3afe0dd
[2025-03-12 01:25:56,922] INFO - Creating auth session for wallet: 0x50629C71967908D5C871A5eDAdDC853E2782E809
[2025-03-12 01:25:56,922] INFO - Session created successfully with nonce: 88055bd8d98daffb410c0fa9152724605bd270ac13e03dc1cc4cf2c91f823417
[2025-03-12 01:27:08,068] INFO - Creating auth session for wallet: 0x50629C71967908D5C871A5eDAdDC853E2782E809
[2025-03-12 01:27:08,070] INFO - Session created successfully with nonce: 8f3eeb543440fc897b10a4827e745f515862f99137fd2d7acfb527c9ff43a9e9
[2025-03-12 01:28:41,195] INFO - Creating auth session for wallet: 0x50629C71967908D5C871A5eDAdDC853E2782E809
[2025-03-12 01:28:41,196] INFO - Session created successfully with nonce: 708b7ebd814a9ac3c5ebd0cf10e68a4cb109c5495bbb37a0b09fd615f1c0016b
[2025-03-12 01:28:43,188] INFO - Starting signature verification for wallet: 0x50629C71967908D5C871A5eDAdDC853E2782E809
[2025-03-12 01:28:43,189] INFO - Verifying Ethereum signature for wallet: 0x50629C71967908D5C871A5eDAdDC853E2782E809
[2025-03-12 01:28:43,206] INFO - Generating JWT token for wallet: 0x50629C71967908D5C871A5eDAdDC853E2782E809
[2025-03-12 01:28:43,207] INFO - Authentication successful for wallet: 0x50629C71967908D5C871A5eDAdDC853E2782E809
[2025-03-12 01:28:49,187] INFO - Creating auth session for wallet: 0x50629C71967908D5C871A5eDAdDC853E2782E809
[2025-03-12 01:28:49,187] INFO - Session created successfully with nonce: 93f8c8bd0016d9bcc2ce6f5181f028c71b5d03a3e5383f4826fcbd35b757c845
[2025-03-12 01:28:50,308] INFO - Creating auth session for wallet: 0x50629C71967908D5C871A5eDAdDC853E2782E809
[2025-03-12 01:28:50,308] INFO - Session created successfully with nonce: 4d7590e7546120511e39aeed5462a6b9b285b722b3945c3c5a8d18b41809306a
[2025-03-12 01:28:50,312] INFO - Creating auth session for wallet: 0x50629C71967908D5C871A5eDAdDC853E2782E809
[2025-03-12 01:28:50,312] INFO - Session created successfully with nonce: ebdc08685a0ac1a8724a800ded6bc16dfd4d4e5882686a03152842c9ae8dcbb1
[2025-03-12 01:28:51,042] INFO - Starting signature verification for wallet: 0x50629C71967908D5C871A5eDAdDC853E2782E809
[2025-03-12 01:28:51,042] ERROR - Invalid or expired nonce for wallet: 0x50629C71967908D5C871A5eDAdDC853E2782E809
[2025-03-12 01:28:51,539] INFO - Starting signature verification for wallet: 0x50629C71967908D5C871A5eDAdDC853E2782E809
[2025-03-12 01:28:51,539] ERROR - Invalid or expired nonce for wallet: 0x50629C71967908D5C871A5eDAdDC853E2782E809
[2025-03-12 01:28:52,275] INFO - Starting signature verification for wallet: 0x50629C71967908D5C871A5eDAdDC853E2782E809
[2025-03-12 01:28:52,275] INFO - Verifying Ethereum signature for wallet: 0x50629C71967908D5C871A5eDAdDC853E2782E809
[2025-03-12 01:28:52,283] INFO - Generating JWT token for wallet: 0x50629C71967908D5C871A5eDAdDC853E2782E809
[2025-03-12 01:28:52,284] INFO - Authentication successful for wallet: 0x50629C71967908D5C871A5eDAdDC853E2782E809
[2025-03-12 01:29:11,631] INFO - Creating auth session for wallet: 0xAbf4fb1AC5E3c0Db693deC235F9D9BE1a29bcDc9
[2025-03-12 01:29:11,631] INFO - Session created successfully with nonce: 00c32bdda3456e592cde6c8396ce42dc8b2c518e3099a101e70209c40edff3f1
[2025-03-12 01:29:13,754] INFO - Starting signature verification for wallet: 0xAbf4fb1AC5E3c0Db693deC235F9D9BE1a29bcDc9
[2025-03-12 01:29:13,754] INFO - Verifying Ethereum signature for wallet: 0xAbf4fb1AC5E3c0Db693deC235F9D9BE1a29bcDc9
[2025-03-12 01:29:13,764] INFO - Generating JWT token for wallet: 0xAbf4fb1AC5E3c0Db693deC235F9D9BE1a29bcDc9
[2025-03-12 01:29:13,765] INFO - Authentication successful for wallet: 0xAbf4fb1AC5E3c0Db693deC235F9D9BE1a29bcDc9
[2025-03-12 01:29:19,110] INFO - Creating auth session for wallet: 0xAbf4fb1AC5E3c0Db693deC235F9D9BE1a29bcDc9
[2025-03-12 01:29:19,110] INFO - Session created successfully with nonce: df201bbe6c6560b268d341c862e2d53abb21f89b7e886dad80825f46790b6502
[2025-03-12 01:29:20,192] INFO - Creating auth session for wallet: 0xAbf4fb1AC5E3c0Db693deC235F9D9BE1a29bcDc9
[2025-03-12 01:29:20,192] INFO - Session created successfully with nonce: 0ae609b2258da41822cfc70f17ec873a3d745ebdda2b76b1efeaa6d772caaf0f
[2025-03-12 01:29:20,194] INFO - Creating auth session for wallet: 0xAbf4fb1AC5E3c0Db693deC235F9D9BE1a29bcDc9
[2025-03-12 01:29:20,194] INFO - Session created successfully with nonce: 0780950d42257da7b8803828c299fc545b27df48398d37141608dd02ba339d8a
[2025-03-12 01:30:15,245] INFO - Starting signature verification for wallet: 0xAbf4fb1AC5E3c0Db693deC235F9D9BE1a29bcDc9
[2025-03-12 01:30:15,245] ERROR - Invalid or expired nonce for wallet: 0xAbf4fb1AC5E3c0Db693deC235F9D9BE1a29bcDc9
[2025-03-12 01:30:15,946] INFO - Starting signature verification for wallet: 0xAbf4fb1AC5E3c0Db693deC235F9D9BE1a29bcDc9
[2025-03-12 01:30:15,946] ERROR - Invalid or expired nonce for wallet: 0xAbf4fb1AC5E3c0Db693deC235F9D9BE1a29bcDc9
[2025-03-12 01:30:15,970] INFO - Creating auth session for wallet: 0xAbf4fb1AC5E3c0Db693deC235F9D9BE1a29bcDc9
[2025-03-12 01:30:15,971] INFO - Session created successfully with nonce: eef0fc8865e89caa4f0af4bf85478844aef6fb137099dd954b064e58f36a5b20
[2025-03-12 01:30:16,302] INFO - Starting signature verification for wallet: 0xAbf4fb1AC5E3c0Db693deC235F9D9BE1a29bcDc9
[2025-03-12 01:30:16,302] ERROR - Invalid or expired nonce for wallet: 0xAbf4fb1AC5E3c0Db693deC235F9D9BE1a29bcDc9
[2025-03-12 01:30:16,964] INFO - Starting signature verification for wallet: 0xAbf4fb1AC5E3c0Db693deC235F9D9BE1a29bcDc9
[2025-03-12 01:30:16,964] INFO - Verifying Ethereum signature for wallet: 0xAbf4fb1AC5E3c0Db693deC235F9D9BE1a29bcDc9
[2025-03-12 01:30:16,973] INFO - Generating JWT token for wallet: 0xAbf4fb1AC5E3c0Db693deC235F9D9BE1a29bcDc9
[2025-03-12 01:30:16,974] INFO - Authentication successful for wallet: 0xAbf4fb1AC5E3c0Db693deC235F9D9BE1a29bcDc9
[2025-03-12 01:34:24,859] INFO - Auth services module initialized
[2025-03-12 01:39:33,969] INFO - Creating auth session for wallet: 0x50629C71967908D5C871A5eDAdDC853E2782E809
[2025-03-12 01:39:33,969] INFO - Session created successfully with nonce: 6e8869e002c5bae31dd1bc145348989f26a01737c30cd76752be934f40f82c8f
[2025-03-12 01:39:36,737] INFO - Starting signature verification for wallet: 0x50629C71967908D5C871A5eDAdDC853E2782E809
[2025-03-12 01:39:36,737] INFO - Verifying Ethereum signature for wallet: 0x50629C71967908D5C871A5eDAdDC853E2782E809
[2025-03-12 01:39:36,757] INFO - Generating JWT token for wallet: 0x50629C71967908D5C871A5eDAdDC853E2782E809
[2025-03-12 01:39:36,762] INFO - Authentication successful for wallet: 0x50629C71967908D5C871A5eDAdDC853E2782E809
[2025-03-12 01:40:06,709] INFO - Creating auth session for wallet: 0x50629C71967908D5C871A5eDAdDC853E2782E809
[2025-03-12 01:40:06,709] INFO - Session created successfully with nonce: 58639997fe297486c3ea906edaade7e0ccb623c1fb66a758b572928395fe9ef1
[2025-03-12 01:40:08,102] INFO - Creating auth session for wallet: 0x50629C71967908D5C871A5eDAdDC853E2782E809
[2025-03-12 01:40:08,103] INFO - Session created successfully with nonce: c3cc2b72f559817570c669868559d4346d4e2250ce919b3404c24090a4e3769a
[2025-03-12 01:40:08,104] INFO - Creating auth session for wallet: 0x50629C71967908D5C871A5eDAdDC853E2782E809
[2025-03-12 01:40:08,104] INFO - Session created successfully with nonce: 99c7aa77a8837e072642b915d9692588de636a2ac454dbd650429dc772f7f6b5
[2025-03-12 01:40:26,824] INFO - Starting signature verification for wallet: 0x50629C71967908D5C871A5eDAdDC853E2782E809
[2025-03-12 01:40:26,824] ERROR - Invalid or expired nonce for wallet: 0x50629C71967908D5C871A5eDAdDC853E2782E809
[2025-03-12 01:40:27,159] INFO - Starting signature verification for wallet: 0x50629C71967908D5C871A5eDAdDC853E2782E809
[2025-03-12 01:40:27,159] ERROR - Invalid or expired nonce for wallet: 0x50629C71967908D5C871A5eDAdDC853E2782E809
[2025-03-12 01:40:27,173] INFO - Creating auth session for wallet: 0x50629C71967908D5C871A5eDAdDC853E2782E809
[2025-03-12 01:40:27,173] INFO - Session created successfully with nonce: 3eceaa980ea9e156814a5c1f586ccb001a145b5ad85f8365372116111f1c593d
[2025-03-12 01:40:27,598] INFO - Starting signature verification for wallet: 0x50629C71967908D5C871A5eDAdDC853E2782E809
[2025-03-12 01:40:27,598] ERROR - Invalid or expired nonce for wallet: 0x50629C71967908D5C871A5eDAdDC853E2782E809
[2025-03-12 01:40:28,251] INFO - Starting signature verification for wallet: 0x50629C71967908D5C871A5eDAdDC853E2782E809
[2025-03-12 01:40:28,252] INFO - Verifying Ethereum signature for wallet: 0x50629C71967908D5C871A5eDAdDC853E2782E809
[2025-03-12 01:40:28,262] INFO - Generating JWT token for wallet: 0x50629C71967908D5C871A5eDAdDC853E2782E809
[2025-03-12 01:40:28,263] INFO - Authentication successful for wallet: 0x50629C71967908D5C871A5eDAdDC853E2782E809
[2025-03-12 01:44:24,773] INFO - Auth services module initialized
[2025-03-12 01:44:56,172] INFO - Auth services module initialized
[2025-03-12 01:44:59,634] INFO - Auth services module initialized
[2025-03-12 01:45:07,587] INFO - Creating auth session for wallet: 0x50629C71967908D5C871A5eDAdDC853E2782E809
[2025-03-12 01:45:07,588] INFO - Session created successfully with nonce: 399ebf8f3f0c81dc84dcdc6dd2472ee583bb10257773ae09276029f221f22505
[2025-03-12 01:45:09,467] INFO - Starting signature verification for wallet: 0x50629C71967908D5C871A5eDAdDC853E2782E809
[2025-03-12 01:45:09,467] INFO - Verifying Ethereum signature for wallet: 0x50629C71967908D5C871A5eDAdDC853E2782E809
[2025-03-12 01:45:09,487] INFO - Generating JWT token for wallet: 0x50629C71967908D5C871A5eDAdDC853E2782E809
[2025-03-12 01:45:09,491] INFO - Authentication successful for wallet: 0x50629C71967908D5C871A5eDAdDC853E2782E809
[2025-03-12 01:45:18,679] INFO - Creating auth session for wallet: 0x50629C71967908D5C871A5eDAdDC853E2782E809
[2025-03-12 01:45:18,680] INFO - Session created successfully with nonce: 7aa80af48b720b8d47dbf73812e4cf9e274f9659ddffe1e01aebb667a4d8f4c9
[2025-03-12 01:45:19,981] INFO - Creating auth session for wallet: 0x50629C71967908D5C871A5eDAdDC853E2782E809
[2025-03-12 01:45:19,982] INFO - Session created successfully with nonce: c21c6361195d6cd3822f9d3710855fae44021a70ce4a49d1c33420109d8970bd
[2025-03-12 01:45:19,983] INFO - Creating auth session for wallet: 0x50629C71967908D5C871A5eDAdDC853E2782E809
[2025-03-12 01:45:19,984] INFO - Session created successfully with nonce: efe6980dde94bd05a2a3cb06c108916aafb99ce4c044e9ea8707a74cc778e4bc
[2025-03-12 01:45:42,502] INFO - Starting signature verification for wallet: 0x50629C71967908D5C871A5eDAdDC853E2782E809
[2025-03-12 01:45:42,502] ERROR - Invalid or expired nonce for wallet: 0x50629C71967908D5C871A5eDAdDC853E2782E809
[2025-03-12 01:45:42,830] INFO - Starting signature verification for wallet: 0x50629C71967908D5C871A5eDAdDC853E2782E809
[2025-03-12 01:45:42,831] INFO - Verifying Ethereum signature for wallet: 0x50629C71967908D5C871A5eDAdDC853E2782E809
[2025-03-12 01:45:42,837] ERROR - Signature verification failed - address mismatch. Expected: 0x50629c71967908d5c871a5edaddc853e2782e809, Got: 0xe04251723adf501da4a64d7f98066917ee534f8b
[2025-03-12 01:45:42,837] ERROR - Signature verification failed for wallet 0x50629C71967908D5C871A5eDAdDC853E2782E809: 
[2025-03-12 01:45:42,874] INFO - Creating auth session for wallet: 0x50629C71967908D5C871A5eDAdDC853E2782E809
[2025-03-12 01:45:42,874] INFO - Session created successfully with nonce: c2bd8c24222e60c3cf01e3398a850f4bc48b7e8c628ac215e18334da15d919f2
[2025-03-12 01:45:43,130] INFO - Starting signature verification for wallet: 0x50629C71967908D5C871A5eDAdDC853E2782E809
[2025-03-12 01:45:43,130] INFO - Verifying Ethereum signature for wallet: 0x50629C71967908D5C871A5eDAdDC853E2782E809
[2025-03-12 01:45:43,136] ERROR - Signature verification failed - address mismatch. Expected: 0x50629c71967908d5c871a5edaddc853e2782e809, Got: 0x345547adde38b92311fb3ff93eecf1d8bc082c88
[2025-03-12 01:45:43,136] ERROR - Signature verification failed for wallet 0x50629C71967908D5C871A5eDAdDC853E2782E809: 
[2025-03-12 01:45:48,933] INFO - Creating auth session for wallet: 0x50629C71967908D5C871A5eDAdDC853E2782E809
[2025-03-12 01:45:48,933] INFO - Session created successfully with nonce: 31cd2c464fe3357f31e72759003c17c2e084b7f21b5645501d5492d503bcd4c5
[2025-03-12 01:45:50,740] INFO - Starting signature verification for wallet: 0x50629C71967908D5C871A5eDAdDC853E2782E809
[2025-03-12 01:45:50,740] INFO - Verifying Ethereum signature for wallet: 0x50629C71967908D5C871A5eDAdDC853E2782E809
[2025-03-12 01:45:50,755] INFO - Generating JWT token for wallet: 0x50629C71967908D5C871A5eDAdDC853E2782E809
[2025-03-12 01:45:50,756] INFO - Authentication successful for wallet: 0x50629C71967908D5C871A5eDAdDC853E2782E809
[2025-03-12 01:45:58,854] INFO - Creating auth session for wallet: 0x50629C71967908D5C871A5eDAdDC853E2782E809
[2025-03-12 01:45:58,854] INFO - Session created successfully with nonce: 3b0b8662f286120666478b31d16174409f74a182897fa6465b0b1c6731116310
[2025-03-12 01:46:00,673] INFO - Starting signature verification for wallet: 0x50629C71967908D5C871A5eDAdDC853E2782E809
[2025-03-12 01:46:00,674] INFO - Verifying Ethereum signature for wallet: 0x50629C71967908D5C871A5eDAdDC853E2782E809
[2025-03-12 01:46:00,692] INFO - Generating JWT token for wallet: 0x50629C71967908D5C871A5eDAdDC853E2782E809
[2025-03-12 01:46:00,692] INFO - Authentication successful for wallet: 0x50629C71967908D5C871A5eDAdDC853E2782E809
[2025-03-12 01:46:03,746] INFO - Creating auth session for wallet: 0x50629C71967908D5C871A5eDAdDC853E2782E809
[2025-03-12 01:46:03,747] INFO - Session created successfully with nonce: bcfc10132b21a8f7588681925ebcae2fafb3e4bb658853ffd4e27a274c721d6b
[2025-03-12 01:46:04,888] INFO - Starting signature verification for wallet: 0x50629C71967908D5C871A5eDAdDC853E2782E809
[2025-03-12 01:46:04,888] INFO - Verifying Ethereum signature for wallet: 0x50629C71967908D5C871A5eDAdDC853E2782E809
[2025-03-12 01:46:04,894] INFO - Generating JWT token for wallet: 0x50629C71967908D5C871A5eDAdDC853E2782E809
[2025-03-12 01:46:04,895] INFO - Authentication successful for wallet: 0x50629C71967908D5C871A5eDAdDC853E2782E809
[2025-03-12 02:11:05,998] INFO - Creating auth session for wallet: 0x50629C71967908D5C871A5eDAdDC853E2782E809
[2025-03-12 02:11:05,998] INFO - Session created successfully with nonce: dd66b69089cfe78789fa54eb097d028f43bc2eb90048583add33594724907bec
[2025-03-12 02:11:08,160] INFO - Starting signature verification for wallet: 0x50629C71967908D5C871A5eDAdDC853E2782E809
[2025-03-12 02:11:08,163] INFO - Verifying Ethereum signature for wallet: 0x50629C71967908D5C871A5eDAdDC853E2782E809
[2025-03-12 02:11:08,201] INFO - Generating JWT token for wallet: 0x50629C71967908D5C871A5eDAdDC853E2782E809
[2025-03-12 02:11:08,205] INFO - Authentication successful for wallet: 0x50629C71967908D5C871A5eDAdDC853E2782E809
[2025-03-12 02:12:04,864] INFO - Auth services module initialized
[2025-03-12 02:12:13,765] INFO - Auth services module initialized
[2025-03-12 02:13:54,465] INFO - Creating auth session for wallet: 0x50629C71967908D5C871A5eDAdDC853E2782E809
[2025-03-12 02:13:54,474] INFO - Session created successfully with nonce: 00873ea6027625f4f1740ed2b91f4ff690c4c69e889b806d6f98351be70f0e03
[2025-03-12 02:13:56,546] INFO - Starting signature verification for wallet: 0x50629C71967908D5C871A5eDAdDC853E2782E809
[2025-03-12 02:13:56,547] INFO - Verifying Ethereum signature for wallet: 0x50629C71967908D5C871A5eDAdDC853E2782E809
[2025-03-12 02:13:56,621] INFO - Generating JWT token for wallet: 0x50629C71967908D5C871A5eDAdDC853E2782E809
[2025-03-12 02:13:56,628] INFO - Authentication successful for wallet: 0x50629C71967908D5C871A5eDAdDC853E2782E809
[2025-03-12 02:25:42,189] INFO - Creating auth session for wallet: 0x50629C71967908D5C871A5eDAdDC853E2782E809
[2025-03-12 02:25:42,189] INFO - Session created successfully with nonce: a5addd9d17a3919f107d7e70eea61627bcf45aac4e670cd44deb9d46a17db8b4
[2025-03-12 02:25:44,342] INFO - Starting signature verification for wallet: 0x50629C71967908D5C871A5eDAdDC853E2782E809
[2025-03-12 02:25:44,342] INFO - Verifying Ethereum signature for wallet: 0x50629C71967908D5C871A5eDAdDC853E2782E809
[2025-03-12 02:25:44,356] INFO - Generating JWT token for wallet: 0x50629C71967908D5C871A5eDAdDC853E2782E809
[2025-03-12 02:25:44,360] INFO - Authentication successful for wallet: 0x50629C71967908D5C871A5eDAdDC853E2782E809
[2025-03-12 02:25:58,502] INFO - Creating auth session for wallet: 0x50629C71967908D5C871A5eDAdDC853E2782E809
[2025-03-12 02:25:58,504] INFO - Session created successfully with nonce: 5209ff127bbe3ba43b2d243423e14e61d49c1ff83b01ed705b9f7ba921d8cbdd
[2025-03-12 02:26:00,290] INFO - Starting signature verification for wallet: 0x50629C71967908D5C871A5eDAdDC853E2782E809
[2025-03-12 02:26:00,291] INFO - Verifying Ethereum signature for wallet: 0x50629C71967908D5C871A5eDAdDC853E2782E809
[2025-03-12 02:26:00,308] INFO - Generating JWT token for wallet: 0x50629C71967908D5C871A5eDAdDC853E2782E809
[2025-03-12 02:26:00,308] INFO - Authentication successful for wallet: 0x50629C71967908D5C871A5eDAdDC853E2782E809
[2025-03-12 02:27:48,713] INFO - Creating auth session for wallet: 0x50629C71967908D5C871A5eDAdDC853E2782E809
[2025-03-12 02:27:48,713] INFO - Session created successfully with nonce: b07dc3406158f071d7a91b370f0a35e294bb9877c44aa6e7861394652eb5580a
[2025-03-12 02:27:50,689] INFO - Starting signature verification for wallet: 0x50629C71967908D5C871A5eDAdDC853E2782E809
[2025-03-12 02:27:50,690] INFO - Verifying Ethereum signature for wallet: 0x50629C71967908D5C871A5eDAdDC853E2782E809
[2025-03-12 02:27:50,701] INFO - Generating JWT token for wallet: 0x50629C71967908D5C871A5eDAdDC853E2782E809
[2025-03-12 02:27:50,702] INFO - Authentication successful for wallet: 0x50629C71967908D5C871A5eDAdDC853E2782E809
[2025-03-12 02:28:06,860] INFO - Creating auth session for wallet: 0x0300B70e40F138927e3a988ce4A9a069Ff875336
[2025-03-12 02:28:06,860] INFO - Session created successfully with nonce: 0df420837112e66915b7d0e2d05504e22206972a7c1ab40d9210984765ac2149
[2025-03-12 02:28:07,921] INFO - Creating auth session for wallet: 0x0300B70e40F138927e3a988ce4A9a069Ff875336
[2025-03-12 02:28:07,921] INFO - Session created successfully with nonce: 9dc4f8af06f1fd67352766fc870f3ceef18fb5fddb3094f9b97fd9d2278b236f
[2025-03-12 02:28:07,923] INFO - Creating auth session for wallet: 0x0300B70e40F138927e3a988ce4A9a069Ff875336
[2025-03-12 02:28:07,923] INFO - Session created successfully with nonce: 5f09c69d0b36875fbbaf927dfa525f31ae663e4d62c2856099598c1d3c1078bb
[2025-03-12 02:28:08,201] INFO - Starting signature verification for wallet: 0x0300B70e40F138927e3a988ce4A9a069Ff875336
[2025-03-12 02:28:08,201] ERROR - Invalid or expired nonce for wallet: 0x0300B70e40F138927e3a988ce4A9a069Ff875336
[2025-03-12 02:28:09,562] INFO - Starting signature verification for wallet: 0x0300B70e40F138927e3a988ce4A9a069Ff875336
[2025-03-12 02:28:09,562] ERROR - Invalid or expired nonce for wallet: 0x0300B70e40F138927e3a988ce4A9a069Ff875336
[2025-03-12 02:28:10,030] INFO - Starting signature verification for wallet: 0x0300B70e40F138927e3a988ce4A9a069Ff875336
[2025-03-12 02:28:10,030] INFO - Verifying Ethereum signature for wallet: 0x0300B70e40F138927e3a988ce4A9a069Ff875336
[2025-03-12 02:28:10,046] INFO - Generating JWT token for wallet: 0x0300B70e40F138927e3a988ce4A9a069Ff875336
[2025-03-12 02:28:10,046] INFO - Authentication successful for wallet: 0x0300B70e40F138927e3a988ce4A9a069Ff875336
[2025-03-12 02:28:18,787] INFO - Creating auth session for wallet: 0x0300B70e40F138927e3a988ce4A9a069Ff875336
[2025-03-12 02:28:18,787] INFO - Session created successfully with nonce: 6e6a190f0643a8a69be9eb8a08b4abb735e025393d8ca848c5bfd569d7c9ea08
[2025-03-12 02:28:19,979] INFO - Creating auth session for wallet: 0x0300B70e40F138927e3a988ce4A9a069Ff875336
[2025-03-12 02:28:19,979] INFO - Session created successfully with nonce: c933d62ba782a1b656c7217e858f27f08ee5c414bc1b8cb2c44aa230c8c1f456
[2025-03-12 02:28:19,981] INFO - Creating auth session for wallet: 0x0300B70e40F138927e3a988ce4A9a069Ff875336
[2025-03-12 02:28:19,981] INFO - Session created successfully with nonce: 36708bc1f19266b95b04f01abf1a22d3ee1b831b238fb470039c1b63a819d9e8
[2025-03-12 02:28:20,091] INFO - Starting signature verification for wallet: 0x0300B70e40F138927e3a988ce4A9a069Ff875336
[2025-03-12 02:28:20,091] ERROR - Invalid or expired nonce for wallet: 0x0300B70e40F138927e3a988ce4A9a069Ff875336
[2025-03-12 02:28:21,581] INFO - Starting signature verification for wallet: 0x0300B70e40F138927e3a988ce4A9a069Ff875336
[2025-03-12 02:28:21,581] ERROR - Invalid or expired nonce for wallet: 0x0300B70e40F138927e3a988ce4A9a069Ff875336
[2025-03-12 02:28:22,068] INFO - Starting signature verification for wallet: 0x0300B70e40F138927e3a988ce4A9a069Ff875336
[2025-03-12 02:28:22,068] INFO - Verifying Ethereum signature for wallet: 0x0300B70e40F138927e3a988ce4A9a069Ff875336
[2025-03-12 02:28:22,080] INFO - Generating JWT token for wallet: 0x0300B70e40F138927e3a988ce4A9a069Ff875336
[2025-03-12 02:28:22,081] INFO - Authentication successful for wallet: 0x0300B70e40F138927e3a988ce4A9a069Ff875336
[2025-03-12 02:28:26,691] INFO - Creating auth session for wallet: 0x0300B70e40F138927e3a988ce4A9a069Ff875336
[2025-03-12 02:28:26,692] INFO - Session created successfully with nonce: 7f9dc6bf5a9c20c56b21296bb74318c5737ac042adbec9731e7a5f47b53ae888
[2025-03-12 02:28:28,629] INFO - Starting signature verification for wallet: 0x0300B70e40F138927e3a988ce4A9a069Ff875336
[2025-03-12 02:28:28,629] INFO - Verifying Ethereum signature for wallet: 0x0300B70e40F138927e3a988ce4A9a069Ff875336
[2025-03-12 02:28:28,646] INFO - Generating JWT token for wallet: 0x0300B70e40F138927e3a988ce4A9a069Ff875336
[2025-03-12 02:28:28,646] INFO - Authentication successful for wallet: 0x0300B70e40F138927e3a988ce4A9a069Ff875336
[2025-03-12 02:28:46,175] INFO - Creating auth session for wallet: 0x0300B70e40F138927e3a988ce4A9a069Ff875336
[2025-03-12 02:28:46,175] INFO - Session created successfully with nonce: a4dda02b4fedf40ace9835cf0050b4d707269bf4f27814908c059cc0ac8f8ba4
[2025-03-12 02:28:48,453] INFO - Starting signature verification for wallet: 0x0300B70e40F138927e3a988ce4A9a069Ff875336
[2025-03-12 02:28:48,454] INFO - Verifying Ethereum signature for wallet: 0x0300B70e40F138927e3a988ce4A9a069Ff875336
[2025-03-12 02:28:48,466] INFO - Generating JWT token for wallet: 0x0300B70e40F138927e3a988ce4A9a069Ff875336
[2025-03-12 02:28:48,467] INFO - Authentication successful for wallet: 0x0300B70e40F138927e3a988ce4A9a069Ff875336
[2025-03-12 02:38:16,141] INFO - Auth services module initialized
[2025-03-12 02:39:01,621] INFO - Creating auth session for wallet: 0x0300B70e40F138927e3a988ce4A9a069Ff875336
[2025-03-12 02:39:01,622] INFO - Session created successfully with nonce: 9575c7bc4bc80d2d2a71390c1c9029a6890be65a32326e20453162848769616a
[2025-03-12 02:39:19,687] INFO - Starting signature verification for wallet: 0x0300B70e40F138927e3a988ce4A9a069Ff875336
[2025-03-12 02:39:19,688] INFO - Verifying Ethereum signature for wallet: 0x0300B70e40F138927e3a988ce4A9a069Ff875336
[2025-03-12 02:39:19,723] INFO - Generating JWT token for wallet: 0x0300B70e40F138927e3a988ce4A9a069Ff875336
[2025-03-12 02:39:19,726] INFO - Authentication successful for wallet: 0x0300B70e40F138927e3a988ce4A9a069Ff875336
[2025-03-12 02:39:30,308] INFO - Creating auth session for wallet: 0x0300B70e40F138927e3a988ce4A9a069Ff875336
[2025-03-12 02:39:30,308] INFO - Session created successfully with nonce: 99719d7dfdc0d6e8f1f55fccb165f89c10f83a1e687c50fec6ed92be72c8d7d8
[2025-03-12 02:39:32,401] INFO - Starting signature verification for wallet: 0x0300B70e40F138927e3a988ce4A9a069Ff875336
[2025-03-12 02:39:32,402] INFO - Verifying Ethereum signature for wallet: 0x0300B70e40F138927e3a988ce4A9a069Ff875336
[2025-03-12 02:39:32,416] INFO - Generating JWT token for wallet: 0x0300B70e40F138927e3a988ce4A9a069Ff875336
[2025-03-12 02:39:32,417] INFO - Authentication successful for wallet: 0x0300B70e40F138927e3a988ce4A9a069Ff875336
[2025-03-12 02:48:14,414] INFO - Creating auth session for wallet: 0x0300B70e40F138927e3a988ce4A9a069Ff875336
[2025-03-12 02:48:14,414] INFO - Session created successfully with nonce: 714097c09cf63512274b19dfa9acea49810e8b2718f60858a2e4baec4981cd4d
[2025-03-12 02:48:22,791] INFO - Starting signature verification for wallet: 0x0300B70e40F138927e3a988ce4A9a069Ff875336
[2025-03-12 02:48:22,791] INFO - Verifying Ethereum signature for wallet: 0x0300B70e40F138927e3a988ce4A9a069Ff875336
[2025-03-12 02:48:22,806] INFO - Generating JWT token for wallet: 0x0300B70e40F138927e3a988ce4A9a069Ff875336
[2025-03-12 02:48:22,807] INFO - Authentication successful for wallet: 0x0300B70e40F138927e3a988ce4A9a069Ff875336
[2025-03-12 02:48:25,983] INFO - Creating auth session for wallet: 0x0300B70e40F138927e3a988ce4A9a069Ff875336
[2025-03-12 02:48:25,983] INFO - Session created successfully with nonce: 56b5e79467063ec2a629ce56fa5bf86bd223e5a4a860c2f7e01192b0bf43cfaa
[2025-03-12 02:48:27,651] INFO - Starting signature verification for wallet: 0x0300B70e40F138927e3a988ce4A9a069Ff875336
[2025-03-12 02:48:27,652] INFO - Verifying Ethereum signature for wallet: 0x0300B70e40F138927e3a988ce4A9a069Ff875336
[2025-03-12 02:48:27,675] INFO - Generating JWT token for wallet: 0x0300B70e40F138927e3a988ce4A9a069Ff875336
[2025-03-12 02:48:27,677] INFO - Authentication successful for wallet: 0x0300B70e40F138927e3a988ce4A9a069Ff875336
[2025-03-12 02:48:32,920] INFO - Creating auth session for wallet: 0x0300B70e40F138927e3a988ce4A9a069Ff875336
[2025-03-12 02:48:32,921] INFO - Session created successfully with nonce: 1345fef5879d898f52a37a5c705d159ea4ac1dd166c893d78198e0224beed26f
[2025-03-12 02:48:35,112] INFO - Starting signature verification for wallet: 0x0300B70e40F138927e3a988ce4A9a069Ff875336
[2025-03-12 02:48:35,112] INFO - Verifying Ethereum signature for wallet: 0x0300B70e40F138927e3a988ce4A9a069Ff875336
[2025-03-12 02:48:35,131] INFO - Generating JWT token for wallet: 0x0300B70e40F138927e3a988ce4A9a069Ff875336
[2025-03-12 02:48:35,132] INFO - Authentication successful for wallet: 0x0300B70e40F138927e3a988ce4A9a069Ff875336
[2025-03-12 02:50:43,718] INFO - Creating auth session for wallet: 0x0300B70e40F138927e3a988ce4A9a069Ff875336
[2025-03-12 02:50:43,718] INFO - Session created successfully with nonce: fe11dcb2f732f7644f7382070711742a5677fee92e88f29a9fb63098ca274629
[2025-03-12 02:50:45,881] INFO - Starting signature verification for wallet: 0x0300B70e40F138927e3a988ce4A9a069Ff875336
[2025-03-12 02:50:45,881] INFO - Verifying Ethereum signature for wallet: 0x0300B70e40F138927e3a988ce4A9a069Ff875336
[2025-03-12 02:50:45,897] INFO - Generating JWT token for wallet: 0x0300B70e40F138927e3a988ce4A9a069Ff875336
[2025-03-12 02:50:45,897] INFO - Authentication successful for wallet: 0x0300B70e40F138927e3a988ce4A9a069Ff875336
[2025-03-12 02:51:36,968] INFO - Auth services module initialized
[2025-03-12 02:52:24,729] INFO - Creating auth session for wallet: 0x0300B70e40F138927e3a988ce4A9a069Ff875336
[2025-03-12 02:52:24,731] INFO - Session created successfully with nonce: f386f342a8cb7e2cdda570f9e08769075fbf452ede3c19f4a526f48e96e4da4a
[2025-03-12 02:52:47,052] INFO - Creating auth session for wallet: 0x0300B70e40F138927e3a988ce4A9a069Ff875336
[2025-03-12 02:52:47,053] INFO - Session created successfully with nonce: de43f7784cc59195f4910ae73cce60fbcf1fba97da8cd1d06980440c4f9d285f
[2025-03-12 02:52:48,922] INFO - Starting signature verification for wallet: 0x0300B70e40F138927e3a988ce4A9a069Ff875336
[2025-03-12 02:52:48,922] INFO - Verifying Ethereum signature for wallet: 0x0300B70e40F138927e3a988ce4A9a069Ff875336
[2025-03-12 02:52:48,946] INFO - Generating JWT token for wallet: 0x0300B70e40F138927e3a988ce4A9a069Ff875336
[2025-03-12 02:52:48,946] INFO - Authentication successful for wallet: 0x0300B70e40F138927e3a988ce4A9a069Ff875336
[2025-03-12 02:54:51,747] INFO - Creating auth session for wallet: 0x0300B70e40F138927e3a988ce4A9a069Ff875336
[2025-03-12 02:54:51,747] INFO - Session created successfully with nonce: 1e0f05567307ff8312871113e0cd484b3682b1e1dde5573d5af1babeb1db7241
[2025-03-12 02:54:53,500] INFO - Starting signature verification for wallet: 0x0300B70e40F138927e3a988ce4A9a069Ff875336
[2025-03-12 02:54:53,500] INFO - Verifying Ethereum signature for wallet: 0x0300B70e40F138927e3a988ce4A9a069Ff875336
[2025-03-12 02:54:53,505] INFO - Generating JWT token for wallet: 0x0300B70e40F138927e3a988ce4A9a069Ff875336
[2025-03-12 02:54:53,506] INFO - Authentication successful for wallet: 0x0300B70e40F138927e3a988ce4A9a069Ff875336
[2025-03-12 11:57:12,231] INFO - Auth services module initialized
[2025-03-12 12:21:07,698] INFO - Creating auth session for wallet: 0x0300B70e40F138927e3a988ce4A9a069Ff875336
[2025-03-12 12:21:07,713] INFO - Session created successfully with nonce: e1ea24180479da203aec394c3c5e003019833c6907452f2e732164b9abd1a2a6
[2025-03-12 12:21:08,666] INFO - Creating auth session for wallet: 0x0300B70e40F138927e3a988ce4A9a069Ff875336
[2025-03-12 12:21:08,666] INFO - Session created successfully with nonce: fdf6abb3b8fe0eb4d736b57d858be3a6044ab71ec786f55e87cd2b68938b645b
[2025-03-12 12:21:13,497] INFO - Starting signature verification for wallet: 0x0300B70e40F138927e3a988ce4A9a069Ff875336
[2025-03-12 12:21:13,497] ERROR - Invalid or expired nonce for wallet: 0x0300B70e40F138927e3a988ce4A9a069Ff875336
[2025-03-12 12:21:13,941] INFO - Starting signature verification for wallet: 0x0300B70e40F138927e3a988ce4A9a069Ff875336
[2025-03-12 12:21:13,941] INFO - Verifying Ethereum signature for wallet: 0x0300B70e40F138927e3a988ce4A9a069Ff875336
[2025-03-12 12:21:14,032] INFO - Generating JWT token for wallet: 0x0300B70e40F138927e3a988ce4A9a069Ff875336
[2025-03-12 12:21:14,038] INFO - Authentication successful for wallet: 0x0300B70e40F138927e3a988ce4A9a069Ff875336
[2025-03-12 12:21:20,343] INFO - Creating auth session for wallet: 0x0300B70e40F138927e3a988ce4A9a069Ff875336
[2025-03-12 12:21:20,343] INFO - Session created successfully with nonce: cdf9c964cee5b1188e4528175ed72419f466a0d344f774276e04612e4f3a534b
[2025-03-12 12:21:21,334] INFO - Creating auth session for wallet: 0x0300B70e40F138927e3a988ce4A9a069Ff875336
[2025-03-12 12:21:21,334] INFO - Session created successfully with nonce: 3c4e6c1eb2b42b5bf22bd44d314916d27f9bb162e7a018a0cb8995c1f200a76f
[2025-03-12 12:21:22,582] INFO - Starting signature verification for wallet: 0x0300B70e40F138927e3a988ce4A9a069Ff875336
[2025-03-12 12:21:22,582] ERROR - Invalid or expired nonce for wallet: 0x0300B70e40F138927e3a988ce4A9a069Ff875336
[2025-03-12 12:21:22,818] INFO - Starting signature verification for wallet: 0x0300B70e40F138927e3a988ce4A9a069Ff875336
[2025-03-12 12:21:22,818] INFO - Verifying Ethereum signature for wallet: 0x0300B70e40F138927e3a988ce4A9a069Ff875336
[2025-03-12 12:21:22,838] INFO - Generating JWT token for wallet: 0x0300B70e40F138927e3a988ce4A9a069Ff875336
[2025-03-12 12:21:22,839] INFO - Authentication successful for wallet: 0x0300B70e40F138927e3a988ce4A9a069Ff875336
[2025-03-12 12:27:30,270] INFO - Creating auth session for wallet: 0x0300B70e40F138927e3a988ce4A9a069Ff875336
[2025-03-12 12:27:30,271] INFO - Session created successfully with nonce: 77d7df083f711dbad1884b7dfe645553c1db5d1c904919cabbb731b32a47db17
[2025-03-12 12:27:32,372] INFO - Starting signature verification for wallet: 0x0300B70e40F138927e3a988ce4A9a069Ff875336
[2025-03-12 12:27:32,373] INFO - Verifying Ethereum signature for wallet: 0x0300B70e40F138927e3a988ce4A9a069Ff875336
[2025-03-12 12:27:32,388] INFO - Generating JWT token for wallet: 0x0300B70e40F138927e3a988ce4A9a069Ff875336
[2025-03-12 12:27:32,388] INFO - Authentication successful for wallet: 0x0300B70e40F138927e3a988ce4A9a069Ff875336
[2025-03-12 12:28:17,715] INFO - Creating auth session for wallet: 0x0300B70e40F138927e3a988ce4A9a069Ff875336
[2025-03-12 12:28:17,716] INFO - Session created successfully with nonce: d9e5d9b09e84f5d48c5364637e17e2d879e54f759d2de85f11e9cda55486c3e9
[2025-03-12 12:28:18,947] INFO - Creating auth session for wallet: 0x0300B70e40F138927e3a988ce4A9a069Ff875336
[2025-03-12 12:28:18,948] INFO - Session created successfully with nonce: ceb0c8a8f31504bbdf3a006c0938f4fc60fbfc952b425cc07a7c5c953629047a
[2025-03-12 12:28:18,950] INFO - Creating auth session for wallet: 0x0300B70e40F138927e3a988ce4A9a069Ff875336
[2025-03-12 12:28:18,951] INFO - Session created successfully with nonce: 3baac9346b2fa4aa5a8d6149c93bd218570cb85e3ad274cf524c7c58aea838a6
[2025-03-12 12:28:19,307] INFO - Starting signature verification for wallet: 0x0300B70e40F138927e3a988ce4A9a069Ff875336
[2025-03-12 12:28:19,308] ERROR - Invalid or expired nonce for wallet: 0x0300B70e40F138927e3a988ce4A9a069Ff875336
[2025-03-12 12:28:20,198] INFO - Starting signature verification for wallet: 0x0300B70e40F138927e3a988ce4A9a069Ff875336
[2025-03-12 12:28:20,198] ERROR - Invalid or expired nonce for wallet: 0x0300B70e40F138927e3a988ce4A9a069Ff875336
[2025-03-12 12:28:21,232] INFO - Starting signature verification for wallet: 0x0300B70e40F138927e3a988ce4A9a069Ff875336
[2025-03-12 12:28:21,232] INFO - Verifying Ethereum signature for wallet: 0x0300B70e40F138927e3a988ce4A9a069Ff875336
[2025-03-12 12:28:21,240] INFO - Generating JWT token for wallet: 0x0300B70e40F138927e3a988ce4A9a069Ff875336
[2025-03-12 12:28:21,241] INFO - Authentication successful for wallet: 0x0300B70e40F138927e3a988ce4A9a069Ff875336
[2025-03-12 12:32:03,831] INFO - Creating auth session for wallet: 0x0300B70e40F138927e3a988ce4A9a069Ff875336
[2025-03-12 12:32:03,832] INFO - Session created successfully with nonce: 7349f9dee196475a68ab93f90dfd5e799c56c2eb8da57306fc34a150d741958f
[2025-03-12 12:32:05,449] INFO - Starting signature verification for wallet: 0x0300B70e40F138927e3a988ce4A9a069Ff875336
[2025-03-12 12:32:05,449] INFO - Verifying Ethereum signature for wallet: 0x0300B70e40F138927e3a988ce4A9a069Ff875336
[2025-03-12 12:32:05,468] INFO - Generating JWT token for wallet: 0x0300B70e40F138927e3a988ce4A9a069Ff875336
[2025-03-12 12:32:05,468] INFO - Authentication successful for wallet: 0x0300B70e40F138927e3a988ce4A9a069Ff875336
[2025-03-12 12:32:33,228] INFO - Creating auth session for wallet: 0x0300B70e40F138927e3a988ce4A9a069Ff875336
[2025-03-12 12:32:33,229] INFO - Session created successfully with nonce: ebbac8859660f3cb5966cdd5882c0a0c054c4fc439b3db6e2e353666284c060b
[2025-03-12 12:32:39,445] INFO - Creating auth session for wallet: 0x0300B70e40F138927e3a988ce4A9a069Ff875336
[2025-03-12 12:32:39,447] INFO - Session created successfully with nonce: fee21830934106145eef8e775e03af8810400de747dc9ce41f84e1e84522d99d
[2025-03-12 12:32:41,011] INFO - Starting signature verification for wallet: 0x0300B70e40F138927e3a988ce4A9a069Ff875336
[2025-03-12 12:32:41,011] INFO - Verifying Ethereum signature for wallet: 0x0300B70e40F138927e3a988ce4A9a069Ff875336
[2025-03-12 12:32:41,022] INFO - Generating JWT token for wallet: 0x0300B70e40F138927e3a988ce4A9a069Ff875336
[2025-03-12 12:32:41,023] INFO - Authentication successful for wallet: 0x0300B70e40F138927e3a988ce4A9a069Ff875336
[2025-03-12 12:33:06,144] INFO - Creating auth session for wallet: 0x0300B70e40F138927e3a988ce4A9a069Ff875336
[2025-03-12 12:33:06,145] INFO - Session created successfully with nonce: 8fb3e10ca17837ab2dca3b10b5e597f422553420f31196e687db7caf4f82f08e
[2025-03-12 12:33:07,560] INFO - Starting signature verification for wallet: 0x0300B70e40F138927e3a988ce4A9a069Ff875336
[2025-03-12 12:33:07,561] INFO - Verifying Ethereum signature for wallet: 0x0300B70e40F138927e3a988ce4A9a069Ff875336
[2025-03-12 12:33:07,575] INFO - Generating JWT token for wallet: 0x0300B70e40F138927e3a988ce4A9a069Ff875336
[2025-03-12 12:33:07,576] INFO - Authentication successful for wallet: 0x0300B70e40F138927e3a988ce4A9a069Ff875336
[2025-03-12 12:33:25,166] INFO - Creating auth session for wallet: 0x0300B70e40F138927e3a988ce4A9a069Ff875336
[2025-03-12 12:33:25,166] INFO - Session created successfully with nonce: 9e4d406c6db566124ccf341f21c5b2ad1e2d4fef0208ad9d0be57b9912a3d7bb
[2025-03-12 12:33:26,780] INFO - Starting signature verification for wallet: 0x0300B70e40F138927e3a988ce4A9a069Ff875336
[2025-03-12 12:33:26,780] INFO - Verifying Ethereum signature for wallet: 0x0300B70e40F138927e3a988ce4A9a069Ff875336
[2025-03-12 12:33:26,791] INFO - Generating JWT token for wallet: 0x0300B70e40F138927e3a988ce4A9a069Ff875336
[2025-03-12 12:33:26,791] INFO - Authentication successful for wallet: 0x0300B70e40F138927e3a988ce4A9a069Ff875336
[2025-03-12 12:33:34,204] INFO - Creating auth session for wallet: 0x0300B70e40F138927e3a988ce4A9a069Ff875336
[2025-03-12 12:33:34,204] INFO - Session created successfully with nonce: 14a1220ec2f2cfa7d901b535fbb9efc5bfffb7457dda3425d5248dd46f3ddd56
[2025-03-12 12:33:36,229] INFO - Starting signature verification for wallet: 0x0300B70e40F138927e3a988ce4A9a069Ff875336
[2025-03-12 12:33:36,230] INFO - Verifying Ethereum signature for wallet: 0x0300B70e40F138927e3a988ce4A9a069Ff875336
[2025-03-12 12:33:36,240] INFO - Generating JWT token for wallet: 0x0300B70e40F138927e3a988ce4A9a069Ff875336
[2025-03-12 12:33:36,241] INFO - Authentication successful for wallet: 0x0300B70e40F138927e3a988ce4A9a069Ff875336
[2025-03-12 15:37:02,815] INFO - Auth services module initialized
[2025-03-14 10:20:14,910] INFO - Auth services module initialized
[2025-03-14 11:32:29,793] INFO - Auth services module initialized
[2025-03-14 11:43:43,269] INFO - Auth services module initialized
[2025-03-14 13:14:30,208] INFO - Auth services module initialized
[2025-03-14 13:23:35,019] INFO - Creating auth session for wallet: 0x0300B70e40F138927e3a988ce4A9a069Ff875336
[2025-03-14 13:23:35,030] INFO - Session created successfully with nonce: fa2ca164424b4dc4ea5dcbda79f29b5e5d507beeec68bb5dfc08370118c33462
[2025-03-14 13:23:38,721] INFO - Starting signature verification for wallet: 0x0300B70e40F138927e3a988ce4A9a069Ff875336
[2025-03-14 13:23:38,722] INFO - Verifying Ethereum signature for wallet: 0x0300B70e40F138927e3a988ce4A9a069Ff875336
[2025-03-14 13:23:38,809] INFO - Generating JWT token for wallet: 0x0300B70e40F138927e3a988ce4A9a069Ff875336
[2025-03-14 13:23:38,833] INFO - Authentication successful for wallet: 0x0300B70e40F138927e3a988ce4A9a069Ff875336
[2025-03-14 13:30:34,973] INFO - Creating auth session for wallet: 0x0300B70e40F138927e3a988ce4A9a069Ff875336
[2025-03-14 13:30:34,973] INFO - Session created successfully with nonce: f0956c8878613a1f977e14378bf44cc48e8195e2a1f67f15b19d1c8130a545c5
[2025-03-14 13:30:37,070] INFO - Starting signature verification for wallet: 0x0300B70e40F138927e3a988ce4A9a069Ff875336
[2025-03-14 13:30:37,070] INFO - Verifying Ethereum signature for wallet: 0x0300B70e40F138927e3a988ce4A9a069Ff875336
[2025-03-14 13:30:37,085] INFO - Generating JWT token for wallet: 0x0300B70e40F138927e3a988ce4A9a069Ff875336
[2025-03-14 13:30:37,086] INFO - Authentication successful for wallet: 0x0300B70e40F138927e3a988ce4A9a069Ff875336
[2025-03-14 15:27:19,057] INFO - Auth services module initialized
[2025-03-14 22:53:36,634] INFO - Auth services module initialized
[2025-03-15 15:43:58,804] INFO - Auth services module initialized
[2025-03-15 16:33:05,562] INFO - Creating auth session for wallet: 0x0300B70e40F138927e3a988ce4A9a069Ff875336
[2025-03-15 16:33:05,613] INFO - Session created successfully with nonce: 752c9abb6b2b75d8408c017c89b9d02b6e6bab3dbfbabb81b5c04e089c0486da
[2025-03-15 16:33:08,167] INFO - Starting signature verification for wallet: 0x0300B70e40F138927e3a988ce4A9a069Ff875336
[2025-03-15 16:33:08,168] INFO - Verifying Ethereum signature for wallet: 0x0300B70e40F138927e3a988ce4A9a069Ff875336
[2025-03-15 16:33:08,278] INFO - Generating JWT token for wallet: 0x0300B70e40F138927e3a988ce4A9a069Ff875336
[2025-03-15 16:33:08,312] INFO - Authentication successful for wallet: 0x0300B70e40F138927e3a988ce4A9a069Ff875336
[2025-03-15 16:37:32,803] INFO - Creating auth session for wallet: 0x0300B70e40F138927e3a988ce4A9a069Ff875336
[2025-03-15 16:37:32,804] INFO - Session created successfully with nonce: 73ebd908d0270b0d9d83acd84478d14aaa13c9edc19abe8a3a50d00ba030367d
[2025-03-15 16:37:35,987] INFO - Starting signature verification for wallet: 0x0300B70e40F138927e3a988ce4A9a069Ff875336
[2025-03-15 16:37:35,988] INFO - Verifying Ethereum signature for wallet: 0x0300B70e40F138927e3a988ce4A9a069Ff875336
[2025-03-15 16:37:35,998] INFO - Generating JWT token for wallet: 0x0300B70e40F138927e3a988ce4A9a069Ff875336
[2025-03-15 16:37:35,999] INFO - Authentication successful for wallet: 0x0300B70e40F138927e3a988ce4A9a069Ff875336
[2025-03-15 17:11:36,079] INFO - Creating auth session for wallet: 0x0300B70e40F138927e3a988ce4A9a069Ff875336
[2025-03-15 17:11:36,080] INFO - Session created successfully with nonce: a1f9bfa61f781b5fb3c0b20ab77f0c30567f6014ad0a9a6a868cc4c7a28b52fa
[2025-03-15 17:11:37,951] INFO - Starting signature verification for wallet: 0x0300B70e40F138927e3a988ce4A9a069Ff875336
[2025-03-15 17:11:37,954] INFO - Verifying Ethereum signature for wallet: 0x0300B70e40F138927e3a988ce4A9a069Ff875336
[2025-03-15 17:11:37,970] INFO - Generating JWT token for wallet: 0x0300B70e40F138927e3a988ce4A9a069Ff875336
[2025-03-15 17:11:37,971] INFO - Authentication successful for wallet: 0x0300B70e40F138927e3a988ce4A9a069Ff875336
[2025-03-15 17:13:25,243] INFO - Creating auth session for wallet: 0x0300B70e40F138927e3a988ce4A9a069Ff875336
[2025-03-15 17:13:25,244] INFO - Session created successfully with nonce: df5c99fb7263b93495917a20480a1c2c2fec24f02f11e84e67d9d7b23bca6dda
[2025-03-15 17:13:27,623] INFO - Starting signature verification for wallet: 0x0300B70e40F138927e3a988ce4A9a069Ff875336
[2025-03-15 17:13:27,623] INFO - Verifying Ethereum signature for wallet: 0x0300B70e40F138927e3a988ce4A9a069Ff875336
[2025-03-15 17:13:27,634] INFO - Generating JWT token for wallet: 0x0300B70e40F138927e3a988ce4A9a069Ff875336
[2025-03-15 17:13:27,634] INFO - Authentication successful for wallet: 0x0300B70e40F138927e3a988ce4A9a069Ff875336
[2025-03-15 20:29:03,586] INFO - Auth services module initialized
[2025-03-15 22:09:58,970] INFO - Auth services module initialized
[2025-03-16 11:53:39,207] INFO - Auth services module initialized
[2025-03-16 14:48:05,467] INFO - Auth services module initialized
[2025-03-16 17:54:35,607] INFO - Auth services module initialized
[2025-03-16 18:11:37,791] INFO - Auth services module initialized
[2025-03-16 18:32:43,737] INFO - Creating auth session for wallet: 0x0300B70e40F138927e3a988ce4A9a069Ff875336
[2025-03-16 18:32:43,751] INFO - Session created successfully with nonce: f5c0abe9b74f178eb9c09f376dc386aada417ed91a1701f16c48b92465045eec
[2025-03-16 18:32:46,283] INFO - Starting signature verification for wallet: 0x0300B70e40F138927e3a988ce4A9a069Ff875336
[2025-03-16 18:32:46,283] INFO - Verifying Ethereum signature for wallet: 0x0300B70e40F138927e3a988ce4A9a069Ff875336
[2025-03-16 18:32:46,445] INFO - Generating JWT token for wallet: 0x0300B70e40F138927e3a988ce4A9a069Ff875336
[2025-03-16 18:32:46,467] INFO - Authentication successful for wallet: 0x0300B70e40F138927e3a988ce4A9a069Ff875336
[2025-03-16 18:33:26,155] INFO - Creating auth session for wallet: 0x0300B70e40F138927e3a988ce4A9a069Ff875336
[2025-03-16 18:33:26,155] INFO - Session created successfully with nonce: 5b03819c883c56dc4d735196bf61fa313f38739479b90b66dc44dccd806d120c
[2025-03-16 18:33:28,129] INFO - Starting signature verification for wallet: 0x0300B70e40F138927e3a988ce4A9a069Ff875336
[2025-03-16 18:33:28,130] INFO - Verifying Ethereum signature for wallet: 0x0300B70e40F138927e3a988ce4A9a069Ff875336
[2025-03-16 18:33:28,149] INFO - Generating JWT token for wallet: 0x0300B70e40F138927e3a988ce4A9a069Ff875336
[2025-03-16 18:33:28,149] INFO - Authentication successful for wallet: 0x0300B70e40F138927e3a988ce4A9a069Ff875336
[2025-03-16 18:48:22,896] INFO - Creating auth session for wallet: 0x0300B70e40F138927e3a988ce4A9a069Ff875336
[2025-03-16 18:48:22,905] INFO - Session created successfully with nonce: dfa047dedd5c487d4eb235d0b316b8957c173d5f108c4b09b5a81ef4f05218d2
[2025-03-16 18:48:24,593] INFO - Starting signature verification for wallet: 0x0300B70e40F138927e3a988ce4A9a069Ff875336
[2025-03-16 18:48:24,599] INFO - Verifying Ethereum signature for wallet: 0x0300B70e40F138927e3a988ce4A9a069Ff875336
[2025-03-16 18:48:24,651] INFO - Generating JWT token for wallet: 0x0300B70e40F138927e3a988ce4A9a069Ff875336
[2025-03-16 18:48:24,672] INFO - Authentication successful for wallet: 0x0300B70e40F138927e3a988ce4A9a069Ff875336
[2025-03-16 18:51:53,637] INFO - Creating auth session for wallet: 0x0300B70e40F138927e3a988ce4A9a069Ff875336
[2025-03-16 18:51:53,638] INFO - Session created successfully with nonce: 6c2a7703679269c0ca469edde6030bfa0e1eb9c472effba77af975bcc2e529e9
[2025-03-16 18:51:55,598] INFO - Starting signature verification for wallet: 0x0300B70e40F138927e3a988ce4A9a069Ff875336
[2025-03-16 18:51:55,598] INFO - Verifying Ethereum signature for wallet: 0x0300B70e40F138927e3a988ce4A9a069Ff875336
[2025-03-16 18:51:55,609] INFO - Generating JWT token for wallet: 0x0300B70e40F138927e3a988ce4A9a069Ff875336
[2025-03-16 18:51:55,610] INFO - Authentication successful for wallet: 0x0300B70e40F138927e3a988ce4A9a069Ff875336
[2025-03-16 18:51:59,652] INFO - Creating auth session for wallet: 0x0300B70e40F138927e3a988ce4A9a069Ff875336
[2025-03-16 18:51:59,652] INFO - Session created successfully with nonce: 1e3ad51d54da2373a7cbf831328610e88e72252b2e8529db613818fae0962bf2
[2025-03-16 18:52:01,066] INFO - Starting signature verification for wallet: 0x0300B70e40F138927e3a988ce4A9a069Ff875336
[2025-03-16 18:52:01,067] INFO - Verifying Ethereum signature for wallet: 0x0300B70e40F138927e3a988ce4A9a069Ff875336
[2025-03-16 18:52:01,075] INFO - Generating JWT token for wallet: 0x0300B70e40F138927e3a988ce4A9a069Ff875336
[2025-03-16 18:52:01,075] INFO - Authentication successful for wallet: 0x0300B70e40F138927e3a988ce4A9a069Ff875336
[2025-03-16 18:59:05,677] INFO - Creating auth session for wallet: 0x0300B70e40F138927e3a988ce4A9a069Ff875336
[2025-03-16 18:59:05,682] INFO - Session created successfully with nonce: 97bc67552e77d66da1fea907321ee481b676da975ba8fa0df0a4c40e18ae7652
[2025-03-16 18:59:07,401] INFO - Starting signature verification for wallet: 0x0300B70e40F138927e3a988ce4A9a069Ff875336
[2025-03-16 18:59:07,406] INFO - Verifying Ethereum signature for wallet: 0x0300B70e40F138927e3a988ce4A9a069Ff875336
[2025-03-16 18:59:07,428] INFO - Generating JWT token for wallet: 0x0300B70e40F138927e3a988ce4A9a069Ff875336
[2025-03-16 18:59:07,431] INFO - Authentication successful for wallet: 0x0300B70e40F138927e3a988ce4A9a069Ff875336
[2025-03-16 19:11:34,511] INFO - Auth services module initialized
[2025-03-16 19:12:39,175] INFO - Creating auth session for wallet: 0x0300B70e40F138927e3a988ce4A9a069Ff875336
[2025-03-16 19:12:39,176] INFO - Session created successfully with nonce: d78fc45c1ea8e8ee46c5e15f9ce33e17f6c6844c97414d248a491be79475e56c
[2025-03-16 19:12:40,760] INFO - Starting signature verification for wallet: 0x0300B70e40F138927e3a988ce4A9a069Ff875336
[2025-03-16 19:12:40,761] INFO - Verifying Ethereum signature for wallet: 0x0300B70e40F138927e3a988ce4A9a069Ff875336
[2025-03-16 19:12:40,786] INFO - Generating JWT token for wallet: 0x0300B70e40F138927e3a988ce4A9a069Ff875336
[2025-03-16 19:12:40,795] INFO - Authentication successful for wallet: 0x0300B70e40F138927e3a988ce4A9a069Ff875336
[2025-03-17 00:03:16,569] INFO - Auth services module initialized
[2025-03-18 17:44:04,669] INFO - Auth services module initialized
[2025-03-18 17:45:17,676] INFO - Creating auth session for wallet: 0xA1E82F804D00d7CDe0dc591fBa2AD5A8A22C45b4
[2025-03-18 17:45:17,696] INFO - Session created successfully with nonce: 33a011804810f1cfc920a5269ac520fb192150e7816f4dc7c6f7737b8e0ced1e
[2025-03-18 17:45:17,782] INFO - Creating auth session for wallet: 0xA1E82F804D00d7CDe0dc591fBa2AD5A8A22C45b4
[2025-03-18 17:45:17,782] INFO - Session created successfully with nonce: 7f47165bb4fde3142204f3013d9430082fb3305e33d37c6c9ddb7cf4d271853d
[2025-03-18 17:45:21,062] INFO - Starting signature verification for wallet: 0xA1E82F804D00d7CDe0dc591fBa2AD5A8A22C45b4
[2025-03-18 17:45:21,064] ERROR - Invalid or expired nonce for wallet: 0xA1E82F804D00d7CDe0dc591fBa2AD5A8A22C45b4
[2025-03-18 17:45:30,758] INFO - Creating auth session for wallet: 0xA1E82F804D00d7CDe0dc591fBa2AD5A8A22C45b4
[2025-03-18 17:45:30,758] INFO - Session created successfully with nonce: dabf02050d74e601bbcdee689b3ae1e387b704be7f6b78ab80d8f1bb87719b3e
[2025-03-18 17:45:30,760] INFO - Creating auth session for wallet: 0xA1E82F804D00d7CDe0dc591fBa2AD5A8A22C45b4
[2025-03-18 17:45:30,760] INFO - Session created successfully with nonce: 66277967f1480aa6719c6f0efe8dc4eec205744d3af16ed937f98d9cfaf0ec51
[2025-03-18 17:45:30,847] INFO - Creating auth session for wallet: 0xA1E82F804D00d7CDe0dc591fBa2AD5A8A22C45b4
[2025-03-18 17:45:30,848] INFO - Session created successfully with nonce: 71f16a3ce48df38db3f48f56da7225f62643463ae5f6c3e7952bace69cc346ce
[2025-03-18 17:45:30,850] INFO - Creating auth session for wallet: 0xA1E82F804D00d7CDe0dc591fBa2AD5A8A22C45b4
[2025-03-18 17:45:30,851] INFO - Session created successfully with nonce: cf4d1deabca83b403826ac8db3febc0284d845c597a8806cc93c08fb069b082f
[2025-03-18 17:45:33,660] INFO - Starting signature verification for wallet: 0xA1E82F804D00d7CDe0dc591fBa2AD5A8A22C45b4
[2025-03-18 17:45:33,661] ERROR - Invalid or expired nonce for wallet: 0xA1E82F804D00d7CDe0dc591fBa2AD5A8A22C45b4
[2025-03-18 17:45:33,980] INFO - Starting signature verification for wallet: 0xA1E82F804D00d7CDe0dc591fBa2AD5A8A22C45b4
[2025-03-18 17:45:33,980] ERROR - Invalid or expired nonce for wallet: 0xA1E82F804D00d7CDe0dc591fBa2AD5A8A22C45b4
[2025-03-18 17:45:34,403] INFO - Starting signature verification for wallet: 0xA1E82F804D00d7CDe0dc591fBa2AD5A8A22C45b4
[2025-03-18 17:45:34,404] ERROR - Invalid or expired nonce for wallet: 0xA1E82F804D00d7CDe0dc591fBa2AD5A8A22C45b4
[2025-03-18 17:45:34,951] INFO - Starting signature verification for wallet: 0xA1E82F804D00d7CDe0dc591fBa2AD5A8A22C45b4
[2025-03-18 17:45:34,952] INFO - Verifying Ethereum signature for wallet: 0xA1E82F804D00d7CDe0dc591fBa2AD5A8A22C45b4
[2025-03-18 17:45:35,061] INFO - Generating JWT token for wallet: 0xA1E82F804D00d7CDe0dc591fBa2AD5A8A22C45b4
[2025-03-18 17:45:35,085] INFO - Authentication successful for wallet: 0xA1E82F804D00d7CDe0dc591fBa2AD5A8A22C45b4
[2025-03-18 17:45:49,918] INFO - Creating auth session for wallet: 0xA1E82F804D00d7CDe0dc591fBa2AD5A8A22C45b4
[2025-03-18 17:45:49,920] INFO - Session created successfully with nonce: c40f380bae7248f459bea1dd10b50238de4998137e50fdc2f1be0ab506c1ec06
[2025-03-18 17:45:50,116] INFO - Creating auth session for wallet: 0xA1E82F804D00d7CDe0dc591fBa2AD5A8A22C45b4
[2025-03-18 17:45:50,117] INFO - Session created successfully with nonce: ead9a0b8ee15c684216f6aceece5b67f60a8059d933977f205048fb1b527314a
[2025-03-18 17:45:51,593] INFO - Starting signature verification for wallet: 0xA1E82F804D00d7CDe0dc591fBa2AD5A8A22C45b4
[2025-03-18 17:45:51,594] ERROR - Invalid or expired nonce for wallet: 0xA1E82F804D00d7CDe0dc591fBa2AD5A8A22C45b4
[2025-03-18 17:45:51,845] INFO - Starting signature verification for wallet: 0xA1E82F804D00d7CDe0dc591fBa2AD5A8A22C45b4
[2025-03-18 17:45:51,845] INFO - Verifying Ethereum signature for wallet: 0xA1E82F804D00d7CDe0dc591fBa2AD5A8A22C45b4
[2025-03-18 17:45:51,876] INFO - Generating JWT token for wallet: 0xA1E82F804D00d7CDe0dc591fBa2AD5A8A22C45b4
[2025-03-18 17:45:51,876] INFO - Authentication successful for wallet: 0xA1E82F804D00d7CDe0dc591fBa2AD5A8A22C45b4
[2025-03-18 17:47:05,242] INFO - Creating auth session for wallet: 0xA1E82F804D00d7CDe0dc591fBa2AD5A8A22C45b4
[2025-03-18 17:47:05,242] INFO - Session created successfully with nonce: 7bc32dcfd5dd39429c3eacff76ec3f7c204dafa8a276b41aabf78ff2d7254ea3
[2025-03-18 17:47:09,312] INFO - Creating auth session for wallet: 0xA1E82F804D00d7CDe0dc591fBa2AD5A8A22C45b4
[2025-03-18 17:47:09,312] INFO - Session created successfully with nonce: 7249f09482bf521a095ea099a78e2670d1c11badb729066e76aeb88e7c0d8551
[2025-03-18 17:47:09,317] INFO - Creating auth session for wallet: 0xA1E82F804D00d7CDe0dc591fBa2AD5A8A22C45b4
[2025-03-18 17:47:09,317] INFO - Session created successfully with nonce: 248d108946fc4aebd467a38748e2fac602a3a55a4f5c41745afa1e3e46effd63
[2025-03-18 17:47:37,183] INFO - Starting signature verification for wallet: 0xA1E82F804D00d7CDe0dc591fBa2AD5A8A22C45b4
[2025-03-18 17:47:37,183] ERROR - Invalid or expired nonce for wallet: 0xA1E82F804D00d7CDe0dc591fBa2AD5A8A22C45b4
[2025-03-18 17:47:37,449] INFO - Starting signature verification for wallet: 0xA1E82F804D00d7CDe0dc591fBa2AD5A8A22C45b4
[2025-03-18 17:47:37,449] ERROR - Invalid or expired nonce for wallet: 0xA1E82F804D00d7CDe0dc591fBa2AD5A8A22C45b4
[2025-03-18 17:47:37,707] INFO - Creating auth session for wallet: 0xA1E82F804D00d7CDe0dc591fBa2AD5A8A22C45b4
[2025-03-18 17:47:37,708] INFO - Session created successfully with nonce: 6f4f05a9fbd37e2de16aec1ce2915e7a5dc11a6591afd5cbfa1a7d181d32aafa
[2025-03-18 17:47:38,077] INFO - Starting signature verification for wallet: 0xA1E82F804D00d7CDe0dc591fBa2AD5A8A22C45b4
[2025-03-18 17:47:38,078] ERROR - Invalid or expired nonce for wallet: 0xA1E82F804D00d7CDe0dc591fBa2AD5A8A22C45b4
[2025-03-18 17:47:40,360] INFO - Starting signature verification for wallet: 0xA1E82F804D00d7CDe0dc591fBa2AD5A8A22C45b4
[2025-03-18 17:47:40,360] INFO - Verifying Ethereum signature for wallet: 0xA1E82F804D00d7CDe0dc591fBa2AD5A8A22C45b4
[2025-03-18 17:47:40,371] INFO - Generating JWT token for wallet: 0xA1E82F804D00d7CDe0dc591fBa2AD5A8A22C45b4
[2025-03-18 17:47:40,373] INFO - Authentication successful for wallet: 0xA1E82F804D00d7CDe0dc591fBa2AD5A8A22C45b4
[2025-03-18 18:17:34,461] INFO - Auth services module initialized
[2025-03-18 18:24:13,124] INFO - Creating auth session for wallet: 0xA1E82F804D00d7CDe0dc591fBa2AD5A8A22C45b4
[2025-03-18 18:24:13,127] INFO - Session created successfully with nonce: 455d7ed62f5f161a31d629987a5fdec3c30abb2f4fd05c00d72c83a6a1959fd1
[2025-03-18 18:24:15,181] INFO - Creating auth session for wallet: 0xA1E82F804D00d7CDe0dc591fBa2AD5A8A22C45b4
[2025-03-18 18:24:15,183] INFO - Session created successfully with nonce: 137f6d3b5129ac689793d8b1d684da58787b16e10dadbb26e2966df155173850
[2025-03-18 18:24:16,814] INFO - Starting signature verification for wallet: 0xA1E82F804D00d7CDe0dc591fBa2AD5A8A22C45b4
[2025-03-18 18:24:16,814] ERROR - Invalid or expired nonce for wallet: 0xA1E82F804D00d7CDe0dc591fBa2AD5A8A22C45b4
[2025-03-18 18:24:16,969] INFO - Creating auth session for wallet: 0xA1E82F804D00d7CDe0dc591fBa2AD5A8A22C45b4
[2025-03-18 18:24:16,970] INFO - Session created successfully with nonce: 0932276fe950ad86372262db60fbfb8fa961f898f317f62e9401fb6aa72bad38
[2025-03-18 18:24:16,971] INFO - Creating auth session for wallet: 0xA1E82F804D00d7CDe0dc591fBa2AD5A8A22C45b4
[2025-03-18 18:24:16,972] INFO - Session created successfully with nonce: 869fea09c866f3d49b0acac3f2c24fcd572ec13708fe0267ea8797091c07e840
[2025-03-18 18:24:17,804] INFO - Starting signature verification for wallet: 0xA1E82F804D00d7CDe0dc591fBa2AD5A8A22C45b4
[2025-03-18 18:24:17,804] ERROR - Invalid or expired nonce for wallet: 0xA1E82F804D00d7CDe0dc591fBa2AD5A8A22C45b4
[2025-03-18 18:24:18,373] INFO - Starting signature verification for wallet: 0xA1E82F804D00d7CDe0dc591fBa2AD5A8A22C45b4
[2025-03-18 18:24:18,373] ERROR - Invalid or expired nonce for wallet: 0xA1E82F804D00d7CDe0dc591fBa2AD5A8A22C45b4
[2025-03-18 18:24:18,674] INFO - Starting signature verification for wallet: 0xA1E82F804D00d7CDe0dc591fBa2AD5A8A22C45b4
[2025-03-18 18:24:18,676] INFO - Verifying Ethereum signature for wallet: 0xA1E82F804D00d7CDe0dc591fBa2AD5A8A22C45b4
[2025-03-18 18:24:18,727] INFO - Generating JWT token for wallet: 0xA1E82F804D00d7CDe0dc591fBa2AD5A8A22C45b4
[2025-03-18 18:24:18,754] INFO - Authentication successful for wallet: 0xA1E82F804D00d7CDe0dc591fBa2AD5A8A22C45b4
[2025-03-18 18:24:41,324] INFO - Creating auth session for wallet: 0x0300B70e40F138927e3a988ce4A9a069Ff875336
[2025-03-18 18:24:41,328] INFO - Session created successfully with nonce: bb95e64bb4bc02a0638adc4bffe478dff94c3f73780e0895ba5fa8b255d60433
[2025-03-18 18:24:41,328] INFO - Creating auth session for wallet: 0x0300B70e40F138927e3a988ce4A9a069Ff875336
[2025-03-18 18:24:41,340] INFO - Session created successfully with nonce: 6533ce96d2cfbce07f5310bdfcf236bedad93319aa680d4ebebc9dd48e83f3a8
[2025-03-18 18:24:42,484] INFO - Creating auth session for wallet: 0x0300B70e40F138927e3a988ce4A9a069Ff875336
[2025-03-18 18:24:42,484] INFO - Session created successfully with nonce: 3b67fddfce3f0d5d4b48ea3d2763958a4daa6b4249a083ea451805ca53bd2843
[2025-03-18 18:24:42,486] INFO - Creating auth session for wallet: 0x0300B70e40F138927e3a988ce4A9a069Ff875336
[2025-03-18 18:24:42,487] INFO - Session created successfully with nonce: c4d50ae0185d1f4f04287cdf514214167575d43f6e413e1b950b219ee7e65361
[2025-03-18 18:24:43,314] INFO - Starting signature verification for wallet: 0x0300B70e40F138927e3a988ce4A9a069Ff875336
[2025-03-18 18:24:43,314] ERROR - Invalid or expired nonce for wallet: 0x0300B70e40F138927e3a988ce4A9a069Ff875336
[2025-03-18 18:24:44,234] INFO - Starting signature verification for wallet: 0x0300B70e40F138927e3a988ce4A9a069Ff875336
[2025-03-18 18:24:44,234] ERROR - Invalid or expired nonce for wallet: 0x0300B70e40F138927e3a988ce4A9a069Ff875336
[2025-03-18 18:24:45,297] INFO - Starting signature verification for wallet: 0x0300B70e40F138927e3a988ce4A9a069Ff875336
[2025-03-18 18:24:45,297] ERROR - Invalid or expired nonce for wallet: 0x0300B70e40F138927e3a988ce4A9a069Ff875336
[2025-03-18 18:24:45,843] INFO - Starting signature verification for wallet: 0x0300B70e40F138927e3a988ce4A9a069Ff875336
[2025-03-18 18:24:45,843] INFO - Verifying Ethereum signature for wallet: 0x0300B70e40F138927e3a988ce4A9a069Ff875336
[2025-03-18 18:24:45,871] INFO - Generating JWT token for wallet: 0x0300B70e40F138927e3a988ce4A9a069Ff875336
[2025-03-18 18:24:45,872] INFO - Authentication successful for wallet: 0x0300B70e40F138927e3a988ce4A9a069Ff875336
[2025-03-18 19:30:03,027] INFO - Auth services module initialized
[2025-03-18 19:30:36,616] INFO - Creating auth session for wallet: 0x0300B70e40F138927e3a988ce4A9a069Ff875336
[2025-03-18 19:30:36,616] INFO - Session created successfully with nonce: 75a9798ece9f216ad0e3efd0b4268115c85e45f89d844908583c59c2542e9ba4
[2025-03-18 19:30:40,196] INFO - Starting signature verification for wallet: 0x0300B70e40F138927e3a988ce4A9a069Ff875336
[2025-03-18 19:30:40,196] INFO - Verifying Ethereum signature for wallet: 0x0300B70e40F138927e3a988ce4A9a069Ff875336
[2025-03-18 19:30:40,219] INFO - Generating JWT token for wallet: 0x0300B70e40F138927e3a988ce4A9a069Ff875336
[2025-03-18 19:30:40,230] INFO - Authentication successful for wallet: 0x0300B70e40F138927e3a988ce4A9a069Ff875336
[2025-03-18 20:01:03,471] INFO - Auth services module initialized
[2025-03-19 22:15:58,924] INFO - Auth services module initialized
[2025-03-19 22:17:59,056] INFO - Creating auth session for wallet: 0x0300B70e40F138927e3a988ce4A9a069Ff875336
[2025-03-19 22:17:59,075] INFO - Session created successfully with nonce: cc774f563e1391eb1631073b8e14f031055477e514fccd67226ac7123f718954
[2025-03-19 22:18:02,107] INFO - Starting signature verification for wallet: 0x0300B70e40F138927e3a988ce4A9a069Ff875336
[2025-03-19 22:18:02,107] INFO - Verifying Ethereum signature for wallet: 0x0300B70e40F138927e3a988ce4A9a069Ff875336
[2025-03-19 22:18:02,181] INFO - Generating JWT token for wallet: 0x0300B70e40F138927e3a988ce4A9a069Ff875336
[2025-03-19 22:18:02,202] INFO - Authentication successful for wallet: 0x0300B70e40F138927e3a988ce4A9a069Ff875336
[2025-03-20 05:42:03,755] INFO - Auth services module initialized
[2025-03-20 05:43:02,845] INFO - Creating auth session for wallet: 0x0300B70e40F138927e3a988ce4A9a069Ff875336
[2025-03-20 05:43:02,847] INFO - Session created successfully with nonce: 6bc11ad350101f91a2a439c080c2a39566b1f58106f924d8907a833f18dc815a
[2025-03-20 05:43:06,844] INFO - Starting signature verification for wallet: 0x0300B70e40F138927e3a988ce4A9a069Ff875336
[2025-03-20 05:43:06,844] INFO - Verifying Ethereum signature for wallet: 0x0300B70e40F138927e3a988ce4A9a069Ff875336
[2025-03-20 05:43:06,892] INFO - Generating JWT token for wallet: 0x0300B70e40F138927e3a988ce4A9a069Ff875336
[2025-03-20 05:43:06,915] INFO - Authentication successful for wallet: 0x0300B70e40F138927e3a988ce4A9a069Ff875336
[2025-03-20 05:59:27,887] INFO - Creating auth session for wallet: 0x0300B70e40F138927e3a988ce4A9a069Ff875336
[2025-03-20 05:59:27,887] INFO - Session created successfully with nonce: 5212e476825e2e80fa5022d3245d7ca7429b55887ac53cc3256a364ccb7c2842
[2025-03-20 05:59:27,901] INFO - Creating auth session for wallet: 0x0300B70e40F138927e3a988ce4A9a069Ff875336
[2025-03-20 05:59:27,902] INFO - Session created successfully with nonce: 9fda7894b5a37eff9797c48cfdaf4868c201b0135e9c9843d2590eba629c8a46
[2025-03-20 05:59:30,824] INFO - Starting signature verification for wallet: 0x0300B70e40F138927e3a988ce4A9a069Ff875336
[2025-03-20 05:59:30,824] ERROR - Invalid or expired nonce for wallet: 0x0300B70e40F138927e3a988ce4A9a069Ff875336
[2025-03-20 05:59:31,294] INFO - Starting signature verification for wallet: 0x0300B70e40F138927e3a988ce4A9a069Ff875336
[2025-03-20 05:59:31,294] INFO - Verifying Ethereum signature for wallet: 0x0300B70e40F138927e3a988ce4A9a069Ff875336
[2025-03-20 05:59:31,308] INFO - Generating JWT token for wallet: 0x0300B70e40F138927e3a988ce4A9a069Ff875336
[2025-03-20 05:59:31,316] INFO - Authentication successful for wallet: 0x0300B70e40F138927e3a988ce4A9a069Ff875336
[2025-03-20 05:59:39,178] INFO - Creating auth session for wallet: 0x0300B70e40F138927e3a988ce4A9a069Ff875336
[2025-03-20 05:59:39,179] INFO - Session created successfully with nonce: 2f123b2ebd2abc52a08e78fd1aac889b9e94970e4978cd9494a45de98e28323c
[2025-03-20 05:59:39,187] INFO - Creating auth session for wallet: 0x0300B70e40F138927e3a988ce4A9a069Ff875336
[2025-03-20 05:59:39,187] INFO - Session created successfully with nonce: a82ec94233662f0ee42503fa349f440fe46a31fcc896fbe37c56647aef4fe1c7
[2025-03-20 05:59:41,771] INFO - Starting signature verification for wallet: 0x0300B70e40F138927e3a988ce4A9a069Ff875336
[2025-03-20 05:59:41,771] ERROR - Invalid or expired nonce for wallet: 0x0300B70e40F138927e3a988ce4A9a069Ff875336
[2025-03-20 05:59:42,477] INFO - Starting signature verification for wallet: 0x0300B70e40F138927e3a988ce4A9a069Ff875336
[2025-03-20 05:59:42,477] INFO - Verifying Ethereum signature for wallet: 0x0300B70e40F138927e3a988ce4A9a069Ff875336
[2025-03-20 05:59:42,498] INFO - Generating JWT token for wallet: 0x0300B70e40F138927e3a988ce4A9a069Ff875336
[2025-03-20 05:59:42,499] INFO - Authentication successful for wallet: 0x0300B70e40F138927e3a988ce4A9a069Ff875336
[2025-03-20 06:00:20,387] INFO - Creating auth session for wallet: 0x0300B70e40F138927e3a988ce4A9a069Ff875336
[2025-03-20 06:00:20,388] INFO - Session created successfully with nonce: 565ed4da7cdb5f3bb28071c287467ca290e648f592301b0cf5dbeebf906ee33e
[2025-03-20 06:00:20,390] INFO - Creating auth session for wallet: 0x0300B70e40F138927e3a988ce4A9a069Ff875336
[2025-03-20 06:00:20,391] INFO - Session created successfully with nonce: 6e176142f96591ebd165636cf3977e31665947edb13e1e62be27798843e1b106
[2025-03-20 06:00:22,894] INFO - Starting signature verification for wallet: 0x0300B70e40F138927e3a988ce4A9a069Ff875336
[2025-03-20 06:00:22,894] ERROR - Invalid or expired nonce for wallet: 0x0300B70e40F138927e3a988ce4A9a069Ff875336
[2025-03-20 06:00:23,297] INFO - Starting signature verification for wallet: 0x0300B70e40F138927e3a988ce4A9a069Ff875336
[2025-03-20 06:00:23,298] INFO - Verifying Ethereum signature for wallet: 0x0300B70e40F138927e3a988ce4A9a069Ff875336
[2025-03-20 06:00:23,315] INFO - Generating JWT token for wallet: 0x0300B70e40F138927e3a988ce4A9a069Ff875336
[2025-03-20 06:00:23,315] INFO - Authentication successful for wallet: 0x0300B70e40F138927e3a988ce4A9a069Ff875336
[2025-03-20 06:34:30,489] INFO - Auth services module initialized
[2025-03-20 06:35:49,184] INFO - Creating auth session for wallet: 0x0300B70e40F138927e3a988ce4A9a069Ff875336
[2025-03-20 06:35:49,186] INFO - Session created successfully with nonce: 0addb10b4e81f87ea5c204cdb64693910d1b2c393a2e5d1026a4e12ec45ebd72
[2025-03-20 06:35:51,306] INFO - Starting signature verification for wallet: 0x0300B70e40F138927e3a988ce4A9a069Ff875336
[2025-03-20 06:35:51,306] INFO - Verifying Ethereum signature for wallet: 0x0300B70e40F138927e3a988ce4A9a069Ff875336
[2025-03-20 06:35:51,318] INFO - Generating JWT token for wallet: 0x0300B70e40F138927e3a988ce4A9a069Ff875336
[2025-03-20 06:35:51,325] INFO - Authentication successful for wallet: 0x0300B70e40F138927e3a988ce4A9a069Ff875336
[2025-03-20 08:10:37,592] INFO - Auth services module initialized
[2025-03-20 08:13:15,586] INFO - Creating auth session for wallet: 0x0300B70e40F138927e3a988ce4A9a069Ff875336
[2025-03-20 08:13:15,595] INFO - Session created successfully with nonce: aa7911eaedbf439b604d6780be457f1b7fbc5702869166cc94ba4ef7b9d27b3f
[2025-03-20 08:13:30,201] INFO - Starting signature verification for wallet: 0x0300B70e40F138927e3a988ce4A9a069Ff875336
[2025-03-20 08:13:30,201] INFO - Verifying Ethereum signature for wallet: 0x0300B70e40F138927e3a988ce4A9a069Ff875336
[2025-03-20 08:13:30,301] INFO - Generating JWT token for wallet: 0x0300B70e40F138927e3a988ce4A9a069Ff875336
[2025-03-20 08:13:30,308] INFO - Authentication successful for wallet: 0x0300B70e40F138927e3a988ce4A9a069Ff875336
[2025-03-20 08:17:10,863] INFO - Creating auth session for wallet: 0x0300B70e40F138927e3a988ce4A9a069Ff875336
[2025-03-20 08:17:10,864] INFO - Session created successfully with nonce: 7335bc9ca4031e37a5815cda15ea4633a0aca7ca95992112cb4cd1196b7b2407
[2025-03-20 08:17:12,751] INFO - Starting signature verification for wallet: 0x0300B70e40F138927e3a988ce4A9a069Ff875336
[2025-03-20 08:17:12,752] INFO - Verifying Ethereum signature for wallet: 0x0300B70e40F138927e3a988ce4A9a069Ff875336
[2025-03-20 08:17:12,773] INFO - Generating JWT token for wallet: 0x0300B70e40F138927e3a988ce4A9a069Ff875336
[2025-03-20 08:17:12,773] INFO - Authentication successful for wallet: 0x0300B70e40F138927e3a988ce4A9a069Ff875336
[2025-03-20 08:43:40,264] INFO - Auth services module initialized
[2025-03-20 09:03:14,307] INFO - Auth services module initialized
[2025-03-20 09:08:27,063] INFO - Creating auth session for wallet: 0x0300B70e40F138927e3a988ce4A9a069Ff875336
[2025-03-20 09:08:27,065] INFO - Session created successfully with nonce: ca0fa42d92f782f504eb05609521e1207f7883761fc95308cebe84a7ac342faa
[2025-03-20 09:08:29,129] INFO - Starting signature verification for wallet: 0x0300B70e40F138927e3a988ce4A9a069Ff875336
[2025-03-20 09:08:29,130] INFO - Verifying Ethereum signature for wallet: 0x0300B70e40F138927e3a988ce4A9a069Ff875336
[2025-03-20 09:08:29,162] INFO - Generating JWT token for wallet: 0x0300B70e40F138927e3a988ce4A9a069Ff875336
[2025-03-20 09:08:29,174] INFO - Authentication successful for wallet: 0x0300B70e40F138927e3a988ce4A9a069Ff875336
[2025-03-20 09:09:56,852] INFO - Creating auth session for wallet: 0x0300B70e40F138927e3a988ce4A9a069Ff875336
[2025-03-20 09:09:56,853] INFO - Session created successfully with nonce: 458a6a643849f874706cf40bda5cb87e37f08735c49d00e4d819a18ada67fcea
[2025-03-20 09:09:58,825] INFO - Starting signature verification for wallet: 0x0300B70e40F138927e3a988ce4A9a069Ff875336
[2025-03-20 09:09:58,825] INFO - Verifying Ethereum signature for wallet: 0x0300B70e40F138927e3a988ce4A9a069Ff875336
[2025-03-20 09:09:58,833] INFO - Generating JWT token for wallet: 0x0300B70e40F138927e3a988ce4A9a069Ff875336
[2025-03-20 09:09:58,834] INFO - Authentication successful for wallet: 0x0300B70e40F138927e3a988ce4A9a069Ff875336
[2025-03-20 09:10:06,085] INFO - Creating auth session for wallet: 0x0300B70e40F138927e3a988ce4A9a069Ff875336
[2025-03-20 09:10:06,085] INFO - Session created successfully with nonce: 7bca33fbac14bed4d8829e295a9cfd63d8f3802234649faa85f09d924e83dd0e
[2025-03-20 09:10:07,621] INFO - Starting signature verification for wallet: 0x0300B70e40F138927e3a988ce4A9a069Ff875336
[2025-03-20 09:10:07,621] INFO - Verifying Ethereum signature for wallet: 0x0300B70e40F138927e3a988ce4A9a069Ff875336
[2025-03-20 09:10:07,638] INFO - Generating JWT token for wallet: 0x0300B70e40F138927e3a988ce4A9a069Ff875336
[2025-03-20 09:10:07,638] INFO - Authentication successful for wallet: 0x0300B70e40F138927e3a988ce4A9a069Ff875336
[2025-03-20 17:38:39,795] INFO - Auth services module initialized
[2025-03-21 16:36:23,598] INFO - Auth services module initialized
[2025-03-21 18:51:40,130] INFO - Creating auth session for wallet: 0x0300B70e40F138927e3a988ce4A9a069Ff875336
[2025-03-21 18:51:40,228] INFO - Session created successfully with nonce: d94bab2893467991e9e41a99aafe1f2f9d84cad3d58cbf987ac60cf12487f687
[2025-03-21 18:51:43,262] INFO - Starting signature verification for wallet: 0x0300B70e40F138927e3a988ce4A9a069Ff875336
[2025-03-21 18:51:43,270] INFO - Verifying Ethereum signature for wallet: 0x0300B70e40F138927e3a988ce4A9a069Ff875336
[2025-03-21 18:51:43,453] INFO - Generating JWT token for wallet: 0x0300B70e40F138927e3a988ce4A9a069Ff875336
[2025-03-21 18:51:43,491] INFO - Authentication successful for wallet: 0x0300B70e40F138927e3a988ce4A9a069Ff875336
[2025-03-21 18:58:16,437] INFO - Creating auth session for wallet: 0x0300B70e40F138927e3a988ce4A9a069Ff875336
[2025-03-21 18:58:16,438] INFO - Session created successfully with nonce: 56d510f6593058f081d92dd190e8e8f7382bf48828e2c70c02a23094498a8d4f
[2025-03-21 18:58:16,747] INFO - Creating auth session for wallet: 0x0300B70e40F138927e3a988ce4A9a069Ff875336
[2025-03-21 18:58:16,749] INFO - Session created successfully with nonce: 8cee96db5e933916b7812cf04473d809968c68f31c04feb12e9c96f681fb7a4e
[2025-03-21 18:58:16,753] INFO - Creating auth session for wallet: 0x0300B70e40F138927e3a988ce4A9a069Ff875336
[2025-03-21 18:58:16,754] INFO - Session created successfully with nonce: 23332f1037b006f6c2a515c2233641bb8fe9741e83267d02e9dd39da3fd5de25
[2025-03-21 18:58:18,625] INFO - Starting signature verification for wallet: 0x0300B70e40F138927e3a988ce4A9a069Ff875336
[2025-03-21 18:58:18,625] ERROR - Invalid or expired nonce for wallet: 0x0300B70e40F138927e3a988ce4A9a069Ff875336
[2025-03-21 18:58:19,033] INFO - Starting signature verification for wallet: 0x0300B70e40F138927e3a988ce4A9a069Ff875336
[2025-03-21 18:58:19,034] ERROR - Invalid or expired nonce for wallet: 0x0300B70e40F138927e3a988ce4A9a069Ff875336
[2025-03-21 18:58:19,357] INFO - Starting signature verification for wallet: 0x0300B70e40F138927e3a988ce4A9a069Ff875336
[2025-03-21 18:58:19,359] INFO - Verifying Ethereum signature for wallet: 0x0300B70e40F138927e3a988ce4A9a069Ff875336
[2025-03-21 18:58:19,390] INFO - Generating JWT token for wallet: 0x0300B70e40F138927e3a988ce4A9a069Ff875336
[2025-03-21 18:58:19,391] INFO - Authentication successful for wallet: 0x0300B70e40F138927e3a988ce4A9a069Ff875336
[2025-03-21 19:03:07,849] INFO - Creating auth session for wallet: 0x0300B70e40F138927e3a988ce4A9a069Ff875336
[2025-03-21 19:03:07,850] INFO - Session created successfully with nonce: 775c8c383312538d09ef5ad19c70a689e19ccb92367172de1ea472709545fa7e
[2025-03-21 19:03:22,427] INFO - Starting signature verification for wallet: 0x0300B70e40F138927e3a988ce4A9a069Ff875336
[2025-03-21 19:03:22,427] INFO - Verifying Ethereum signature for wallet: 0x0300B70e40F138927e3a988ce4A9a069Ff875336
[2025-03-21 19:03:22,434] INFO - Generating JWT token for wallet: 0x0300B70e40F138927e3a988ce4A9a069Ff875336
[2025-03-21 19:03:22,434] INFO - Authentication successful for wallet: 0x0300B70e40F138927e3a988ce4A9a069Ff875336
[2025-03-21 19:05:30,915] INFO - Creating auth session for wallet: 0x0300B70e40F138927e3a988ce4A9a069Ff875336
[2025-03-21 19:05:30,917] INFO - Session created successfully with nonce: a0a5b9014a6246d4628a49d2a1cb89f42827ea175d197abde7e14652da024958
[2025-03-21 19:05:31,682] INFO - Creating auth session for wallet: 0x0300B70e40F138927e3a988ce4A9a069Ff875336
[2025-03-21 19:05:31,682] INFO - Session created successfully with nonce: 4fc0873af10eded92f5978e106f1beb963551bf89005563bd81383515c3b0d94
[2025-03-21 19:05:31,689] INFO - Creating auth session for wallet: 0x0300B70e40F138927e3a988ce4A9a069Ff875336
[2025-03-21 19:05:31,690] INFO - Session created successfully with nonce: 462d7cabee79eeff2b89f3e093d30f045b757536e8b693feeeea820cbe8376ce
[2025-03-21 19:07:04,506] INFO - Starting signature verification for wallet: 0x0300B70e40F138927e3a988ce4A9a069Ff875336
[2025-03-21 19:07:04,507] ERROR - Invalid or expired nonce for wallet: 0x0300B70e40F138927e3a988ce4A9a069Ff875336
[2025-03-21 19:07:04,792] INFO - Starting signature verification for wallet: 0x0300B70e40F138927e3a988ce4A9a069Ff875336
[2025-03-21 19:07:04,793] ERROR - Invalid or expired nonce for wallet: 0x0300B70e40F138927e3a988ce4A9a069Ff875336
[2025-03-21 19:07:04,891] INFO - Creating auth session for wallet: 0x0300B70e40F138927e3a988ce4A9a069Ff875336
[2025-03-21 19:07:04,892] INFO - Session created successfully with nonce: bbb88ab462f8b59b7ccc3612ccc4085259ca1a76b099d0b7c096ec48175b3000
[2025-03-21 19:07:05,364] INFO - Starting signature verification for wallet: 0x0300B70e40F138927e3a988ce4A9a069Ff875336
[2025-03-21 19:07:05,365] ERROR - Invalid or expired nonce for wallet: 0x0300B70e40F138927e3a988ce4A9a069Ff875336
[2025-03-21 19:07:05,963] INFO - Starting signature verification for wallet: 0x0300B70e40F138927e3a988ce4A9a069Ff875336
[2025-03-21 19:07:05,964] INFO - Verifying Ethereum signature for wallet: 0x0300B70e40F138927e3a988ce4A9a069Ff875336
[2025-03-21 19:07:05,971] INFO - Generating JWT token for wallet: 0x0300B70e40F138927e3a988ce4A9a069Ff875336
[2025-03-21 19:07:05,971] INFO - Authentication successful for wallet: 0x0300B70e40F138927e3a988ce4A9a069Ff875336
[2025-03-21 21:42:48,177] INFO - Creating auth session for wallet: 0x0300B70e40F138927e3a988ce4A9a069Ff875336
[2025-03-21 21:42:48,179] INFO - Session created successfully with nonce: c5c577cbef5921fcdcc2f03bdc70e0bcc2b379c8a73ab4fb70da18aa365c414f
[2025-03-21 21:42:50,275] INFO - Starting signature verification for wallet: 0x0300B70e40F138927e3a988ce4A9a069Ff875336
[2025-03-21 21:42:50,277] INFO - Verifying Ethereum signature for wallet: 0x0300B70e40F138927e3a988ce4A9a069Ff875336
[2025-03-21 21:42:50,297] INFO - Generating JWT token for wallet: 0x0300B70e40F138927e3a988ce4A9a069Ff875336
[2025-03-21 21:42:50,299] INFO - Authentication successful for wallet: 0x0300B70e40F138927e3a988ce4A9a069Ff875336
[2025-03-21 23:05:43,691] INFO - Auth services module initialized
[2025-03-21 23:22:28,057] INFO - Creating auth session for wallet: 0x0300B70e40F138927e3a988ce4A9a069Ff875336
[2025-03-21 23:22:28,058] INFO - Session created successfully with nonce: d18136802de320fbd5bcf92f6d45ed6719af51c7aa3fd85fcbfda355aeb270dd
[2025-03-21 23:22:30,203] INFO - Starting signature verification for wallet: 0x0300B70e40F138927e3a988ce4A9a069Ff875336
[2025-03-21 23:22:30,203] INFO - Verifying Ethereum signature for wallet: 0x0300B70e40F138927e3a988ce4A9a069Ff875336
[2025-03-21 23:22:30,222] INFO - Generating JWT token for wallet: 0x0300B70e40F138927e3a988ce4A9a069Ff875336
[2025-03-21 23:22:30,230] INFO - Authentication successful for wallet: 0x0300B70e40F138927e3a988ce4A9a069Ff875336
[2025-03-21 23:22:42,128] INFO - Creating auth session for wallet: 0x0300B70e40F138927e3a988ce4A9a069Ff875336
[2025-03-21 23:22:42,128] INFO - Session created successfully with nonce: 6b32fa9fce3a170169b823bdb262e3f43ed0875b80f1200d5e6eb54312112d45
[2025-03-21 23:22:45,730] INFO - Starting signature verification for wallet: 0x0300B70e40F138927e3a988ce4A9a069Ff875336
[2025-03-21 23:22:45,730] INFO - Verifying Ethereum signature for wallet: 0x0300B70e40F138927e3a988ce4A9a069Ff875336
[2025-03-21 23:22:45,746] INFO - Generating JWT token for wallet: 0x0300B70e40F138927e3a988ce4A9a069Ff875336
[2025-03-21 23:22:45,747] INFO - Authentication successful for wallet: 0x0300B70e40F138927e3a988ce4A9a069Ff875336
[2025-03-21 23:27:29,719] INFO - Creating auth session for wallet: 0x0300B70e40F138927e3a988ce4A9a069Ff875336
[2025-03-21 23:27:29,721] INFO - Session created successfully with nonce: 65e4b5514afecaa9e4c9ca6c43a30ae687566acceb1b76d65f88e70975695d5a
[2025-03-21 23:27:31,176] INFO - Starting signature verification for wallet: 0x0300B70e40F138927e3a988ce4A9a069Ff875336
[2025-03-21 23:27:31,176] INFO - Verifying Ethereum signature for wallet: 0x0300B70e40F138927e3a988ce4A9a069Ff875336
[2025-03-21 23:27:31,203] INFO - Generating JWT token for wallet: 0x0300B70e40F138927e3a988ce4A9a069Ff875336
[2025-03-21 23:27:31,203] INFO - Authentication successful for wallet: 0x0300B70e40F138927e3a988ce4A9a069Ff875336
[2025-03-21 23:30:11,851] INFO - Creating auth session for wallet: 0x0300B70e40F138927e3a988ce4A9a069Ff875336
[2025-03-21 23:30:11,852] INFO - Session created successfully with nonce: c854a9604e22373352e194546dc60ab9b91dd3b42beef65bd00526956480845e
[2025-03-21 23:30:13,832] INFO - Starting signature verification for wallet: 0x0300B70e40F138927e3a988ce4A9a069Ff875336
[2025-03-21 23:30:13,833] INFO - Verifying Ethereum signature for wallet: 0x0300B70e40F138927e3a988ce4A9a069Ff875336
[2025-03-21 23:30:13,843] INFO - Generating JWT token for wallet: 0x0300B70e40F138927e3a988ce4A9a069Ff875336
[2025-03-21 23:30:13,843] INFO - Authentication successful for wallet: 0x0300B70e40F138927e3a988ce4A9a069Ff875336
[2025-03-23 15:08:48,085] INFO - Auth services module initialized
[2025-03-23 15:09:05,003] INFO - Creating auth session for wallet: 0x0300B70e40F138927e3a988ce4A9a069Ff875336
[2025-03-23 15:09:05,014] INFO - Session created successfully with nonce: 3321478d6ede4ed6bc3fc23886ec2ee6b0863f8e49b58051b6ecebb430c5b938
[2025-03-23 15:09:07,233] INFO - Starting signature verification for wallet: 0x0300B70e40F138927e3a988ce4A9a069Ff875336
[2025-03-23 15:09:07,234] INFO - Verifying Ethereum signature for wallet: 0x0300B70e40F138927e3a988ce4A9a069Ff875336
[2025-03-23 15:09:07,285] INFO - Generating JWT token for wallet: 0x0300B70e40F138927e3a988ce4A9a069Ff875336
[2025-03-23 15:09:07,293] INFO - Authentication successful for wallet: 0x0300B70e40F138927e3a988ce4A9a069Ff875336
[2025-03-23 15:38:36,085] INFO - Auth services module initialized
[2025-03-23 16:23:33,034] INFO - Auth services module initialized
[2025-03-27 19:57:04,679] INFO - Auth services module initialized
[2025-04-01 16:58:51,038] INFO - Auth services module initialized
[2025-04-01 17:56:14,619] INFO - Creating auth session for wallet: 0x0300B70e40F138927e3a988ce4A9a069Ff875336
[2025-04-01 17:56:14,640] INFO - Session created successfully with nonce: 035adc6bee62fd41477fa1aa4b05640397f1a1a47daddaf16ff020c9ed8938f1
[2025-04-01 17:56:18,335] INFO - Starting signature verification for wallet: 0x0300B70e40F138927e3a988ce4A9a069Ff875336
[2025-04-01 17:56:18,338] INFO - Verifying Ethereum signature for wallet: 0x0300B70e40F138927e3a988ce4A9a069Ff875336
[2025-04-01 17:56:18,426] INFO - Generating JWT token for wallet: 0x0300B70e40F138927e3a988ce4A9a069Ff875336
[2025-04-01 17:56:18,457] INFO - Authentication successful for wallet: 0x0300B70e40F138927e3a988ce4A9a069Ff875336
[2025-04-01 19:02:24,241] INFO - Auth services module initialized
[2025-04-01 19:03:21,814] INFO - Creating auth session for wallet: 0x0300B70e40F138927e3a988ce4A9a069Ff875336
[2025-04-01 19:03:21,816] INFO - Session created successfully with nonce: cda10383851f19e153e47f68e94e4e5ea38706e986d525dcd7df0594407fd2f5
[2025-04-01 19:03:24,385] INFO - Starting signature verification for wallet: 0x0300B70e40F138927e3a988ce4A9a069Ff875336
[2025-04-01 19:03:24,385] INFO - Verifying Ethereum signature for wallet: 0x0300B70e40F138927e3a988ce4A9a069Ff875336
[2025-04-01 19:03:24,452] INFO - Generating JWT token for wallet: 0x0300B70e40F138927e3a988ce4A9a069Ff875336
[2025-04-01 19:03:24,467] INFO - Authentication successful for wallet: 0x0300B70e40F138927e3a988ce4A9a069Ff875336
[2025-04-02 18:28:42,543] INFO - Auth services module initialized
[2025-04-18 19:59:53,796] INFO - Auth services module initialized
[2025-04-18 20:25:31,261] INFO - Auth services module initialized
[2025-04-18 20:25:34,638] INFO - Auth services module initialized
[2025-04-18 20:26:05,552] INFO - Auth services module initialized
[2025-04-18 20:40:54,063] INFO - Auth services module initialized
[2025-04-18 20:40:57,622] INFO - Auth services module initialized
[2025-04-18 20:41:01,111] INFO - Auth services module initialized
[2025-04-18 20:41:04,470] INFO - Auth services module initialized
[2025-04-18 20:41:07,791] INFO - Auth services module initialized
[2025-04-18 20:58:12,078] INFO - Auth services module initialized
[2025-04-18 20:58:42,282] INFO - Auth services module initialized
[2025-04-18 20:58:45,480] INFO - Auth services module initialized
[2025-04-18 20:58:48,715] INFO - Auth services module initialized
[2025-04-18 23:25:36,216] INFO - Auth services module initialized
[2025-04-18 23:30:36,346] INFO - Auth services module initialized
[2025-04-18 23:30:39,355] INFO - Auth services module initialized
[2025-04-18 23:31:10,313] INFO - Auth services module initialized
[2025-04-18 23:31:13,229] INFO - Auth services module initialized
[2025-04-18 23:31:44,359] INFO - Auth services module initialized
[2025-04-18 23:31:47,242] INFO - Auth services module initialized
[2025-04-18 23:35:36,506] INFO - Auth services module initialized
[2025-04-18 23:35:39,739] INFO - Auth services module initialized
[2025-04-18 23:45:40,801] INFO - Auth services module initialized
[2025-04-18 23:45:44,116] INFO - Auth services module initialized
[2025-04-18 23:55:25,663] INFO - Auth services module initialized
[2025-04-18 23:55:28,935] INFO - Auth services module initialized
[2025-04-18 23:55:32,100] INFO - Auth services module initialized
[2025-04-18 23:55:35,577] INFO - Auth services module initialized
[2025-04-18 23:55:39,034] INFO - Auth services module initialized
[2025-04-18 23:55:42,301] INFO - Auth services module initialized
[2025-04-18 23:55:45,451] INFO - Auth services module initialized
[2025-04-18 23:56:16,591] INFO - Auth services module initialized
[2025-04-18 23:56:19,717] INFO - Auth services module initialized
[2025-04-18 23:56:23,016] INFO - Auth services module initialized
[2025-04-19 11:47:58,691] INFO - Auth services module initialized
[2025-04-19 11:48:29,948] INFO - Auth services module initialized
[2025-04-19 17:31:52,359] INFO - Auth services module initialized
[2025-04-19 17:32:04,479] INFO - Auth services module initialized
[2025-04-19 17:32:15,045] INFO - Auth services module initialized
[2025-04-19 17:32:45,449] INFO - Auth services module initialized
[2025-04-19 17:41:30,622] INFO - Auth services module initialized
[2025-04-19 17:42:05,225] INFO - Auth services module initialized
[2025-04-19 17:42:08,532] INFO - Auth services module initialized
[2025-04-19 17:43:38,459] INFO - Auth services module initialized
[2025-04-19 17:43:41,447] INFO - Auth services module initialized
[2025-04-19 17:46:33,755] INFO - Auth services module initialized
[2025-04-19 17:55:57,174] INFO - Auth services module initialized
[2025-04-19 17:56:00,253] INFO - Auth services module initialized
[2025-04-19 17:57:25,900] INFO - Auth services module initialized
[2025-04-19 17:57:38,983] INFO - Auth services module initialized
[2025-04-19 17:58:45,645] INFO - Auth services module initialized
[2025-04-19 17:58:48,361] INFO - Auth services module initialized
[2025-04-19 18:00:06,975] INFO - Auth services module initialized
[2025-04-19 18:00:10,047] INFO - Auth services module initialized
[2025-04-19 18:03:09,339] INFO - Auth services module initialized
[2025-04-19 18:03:12,276] INFO - Auth services module initialized
[2025-04-19 18:04:46,501] INFO - Auth services module initialized
[2025-04-19 18:04:49,347] INFO - Auth services module initialized
[2025-04-19 18:07:58,440] INFO - Auth services module initialized
[2025-04-19 18:08:38,928] INFO - Auth services module initialized
[2025-04-19 18:09:40,055] INFO - Auth services module initialized
[2025-04-19 18:09:43,104] INFO - Auth services module initialized
[2025-04-19 18:14:43,619] INFO - Auth services module initialized
[2025-04-19 19:39:43,514] INFO - Auth services module initialized
[2025-04-19 19:39:45,463] INFO - Auth services module initialized
[2025-04-19 19:45:07,611] INFO - Auth services module initialized
[2025-04-19 19:45:09,610] INFO - Auth services module initialized
[2025-04-19 19:45:11,626] INFO - Auth services module initialized
[2025-04-19 19:45:31,785] INFO - Auth services module initialized
[2025-04-19 19:45:33,773] INFO - Auth services module initialized
[2025-04-19 19:45:58,063] INFO - Auth services module initialized
[2025-04-19 19:45:59,950] INFO - Auth services module initialized
[2025-04-19 19:46:16,626] INFO - Auth services module initialized
[2025-04-19 19:46:18,703] INFO - Auth services module initialized
[2025-04-19 19:46:23,976] INFO - Auth services module initialized
[2025-04-19 19:46:34,587] INFO - Auth services module initialized
[2025-04-19 19:46:36,539] INFO - Auth services module initialized
[2025-04-19 19:47:15,677] INFO - Auth services module initialized
[2025-04-19 19:47:18,989] INFO - Auth services module initialized
[2025-04-19 19:47:21,019] INFO - Auth services module initialized
[2025-04-19 19:47:46,234] INFO - Auth services module initialized
[2025-04-19 19:47:48,166] INFO - Auth services module initialized
[2025-04-19 19:48:04,505] INFO - Auth services module initialized
[2025-04-19 19:49:26,384] INFO - Auth services module initialized
[2025-04-19 19:49:31,848] INFO - Auth services module initialized
[2025-04-19 19:49:42,162] INFO - Auth services module initialized
[2025-04-19 19:49:44,178] INFO - Auth services module initialized
[2025-04-19 19:49:53,060] INFO - Auth services module initialized
[2025-04-19 19:50:07,942] INFO - Auth services module initialized
[2025-04-19 19:50:15,487] INFO - Auth services module initialized
[2025-04-19 19:56:44,948] INFO - Auth services module initialized
[2025-04-19 19:56:46,800] INFO - Auth services module initialized
[2025-04-19 19:56:48,754] INFO - Auth services module initialized
[2025-04-19 19:57:00,404] INFO - Auth services module initialized
[2025-04-19 19:57:02,289] INFO - Auth services module initialized
[2025-04-19 19:57:05,819] INFO - Auth services module initialized
[2025-04-19 19:57:29,505] INFO - Auth services module initialized
[2025-04-19 19:57:31,333] INFO - Auth services module initialized
[2025-04-19 19:57:33,198] INFO - Auth services module initialized
[2025-04-19 20:00:30,666] INFO - Auth services module initialized
[2025-04-19 20:05:05,648] INFO - Auth services module initialized
[2025-04-19 20:05:07,636] INFO - Auth services module initialized
[2025-04-19 20:05:09,804] INFO - Auth services module initialized
[2025-04-19 20:05:16,484] INFO - Auth services module initialized
[2025-04-19 20:06:36,606] INFO - Auth services module initialized
[2025-04-19 20:06:41,846] INFO - Auth services module initialized
[2025-04-19 20:06:45,982] INFO - Auth services module initialized
[2025-04-19 20:33:19,174] INFO - Auth services module initialized
[2025-04-19 20:35:17,283] INFO - Auth services module initialized
[2025-04-19 20:35:19,018] INFO - Auth services module initialized
[2025-04-19 20:35:29,295] INFO - Auth services module initialized
[2025-04-19 20:35:47,960] INFO - Auth services module initialized
[2025-04-19 20:37:45,338] INFO - Auth services module initialized
[2025-04-19 20:37:47,299] INFO - Auth services module initialized
[2025-04-19 20:38:05,999] INFO - Auth services module initialized
[2025-04-19 20:38:07,924] INFO - Auth services module initialized
[2025-04-19 20:38:16,628] INFO - Auth services module initialized
[2025-04-19 20:38:18,461] INFO - Auth services module initialized
[2025-04-19 20:38:43,716] INFO - Auth services module initialized
[2025-04-19 20:38:45,721] INFO - Auth services module initialized
[2025-04-19 20:38:50,290] INFO - Auth services module initialized
[2025-04-19 20:38:52,340] INFO - Auth services module initialized
[2025-04-19 20:39:02,225] INFO - Auth services module initialized
[2025-04-19 20:39:04,145] INFO - Auth services module initialized
[2025-04-19 20:40:23,138] INFO - Auth services module initialized
[2025-04-19 20:40:31,101] INFO - Auth services module initialized
[2025-04-19 20:41:06,429] INFO - Auth services module initialized
[2025-04-19 20:41:08,505] INFO - Auth services module initialized
[2025-04-19 20:41:20,736] INFO - Auth services module initialized
[2025-04-19 20:41:45,619] INFO - Auth services module initialized
[2025-04-19 20:41:47,629] INFO - Auth services module initialized
[2025-04-19 20:41:49,619] INFO - Auth services module initialized
[2025-04-19 20:42:18,456] INFO - Auth services module initialized
[2025-04-19 20:42:20,304] INFO - Auth services module initialized
[2025-04-19 20:42:23,207] INFO - Auth services module initialized
[2025-04-19 20:42:41,838] INFO - Auth services module initialized
[2025-04-19 20:42:44,025] INFO - Auth services module initialized
[2025-04-19 20:42:46,046] INFO - Auth services module initialized
[2025-04-19 20:45:00,506] INFO - Auth services module initialized
[2025-04-19 20:45:02,706] INFO - Auth services module initialized
[2025-04-19 20:45:04,783] INFO - Auth services module initialized
[2025-04-19 20:45:37,334] INFO - Auth services module initialized
[2025-04-19 20:45:39,219] INFO - Auth services module initialized
[2025-04-19 20:45:50,373] INFO - Auth services module initialized
[2025-04-19 20:46:16,166] INFO - Auth services module initialized
[2025-04-19 20:46:18,200] INFO - Auth services module initialized
[2025-04-19 20:46:35,934] INFO - Auth services module initialized
[2025-04-19 20:46:39,032] INFO - Auth services module initialized
[2025-04-19 20:47:04,173] INFO - Auth services module initialized
[2025-04-19 20:47:07,044] INFO - Auth services module initialized
[2025-05-23 23:55:31,640] INFO - Auth services module initialized
[2025-05-26 13:13:58,275] INFO - Auth services module initialized
[2025-05-26 13:34:42,542] INFO - Auth services module initialized
[2025-05-26 13:38:12,070] INFO - Auth services module initialized
[2025-05-26 13:38:50,715] INFO - Auth services module initialized
[2025-05-26 13:39:37,699] INFO - Auth services module initialized
[2025-05-26 13:42:36,486] INFO - Auth services module initialized
[2025-05-26 13:53:37,190] INFO - Auth services module initialized
[2025-05-26 14:48:02,183] INFO - Auth services module initialized
[2025-05-26 15:04:42,703] INFO - Auth services module initialized
[2025-05-26 15:04:42,955] INFO - Creating auth session for wallet: 0x1234567890abcdef
[2025-05-26 15:04:42,966] INFO - Session created successfully with nonce: 802b38b2840ee9fdc3cb5b19772772e897595b0fe5456e08fa6460f15fedf0c8
[2025-05-26 15:04:42,970] INFO - Creating auth session for wallet: not_a_wallet
[2025-05-26 15:04:42,970] INFO - Session created successfully with nonce: e64b15663f30bcd901eb6df7d27a8e8b0b0ec7b3dd46c31558c1a42f060d3942
[2025-05-26 15:04:43,128] INFO - Starting signature verification for wallet: 0x1234567890abcdef
[2025-05-26 15:04:43,128] ERROR - Invalid or expired nonce for wallet: 0x1234567890abcdef
[2025-05-26 15:04:51,719] INFO - Auth services module initialized
[2025-05-26 15:04:51,924] INFO - Creating auth session for wallet: 0x1234567890abcdef
[2025-05-26 15:04:51,925] INFO - Session created successfully with nonce: 508526fb46752aa55e76f31e08d554fb7163f824d496b190d3794346cdffa169
[2025-05-26 15:04:51,929] INFO - Creating auth session for wallet: not_a_wallet
[2025-05-26 15:04:51,930] INFO - Session created successfully with nonce: b5fe9f3a4058d07ed79926613ec66991d4551c3cc6007552c778a8bbee557b36
[2025-05-26 15:04:52,049] INFO - Starting signature verification for wallet: 0x1234567890abcdef
[2025-05-26 15:04:52,049] ERROR - Invalid or expired nonce for wallet: 0x1234567890abcdef
[2025-05-26 15:17:50,318] INFO - Auth services module initialized
[2025-05-26 15:21:53,084] INFO - Auth services module initialized
[2025-05-26 15:21:57,053] INFO - Auth services module initialized
[2025-05-26 15:24:14,530] INFO - Auth services module initialized
[2025-05-26 15:24:17,769] INFO - Auth services module initialized
[2025-05-26 15:26:07,989] INFO - Auth services module initialized
[2025-05-26 15:26:12,719] INFO - Auth services module initialized
[2025-05-26 15:27:04,738] INFO - Auth services module initialized
[2025-05-26 15:27:07,934] INFO - Auth services module initialized
[2025-05-26 15:29:12,172] INFO - Auth services module initialized
[2025-05-26 15:29:16,323] INFO - Auth services module initialized
[2025-05-26 15:34:17,189] INFO - Auth services module initialized
[2025-05-26 15:34:20,521] INFO - Auth services module initialized
[2025-05-26 15:35:22,372] INFO - Auth services module initialized
[2025-05-26 15:35:26,985] INFO - Auth services module initialized
[2025-05-26 15:37:09,977] INFO - Auth services module initialized
[2025-05-26 15:37:11,946] INFO - Auth services module initialized
[2025-05-26 15:38:14,117] INFO - Auth services module initialized
[2025-05-26 15:38:17,467] INFO - Auth services module initialized
[2025-05-26 15:38:20,718] INFO - Auth services module initialized
[2025-05-26 15:43:10,357] INFO - Auth services module initialized
[2025-05-26 15:43:13,605] INFO - Auth services module initialized
[2025-05-26 15:48:14,204] INFO - Auth services module initialized
[2025-05-26 15:48:17,435] INFO - Auth services module initialized
[2025-05-26 16:05:19,364] INFO - Auth services module initialized
[2025-05-26 16:05:22,733] INFO - Auth services module initialized
[2025-05-26 16:06:57,678] INFO - Auth services module initialized
[2025-05-26 16:07:00,961] INFO - Auth services module initialized
[2025-05-26 16:14:52,485] INFO - Auth services module initialized
[2025-05-26 16:14:55,651] INFO - Auth services module initialized
[2025-05-26 16:15:23,473] INFO - Auth services module initialized
[2025-05-26 16:15:26,780] INFO - Auth services module initialized
[2025-05-26 16:20:27,325] INFO - Auth services module initialized
[2025-05-26 16:20:30,557] INFO - Auth services module initialized
[2025-05-26 16:25:31,173] INFO - Auth services module initialized
[2025-05-26 16:25:35,317] INFO - Auth services module initialized
[2025-05-26 16:26:11,705] INFO - Auth services module initialized
[2025-05-26 16:27:13,473] INFO - Auth services module initialized
[2025-05-26 16:27:18,790] INFO - Auth services module initialized
[2025-05-26 16:28:52,826] INFO - Auth services module initialized
[2025-05-26 16:28:55,773] INFO - Auth services module initialized
[2025-05-26 16:29:49,979] INFO - Auth services module initialized
[2025-05-26 16:29:53,372] INFO - Auth services module initialized
[2025-05-26 16:30:27,287] INFO - Auth services module initialized
[2025-05-26 16:36:26,932] INFO - Auth services module initialized
[2025-05-26 16:36:30,401] INFO - Auth services module initialized
[2025-05-26 16:38:13,764] INFO - Auth services module initialized
[2025-05-26 16:38:17,248] INFO - Auth services module initialized
[2025-05-26 16:38:20,497] INFO - Auth services module initialized
[2025-05-26 16:43:21,583] INFO - Auth services module initialized
[2025-05-26 16:43:24,891] INFO - Auth services module initialized
[2025-05-26 16:43:28,210] INFO - Auth services module initialized
[2025-05-26 16:45:04,337] INFO - Auth services module initialized
[2025-05-26 16:45:08,878] INFO - Auth services module initialized
[2025-05-26 16:50:08,843] INFO - Auth services module initialized
[2025-05-26 16:50:11,557] INFO - Auth services module initialized
[2025-05-26 16:52:23,481] INFO - Auth services module initialized
[2025-05-26 16:52:25,524] INFO - Auth services module initialized
[2025-05-26 16:53:05,718] INFO - Auth services module initialized
[2025-05-26 16:53:07,835] INFO - Auth services module initialized
[2025-05-26 16:53:13,946] INFO - Auth services module initialized
[2025-05-26 16:53:57,799] INFO - Auth services module initialized
[2025-05-26 16:53:59,694] INFO - Auth services module initialized
[2025-05-26 16:54:33,635] INFO - Auth services module initialized
[2025-05-26 16:54:35,722] INFO - Auth services module initialized
[2025-05-26 16:55:27,623] INFO - Auth services module initialized
[2025-05-26 16:56:17,571] INFO - Auth services module initialized
[2025-05-26 16:56:20,855] INFO - Auth services module initialized
[2025-05-26 17:01:21,436] INFO - Auth services module initialized
[2025-05-26 17:01:25,083] INFO - Auth services module initialized
[2025-05-26 17:14:16,297] INFO - Auth services module initialized
[2025-05-26 17:14:19,558] INFO - Auth services module initialized
[2025-05-26 17:17:15,118] INFO - Auth services module initialized
[2025-05-26 17:17:24,244] INFO - Auth services module initialized
[2025-05-26 17:18:33,648] INFO - Auth services module initialized
[2025-05-26 17:18:37,104] INFO - Auth services module initialized
[2025-05-26 17:20:54,538] INFO - Auth services module initialized
[2025-05-26 17:20:57,582] INFO - Auth services module initialized
[2025-05-26 17:21:35,766] INFO - Auth services module initialized
[2025-05-26 17:21:38,924] INFO - Auth services module initialized
[2025-05-26 17:22:11,558] INFO - Auth services module initialized
[2025-05-26 17:22:48,262] INFO - Auth services module initialized
[2025-05-26 17:22:51,538] INFO - Auth services module initialized
[2025-05-26 17:23:43,060] INFO - Auth services module initialized
[2025-05-26 17:24:02,942] INFO - Auth services module initialized
[2025-05-26 17:26:59,194] INFO - Auth services module initialized
[2025-05-26 17:27:02,250] INFO - Auth services module initialized
[2025-05-26 17:32:03,476] INFO - Auth services module initialized
[2025-05-26 17:32:06,715] INFO - Auth services module initialized
[2025-05-26 17:35:20,873] INFO - Auth services module initialized
[2025-05-26 17:35:23,888] INFO - Auth services module initialized
[2025-05-26 18:30:52,171] INFO - Auth services module initialized
[2025-05-26 18:33:31,269] INFO - Auth services module initialized
[2025-05-26 18:33:34,498] INFO - Auth services module initialized
[2025-05-26 18:33:37,595] INFO - Auth services module initialized
[2025-05-26 18:34:16,633] INFO - Auth services module initialized
[2025-05-26 18:34:21,525] INFO - Auth services module initialized
[2025-05-26 18:43:38,264] INFO - Auth services module initialized
[2025-05-26 18:43:41,519] INFO - Auth services module initialized
[2025-05-26 18:44:19,291] INFO - Auth services module initialized
[2025-05-26 18:44:46,546] INFO - Auth services module initialized
[2025-05-26 18:44:49,578] INFO - Auth services module initialized
[2025-05-26 18:45:56,946] INFO - Auth services module initialized
[2025-05-26 18:46:00,301] INFO - Auth services module initialized
[2025-05-26 18:46:38,379] INFO - Auth services module initialized
[2025-05-26 18:47:09,732] INFO - Auth services module initialized
[2025-05-26 18:47:12,913] INFO - Auth services module initialized
[2025-05-26 18:47:37,466] INFO - Auth services module initialized
[2025-05-26 18:47:40,619] INFO - Auth services module initialized
[2025-05-26 18:50:49,772] INFO - Auth services module initialized
[2025-05-26 18:50:53,286] INFO - Auth services module initialized
[2025-05-26 19:19:13,551] INFO - Auth services module initialized
[2025-05-26 19:19:16,685] INFO - Auth services module initialized
[2025-05-26 21:16:24,432] INFO - Auth services module initialized
[2025-05-26 22:09:41,547] INFO - Auth services module initialized
[2025-05-26 22:09:49,067] INFO - Auth services module initialized
[2025-05-26 22:14:48,838] INFO - Auth services module initialized
[2025-05-26 22:24:49,356] INFO - Auth services module initialized
[2025-05-26 22:24:56,060] INFO - Auth services module initialized
[2025-05-26 22:31:09,045] INFO - Auth services module initialized
[2025-05-26 22:31:15,157] INFO - Auth services module initialized
[2025-05-26 22:39:25,095] INFO - Auth services module initialized
[2025-05-26 22:39:51,820] INFO - Auth services module initialized
[2025-05-26 22:41:06,322] INFO - Auth services module initialized
[2025-05-26 22:41:10,403] INFO - Auth services module initialized
[2025-05-26 22:43:04,902] INFO - Auth services module initialized
[2025-05-26 22:43:08,055] INFO - Auth services module initialized
[2025-05-26 22:44:58,055] INFO - Auth services module initialized
[2025-05-26 22:47:14,826] INFO - Auth services module initialized
[2025-05-27 18:51:24,841] INFO - Auth services module initialized
[2025-05-27 19:10:44,739] INFO - Auth services module initialized
[2025-05-27 19:29:41,497] INFO - Auth services module initialized
[2025-05-27 19:43:54,708] INFO - Auth services module initialized
[2025-05-27 21:38:02,874] INFO - Auth services module initialized
[2025-05-27 22:16:03,245] INFO - Auth services module initialized
[2025-05-29 11:42:42,915] INFO - Auth services module initialized
[2025-05-29 12:34:08,372] INFO - Auth services module initialized
